G21         ; Set units to mm
G90         ; Absolute positioning
G1 Z3.04 F2540      ; Move to clearance level

;
; Operation:    0
; Name:         
; Type:         Pocket
; Paths:        75
; Direction:    Conventional
; Cut Depth:    3.175
; Pass Depth:   3.175
; Plunge rate:  127
; Cut rate:     1016
;

; Path 0
; Rapid to initial position
G1 X1.5090 Y0.7701 F2540
G1 Z0.5000
; plunge
G1 Z-2.6750 F127
; cut
G1 X1.5171 Y0.7539 F1016
G1 X1.5079 Y0.7543
G1 X1.4893 Y0.7536
G1 X1.4842 Y0.7529
G1 X1.4916 Y0.7741
G1 X1.4994 Y0.7875
G1 X1.5090 Y0.7701
G1 X1.5496 Y0.7924
G1 X1.6160 Y0.6604
G1 X1.6101 Y0.6665
G1 X1.5990 Y0.6761
G1 X1.5884 Y0.6838
G1 X1.5755 Y0.6913
G1 X1.5638 Y0.6967
G1 X1.5496 Y0.7017
G1 X1.5377 Y0.7047
G1 X1.5226 Y0.7072
G1 X1.5092 Y0.7080
G1 X1.4947 Y0.7076
G1 X1.4833 Y0.7062
G1 X1.4686 Y0.7033
G1 X1.4596 Y0.7007
G1 X1.4549 Y0.6992
G1 X1.4415 Y0.6935
G1 X1.4311 Y0.6881
G1 X1.4182 Y0.6797
G1 X1.4075 Y0.6713
G1 X1.4052 Y0.6690
G1 X1.4494 Y0.7937
G1 X1.5005 Y0.8814
G1 X1.5496 Y0.7924
G1 X1.5902 Y0.8148
G1 X1.6641 Y0.6677
G1 X1.7622 Y0.5074
G1 X1.8671 Y0.3574
G1 X1.8630 Y0.3610
G1 X1.8563 Y0.3660
G1 X1.8470 Y0.3715
G1 X1.8395 Y0.3751
G1 X1.8295 Y0.3789
G1 X1.8209 Y0.3811
G1 X1.8104 Y0.3829
G1 X1.8019 Y0.3835
G1 X1.7913 Y0.3833
G1 X1.7833 Y0.3825
G1 X1.7728 Y0.3804
G1 X1.7641 Y0.3778
G1 X1.7543 Y0.3737
G1 X1.7472 Y0.3701
G1 X1.7381 Y0.3644
G1 X1.7312 Y0.3590
G1 X1.7234 Y0.3518
G1 X1.7178 Y0.3455
G1 X1.7115 Y0.3369
G1 X1.7071 Y0.3295
G1 X1.7024 Y0.3200
G1 X1.6995 Y0.3121
G1 X1.6967 Y0.3019
G1 X1.6950 Y0.2923
G1 X1.6949 Y0.2912
G1 X1.6911 Y0.3060
G1 X1.6507 Y0.4529
G1 X1.6212 Y0.5509
G1 X1.6188 Y0.5571
G1 X1.6013 Y0.6002
G1 X1.5965 Y0.6097
G1 X1.5917 Y0.6173
G1 X1.5851 Y0.6257
G1 X1.5793 Y0.6319
G1 X1.5714 Y0.6389
G1 X1.5645 Y0.6440
G1 X1.5554 Y0.6495
G1 X1.5476 Y0.6532
G1 X1.5376 Y0.6570
G1 X1.5296 Y0.6591
G1 X1.5191 Y0.6610
G1 X1.5100 Y0.6617
G1 X1.4995 Y0.6615
G1 X1.4918 Y0.6607
G1 X1.4813 Y0.6587
G1 X1.4724 Y0.6562
G1 X1.4625 Y0.6522
G1 X1.4555 Y0.6487
G1 X1.4465 Y0.6431
G1 X1.4392 Y0.6375
G1 X1.4315 Y0.6302
G1 X1.4257 Y0.6236
G1 X1.4164 Y0.6104
G1 X1.3548 Y0.5056
G1 X1.3520 Y0.5002
G1 X1.3461 Y0.4861
G1 X1.3440 Y0.4802
G1 X1.2822 Y0.2524
G1 X1.2760 Y0.2582
G1 X1.2676 Y0.2647
G1 X1.2600 Y0.2696
G1 X1.2505 Y0.2744
G1 X1.2432 Y0.2773
G1 X1.2330 Y0.2805
G1 X1.2241 Y0.2822
G1 X1.2136 Y0.2833
G1 X1.2055 Y0.2834
G1 X1.1948 Y0.2826
G1 X1.1862 Y0.2812
G1 X1.1759 Y0.2784
G1 X1.1675 Y0.2753
G1 X1.1565 Y0.2699
G1 X1.1521 Y0.2674
G1 X1.0713 Y0.2161
G1 X1.1757 Y0.3460
G1 X1.1804 Y0.3527
G1 X1.2717 Y0.4953
G1 X1.2762 Y0.5035
G1 X1.3510 Y0.6558
G1 X1.3544 Y0.6643
G1 X1.4073 Y0.8133
G1 X1.5015 Y0.9754
G1 X1.5902 Y0.8148
G1 X1.6317 Y0.8355
G1 X1.7036 Y0.6918
G1 X1.8001 Y0.5339
G1 X1.9145 Y0.3704
G1 X2.0412 Y0.2080
G1 X2.1745 Y0.0534
G1 X2.3092 Y-0.0863
G1 X2.4357 Y-0.2012
G1 X2.4401 Y-0.2049
G1 X2.5556 Y-0.2905
G1 X2.5627 Y-0.2949
G1 X2.7773 Y-0.4104
G1 X2.7846 Y-0.4137
G1 X3.0156 Y-0.4998
G1 X3.0227 Y-0.5020
G1 X3.2663 Y-0.5586
G1 X3.2733 Y-0.5598
G1 X3.5255 Y-0.5866
G1 X3.5323 Y-0.5869
G1 X3.7890 Y-0.5839
G1 X3.7958 Y-0.5834
G1 X4.0532 Y-0.5501
G1 X4.0598 Y-0.5489
G1 X4.3140 Y-0.4854
G1 X4.3205 Y-0.4834
G1 X4.5674 Y-0.3894
G1 X4.5734 Y-0.3867
G1 X4.8340 Y-0.2524
G1 X4.8390 Y-0.2495
G1 X5.0823 Y-0.0910
G1 X5.0871 Y-0.0875
G1 X5.3106 Y0.0927
G1 X5.3150 Y0.0966
G1 X5.5166 Y0.2959
G1 X5.5206 Y0.3003
G1 X5.6978 Y0.5159
G1 X5.7015 Y0.5210
G1 X5.8517 Y0.7505
G1 X5.8550 Y0.7561
G1 X5.9759 Y0.9966
G1 X5.9786 Y1.0031
G1 X6.0678 Y1.2520
G1 X6.0698 Y1.2589
G1 X6.1202 Y1.4834
G1 X6.1214 Y1.4909
G1 X6.1406 Y1.7067
G1 X6.1407 Y1.7153
G1 X6.1282 Y1.9237
G1 X6.1270 Y1.9327
G1 X6.0827 Y2.1351
G1 X6.0800 Y2.1437
G1 X6.0033 Y2.3411
G1 X5.9998 Y2.3486
G1 X5.8904 Y2.5424
G1 X5.8865 Y2.5486
G1 X5.7439 Y2.7401
G1 X5.7400 Y2.7448
G1 X5.5662 Y2.9329
G1 X5.4525 Y3.0856
G1 X5.5613 Y3.0852
G1 X5.7710 Y3.0825
G1 X5.7710 Y3.0826
G1 X6.0172 Y3.0780
G1 X6.3091 Y3.0782
G1 X6.5735 Y3.0923
G1 X6.8130 Y3.1212
G1 X7.0252 Y3.1645
G1 X7.0306 Y3.1660
G1 X7.2232 Y3.2252
G1 X7.2291 Y3.2274
G1 X7.4050 Y3.3032
G1 X7.4109 Y3.3062
G1 X7.5731 Y3.3994
G1 X7.5785 Y3.4029
G1 X7.7298 Y3.5142
G1 X7.7349 Y3.5185
G1 X7.8886 Y3.6616
G1 X7.8936 Y3.6668
G1 X8.0257 Y3.8244
G1 X8.0299 Y3.8301
G1 X8.1403 Y4.0005
G1 X8.1436 Y4.0065
G1 X8.2324 Y4.1880
G1 X8.2350 Y4.1942
G1 X8.3023 Y4.3848
G1 X8.3041 Y4.3911
G1 X8.3499 Y4.5892
G1 X8.3510 Y4.5954
G1 X8.3754 Y4.7993
G1 X8.3758 Y4.8052
G1 X8.3789 Y5.0130
G1 X8.3787 Y5.0189
G1 X8.3606 Y5.2289
G1 X8.3598 Y5.2346
G1 X8.3205 Y5.4449
G1 X8.3192 Y5.4503
G1 X8.2587 Y5.6593
G1 X8.2570 Y5.6646
G1 X8.1755 Y5.8703
G1 X8.1732 Y5.8753
G1 X8.0706 Y6.0762
G1 X8.0678 Y6.0809
G1 X7.9444 Y6.2751
G1 X7.9413 Y6.2796
G1 X7.7969 Y6.4653
G1 X7.7934 Y6.4694
G1 X7.6282 Y6.6448
G1 X7.6235 Y6.6492
G1 X7.4212 Y6.8208
G1 X7.4152 Y6.8253
G1 X7.1947 Y6.9678
G1 X7.1882 Y6.9714
G1 X6.9529 Y7.0837
G1 X6.9462 Y7.0865
G1 X6.6991 Y7.1681
G1 X6.6920 Y7.1700
G1 X6.4363 Y7.2199
G1 X6.4291 Y7.2207
G1 X6.1676 Y7.2383
G1 X6.1602 Y7.2384
G1 X5.8962 Y7.2227
G1 X5.8889 Y7.2217
G1 X5.6693 Y7.1803
G1 X5.5735 Y7.3821
G1 X5.6625 Y7.4894
G1 X5.7709 Y7.6412
G1 X5.8731 Y7.8042
G1 X5.9663 Y7.9733
G1 X6.0482 Y8.1440
G1 X6.1161 Y8.3113
G1 X6.1660 Y8.4656
G1 X6.1674 Y8.4711
G1 X6.1983 Y8.6112
G1 X6.1993 Y8.6188
G1 X6.2139 Y8.7905
G1 X6.2142 Y8.7984
G1 X6.2053 Y8.9679
G1 X6.2044 Y8.9756
G1 X6.1732 Y9.1422
G1 X6.1714 Y9.1493
G1 X6.1187 Y9.3119
G1 X6.1162 Y9.3185
G1 X6.0429 Y9.4763
G1 X6.0397 Y9.4821
G1 X5.9467 Y9.6343
G1 X5.9433 Y9.6394
G1 X5.8317 Y9.7849
G1 X5.8280 Y9.7892
G1 X5.6985 Y9.9272
G1 X5.6947 Y9.9310
G1 X5.5445 Y10.0638
G1 X5.3784 Y10.1868
G1 X5.1973 Y10.2991
G1 X5.0021 Y10.3998
G1 X4.7940 Y10.4882
G1 X4.5735 Y10.5633
G1 X4.3418 Y10.6242
G1 X4.0997 Y10.6702
G1 X3.8918 Y10.6945
G1 X3.6861 Y10.7031
G1 X3.4837 Y10.6968
G1 X3.2855 Y10.6760
G1 X3.0926 Y10.6411
G1 X2.9059 Y10.5926
G1 X2.7267 Y10.5309
G1 X2.5556 Y10.4566
G1 X2.3939 Y10.3701
G1 X2.2426 Y10.2717
G1 X2.1067 Y10.1654
G1 X2.1027 Y10.1620
G1 X1.9792 Y10.0454
G1 X1.9752 Y10.0413
G1 X1.8651 Y9.9150
G1 X1.8615 Y9.9103
G1 X1.7656 Y9.7746
G1 X1.7623 Y9.7693
G1 X1.6818 Y9.6247
G1 X1.6790 Y9.6189
G1 X1.6154 Y9.4670
G1 X1.5131 Y9.2357
G1 X1.4721 Y9.1885
G1 X1.4335 Y9.2249
G1 X1.3249 Y9.4197
G1 X1.2029 Y9.6540
G1 X1.2000 Y9.6590
G1 X1.0521 Y9.8841
G1 X1.0489 Y9.8886
G1 X0.8805 Y10.0983
G1 X0.8769 Y10.1023
G1 X0.6926 Y10.2927
G1 X0.6885 Y10.2966
G1 X0.4930 Y10.4631
G1 X0.4883 Y10.4668
G1 X0.2859 Y10.6053
G1 X0.2798 Y10.6089
G1 X0.0752 Y10.7152
G1 X0.0674 Y10.7185
G1 X-0.1347 Y10.7880
G1 X-0.1425 Y10.7901
G1 X-0.3053 Y10.8214
G1 X-0.3109 Y10.8222
G1 X-0.4892 Y10.8387
G1 X-0.6751 Y10.8399
G1 X-0.8653 Y10.8263
G1 X-1.0572 Y10.7984
G1 X-1.2479 Y10.7563
G1 X-1.4344 Y10.7002
G1 X-1.6093 Y10.6325
G1 X-1.6144 Y10.6302
G1 X-1.7961 Y10.5389
G1 X-1.9829 Y10.4234
G1 X-2.1695 Y10.2885
G1 X-2.3514 Y10.1386
G1 X-2.5230 Y9.9782
G1 X-2.6795 Y9.8118
G1 X-2.8124 Y9.6476
G1 X-2.8156 Y9.6433
G1 X-2.9225 Y9.4830
G1 X-2.9256 Y9.4779
G1 X-3.0228 Y9.2940
G1 X-3.0267 Y9.2851
G1 X-3.0831 Y9.1138
G1 X-3.0855 Y9.1029
G1 X-3.1118 Y8.8945
G1 X-3.1122 Y8.8886
G1 X-3.1191 Y8.5909
G1 X-3.1147 Y8.3744
G1 X-3.0993 Y8.1915
G1 X-3.0986 Y8.1861
G1 X-3.0697 Y8.0269
G1 X-3.0680 Y8.0197
G1 X-3.0233 Y7.8786
G1 X-3.0201 Y7.8708
G1 X-2.9572 Y7.7418
G1 X-2.9531 Y7.7346
G1 X-2.8696 Y7.6117
G1 X-2.8654 Y7.6063
G1 X-2.7555 Y7.4801
G1 X-2.6244 Y7.3523
G1 X-2.4646 Y7.1918
G1 X-2.4487 Y7.1693
G1 X-2.5986 Y7.1565
G1 X-2.8597 Y7.1462
G1 X-3.1817 Y7.1424
G1 X-3.4464 Y7.1417
G1 X-3.6555 Y7.1384
G1 X-3.8210 Y7.1305
G1 X-3.9554 Y7.1159
G1 X-4.0636 Y7.0941
G1 X-4.0697 Y7.0926
G1 X-4.1742 Y7.0590
G1 X-4.2794 Y7.0145
G1 X-4.4009 Y6.9560
G1 X-4.6371 Y6.8229
G1 X-4.6432 Y6.8189
G1 X-4.8443 Y6.6695
G1 X-4.8507 Y6.6639
G1 X-5.0178 Y6.4963
G1 X-5.0240 Y6.4890
G1 X-5.1579 Y6.3015
G1 X-5.1628 Y6.2932
G1 X-5.2648 Y6.0839
G1 X-5.2682 Y6.0753
G1 X-5.3392 Y5.8425
G1 X-5.3410 Y5.8348
G1 X-5.3821 Y5.5768
G1 X-5.3828 Y5.5702
G1 X-5.3951 Y5.2798
G1 X-5.3863 Y5.0988
G1 X-5.3627 Y4.9195
G1 X-5.3253 Y4.7429
G1 X-5.2745 Y4.5698
G1 X-5.2112 Y4.4011
G1 X-5.1359 Y4.2379
G1 X-5.0494 Y4.0812
G1 X-4.9522 Y3.9316
G1 X-4.8451 Y3.7902
G1 X-4.7286 Y3.6580
G1 X-4.6034 Y3.5360
G1 X-4.4701 Y3.4249
G1 X-4.3293 Y3.3260
G1 X-4.1818 Y3.2400
G1 X-4.0331 Y3.1703
G1 X-4.0280 Y3.1682
G1 X-3.8743 Y3.1132
G1 X-3.8667 Y3.1110
G1 X-3.5669 Y3.0480
G1 X-3.5596 Y3.0469
G1 X-3.2253 Y3.0198
G1 X-3.2188 Y3.0197
G1 X-2.9002 Y3.0299
G1 X-2.8911 Y3.0309
G1 X-2.6874 Y3.0702
G1 X-2.6092 Y2.8562
G1 X-2.7890 Y2.6302
G1 X-2.7928 Y2.6248
G1 X-2.9556 Y2.3642
G1 X-2.9589 Y2.3581
G1 X-3.0837 Y2.0928
G1 X-3.0864 Y2.0860
G1 X-3.1718 Y1.8205
G1 X-3.1737 Y1.8126
G1 X-3.2188 Y1.5514
G1 X-3.2195 Y1.5424
G1 X-3.2231 Y1.2899
G1 X-3.2224 Y1.2798
G1 X-3.1832 Y1.0404
G1 X-3.1803 Y1.0293
G1 X-3.0975 Y0.8075
G1 X-3.0929 Y0.7980
G1 X-2.9596 Y0.5757
G1 X-2.9546 Y0.5687
G1 X-2.7854 Y0.3639
G1 X-2.7799 Y0.3582
G1 X-2.5776 Y0.1729
G1 X-2.5719 Y0.1682
G1 X-2.3394 Y0.0040
G1 X-2.3336 Y0.0004
G1 X-2.0736 Y-0.1409
G1 X-2.0679 Y-0.1435
G1 X-1.7835 Y-0.2603
G1 X-1.7779 Y-0.2622
G1 X-1.4715 Y-0.3525
G1 X-1.4660 Y-0.3539
G1 X-1.1361 Y-0.4167
G1 X-0.9164 Y-0.4401
G1 X-0.7005 Y-0.4478
G1 X-0.4895 Y-0.4401
G1 X-0.2844 Y-0.4177
G1 X-0.0860 Y-0.3809
G1 X0.1048 Y-0.3302
G1 X0.2868 Y-0.2660
G1 X0.4592 Y-0.1888
G1 X0.6210 Y-0.0990
G1 X0.7668 Y-0.0003
G1 X0.7712 Y0.0029
G1 X0.9044 Y0.1128
G1 X0.9086 Y0.1167
G1 X1.0284 Y0.2373
G1 X1.0324 Y0.2417
G1 X1.1378 Y0.3725
G1 X1.1414 Y0.3777
G1 X1.2313 Y0.5183
G1 X1.2346 Y0.5239
G1 X1.3082 Y0.6738
G1 X1.3107 Y0.6798
G1 X1.3651 Y0.8330
G1 X1.4938 Y1.0543
G1 X1.5272 Y1.0248
G1 X1.6317 Y0.8355
G1 X1.6516 Y0.5992
G1 X1.7242 Y0.4808
G1 X1.7627 Y0.4256
G1 X1.7591 Y0.4248
G1 X1.7466 Y0.4207
G1 X1.7333 Y0.4151
G1 X1.7225 Y0.4093
G1 X1.7125 Y0.4028
G1 X1.6951 Y0.4663
G1 X1.6645 Y0.5674
G1 X1.6617 Y0.5746
G1 X1.6516 Y0.5992
G1 X1.5599 Y0.5793
G1 X1.5551 Y0.5888
G1 X1.5485 Y0.5972
G1 X1.5406 Y0.6043
G1 X1.5314 Y0.6098
G1 X1.5214 Y0.6135
G1 X1.5109 Y0.6154
G1 X1.5003 Y0.6152
G1 X1.4898 Y0.6132
G1 X1.4800 Y0.6092
G1 X1.4709 Y0.6036
G1 X1.4632 Y0.5964
G1 X1.4563 Y0.5869
G1 X1.3947 Y0.4822
G1 X1.3887 Y0.4680
G1 X1.3020 Y0.1483
G1 X1.2768 Y0.0375
G1 X1.2162 Y-0.2224
G1 X0.9858 Y-1.1966
G1 X0.7391 Y-2.2333
G1 X0.7392 Y-2.2333
G1 X0.4135 Y-3.5959
G1 X-0.4567 Y-7.2272
G1 X-0.4583 Y-7.2378
G1 X-0.4578 Y-7.2484
G1 X-0.4555 Y-7.2588
G1 X-0.4494 Y-7.2717
G1 X0.4823 Y-8.7481
G1 X0.5774 Y-8.8986
G1 X0.6703 Y-9.0448
G1 X0.7605 Y-9.1860
G1 X0.8473 Y-9.3216
G1 X0.9304 Y-9.4506
G1 X1.0093 Y-9.5723
G1 X1.0833 Y-9.6861
G1 X1.1521 Y-9.7912
G1 X1.2153 Y-9.8866
G1 X1.2721 Y-9.9719
G1 X1.3223 Y-10.0464
G1 X1.3654 Y-10.1091
G1 X1.4011 Y-10.1597
G1 X1.4294 Y-10.1983
G1 X1.4475 Y-10.2206
G1 X1.4549 Y-10.2281
G1 X1.4637 Y-10.2356
G1 X1.4723 Y-10.2418
G1 X1.4820 Y-10.2462
G1 X1.4923 Y-10.2488
G1 X1.5029 Y-10.2494
G1 X1.5135 Y-10.2481
G1 X1.5237 Y-10.2449
G1 X1.5331 Y-10.2399
G1 X1.5402 Y-10.2344
G1 X1.5488 Y-10.2266
G1 X1.5552 Y-10.2197
G1 X1.5746 Y-10.1953
G1 X1.6018 Y-10.1578
G1 X1.6369 Y-10.1076
G1 X1.6795 Y-10.0450
G1 X1.7293 Y-9.9708
G1 X1.7857 Y-9.8858
G1 X1.8484 Y-9.7905
G1 X1.9169 Y-9.6857
G1 X1.9903 Y-9.5724
G1 X2.0686 Y-9.4511
G1 X2.1511 Y-9.3226
G1 X2.2373 Y-9.1877
G1 X2.3268 Y-9.0470
G1 X2.4190 Y-8.9015
G1 X2.5135 Y-8.7519
G1 X3.4385 Y-7.2832
G1 X3.4433 Y-7.2736
G1 X3.4462 Y-7.2634
G1 X3.4474 Y-7.2528
G1 X3.4459 Y-7.2388
G1 X2.7519 Y-4.3216
G1 X2.5597 Y-3.5123
G1 X2.0833 Y-1.4997
G1 X1.9544 Y-0.9532
G1 X1.8835 Y-0.6551
G1 X1.8157 Y-0.3751
G1 X1.7525 Y-0.1197
G1 X1.6956 Y0.1055
G1 X1.6463 Y0.2937
G1 X1.6063 Y0.4396
G1 X1.5777 Y0.5348
G1 X1.5759 Y0.5397
G1 X1.5599 Y0.5793
; Retract
G1 Z3.0400 F2540

; Path 1
; Rapid to initial position
G1 X1.2805 Y0.4232 F2540
G1 Z0.5000
; plunge
G1 Z-2.6750 F127
; cut
G1 X1.2532 Y0.3228 F1016
G1 X1.2467 Y0.3248
G1 X1.2420 Y0.3259
G1 X1.2288 Y0.3283
G1 X1.2204 Y0.3290
G1 X1.2805 Y0.4232
G1 X1.2194 Y0.2361
G1 X1.2089 Y0.2372
G1 X1.1982 Y0.2364
G1 X1.1879 Y0.2337
G1 X1.1769 Y0.2283
G1 X0.9201 Y0.0653
G1 X0.9147 Y0.0615
G1 X0.8037 Y-0.0280
G1 X0.6889 Y-0.1077
G1 X0.5657 Y-0.1810
G1 X0.4369 Y-0.2462
G1 X0.3034 Y-0.3033
G1 X0.1631 Y-0.3531
G1 X0.0168 Y-0.3951
G1 X-0.1308 Y-0.4281
G1 X-0.2869 Y-0.4541
G1 X-0.4438 Y-0.4714
G1 X-0.6061 Y-0.4804
G1 X-0.7719 Y-0.4811
G1 X-0.9388 Y-0.4733
G1 X-1.1102 Y-0.4569
G1 X-1.2799 Y-0.4322
G1 X-1.4565 Y-0.3979
G1 X-1.4565 Y-0.3980
G1 X-1.6469 Y-0.3585
G1 X-1.8072 Y-0.3292
G1 X-1.9172 Y-0.3136
G1 X-1.9257 Y-0.3130
G1 X-1.9711 Y-0.3133
G1 X-1.9817 Y-0.3144
G1 X-1.9919 Y-0.3174
G1 X-2.0014 Y-0.3222
G1 X-2.0099 Y-0.3286
G1 X-2.0189 Y-0.3390
G1 X-2.0622 Y-0.4038
G1 X-2.1657 Y-0.5620
G1 X-2.3141 Y-0.7905
G1 X-2.4919 Y-1.0656
G1 X-2.6077 Y-1.2472
G1 X-2.7193 Y-1.4263
G1 X-2.8269 Y-1.6031
G1 X-2.9303 Y-1.7775
G1 X-3.0294 Y-1.9495
G1 X-3.1245 Y-2.1192
G1 X-3.2153 Y-2.2863
G1 X-3.3020 Y-2.4511
G1 X-3.3845 Y-2.6135
G1 X-3.4627 Y-2.7735
G1 X-3.5368 Y-2.9310
G1 X-3.6067 Y-3.0860
G1 X-3.6726 Y-3.2386
G1 X-3.7340 Y-3.3888
G1 X-3.7913 Y-3.5364
G1 X-3.8443 Y-3.6817
G1 X-3.8932 Y-3.8243
G1 X-3.9377 Y-3.9645
G1 X-3.9782 Y-4.1023
G1 X-4.0142 Y-4.2374
G1 X-4.0461 Y-4.3701
G1 X-4.0737 Y-4.5003
G1 X-4.0970 Y-4.6280
G1 X-4.1160 Y-4.7530
G1 X-4.1307 Y-4.8757
G1 X-4.1411 Y-4.9957
G1 X-4.1471 Y-5.1132
G1 X-4.1488 Y-5.2282
G1 X-4.1462 Y-5.3404
G1 X-4.1392 Y-5.4500
G1 X-4.1279 Y-5.5572
G1 X-4.1122 Y-5.6610
G1 X-4.0970 Y-5.7432
G1 X-4.0803 Y-5.8239
G1 X-4.0620 Y-5.9031
G1 X-4.0420 Y-5.9814
G1 X-4.0198 Y-6.0587
G1 X-3.9956 Y-6.1354
G1 X-3.9688 Y-6.2118
G1 X-3.9396 Y-6.2878
G1 X-3.9077 Y-6.3642
G1 X-3.8728 Y-6.4410
G1 X-3.8349 Y-6.5182
G1 X-3.7938 Y-6.5965
G1 X-3.7493 Y-6.6757
G1 X-3.7012 Y-6.7564
G1 X-3.6493 Y-6.8389
G1 X-3.5936 Y-6.9230
G1 X-3.5338 Y-7.0096
G1 X-3.4696 Y-7.0985
G1 X-3.4010 Y-7.1902
G1 X-3.3278 Y-7.2849
G1 X-3.2497 Y-7.3829
G1 X-3.1668 Y-7.4845
G1 X-3.0786 Y-7.5899
G1 X-2.9850 Y-7.6996
G1 X-2.8859 Y-7.8134
G1 X-2.7811 Y-7.9320
G1 X-2.6704 Y-8.0556
G1 X-2.5535 Y-8.1843
G1 X-2.4303 Y-8.3186
G1 X-2.3008 Y-8.4586
G1 X-2.1645 Y-8.6047
G1 X-1.8794 Y-8.9082
G1 X-1.7417 Y-9.0553
G1 X-1.7419 Y-9.0554
G1 X-1.6085 Y-9.1991
G1 X-1.4795 Y-9.3389
G1 X-1.3545 Y-9.4754
G1 X-1.2334 Y-9.6088
G1 X-1.1160 Y-9.7391
G1 X-1.0022 Y-9.8666
G1 X-0.8918 Y-9.9916
G1 X-0.7845 Y-10.1143
G1 X-0.6806 Y-10.2344
G1 X-0.5793 Y-10.3529
G1 X-0.4813 Y-10.4691
G1 X-0.3853 Y-10.5841
G1 X-0.2923 Y-10.6972
G1 X-0.2012 Y-10.8097
G1 X-0.2011 Y-10.8096
G1 X-0.1127 Y-10.9204
G1 X-0.0260 Y-11.0307
G1 X0.0589 Y-11.1402
G1 X0.1424 Y-11.2496
G1 X0.1424 Y-11.2496
G1 X0.2238 Y-11.3582
G1 X0.3041 Y-11.4670
G1 X0.3834 Y-11.5760
G1 X0.4618 Y-11.6856
G1 X0.5387 Y-11.7950
G1 X0.5386 Y-11.7950
G1 X0.6151 Y-11.9056
G1 X0.6913 Y-12.0175
G1 X0.7666 Y-12.1297
G1 X0.7666 Y-12.1297
G1 X0.8420 Y-12.2439
G1 X0.9170 Y-12.3590
G1 X0.9922 Y-12.4761
G1 X1.0677 Y-12.5954
G1 X1.4785 Y-13.2477
G1 X1.4849 Y-13.2561
G1 X1.4929 Y-13.2631
G1 X1.5020 Y-13.2687
G1 X1.5119 Y-13.2726
G1 X1.5224 Y-13.2744
G1 X1.5330 Y-13.2744
G1 X1.5435 Y-13.2724
G1 X1.5534 Y-13.2685
G1 X1.5625 Y-13.2629
G1 X1.5704 Y-13.2558
G1 X1.5779 Y-13.2452
G1 X1.9458 Y-12.5935
G1 X2.0281 Y-12.4515
G1 X2.1223 Y-12.2954
G1 X2.2237 Y-12.1322
G1 X2.3306 Y-11.9653
G1 X2.3307 Y-11.9653
G1 X2.4391 Y-11.8002
G1 X2.5457 Y-11.6421
G1 X2.6479 Y-11.4954
G1 X2.6478 Y-11.4953
G1 X2.7407 Y-11.3671
G1 X2.8345 Y-11.2415
G1 X2.8797 Y-11.1818
G1 X2.9240 Y-11.1238
G1 X2.9677 Y-11.0670
G1 X3.0113 Y-11.0112
G1 X3.0543 Y-10.9566
G1 X3.0981 Y-10.9020
G1 X3.1417 Y-10.8482
G1 X3.1863 Y-10.7941
G1 X3.2318 Y-10.7397
G1 X3.2785 Y-10.6848
G1 X3.3268 Y-10.6290
G1 X3.3766 Y-10.5719
G1 X3.4285 Y-10.5133
G1 X3.4825 Y-10.4531
G1 X3.5390 Y-10.3908
G1 X3.5981 Y-10.3263
G1 X3.6604 Y-10.2591
G1 X3.7258 Y-10.1892
G1 X3.7947 Y-10.1160
G1 X3.7946 Y-10.1159
G1 X3.8671 Y-10.0397
G1 X3.9436 Y-9.9596
G1 X4.0244 Y-9.8756
G1 X4.1095 Y-9.7873
G1 X4.1994 Y-9.6945
G1 X4.2942 Y-9.5969
G1 X4.4999 Y-9.3863
G1 X4.7282 Y-9.1534
G1 X4.8517 Y-9.0278
G1 X4.9929 Y-8.8836
G1 X5.1277 Y-8.7444
G1 X5.2565 Y-8.6103
G1 X5.3791 Y-8.4808
G1 X5.4959 Y-8.3559
G1 X5.6069 Y-8.2350
G1 X5.7124 Y-8.1182
G1 X5.8124 Y-8.0052
G1 X5.9074 Y-7.8955
G1 X5.9972 Y-7.7892
G1 X6.0820 Y-7.6858
G1 X6.1621 Y-7.5853
G1 X6.2376 Y-7.4873
G1 X6.3086 Y-7.3915
G1 X6.3753 Y-7.2979
G1 X6.4378 Y-7.2060
G1 X6.4964 Y-7.1158
G1 X6.5510 Y-7.0270
G1 X6.6019 Y-6.9392
G1 X6.6493 Y-6.8524
G1 X6.6934 Y-6.7662
G1 X6.7340 Y-6.6804
G1 X6.7715 Y-6.5950
G1 X6.8061 Y-6.5095
G1 X6.8378 Y-6.4238
G1 X6.8668 Y-6.3376
G1 X6.8932 Y-6.2510
G1 X6.9173 Y-6.1634
G1 X6.9393 Y-6.0746
G1 X6.9591 Y-5.9848
G1 X6.9770 Y-5.8935
G1 X6.9935 Y-5.7987
G1 X7.0175 Y-5.6079
G1 X7.0294 Y-5.4090
G1 X7.0289 Y-5.2022
G1 X7.0162 Y-4.9879
G1 X6.9916 Y-4.7663
G1 X6.9552 Y-4.5377
G1 X6.9068 Y-4.3025
G1 X6.8469 Y-4.0608
G1 X6.7755 Y-3.8130
G1 X6.6925 Y-3.5595
G1 X6.5981 Y-3.3005
G1 X6.4926 Y-3.0362
G1 X6.3757 Y-2.7670
G1 X6.2477 Y-2.4932
G1 X6.1087 Y-2.2152
G1 X5.9589 Y-1.9333
G1 X5.8225 Y-1.6888
G1 X5.6757 Y-1.4340
G1 X5.5259 Y-1.1807
G1 X5.3802 Y-0.9410
G1 X5.2459 Y-0.7263
G1 X5.1302 Y-0.5483
G1 X5.0388 Y-0.4170
G1 X4.9839 Y-0.3507
G1 X4.9763 Y-0.3432
G1 X4.9676 Y-0.3372
G1 X4.9579 Y-0.3329
G1 X4.9475 Y-0.3303
G1 X4.9369 Y-0.3298
G1 X4.9306 Y-0.3304
G1 X4.8117 Y-0.3483
G1 X4.8019 Y-0.3506
G1 X4.5586 Y-0.4321
G1 X4.3718 Y-0.4968
G1 X4.1903 Y-0.5466
G1 X4.0065 Y-0.5842
G1 X3.8282 Y-0.6078
G1 X3.6529 Y-0.6187
G1 X3.4778 Y-0.6166
G1 X3.3112 Y-0.6021
G1 X3.1455 Y-0.5746
G1 X2.9869 Y-0.5350
G1 X2.8337 Y-0.4831
G1 X2.6876 Y-0.4193
G1 X2.5474 Y-0.3430
G1 X2.4146 Y-0.2550
G1 X2.2904 Y-0.1555
G1 X2.1744 Y-0.0440
G1 X2.0642 Y0.0826
G1 X1.8405 Y0.3192
G1 X1.8325 Y0.3262
G1 X1.8233 Y0.3317
G1 X1.8133 Y0.3354
G1 X1.8028 Y0.3372
G1 X1.7922 Y0.3370
G1 X1.7817 Y0.3349
G1 X1.7719 Y0.3309
G1 X1.7629 Y0.3252
G1 X1.7551 Y0.3179
G1 X1.7487 Y0.3093
G1 X1.7441 Y0.2998
G1 X1.7413 Y0.2895
G1 X1.7405 Y0.2765
G1 X1.7412 Y0.2628
G1 X1.7420 Y0.2560
G1 X1.7485 Y0.2178
G1 X1.7600 Y0.1587
G1 X1.7766 Y0.0794
G1 X1.7979 Y-0.0190
G1 X1.8236 Y-0.1357
G1 X1.8534 Y-0.2692
G1 X1.8871 Y-0.4186
G1 X1.9654 Y-0.7598
G1 X2.0094 Y-0.9494
G1 X2.1054 Y-1.3607
G1 X2.2108 Y-1.8067
G1 X2.3235 Y-2.2801
G1 X3.1456 Y-5.7287
G1 X3.1455 Y-5.7287
G1 X3.2125 Y-6.0123
G1 X3.2751 Y-6.2811
G1 X3.2750 Y-6.2811
G1 X3.3317 Y-6.5290
G1 X3.3318 Y-6.5290
G1 X3.3810 Y-6.7490
G1 X3.4218 Y-6.9357
G1 X3.4524 Y-7.0823
G1 X3.4718 Y-7.1831
G1 X3.4763 Y-7.2167
G1 X3.4489 Y-7.2932
G1 X3.3598 Y-7.4657
G1 X3.2274 Y-7.6960
G1 X3.0633 Y-7.9621
G1 X2.9671 Y-8.1136
G1 X2.8541 Y-8.2918
G1 X2.7290 Y-8.4896
G1 X2.4592 Y-8.9179
G1 X2.1899 Y-9.3465
G1 X2.0657 Y-9.5446
G1 X1.9496 Y-9.7290
G1 X1.8395 Y-9.9010
G1 X1.7380 Y-10.0565
G1 X1.6479 Y-10.1922
G1 X1.5711 Y-10.3047
G1 X1.5121 Y-10.3876
G1 X1.4976 Y-10.4063
G1 X1.4840 Y-10.3876
G1 X1.4462 Y-10.3340
G1 X1.3998 Y-10.2663
G1 X1.3454 Y-10.1855
G1 X1.2833 Y-10.0925
G1 X1.2146 Y-9.9882
G1 X1.1393 Y-9.8734
G1 X1.0585 Y-9.7490
G1 X0.9724 Y-9.6158
G1 X0.8816 Y-9.4747
G1 X0.7869 Y-9.3266
G1 X0.6884 Y-9.1721
G1 X0.5869 Y-9.0121
G1 X0.4830 Y-8.8476
G1 X0.4830 Y-8.8476
G1 X0.3079 Y-8.5696
G1 X0.1542 Y-8.3249
G1 X0.0207 Y-8.1111
G1 X-0.0939 Y-7.9258
G1 X-0.1909 Y-7.7665
G1 X-0.2714 Y-7.6306
G1 X-0.3370 Y-7.5157
G1 X-0.3887 Y-7.4196
G1 X-0.4264 Y-7.3425
G1 X-0.4548 Y-7.2759
G1 X-0.4720 Y-7.2243
G1 X-0.4814 Y-7.1814
G1 X-0.4844 Y-7.1452
G1 X-0.4827 Y-7.1117
G1 X-0.4769 Y-7.0778
G1 X-0.4675 Y-7.0384
G1 X-0.4584 Y-7.0029
G1 X-0.4238 Y-6.8640
G1 X-0.3583 Y-6.5967
G1 X-0.2690 Y-6.2267
G1 X-0.1849 Y-5.8764
G1 X0.0312 Y-4.9719
G1 X0.4295 Y-3.2971
G1 X0.6773 Y-2.2530
G1 X0.6772 Y-2.2530
G1 X0.7984 Y-1.7448
G1 X0.9637 Y-1.0552
G1 X1.1013 Y-0.4859
G1 X1.1733 Y-0.1916
G1 X1.2022 Y-0.0744
G1 X1.2261 Y0.0211
G1 X1.2445 Y0.0935
G1 X1.2569 Y0.1403
G1 X1.2635 Y0.1629
G1 X1.2655 Y0.1734
G1 X1.2657 Y0.1840
G1 X1.2638 Y0.1945
G1 X1.2601 Y0.2045
G1 X1.2546 Y0.2137
G1 X1.2475 Y0.2216
G1 X1.2391 Y0.2282
G1 X1.2296 Y0.2330
G1 X1.2194 Y0.2361
; Retract
G1 Z3.0400 F2540

; Path 2
; Rapid to initial position
G1 X0.0377 Y1.0231 F2540
G1 Z0.5000
; plunge
G1 Z-2.6750 F127
; cut
G1 X0.0031 Y0.9699 F1016
G1 X-0.0340 Y0.9173
G1 X-0.0740 Y0.8644
G1 X-0.2058 Y0.7185
G1 X-0.3504 Y0.6015
G1 X-0.5053 Y0.5134
G1 X-0.6692 Y0.4539
G1 X-0.8390 Y0.4238
G1 X-1.0148 Y0.4233
G1 X-1.1913 Y0.4532
G1 X-1.3678 Y0.5145
G1 X-1.5649 Y0.6330
G1 X-1.7366 Y0.7964
G1 X-1.8648 Y0.9834
G1 X-1.9333 Y1.1737
G1 X-1.9420 Y1.2708
G1 X-1.9343 Y1.3841
G1 X-1.9104 Y1.5098
G1 X-1.8698 Y1.6481
G1 X-1.8133 Y1.7960
G1 X-1.7413 Y1.9531
G1 X-1.6555 Y2.1154
G1 X-1.5532 Y2.2888
G1 X-1.4385 Y2.4652
G1 X-1.3106 Y2.6465
G1 X-1.1702 Y2.8315
G1 X-1.0190 Y3.0177
G1 X-0.8542 Y3.2082
G1 X-0.6810 Y3.3968
G1 X-0.4965 Y3.5865
G1 X-0.3013 Y3.7761
G1 X-0.0572 Y4.0066
G1 X-0.0501 Y4.0145
G1 X-0.0446 Y4.0237
G1 X-0.0410 Y4.0337
G1 X-0.0391 Y4.0442
G1 X-0.0393 Y4.0548
G1 X-0.0414 Y4.0653
G1 X-0.0460 Y4.0764
G1 X-0.1918 Y4.3439
G1 X-0.2922 Y4.5535
G1 X-0.3339 Y4.6906
G1 X-0.3371 Y4.6988
G1 X-0.3797 Y4.7877
G1 X-0.3851 Y4.7968
G1 X-0.3922 Y4.8049
G1 X-0.4006 Y4.8114
G1 X-0.4101 Y4.8163
G1 X-0.4203 Y4.8194
G1 X-0.4308 Y4.8205
G1 X-0.4427 Y4.8196
G1 X-0.4775 Y4.8130
G1 X-0.5552 Y4.7952
G1 X-0.6717 Y4.7673
G1 X-0.8226 Y4.7303
G1 X-1.0028 Y4.6857
G1 X-1.2072 Y4.6345
G1 X-1.4310 Y4.5778
G1 X-1.6685 Y4.5173
G1 X-1.9751 Y4.4412
G1 X-2.2553 Y4.3765
G1 X-2.5137 Y4.3224
G1 X-2.7508 Y4.2792
G1 X-2.9651 Y4.2475
G1 X-3.1597 Y4.2268
G1 X-3.3378 Y4.2169
G1 X-3.4988 Y4.2182
G1 X-3.6417 Y4.2303
G1 X-3.7704 Y4.2532
G1 X-3.8860 Y4.2867
G1 X-3.9904 Y4.3309
G1 X-4.0845 Y4.3854
G1 X-4.1708 Y4.4512
G1 X-4.2500 Y4.5280
G1 X-4.3224 Y4.6145
G1 X-4.4362 Y4.8266
G1 X-4.4374 Y5.1027
G1 X-4.3992 Y5.3050
G1 X-4.3326 Y5.4796
G1 X-4.2372 Y5.6267
G1 X-4.1111 Y5.7490
G1 X-3.9508 Y5.8492
G1 X-3.7533 Y5.9279
G1 X-3.5165 Y5.9855
G1 X-3.2418 Y6.0217
G1 X-3.0012 Y6.0358
G1 X-2.7300 Y6.0390
G1 X-2.7300 Y6.0391
G1 X-2.4395 Y6.0322
G1 X-2.1326 Y6.0154
G1 X-1.8185 Y5.9893
G1 X-1.5095 Y5.9549
G1 X-1.2070 Y5.9118
G1 X-0.9255 Y5.8619
G1 X-0.3371 Y5.7450
G1 X-0.3265 Y5.7439
G1 X-0.3159 Y5.7447
G1 X-0.3056 Y5.7476
G1 X-0.2960 Y5.7522
G1 X-0.2874 Y5.7585
G1 X-0.2774 Y5.7699
G1 X-0.1341 Y5.9874
G1 X-0.0091 Y6.1501
G1 X0.0964 Y6.2453
G1 X0.1036 Y6.2532
G1 X0.1093 Y6.2622
G1 X0.1132 Y6.2721
G1 X0.1153 Y6.2826
G1 X0.1155 Y6.2908
G1 X0.1045 Y6.5605
G1 X0.1031 Y6.5711
G1 X0.0998 Y6.5812
G1 X0.0947 Y6.5905
G1 X0.0879 Y6.5988
G1 X0.0772 Y6.6074
G1 X0.0150 Y6.6461
G1 X-0.0721 Y6.7110
G1 X-0.1858 Y6.8025
G1 X-0.3189 Y6.9148
G1 X-0.4671 Y7.0437
G1 X-0.6265 Y7.1854
G1 X-0.7926 Y7.3361
G1 X-0.9612 Y7.4916
G1 X-1.1287 Y7.6489
G1 X-1.2902 Y7.8030
G1 X-1.4418 Y7.9504
G1 X-1.5791 Y8.0873
G1 X-1.6970 Y8.2086
G1 X-1.7942 Y8.3133
G1 X-1.8610 Y8.3915
G1 X-1.8952 Y8.4402
G1 X-1.9831 Y8.6726
G1 X-2.0184 Y8.9303
G1 X-1.9995 Y9.1780
G1 X-1.9273 Y9.3798
G1 X-1.8507 Y9.4768
G1 X-1.7386 Y9.5677
G1 X-1.5982 Y9.6471
G1 X-1.4383 Y9.7112
G1 X-1.2655 Y9.7573
G1 X-1.0894 Y9.7824
G1 X-0.9171 Y9.7844
G1 X-0.7583 Y9.7611
G1 X-0.6609 Y9.7294
G1 X-0.5594 Y9.6807
G1 X-0.4546 Y9.6153
G1 X-0.3468 Y9.5332
G1 X-0.2371 Y9.4353
G1 X-0.1274 Y9.3233
G1 X-0.0145 Y9.1942
G1 X0.0955 Y9.0546
G1 X0.2054 Y8.9013
G1 X0.3147 Y8.7349
G1 X0.4232 Y8.5551
G1 X0.5274 Y8.3679
G1 X0.6296 Y8.1687
G1 X0.7292 Y7.9584
G1 X0.8233 Y7.7424
G1 X0.9143 Y7.5155
G1 X1.0033 Y7.2892
G1 X1.0823 Y7.0975
G1 X1.1447 Y6.9580
G1 X1.1777 Y6.8980
G1 X1.1836 Y6.8893
G1 X1.1911 Y6.8816
G1 X1.1999 Y6.8755
G1 X1.2139 Y6.8699
G1 X1.3619 Y6.8316
G1 X1.3691 Y6.8302
G1 X1.6702 Y6.7915
G1 X2.0771 Y6.7526
G1 X2.0877 Y6.7526
G1 X2.0982 Y6.7545
G1 X2.1082 Y6.7583
G1 X2.1172 Y6.7639
G1 X2.1251 Y6.7709
G1 X2.1316 Y6.7795
G1 X2.1364 Y6.7889
G1 X2.1385 Y6.7950
G1 X2.3990 Y7.7462
G1 X2.3989 Y7.7462
G1 X2.4624 Y7.9756
G1 X2.5211 Y8.1827
G1 X2.5756 Y8.3690
G1 X2.6267 Y8.5360
G1 X2.6750 Y8.6849
G1 X2.7216 Y8.8190
G1 X2.7656 Y8.9351
G1 X2.8102 Y9.0416
G1 X2.8525 Y9.1316
G1 X2.8968 Y9.2149
G1 X2.9415 Y9.2883
G1 X2.9887 Y9.3556
G1 X3.0374 Y9.4165
G1 X3.0897 Y9.4740
G1 X3.1464 Y9.5298
G1 X3.2070 Y9.5843
G1 X3.4435 Y9.7546
G1 X3.6729 Y9.8508
G1 X3.9037 Y9.8776
G1 X4.1453 Y9.8377
G1 X4.3465 Y9.7453
G1 X4.5496 Y9.5958
G1 X4.7235 Y9.4147
G1 X4.8373 Y9.2309
G1 X4.8659 Y9.1418
G1 X4.8801 Y9.0401
G1 X4.8788 Y8.9276
G1 X4.8619 Y8.8056
G1 X4.8288 Y8.6730
G1 X4.7798 Y8.5316
G1 X4.7143 Y8.3801
G1 X4.6325 Y8.2199
G1 X4.5349 Y8.0517
G1 X4.4223 Y7.8770
G1 X4.2931 Y7.6932
G1 X4.1476 Y7.5014
G1 X3.9878 Y7.3039
G1 X3.8116 Y7.0986
G1 X3.6210 Y6.8877
G1 X3.4147 Y6.6697
G1 X3.0043 Y6.2460
G1 X2.9976 Y6.2377
G1 X2.9926 Y6.2284
G1 X2.9893 Y6.2181
G1 X2.9880 Y6.2077
G1 X2.9886 Y6.1970
G1 X2.9912 Y6.1867
G1 X2.9952 Y6.1778
G1 X3.1344 Y5.9249
G1 X3.2421 Y5.7176
G1 X3.3074 Y5.5702
G1 X3.3222 Y5.5413
G1 X3.3279 Y5.5323
G1 X3.3351 Y5.5245
G1 X3.3405 Y5.5203
G1 X3.3668 Y5.5018
G1 X3.3760 Y5.4965
G1 X3.3906 Y5.4920
G1 X3.4348 Y5.4847
G1 X3.4483 Y5.4841
G1 X3.5169 Y5.4889
G1 X3.5231 Y5.4897
G1 X3.6252 Y5.5080
G1 X3.7628 Y5.5398
G1 X3.9432 Y5.5862
G1 X4.1727 Y5.6479
G1 X4.4930 Y5.7338
G1 X4.4930 Y5.7336
G1 X4.7871 Y5.8097
G1 X4.7871 Y5.8098
G1 X5.0547 Y5.8756
G1 X5.0547 Y5.8755
G1 X5.3006 Y5.9321
G1 X5.5223 Y5.9787
G1 X5.7254 Y6.0163
G1 X5.9094 Y6.0445
G1 X6.0772 Y6.0640
G1 X6.2277 Y6.0744
G1 X6.3630 Y6.0765
G1 X6.4885 Y6.0700
G1 X6.6021 Y6.0556
G1 X6.7071 Y6.0335
G1 X6.8045 Y6.0038
G1 X6.8978 Y5.9663
G1 X6.9846 Y5.9225
G1 X7.1870 Y5.7695
G1 X7.3192 Y5.5830
G1 X7.3865 Y5.3731
G1 X7.3907 Y5.1510
G1 X7.3327 Y4.9293
G1 X7.2132 Y4.7202
G1 X7.0336 Y4.5375
G1 X6.7919 Y4.3923
G1 X6.6881 Y4.3479
G1 X6.5925 Y4.3137
G1 X6.4949 Y4.2886
G1 X6.3859 Y4.2713
G1 X6.2467 Y4.2599
G1 X6.0740 Y4.2540
G1 X5.8496 Y4.2521
G1 X5.5669 Y4.2530
G1 X5.3268 Y4.2561
G1 X5.3268 Y4.2560
G1 X5.1081 Y4.2623
G1 X4.9026 Y4.2724
G1 X4.7117 Y4.2865
G1 X4.5267 Y4.3048
G1 X4.3485 Y4.3277
G1 X4.1681 Y4.3558
G1 X3.9865 Y4.3888
G1 X3.6856 Y4.4428
G1 X3.4699 Y4.4718
G1 X3.4640 Y4.4723
G1 X3.3301 Y4.4766
G1 X3.3195 Y4.4760
G1 X3.3074 Y4.4728
G1 X3.2548 Y4.4526
G1 X3.2453 Y4.4479
G1 X3.2367 Y4.4415
G1 X3.2276 Y4.4311
G1 X3.1477 Y4.3135
G1 X2.9871 Y4.1176
G1 X2.7688 Y3.8658
G1 X2.7626 Y3.8572
G1 X2.7581 Y3.8475
G1 X2.7553 Y3.8372
G1 X2.7546 Y3.8266
G1 X2.7558 Y3.8160
G1 X2.7590 Y3.8058
G1 X2.7639 Y3.7964
G1 X2.7704 Y3.7880
G1 X2.7748 Y3.7839
G1 X3.7057 Y2.9846
G1 X3.8936 Y2.8218
G1 X4.0619 Y2.6728
G1 X4.2130 Y2.5351
G1 X4.3482 Y2.4071
G1 X4.4651 Y2.2906
G1 X4.5695 Y2.1798
G1 X4.6572 Y2.0788
G1 X4.7326 Y1.9825
G1 X4.7943 Y1.8928
G1 X4.8456 Y1.8058
G1 X4.8863 Y1.7213
G1 X4.9177 Y1.6377
G1 X4.9401 Y1.5562
G1 X4.9553 Y1.4720
G1 X4.9642 Y1.3826
G1 X4.9668 Y1.2942
G1 X4.9368 Y1.0547
G1 X4.8453 Y0.8693
G1 X4.6821 Y0.7177
G1 X4.4324 Y0.5886
G1 X4.1952 Y0.5141
G1 X3.9674 Y0.4850
G1 X3.7565 Y0.5011
G1 X3.5641 Y0.5621
G1 X3.4700 Y0.6125
G1 X3.3718 Y0.6789
G1 X3.2694 Y0.7617
G1 X3.1644 Y0.8596
G1 X3.0613 Y0.9677
G1 X2.9537 Y1.0931
G1 X2.8485 Y1.2278
G1 X2.7427 Y1.3754
G1 X2.6395 Y1.5312
G1 X2.5366 Y1.6991
G1 X2.4377 Y1.8730
G1 X2.3402 Y2.0577
G1 X2.2478 Y2.2465
G1 X2.1579 Y2.4447
G1 X2.0735 Y2.6468
G1 X1.9943 Y2.8535
G1 X1.9214 Y3.0525
G1 X1.8607 Y3.2173
G1 X1.8184 Y3.3307
G1 X1.8015 Y3.3741
G1 X1.7968 Y3.3836
G1 X1.7903 Y3.3921
G1 X1.7825 Y3.3993
G1 X1.7734 Y3.4048
G1 X1.7636 Y3.4088
G1 X1.7551 Y3.4106
G1 X1.6190 Y3.4283
G1 X1.3031 Y3.4597
G1 X0.8584 Y3.5009
G1 X0.8478 Y3.5009
G1 X0.8373 Y3.4989
G1 X0.8274 Y3.4951
G1 X0.8182 Y3.4895
G1 X0.8104 Y3.4824
G1 X0.8040 Y3.4739
G1 X0.7991 Y3.4644
G1 X0.7972 Y3.4583
G1 X0.5388 Y2.5049
G1 X0.4834 Y2.3017
G1 X0.4328 Y2.1186
G1 X0.3864 Y1.9542
G1 X0.3435 Y1.8066
G1 X0.3041 Y1.6758
G1 X0.2672 Y1.5591
G1 X0.2320 Y1.4540
G1 X0.1991 Y1.3631
G1 X0.1666 Y1.2798
G1 X0.1356 Y1.2079
G1 X0.1030 Y1.1398
G1 X0.0720 Y1.0813
G1 X0.0377 Y1.0231
G1 X-0.0654 Y0.9623
G1 X0.0586 Y1.1763
G1 X0.0618 Y1.1828
G1 X0.0914 Y1.2528
G1 X0.1298 Y1.3578
G1 X0.1757 Y1.4930
G1 X0.2275 Y1.6531
G1 X0.2839 Y1.8327
G1 X0.3431 Y2.0263
G1 X0.4035 Y2.2283
G1 X0.4635 Y2.4331
G1 X0.5215 Y2.6353
G1 X0.5760 Y2.8293
G1 X0.6252 Y3.0095
G1 X0.6677 Y3.1707
G1 X0.7018 Y3.3072
G1 X0.7262 Y3.4150
G1 X0.7383 Y3.4837
G1 X0.7391 Y3.4963
G1 X0.7379 Y3.5234
G1 X0.7364 Y3.5338
G1 X0.7331 Y3.5440
G1 X0.7280 Y3.5533
G1 X0.7212 Y3.5615
G1 X0.7131 Y3.5684
G1 X0.7084 Y3.5713
G1 X0.5283 Y3.6724
G1 X0.3626 Y3.7768
G1 X0.2405 Y3.8646
G1 X0.2042 Y3.9029
G1 X0.1989 Y3.9211
G1 X0.1950 Y3.9309
G1 X0.1894 Y3.9400
G1 X0.1822 Y3.9478
G1 X0.1736 Y3.9542
G1 X0.1663 Y3.9580
G1 X0.1406 Y3.9691
G1 X0.1305 Y3.9725
G1 X0.1199 Y3.9738
G1 X0.1062 Y3.9727
G1 X0.0652 Y3.9645
G1 X0.0517 Y3.9600
G1 X-0.0031 Y3.9339
G1 X-0.0093 Y3.9304
G1 X-0.0798 Y3.8851
G1 X-0.1600 Y3.8252
G1 X-0.2492 Y3.7515
G1 X-0.3460 Y3.6653
G1 X-0.4492 Y3.5677
G1 X-0.5576 Y3.4601
G1 X-0.6699 Y3.3436
G1 X-0.7845 Y3.2195
G1 X-0.9001 Y3.0892
G1 X-1.0152 Y2.9537
G1 X-1.1286 Y2.8146
G1 X-1.2395 Y2.6719
G1 X-1.3406 Y2.5295
G1 X-1.4535 Y2.3562
G1 X-1.5649 Y2.1728
G1 X-1.6620 Y1.9995
G1 X-1.7707 Y1.7659
G1 X-1.7735 Y1.7588
G1 X-1.8408 Y1.5449
G1 X-1.8430 Y1.5351
G1 X-1.8688 Y1.3394
G1 X-1.8691 Y1.3267
G1 X-1.8531 Y1.1485
G1 X-1.8500 Y1.1342
G1 X-1.7920 Y0.9726
G1 X-1.7852 Y0.9593
G1 X-1.6850 Y0.8129
G1 X-1.6765 Y0.8031
G1 X-1.5338 Y0.6711
G1 X-1.5257 Y0.6649
G1 X-1.3402 Y0.5462
G1 X-1.3319 Y0.5418
G1 X-1.1517 Y0.4639
G1 X-1.1389 Y0.4601
G1 X-0.9669 Y0.4295
G1 X-0.9513 Y0.4288
G1 X-0.7796 Y0.4451
G1 X-0.7659 Y0.4481
G1 X-0.5868 Y0.5110
G1 X-0.5768 Y0.5155
G1 X-0.3921 Y0.6228
G1 X-0.3833 Y0.6292
G1 X-0.2203 Y0.7706
G1 X-0.2132 Y0.7779
G1 X-0.0705 Y0.9549
G1 X-0.0654 Y0.9623
; Retract
G1 Z3.0400 F2540

; Path 3
; Rapid to initial position
G1 X-1.8745 Y-0.2729 F2540
G1 Z0.5000
; plunge
G1 Z-2.6750 F127
; cut
G1 X-1.9139 Y-0.2674 F1016
G1 X-1.9260 Y-0.2667
G1 X-1.9758 Y-0.2672
G1 X-1.9864 Y-0.2683
G1 X-1.9946 Y-0.2699
G1 X-2.0048 Y-0.2728
G1 X-2.0128 Y-0.2760
G1 X-2.0223 Y-0.2808
G1 X-2.0297 Y-0.2854
G1 X-2.0381 Y-0.2918
G1 X-2.0449 Y-0.2982
G1 X-2.0539 Y-0.3086
G1 X-2.0574 Y-0.3133
G1 X-2.1009 Y-0.3784
G1 X-2.1027 Y-0.3810
G1 X-2.0913 Y-0.3537
G1 X-2.0753 Y-0.3034
G1 X-2.0725 Y-0.2905
G1 X-2.0667 Y-0.2505
G1 X-2.0661 Y-0.2398
G1 X-2.0663 Y-0.2325
G1 X-2.0678 Y-0.2204
G1 X-2.0732 Y-0.1919
G1 X-2.0734 Y-0.1914
G1 X-1.8745 Y-0.2729
G1 X-2.1130 Y-0.2480
G1 X-2.1124 Y-0.2373
G1 X-2.1133 Y-0.2289
G1 X-2.1178 Y-0.2046
G1 X-2.1207 Y-0.1944
G1 X-2.1254 Y-0.1848
G1 X-2.1318 Y-0.1763
G1 X-2.1372 Y-0.1711
G1 X-2.1517 Y-0.1587
G1 X-2.1604 Y-0.1526
G1 X-2.1657 Y-0.1500
G1 X-2.3216 Y-0.0805
G1 X-2.4830 Y0.0238
G1 X-2.6486 Y0.1589
G1 X-2.8086 Y0.3157
G1 X-2.9567 Y0.4876
G1 X-3.0844 Y0.6649
G1 X-3.1852 Y0.8412
G1 X-3.2515 Y1.0054
G1 X-3.2918 Y1.2673
G1 X-3.2795 Y1.5805
G1 X-3.2185 Y1.9006
G1 X-3.1138 Y2.1845
G1 X-2.9819 Y2.4504
G1 X-2.9780 Y2.4605
G1 X-2.9761 Y2.4708
G1 X-2.9761 Y2.4815
G1 X-2.9780 Y2.4920
G1 X-2.9819 Y2.5019
G1 X-2.9874 Y2.5110
G1 X-2.9946 Y2.5189
G1 X-3.0030 Y2.5254
G1 X-3.0126 Y2.5302
G1 X-3.0228 Y2.5331
G1 X-3.0333 Y2.5342
G1 X-3.0439 Y2.5332
G1 X-3.0542 Y2.5304
G1 X-3.0669 Y2.5237
G1 X-3.2514 Y2.3949
G1 X-3.3478 Y2.3245
G1 X-3.4724 Y2.2289
G1 X-3.6093 Y2.1206
G1 X-3.7423 Y2.0124
G1 X-3.7776 Y1.9834
G1 X-3.9495 Y1.8432
G1 X-4.3086 Y1.5524
G1 X-4.6499 Y1.2768
G1 X-4.6499 Y1.2769
G1 X-4.9011 Y1.0744
G1 X-5.4342 Y0.6451
G1 X-6.0995 Y0.1104
G1 X-6.0995 Y0.1105
G1 X-6.4638 Y-0.1819
G1 X-6.8688 Y-0.5060
G1 X-7.1778 Y-0.7521
G1 X-7.4610 Y-0.9788
G1 X-7.8418 Y-1.2847
G1 X-8.4954 Y-1.8108
G1 X-9.5451 Y-2.6573
G1 X-11.5891 Y-2.6573
G1 X-11.7995 Y-2.6571
G1 X-12.0039 Y-2.6563
G1 X-12.2013 Y-2.6550
G1 X-12.3907 Y-2.6532
G1 X-12.5711 Y-2.6509
G1 X-12.5711 Y-2.6511
G1 X-12.7409 Y-2.6484
G1 X-12.8997 Y-2.6454
G1 X-13.0462 Y-2.6420
G1 X-13.1794 Y-2.6382
G1 X-13.2979 Y-2.6341
G1 X-13.4009 Y-2.6298
G1 X-13.4881 Y-2.6252
G1 X-13.5549 Y-2.6206
G1 X-13.5650 Y-2.6196
G1 X-13.5572 Y-2.6064
G1 X-13.5220 Y-2.5491
G1 X-13.4780 Y-2.4786
G1 X-13.4254 Y-2.3955
G1 X-13.4255 Y-2.3955
G1 X-13.3653 Y-2.3014
G1 X-13.2977 Y-2.1965
G1 X-13.2232 Y-2.0818
G1 X-13.1427 Y-1.9582
G1 X-13.0564 Y-1.8264
G1 X-12.9651 Y-1.6874
G1 X-12.9650 Y-1.6875
G1 X-12.8689 Y-1.5420
G1 X-12.8690 Y-1.5420
G1 X-12.7688 Y-1.3910
G1 X-12.6653 Y-1.2352
G1 X-12.5586 Y-1.0753
G1 X-11.5233 Y0.4737
G1 X-7.3726 Y1.6750
G1 X-5.9869 Y2.0749
G1 X-5.9869 Y2.0748
G1 X-5.1325 Y2.3206
G1 X-4.4176 Y2.5250
G1 X-4.1245 Y2.6081
G1 X-3.8629 Y2.6814
G1 X-3.7399 Y2.7151
G1 X-3.6556 Y2.7376
G1 X-3.6268 Y2.7448
G1 X-3.6268 Y2.7449
G1 X-3.6078 Y2.7493
G1 X-3.5977 Y2.7526
G1 X-3.5884 Y2.7577
G1 X-3.5802 Y2.7644
G1 X-3.5733 Y2.7726
G1 X-3.5681 Y2.7818
G1 X-3.5644 Y2.7928
G1 X-3.5305 Y2.9412
G1 X-3.5291 Y2.9517
G1 X-3.5298 Y2.9624
G1 X-3.5322 Y2.9727
G1 X-3.5365 Y2.9824
G1 X-3.5426 Y2.9913
G1 X-3.5501 Y2.9987
G1 X-3.5590 Y3.0047
G1 X-3.5687 Y3.0090
G1 X-3.5805 Y3.0117
G1 X-3.6871 Y3.0237
G1 X-3.8125 Y3.0569
G1 X-3.9543 Y3.1091
G1 X-4.1055 Y3.1774
G1 X-4.2589 Y3.2583
G1 X-4.4093 Y3.3496
G1 X-4.5475 Y3.4464
G1 X-4.6690 Y3.5464
G1 X-4.7898 Y3.6674
G1 X-4.9102 Y3.8103
G1 X-5.0229 Y3.9650
G1 X-5.1273 Y4.1299
G1 X-5.2205 Y4.3001
G1 X-5.2967 Y4.4656
G1 X-5.3557 Y4.6257
G1 X-5.3942 Y4.7761
G1 X-5.4454 Y5.0449
G1 X-5.4484 Y5.0551
G1 X-5.4532 Y5.0646
G1 X-5.4595 Y5.0730
G1 X-5.4674 Y5.0803
G1 X-5.4765 Y5.0859
G1 X-5.4864 Y5.0897
G1 X-5.5007 Y5.0919
G1 X-6.1424 Y5.1106
G1 X-6.3029 Y5.1137
G1 X-6.4800 Y5.1139
G1 X-6.6709 Y5.1113
G1 X-6.8736 Y5.1064
G1 X-7.0857 Y5.0992
G1 X-7.3047 Y5.0899
G1 X-7.5284 Y5.0785
G1 X-7.7543 Y5.0653
G1 X-7.9801 Y5.0504
G1 X-8.2032 Y5.0339
G1 X-8.4216 Y5.0160
G1 X-8.6325 Y4.9967
G1 X-8.8340 Y4.9764
G1 X-9.0234 Y4.9550
G1 X-9.1986 Y4.9328
G1 X-9.3573 Y4.9099
G1 X-9.6670 Y4.8563
G1 X-9.9692 Y4.7928
G1 X-10.2608 Y4.7208
G1 X-10.5391 Y4.6408
G1 X-10.8010 Y4.5538
G1 X-11.0437 Y4.4607
G1 X-11.2646 Y4.3622
G1 X-11.4590 Y4.2599
G1 X-11.5507 Y4.2059
G1 X-11.6391 Y4.1517
G1 X-11.7246 Y4.0966
G1 X-11.8074 Y4.0406
G1 X-11.8875 Y3.9832
G1 X-11.9653 Y3.9243
G1 X-12.0406 Y3.8635
G1 X-12.1140 Y3.8004
G1 X-12.1853 Y3.7351
G1 X-12.2551 Y3.6670
G1 X-12.3232 Y3.5959
G1 X-12.3899 Y3.5215
G1 X-12.4556 Y3.4436
G1 X-12.5201 Y3.3620
G1 X-12.5840 Y3.2763
G1 X-12.6472 Y3.1864
G1 X-12.7100 Y3.0917
G1 X-12.7725 Y2.9922
G1 X-12.8351 Y2.8875
G1 X-12.8978 Y2.7775
G1 X-12.9611 Y2.6616
G1 X-13.0248 Y2.5397
G1 X-13.0895 Y2.4115
G1 X-13.1551 Y2.2767
G1 X-13.2219 Y2.1349
G1 X-13.2901 Y1.9860
G1 X-13.3600 Y1.8296
G1 X-13.4318 Y1.6653
G1 X-13.5055 Y1.4931
G1 X-13.5815 Y1.3124
G1 X-13.6597 Y1.1230
G1 X-13.7407 Y0.9249
G1 X-13.7406 Y0.9249
G1 X-13.8530 Y0.6507
G1 X-13.9709 Y0.3675
G1 X-14.0910 Y0.0834
G1 X-14.2096 Y-0.1933
G1 X-14.3233 Y-0.4546
G1 X-14.3232 Y-0.4546
G1 X-14.4281 Y-0.6916
G1 X-14.5209 Y-0.8967
G1 X-14.5980 Y-1.0615
G1 X-14.6702 Y-1.2088
G1 X-14.7512 Y-1.3687
G1 X-14.8399 Y-1.5388
G1 X-14.9351 Y-1.7171
G1 X-15.0353 Y-1.9015
G1 X-15.1394 Y-2.0895
G1 X-15.2461 Y-2.2793
G1 X-15.3541 Y-2.4684
G1 X-15.4624 Y-2.6548
G1 X-15.5697 Y-2.8366
G1 X-15.6740 Y-3.0105
G1 X-15.7750 Y-3.1754
G1 X-15.8710 Y-3.3288
G1 X-15.9607 Y-3.4685
G1 X-16.0429 Y-3.5922
G1 X-16.1175 Y-3.6997
G1 X-16.2749 Y-3.9327
G1 X-16.2787 Y-3.9392
G1 X-16.3320 Y-4.0457
G1 X-16.3359 Y-4.0556
G1 X-16.3379 Y-4.0659
G1 X-16.3379 Y-4.0766
G1 X-16.3360 Y-4.0872
G1 X-16.3322 Y-4.0971
G1 X-16.3266 Y-4.1062
G1 X-16.3195 Y-4.1141
G1 X-16.3111 Y-4.1206
G1 X-16.3016 Y-4.1254
G1 X-16.2914 Y-4.1284
G1 X-16.2821 Y-4.1294
G1 X-16.2137 Y-4.1315
G1 X-16.0533 Y-4.1250
G1 X-15.8222 Y-4.1112
G1 X-15.5447 Y-4.0914
G1 X-15.4340 Y-4.0837
G1 X-15.3201 Y-4.0773
G1 X-15.2044 Y-4.0722
G1 X-15.0863 Y-4.0685
G1 X-14.9665 Y-4.0661
G1 X-14.9665 Y-4.0663
G1 X-14.8432 Y-4.0652
G1 X-14.7185 Y-4.0655
G1 X-14.5903 Y-4.0670
G1 X-14.5903 Y-4.0670
G1 X-14.4610 Y-4.0699
G1 X-14.3289 Y-4.0742
G1 X-14.1945 Y-4.0797
G1 X-14.0577 Y-4.0866
G1 X-13.9184 Y-4.0948
G1 X-13.9184 Y-4.0947
G1 X-13.7779 Y-4.1043
G1 X-13.6346 Y-4.1151
G1 X-13.4888 Y-4.1273
G1 X-13.4888 Y-4.1272
G1 X-13.3418 Y-4.1407
G1 X-13.1918 Y-4.1554
G1 X-13.1918 Y-4.1553
G1 X-13.0406 Y-4.1714
G1 X-12.8864 Y-4.1889
G1 X-12.8864 Y-4.1888
G1 X-12.7310 Y-4.2074
G1 X-12.5729 Y-4.2274
G1 X-12.4136 Y-4.2485
G1 X-12.4136 Y-4.2486
G1 X-12.2515 Y-4.2713
G1 X-12.2515 Y-4.2712
G1 X-12.0882 Y-4.2949
G1 X-12.0882 Y-4.2950
G1 X-11.9222 Y-4.3202
G1 X-11.9222 Y-4.3201
G1 X-11.7550 Y-4.3466
G1 X-11.5853 Y-4.3744
G1 X-11.4145 Y-4.4033
G1 X-11.2412 Y-4.4337
G1 X-11.0667 Y-4.4651
G1 X-11.0667 Y-4.4652
G1 X-10.6960 Y-4.5344
G1 X-10.5098 Y-4.5687
G1 X-10.3308 Y-4.6011
G1 X-10.1589 Y-4.6317
G1 X-9.9935 Y-4.6603
G1 X-9.8347 Y-4.6871
G1 X-9.6822 Y-4.7121
G1 X-9.5354 Y-4.7352
G1 X-9.3944 Y-4.7565
G1 X-9.2589 Y-4.7759
G1 X-9.1283 Y-4.7938
G1 X-9.0027 Y-4.8097
G1 X-8.8819 Y-4.8240
G1 X-8.7652 Y-4.8367
G1 X-8.6527 Y-4.8474
G1 X-8.5440 Y-4.8567
G1 X-8.4389 Y-4.8643
G1 X-8.3371 Y-4.8702
G1 X-8.2383 Y-4.8745
G1 X-8.1425 Y-4.8772
G1 X-8.0490 Y-4.8784
G1 X-7.9580 Y-4.8779
G1 X-7.8690 Y-4.8760
G1 X-7.7817 Y-4.8725
G1 X-7.6960 Y-4.8675
G1 X-7.6116 Y-4.8611
G1 X-7.5281 Y-4.8532
G1 X-7.4454 Y-4.8438
G1 X-7.3635 Y-4.8330
G1 X-7.2816 Y-4.8209
G1 X-7.1999 Y-4.8074
G1 X-7.1174 Y-4.7925
G1 X-6.9790 Y-4.7642
G1 X-6.8421 Y-4.7324
G1 X-6.7066 Y-4.6968
G1 X-6.5727 Y-4.6573
G1 X-6.4402 Y-4.6140
G1 X-6.3087 Y-4.5665
G1 X-6.1787 Y-4.5150
G1 X-6.0494 Y-4.4594
G1 X-5.9214 Y-4.3996
G1 X-5.7941 Y-4.3355
G1 X-5.6676 Y-4.2670
G1 X-5.5420 Y-4.1940
G1 X-5.4168 Y-4.1167
G1 X-5.2921 Y-4.0347
G1 X-5.1679 Y-3.9480
G1 X-5.0440 Y-3.8568
G1 X-4.9203 Y-3.7608
G1 X-4.7966 Y-3.6597
G1 X-4.6731 Y-3.5539
G1 X-4.5494 Y-3.4430
G1 X-4.4255 Y-3.3272
G1 X-4.3013 Y-3.2061
G1 X-4.1767 Y-3.0798
G1 X-4.0516 Y-2.9483
G1 X-3.9259 Y-2.8113
G1 X-3.7995 Y-2.6690
G1 X-3.6724 Y-2.5213
G1 X-3.5442 Y-2.3678
G1 X-3.4150 Y-2.2087
G1 X-3.2847 Y-2.0439
G1 X-3.1532 Y-1.8733
G1 X-3.0205 Y-1.6968
G1 X-2.9016 Y-1.5360
G1 X-2.7906 Y-1.3829
G1 X-2.6874 Y-1.2381
G1 X-2.5920 Y-1.1018
G1 X-2.5050 Y-0.9741
G1 X-2.4262 Y-0.8554
G1 X-2.3560 Y-0.7460
G1 X-2.2943 Y-0.6458
G1 X-2.2413 Y-0.5552
G1 X-2.1971 Y-0.4741
G1 X-2.1617 Y-0.4024
G1 X-2.1355 Y-0.3396
G1 X-2.1204 Y-0.2927
G1 X-2.1183 Y-0.2836
G1 X-2.1130 Y-0.2480
; Retract
G1 Z3.0400 F2540

; Path 4
; Rapid to initial position
G1 X-2.8194 Y-1.5015 F2540
G1 Z0.5000
; plunge
G1 Z-2.6750 F127
; cut
G1 X-2.8668 Y-1.5794 F1016
G1 X-2.9705 Y-1.7543
G1 X-3.0698 Y-1.9268
G1 X-3.1652 Y-2.0970
G1 X-3.2563 Y-2.2647
G1 X-3.3432 Y-2.4301
G1 X-3.3684 Y-2.4797
G1 X-3.3684 Y-2.4684
G1 X-3.3692 Y-2.4594
G1 X-3.3713 Y-2.4490
G1 X-3.3735 Y-2.4413
G1 X-3.3773 Y-2.4314
G1 X-3.3812 Y-2.4236
G1 X-3.3869 Y-2.4144
G1 X-3.3920 Y-2.4078
G1 X-3.3992 Y-2.3999
G1 X-3.4056 Y-2.3940
G1 X-3.4142 Y-2.3877
G1 X-3.4213 Y-2.3833
G1 X-3.4308 Y-2.3785
G1 X-3.4387 Y-2.3755
G1 X-3.4490 Y-2.3726
G1 X-3.4575 Y-2.3710
G1 X-3.4680 Y-2.3700
G1 X-3.4766 Y-2.3700
G1 X-3.4871 Y-2.3710
G1 X-3.3787 Y-2.2375
G1 X-3.2480 Y-2.0722
G1 X-3.1162 Y-1.9012
G1 X-2.9832 Y-1.7244
G1 X-2.8641 Y-1.5631
G1 X-2.8194 Y-1.5015
G1 X-3.2386 Y-2.1348
G1 X-3.2973 Y-2.2432
G1 X-3.3640 Y-2.3699
G1 X-3.3680 Y-2.3656
G1 X-3.3779 Y-2.3570
G1 X-3.3898 Y-2.3482
G1 X-3.4007 Y-2.3417
G1 X-3.4028 Y-2.3408
G1 X-3.3423 Y-2.2662
G1 X-3.2386 Y-2.1348
G1 X-3.4419 Y-2.4247
G1 X-3.4515 Y-2.4200
G1 X-3.4617 Y-2.4171
G1 X-3.4724 Y-2.4161
G1 X-3.4829 Y-2.4171
G1 X-3.4933 Y-2.4200
G1 X-3.5028 Y-2.4247
G1 X-3.5135 Y-2.4334
G1 X-3.5910 Y-2.5119
G1 X-3.7435 Y-2.6917
G1 X-3.8682 Y-2.8302
G1 X-4.0526 Y-3.0181
G1 X-4.2740 Y-3.2327
G1 X-4.5060 Y-3.4480
G1 X-4.6484 Y-3.5742
G1 X-4.7878 Y-3.6927
G1 X-4.9274 Y-3.8058
G1 X-5.0676 Y-3.9139
G1 X-5.2050 Y-4.0143
G1 X-5.3450 Y-4.1105
G1 X-5.4829 Y-4.1997
G1 X-5.6213 Y-4.2828
G1 X-5.7624 Y-4.3616
G1 X-5.9035 Y-4.4345
G1 X-6.0437 Y-4.5006
G1 X-6.1883 Y-4.5626
G1 X-6.3335 Y-4.6189
G1 X-6.4786 Y-4.6692
G1 X-6.6286 Y-4.7151
G1 X-6.7799 Y-4.7554
G1 X-6.9352 Y-4.7909
G1 X-7.0919 Y-4.8210
G1 X-7.2506 Y-4.8460
G1 X-7.4146 Y-4.8663
G1 X-7.5830 Y-4.8816
G1 X-7.7527 Y-4.8919
G1 X-7.9280 Y-4.8974
G1 X-8.1094 Y-4.8983
G1 X-8.1094 Y-4.8984
G1 X-8.2924 Y-4.8946
G1 X-8.4832 Y-4.8860
G1 X-8.6774 Y-4.8729
G1 X-8.8768 Y-4.8555
G1 X-9.0822 Y-4.8333
G1 X-9.2938 Y-4.8067
G1 X-9.5122 Y-4.7757
G1 X-9.5122 Y-4.7758
G1 X-9.7357 Y-4.7405
G1 X-10.0978 Y-4.6812
G1 X-10.2577 Y-4.6554
G1 X-10.3985 Y-4.6328
G1 X-10.5161 Y-4.6141
G1 X-10.6067 Y-4.5999
G1 X-10.6672 Y-4.5908
G1 X-10.6915 Y-4.5877
G1 X-10.7022 Y-4.5873
G1 X-10.7127 Y-4.5889
G1 X-10.7228 Y-4.5924
G1 X-10.7320 Y-4.5976
G1 X-10.7402 Y-4.6044
G1 X-10.7469 Y-4.6127
G1 X-10.7520 Y-4.6220
G1 X-10.7547 Y-4.6291
G1 X-10.7627 Y-4.6571
G1 X-10.7647 Y-4.6675
G1 X-10.7643 Y-4.6817
G1 X-10.7518 Y-4.7638
G1 X-10.7228 Y-4.8825
G1 X-10.6806 Y-5.0295
G1 X-10.6277 Y-5.1954
G1 X-10.5672 Y-5.3704
G1 X-10.5023 Y-5.5446
G1 X-10.4355 Y-5.7090
G1 X-10.3171 Y-5.9649
G1 X-10.1846 Y-6.2122
G1 X-10.0387 Y-6.4508
G1 X-9.8796 Y-6.6799
G1 X-9.7079 Y-6.8998
G1 X-9.5237 Y-7.1095
G1 X-9.3277 Y-7.3090
G1 X-9.1201 Y-7.4979
G1 X-8.9015 Y-7.6760
G1 X-8.6721 Y-7.8426
G1 X-8.4326 Y-7.9976
G1 X-8.1830 Y-8.1407
G1 X-7.9239 Y-8.2714
G1 X-7.6559 Y-8.3896
G1 X-7.3791 Y-8.4948
G1 X-7.0947 Y-8.5864
G1 X-6.9114 Y-8.6376
G1 X-6.7287 Y-8.6830
G1 X-6.5467 Y-8.7227
G1 X-6.3653 Y-8.7564
G1 X-6.1843 Y-8.7842
G1 X-6.0035 Y-8.8063
G1 X-5.8226 Y-8.8226
G1 X-5.6416 Y-8.8330
G1 X-5.4602 Y-8.8376
G1 X-5.2785 Y-8.8364
G1 X-5.0958 Y-8.8294
G1 X-4.9125 Y-8.8167
G1 X-4.7281 Y-8.7982
G1 X-4.5423 Y-8.7739
G1 X-4.3555 Y-8.7439
G1 X-4.1664 Y-8.7081
G1 X-3.9633 Y-8.6621
G1 X-3.7424 Y-8.6048
G1 X-3.5166 Y-8.5400
G1 X-3.2985 Y-8.4721
G1 X-3.1010 Y-8.4052
G1 X-2.9360 Y-8.3429
G1 X-2.8213 Y-8.2916
G1 X-2.8121 Y-8.2865
G1 X-2.7575 Y-8.2490
G1 X-2.7494 Y-8.2421
G1 X-2.7426 Y-8.2339
G1 X-2.7374 Y-8.2246
G1 X-2.7339 Y-8.2145
G1 X-2.7325 Y-8.2039
G1 X-2.7330 Y-8.1933
G1 X-2.7347 Y-8.1851
G1 X-2.7504 Y-8.1307
G1 X-2.7543 Y-8.1207
G1 X-2.7571 Y-8.1158
G1 X-2.8290 Y-8.0022
G1 X-2.9426 Y-7.8508
G1 X-3.0860 Y-7.6779
G1 X-3.2636 Y-7.4661
G1 X-3.4219 Y-7.2625
G1 X-3.5652 Y-7.0614
G1 X-3.6911 Y-6.8659
G1 X-3.8034 Y-6.6705
G1 X-3.9016 Y-6.4759
G1 X-3.9866 Y-6.2810
G1 X-4.0608 Y-6.0802
G1 X-4.1030 Y-5.9493
G1 X-4.1355 Y-5.8321
G1 X-4.1593 Y-5.7209
G1 X-4.1746 Y-5.6099
G1 X-4.1824 Y-5.4908
G1 X-4.1838 Y-5.3495
G1 X-4.1793 Y-5.1866
G1 X-4.1693 Y-4.9889
G1 X-4.1504 Y-4.7321
G1 X-4.1230 Y-4.5009
G1 X-4.0835 Y-4.2750
G1 X-4.0315 Y-4.0566
G1 X-3.9629 Y-3.8299
G1 X-3.8752 Y-3.5854
G1 X-3.7677 Y-3.3200
G1 X-3.6357 Y-3.0186
G1 X-3.5457 Y-2.8156
G1 X-3.4744 Y-2.6485
G1 X-3.4299 Y-2.5366
G1 X-3.4279 Y-2.5307
G1 X-3.4165 Y-2.4896
G1 X-3.4147 Y-2.4791
G1 X-3.4147 Y-2.4684
G1 X-3.4167 Y-2.4580
G1 X-3.4206 Y-2.4481
G1 X-3.4262 Y-2.4390
G1 X-3.4334 Y-2.4311
G1 X-3.4419 Y-2.4247
; Retract
G1 Z3.0400 F2540

; Path 5
; Rapid to initial position
G1 X-5.2415 Y0.8585 F2540
G1 Z0.5000
; plunge
G1 Z-2.6750 F127
; cut
G1 X-4.7067 Y1.2889 F1016
G1 X-4.4135 Y1.5255
G1 X-4.2381 Y1.6677
G1 X-4.2105 Y1.6904
G1 X-4.2100 Y1.6908
G1 X-4.0958 Y1.7832
G1 X-3.9079 Y1.9329
G1 X-3.6730 Y2.1189
G1 X-3.4171 Y2.3204
G1 X-3.1757 Y2.5130
G1 X-2.9809 Y2.6746
G1 X-2.8541 Y2.7866
G1 X-2.8485 Y2.7923
G1 X-2.8084 Y2.8391
G1 X-2.8022 Y2.8478
G1 X-2.7977 Y2.8574
G1 X-2.7952 Y2.8678
G1 X-2.7945 Y2.8783
G1 X-2.7957 Y2.8889
G1 X-2.7989 Y2.8992
G1 X-2.8039 Y2.9086
G1 X-2.8106 Y2.9169
G1 X-2.8186 Y2.9239
G1 X-2.8277 Y2.9292
G1 X-2.8377 Y2.9329
G1 X-2.8482 Y2.9346
G1 X-2.8641 Y2.9335
G1 X-3.0486 Y2.8950
G1 X-3.0550 Y2.8934
G1 X-3.1150 Y2.8736
G1 X-3.2234 Y2.8400
G1 X-3.3753 Y2.7941
G1 X-3.5646 Y2.7378
G1 X-3.7848 Y2.6729
G1 X-4.0294 Y2.6013
G1 X-4.2923 Y2.5250
G1 X-5.5269 Y2.1692
G1 X-6.8404 Y1.7898
G1 X-8.2541 Y1.3810
G1 X-9.5504 Y1.0058
G1 X-10.5916 Y0.7055
G1 X-10.5916 Y0.7056
G1 X-11.1232 Y0.5532
G1 X-11.1232 Y0.5531
G1 X-11.2568 Y0.5153
G1 X-11.2568 Y0.5154
G1 X-11.2861 Y0.5074
G1 X-11.3008 Y0.5011
G1 X-11.4560 Y0.4075
G1 X-11.4645 Y0.4011
G1 X-11.4686 Y0.3972
G1 X-11.6245 Y0.2291
G1 X-11.6296 Y0.2228
G1 X-11.6937 Y0.1303
G1 X-11.7822 Y0.0003
G1 X-11.8911 Y-0.1615
G1 X-12.0166 Y-0.3490
G1 X-12.1549 Y-0.5565
G1 X-12.3020 Y-0.7783
G1 X-12.4543 Y-1.0084
G1 X-12.6076 Y-1.2407
G1 X-12.7583 Y-1.4695
G1 X-12.9022 Y-1.6890
G1 X-13.0357 Y-1.8931
G1 X-13.1548 Y-2.0761
G1 X-13.2558 Y-2.2321
G1 X-13.3347 Y-2.3554
G1 X-13.3884 Y-2.4411
G1 X-13.4110 Y-2.4803
G1 X-13.4154 Y-2.4900
G1 X-13.4179 Y-2.5003
G1 X-13.4186 Y-2.5109
G1 X-13.4174 Y-2.5215
G1 X-13.4146 Y-2.5306
G1 X-13.4007 Y-2.5656
G1 X-13.3958 Y-2.5751
G1 X-13.3893 Y-2.5836
G1 X-13.3814 Y-2.5907
G1 X-13.3723 Y-2.5962
G1 X-13.3598 Y-2.6006
G1 X-13.2710 Y-2.6211
G1 X-13.2604 Y-2.6226
G1 X-13.0785 Y-2.6302
G1 X-12.7946 Y-2.6262
G1 X-12.6477 Y-2.6228
G1 X-12.4589 Y-2.6192
G1 X-12.2355 Y-2.6155
G1 X-11.9857 Y-2.6117
G1 X-11.7173 Y-2.6081
G1 X-11.7173 Y-2.6082
G1 X-11.4380 Y-2.6048
G1 X-11.1558 Y-2.6016
G1 X-10.8785 Y-2.5990
G1 X-9.5590 Y-2.5875
G1 X-9.5484 Y-2.5864
G1 X-9.5382 Y-2.5834
G1 X-9.5287 Y-2.5786
G1 X-9.5232 Y-2.5747
G1 X-8.3981 Y-1.6755
G1 X-7.3087 Y-0.8024
G1 X-6.5972 Y-0.2312
G1 X-5.2415 Y0.8585
; Retract
G1 Z3.0400 F2540

; Path 6
; Rapid to initial position
G1 X-3.5150 Y2.8009 F2540
G1 Z0.5000
; plunge
G1 Z-2.6750 F127
; cut
G1 X-3.4846 Y2.9352 F1016
G1 X-3.4833 Y2.9457
G1 X-3.4828 Y2.9543
G1 X-3.4834 Y2.9650
G1 X-3.4846 Y2.9731
G1 X-3.4871 Y2.9834
G1 X-3.4898 Y2.9915
G1 X-3.4913 Y2.9949
G1 X-3.2260 Y2.9735
G1 X-3.2173 Y2.9734
G1 X-2.8952 Y2.9838
G1 X-2.8823 Y2.9854
G1 X-2.7174 Y3.0173
G1 X-2.6616 Y2.8647
G1 X-2.8268 Y2.6569
G1 X-2.8322 Y2.6493
G1 X-2.9307 Y2.4913
G1 X-2.9325 Y2.5006
G1 X-2.9347 Y2.5087
G1 X-2.9386 Y2.5186
G1 X-2.9424 Y2.5264
G1 X-2.9480 Y2.5354
G1 X-2.9530 Y2.5420
G1 X-2.9602 Y2.5499
G1 X-2.9663 Y2.5557
G1 X-2.9748 Y2.5622
G1 X-2.9821 Y2.5668
G1 X-2.9917 Y2.5716
G1 X-2.9997 Y2.5747
G1 X-3.0099 Y2.5777
G1 X-3.0181 Y2.5793
G1 X-3.0226 Y2.5797
G1 X-2.9502 Y2.6399
G1 X-2.8211 Y2.7542
G1 X-2.8133 Y2.7621
G1 X-2.7708 Y2.8121
G1 X-2.7646 Y2.8208
G1 X-2.7602 Y2.8282
G1 X-2.7557 Y2.8379
G1 X-2.7527 Y2.8463
G1 X-2.7501 Y2.8566
G1 X-2.7490 Y2.8647
G1 X-2.7483 Y2.8753
G1 X-2.7485 Y2.8838
G1 X-2.7497 Y2.8944
G1 X-2.7514 Y2.9026
G1 X-2.7545 Y2.9128
G1 X-2.7580 Y2.9209
G1 X-2.7630 Y2.9303
G1 X-2.7677 Y2.9375
G1 X-2.7744 Y2.9459
G1 X-2.7803 Y2.9519
G1 X-2.7883 Y2.9589
G1 X-2.7950 Y2.9638
G1 X-2.8042 Y2.9692
G1 X-2.8119 Y2.9728
G1 X-2.8219 Y2.9764
G1 X-2.8305 Y2.9787
G1 X-2.8410 Y2.9804
G1 X-2.8514 Y2.9808
G1 X-2.8673 Y2.9797
G1 X-2.8735 Y2.9789
G1 X-3.0604 Y2.9399
G1 X-3.0695 Y2.9374
G1 X-3.1295 Y2.9176
G1 X-3.2368 Y2.8843
G1 X-3.3886 Y2.8385
G1 X-3.5150 Y2.8009
G1 X-3.4524 Y2.8680
G1 X-3.4387 Y2.9292
G1 X-3.4369 Y2.9436
G1 X-3.4369 Y2.9441
G1 X-3.2492 Y2.9290
G1 X-3.2502 Y2.9287
G1 X-3.4018 Y2.8830
G1 X-3.4524 Y2.8680
; Retract
G1 Z3.0400 F2540

; Path 7
; Rapid to initial position
G1 X-2.9364 Y2.5910 F2540
G1 Z0.5000
; plunge
G1 Z-2.6750 F127
; cut
G1 X-2.9194 Y2.6051 F1016
G1 X-2.9080 Y2.6152
G1 X-2.9280 Y2.5833
G1 X-2.9285 Y2.5838
G1 X-2.9364 Y2.5910
; Retract
G1 Z3.0400 F2540

; Path 8
; Rapid to initial position
G1 X-3.1322 Y4.2415 F2540
G1 Z0.5000
; plunge
G1 Z-2.6750 F127
; cut
G1 X-2.9497 Y4.2647 F1016
G1 X-2.7462 Y4.3001
G1 X-2.5193 Y4.3477
G1 X-2.3926 Y4.3769
G1 X-2.2445 Y4.4123
G1 X-2.0808 Y4.4526
G1 X-1.9065 Y4.4964
G1 X-1.7270 Y4.5424
G1 X-1.5478 Y4.5891
G1 X-1.3741 Y4.6354
G1 X-1.2113 Y4.6797
G1 X-0.4584 Y4.8872
G1 X-0.4484 Y4.8910
G1 X-0.4394 Y4.8965
G1 X-0.4315 Y4.9036
G1 X-0.4249 Y4.9121
G1 X-0.4201 Y4.9215
G1 X-0.4170 Y4.9317
G1 X-0.4161 Y4.9375
G1 X-0.3823 Y5.2858
G1 X-0.3637 Y5.5363
G1 X-0.3637 Y5.5420
G1 X-0.3664 Y5.6570
G1 X-0.3676 Y5.6676
G1 X-0.3707 Y5.6778
G1 X-0.3757 Y5.6873
G1 X-0.3823 Y5.6956
G1 X-0.3903 Y5.7025
G1 X-0.3995 Y5.7080
G1 X-0.4083 Y5.7114
G1 X-0.4713 Y5.7293
G1 X-0.6213 Y5.7627
G1 X-0.8379 Y5.8072
G1 X-1.0993 Y5.8580
G1 X-1.2764 Y5.8893
G1 X-1.4547 Y5.9161
G1 X-1.6362 Y5.9386
G1 X-1.8228 Y5.9568
G1 X-2.0162 Y5.9710
G1 X-2.2184 Y5.9814
G1 X-2.4312 Y5.9879
G1 X-2.6562 Y5.9912
G1 X-2.9236 Y5.9919
G1 X-3.1380 Y5.9899
G1 X-3.3097 Y5.9840
G1 X-3.4482 Y5.9728
G1 X-3.5577 Y5.9561
G1 X-3.5631 Y5.9551
G1 X-3.6571 Y5.9314
G1 X-3.6627 Y5.9296
G1 X-3.7546 Y5.8962
G1 X-3.8461 Y5.8553
G1 X-3.8529 Y5.8518
G1 X-4.0765 Y5.7140
G1 X-4.0850 Y5.7076
G1 X-4.0892 Y5.7034
G1 X-4.2420 Y5.5326
G1 X-4.2484 Y5.5241
G1 X-4.2525 Y5.5161
G1 X-4.3401 Y5.3035
G1 X-4.3433 Y5.2933
G1 X-4.3442 Y5.2875
G1 X-4.3721 Y5.0244
G1 X-4.3720 Y5.0111
G1 X-4.3444 Y4.7900
G1 X-4.3422 Y4.7796
G1 X-4.3388 Y4.7714
G1 X-4.2513 Y4.5955
G1 X-4.2456 Y4.5864
G1 X-4.2382 Y4.5783
G1 X-4.0831 Y4.4381
G1 X-4.0701 Y4.4291
G1 X-3.8403 Y4.3147
G1 X-3.8325 Y4.3116
G1 X-3.7181 Y4.2742
G1 X-3.7120 Y4.2726
G1 X-3.5901 Y4.2470
G1 X-3.5842 Y4.2461
G1 X-3.4466 Y4.2321
G1 X-3.2969 Y4.2308
G1 X-3.1322 Y4.2415
; Retract
G1 Z3.0400 F2540

; Path 9
; Rapid to initial position
G1 X-5.4332 Y5.1118 F2540
G1 Z0.5000
; plunge
G1 Z-2.6750 F127
; cut
G1 X-5.4359 Y5.1143 F1016
G1 X-5.4432 Y5.1199
G1 X-5.4488 Y5.1233
G1 X-5.4480 Y5.1243
G1 X-5.4423 Y5.1333
G1 X-5.4384 Y5.1407
G1 X-5.4350 Y5.1491
G1 X-5.4332 Y5.1118
G1 X-5.4870 Y5.1493
G1 X-5.4813 Y5.1582
G1 X-5.4773 Y5.1681
G1 X-5.4751 Y5.1785
G1 X-5.4748 Y5.1849
G1 X-5.4748 Y5.4120
G1 X-5.4435 Y5.6776
G1 X-5.3602 Y5.9720
G1 X-5.2411 Y6.2489
G1 X-5.1029 Y6.4627
G1 X-4.9677 Y6.6122
G1 X-4.8313 Y6.7411
G1 X-4.6912 Y6.8499
G1 X-4.5434 Y6.9409
G1 X-4.3821 Y7.0173
G1 X-4.2033 Y7.0814
G1 X-4.0032 Y7.1349
G1 X-3.7744 Y7.1810
G1 X-3.3490 Y7.2556
G1 X-3.3387 Y7.2584
G1 X-3.3292 Y7.2630
G1 X-3.3206 Y7.2693
G1 X-3.3133 Y7.2772
G1 X-3.3075 Y7.2861
G1 X-3.3036 Y7.2960
G1 X-3.3015 Y7.3064
G1 X-3.3013 Y7.3171
G1 X-3.3030 Y7.3276
G1 X-3.3068 Y7.3375
G1 X-3.3122 Y7.3467
G1 X-3.3192 Y7.3546
G1 X-3.3276 Y7.3613
G1 X-3.3370 Y7.3662
G1 X-3.3429 Y7.3683
G1 X-5.0859 Y7.8741
G1 X-5.9721 Y8.1307
G1 X-9.2106 Y9.0664
G1 X-9.6960 Y9.2071
G1 X-10.1427 Y9.3369
G1 X-10.5393 Y9.4525
G1 X-10.8749 Y9.5508
G1 X-10.8749 Y9.5507
G1 X-11.1380 Y9.6282
G1 X-11.1380 Y9.6283
G1 X-11.2390 Y9.6585
G1 X-11.3181 Y9.6822
G1 X-11.3724 Y9.6988
G1 X-11.4001 Y9.7077
G1 X-11.4165 Y9.7153
G1 X-11.4382 Y9.7297
G1 X-11.4659 Y9.7525
G1 X-11.4722 Y9.7585
G1 X-11.4691 Y9.7573
G1 X-9.8976 Y9.3066
G1 X-9.2294 Y9.1144
G1 X-9.2294 Y9.1145
G1 X-8.3481 Y8.8600
G1 X-7.7108 Y8.6753
G1 X-5.8086 Y8.1218
G1 X-4.5864 Y7.7674
G1 X-3.9797 Y7.5924
G1 X-3.7341 Y7.5219
G1 X-3.5248 Y7.4623
G1 X-3.2755 Y7.3918
G1 X-3.1503 Y7.3570
G1 X-3.0992 Y7.3431
G1 X-3.0555 Y7.3313
G1 X-3.0189 Y7.3217
G1 X-2.9892 Y7.3141
G1 X-2.9661 Y7.3086
G1 X-2.9466 Y7.3045
G1 X-2.9378 Y7.3032
G1 X-2.9272 Y7.3027
G1 X-2.9166 Y7.3040
G1 X-2.9065 Y7.3074
G1 X-2.8972 Y7.3125
G1 X-2.8889 Y7.3192
G1 X-2.8821 Y7.3274
G1 X-2.8768 Y7.3366
G1 X-2.8733 Y7.3467
G1 X-2.8717 Y7.3572
G1 X-2.8721 Y7.3679
G1 X-2.8744 Y7.3783
G1 X-2.8764 Y7.3834
G1 X-2.9102 Y7.4621
G1 X-2.9152 Y7.4715
G1 X-2.9220 Y7.4797
G1 X-2.9268 Y7.4841
G1 X-3.0951 Y7.6210
G1 X-3.3259 Y7.8073
G1 X-6.3212 Y10.2175
G1 X-8.4332 Y11.9159
G1 X-8.6113 Y12.0587
G1 X-8.7829 Y12.1952
G1 X-8.9436 Y12.3223
G1 X-9.0894 Y12.4367
G1 X-9.2163 Y12.5352
G1 X-9.3203 Y12.6147
G1 X-9.3979 Y12.6727
G1 X-9.4425 Y12.7038
G1 X-9.4500 Y12.7081
G1 X-9.4737 Y12.7199
G1 X-9.4814 Y12.7230
G1 X-9.5192 Y12.7352
G1 X-9.5658 Y12.7459
G1 X-9.6224 Y12.7556
G1 X-9.6906 Y12.7644
G1 X-9.7714 Y12.7724
G1 X-9.8657 Y12.7798
G1 X-9.9749 Y12.7866
G1 X-10.0997 Y12.7930
G1 X-10.2413 Y12.7989
G1 X-10.4006 Y12.8044
G1 X-10.5783 Y12.8096
G1 X-10.7758 Y12.8146
G1 X-10.9939 Y12.8193
G1 X-11.2334 Y12.8238
G1 X-11.4954 Y12.8282
G1 X-11.6878 Y12.8312
G1 X-11.8747 Y12.8335
G1 X-12.0553 Y12.8353
G1 X-12.2286 Y12.8366
G1 X-12.3937 Y12.8373
G1 X-12.5494 Y12.8376
G1 X-12.6950 Y12.8373
G1 X-12.8294 Y12.8366
G1 X-12.9518 Y12.8352
G1 X-13.0611 Y12.8335
G1 X-13.1565 Y12.8313
G1 X-13.2370 Y12.8286
G1 X-13.3024 Y12.8255
G1 X-13.3527 Y12.8216
G1 X-13.3813 Y12.8175
G1 X-13.3918 Y12.8151
G1 X-13.3970 Y12.8131
G1 X-13.4069 Y12.8086
G1 X-13.4162 Y12.8033
G1 X-13.4243 Y12.7965
G1 X-13.4311 Y12.7882
G1 X-13.4362 Y12.7789
G1 X-13.4395 Y12.7688
G1 X-13.4410 Y12.7583
G1 X-13.4405 Y12.7476
G1 X-13.4381 Y12.7373
G1 X-13.4357 Y12.7314
G1 X-13.4254 Y12.7092
G1 X-13.4228 Y12.7043
G1 X-13.3919 Y12.6516
G1 X-13.3432 Y12.5720
G1 X-13.2775 Y12.4677
G1 X-13.1962 Y12.3407
G1 X-13.1009 Y12.1928
G1 X-12.9929 Y12.0263
G1 X-12.8735 Y11.8434
G1 X-12.7442 Y11.6461
G1 X-12.6063 Y11.4368
G1 X-12.4613 Y11.2174
G1 X-12.3107 Y10.9899
G1 X-12.1557 Y10.7569
G1 X-11.9978 Y10.5201
G1 X-11.8383 Y10.2821
G1 X-11.6789 Y10.0447
G1 X-11.5139 Y9.7996
G1 X-11.5373 Y9.8241
G1 X-11.5784 Y9.8709
G1 X-11.6266 Y9.9292
G1 X-11.6780 Y9.9942
G1 X-11.7359 Y10.0702
G1 X-11.7983 Y10.1546
G1 X-11.8661 Y10.2488
G1 X-11.9396 Y10.3529
G1 X-12.0187 Y10.4671
G1 X-12.1037 Y10.5912
G1 X-12.1036 Y10.5912
G1 X-12.1950 Y10.7267
G1 X-12.2927 Y10.8727
G1 X-12.6769 Y11.4508
G1 X-12.9125 Y11.8067
G1 X-13.0463 Y12.0099
G1 X-13.1630 Y12.1879
G1 X-13.2151 Y12.2678
G1 X-13.3076 Y12.4107
G1 X-13.3481 Y12.4738
G1 X-13.3480 Y12.4738
G1 X-13.4190 Y12.5857
G1 X-13.4492 Y12.6340
G1 X-13.4763 Y12.6780
G1 X-13.5003 Y12.7175
G1 X-13.5211 Y12.7524
G1 X-13.5392 Y12.7837
G1 X-13.5551 Y12.8120
G1 X-13.5679 Y12.8357
G1 X-13.5768 Y12.8528
G1 X-13.5453 Y12.8542
G1 X-13.4739 Y12.8562
G1 X-13.3851 Y12.8579
G1 X-13.3851 Y12.8578
G1 X-13.2790 Y12.8591
G1 X-13.1580 Y12.8602
G1 X-13.0228 Y12.8610
G1 X-12.8744 Y12.8614
G1 X-12.7142 Y12.8615
G1 X-12.5428 Y12.8612
G1 X-12.3615 Y12.8606
G1 X-12.1714 Y12.8596
G1 X-11.9735 Y12.8583
G1 X-11.7691 Y12.8566
G1 X-11.5589 Y12.8545
G1 X-9.5174 Y12.8331
G1 X-8.3577 Y11.9024
G1 X-8.1124 Y11.7057
G1 X-7.6244 Y11.3153
G1 X-7.3950 Y11.1322
G1 X-7.1843 Y10.9643
G1 X-6.9989 Y10.8169
G1 X-6.8453 Y10.6953
G1 X-6.7308 Y10.6050
G1 X-6.5290 Y10.4456
G1 X-6.3129 Y10.2731
G1 X-6.1083 Y10.1081
G1 X-5.9416 Y9.9720
G1 X-5.8528 Y9.8992
G1 X-5.7298 Y9.7993
G1 X-5.5785 Y9.6769
G1 X-5.4040 Y9.5363
G1 X-5.2122 Y9.3820
G1 X-5.0085 Y9.2185
G1 X-4.7985 Y9.0503
G1 X-4.1764 Y8.5534
G1 X-3.8073 Y8.2576
G1 X-3.6510 Y8.1320
G1 X-3.5205 Y8.0269
G1 X-3.4208 Y7.9463
G1 X-3.3569 Y7.8942
G1 X-3.1407 Y7.7161
G1 X-3.1318 Y7.7101
G1 X-3.1220 Y7.7059
G1 X-3.1117 Y7.7034
G1 X-3.1010 Y7.7029
G1 X-3.0905 Y7.7044
G1 X-3.0804 Y7.7078
G1 X-3.0711 Y7.7129
G1 X-3.0629 Y7.7198
G1 X-3.0561 Y7.7279
G1 X-3.0509 Y7.7372
G1 X-3.0475 Y7.7474
G1 X-3.0459 Y7.7579
G1 X-3.0464 Y7.7684
G1 X-3.0491 Y7.7798
G1 X-3.1514 Y8.0736
G1 X-3.1868 Y8.1940
G1 X-3.2101 Y8.3161
G1 X-3.2224 Y8.4419
G1 X-3.2235 Y8.5714
G1 X-3.2137 Y8.7019
G1 X-3.1929 Y8.8353
G1 X-3.1615 Y8.9686
G1 X-3.1189 Y9.1050
G1 X-3.0673 Y9.2378
G1 X-3.0036 Y9.3740
G1 X-2.9318 Y9.5054
G1 X-2.8493 Y9.6367
G1 X-2.7562 Y9.7671
G1 X-2.6549 Y9.8928
G1 X-2.5447 Y10.0149
G1 X-2.4221 Y10.1363
G1 X-2.0558 Y10.4797
G1 X-2.0487 Y10.4877
G1 X-2.0432 Y10.4968
G1 X-2.0395 Y10.5068
G1 X-2.0376 Y10.5173
G1 X-2.0378 Y10.5280
G1 X-2.0399 Y10.5384
G1 X-2.0438 Y10.5483
G1 X-2.0476 Y10.5546
G1 X-2.6327 Y11.4155
G1 X-2.7373 Y11.5685
G1 X-2.8405 Y11.7173
G1 X-2.9423 Y11.8620
G1 X-3.0429 Y12.0029
G1 X-3.1421 Y12.1397
G1 X-3.2402 Y12.2726
G1 X-3.3371 Y12.4016
G1 X-3.4328 Y12.5269
G1 X-3.5275 Y12.6485
G1 X-3.6211 Y12.7663
G1 X-3.7139 Y12.8805
G1 X-3.8055 Y12.9911
G1 X-3.8963 Y13.0982
G1 X-3.9864 Y13.2018
G1 X-4.0757 Y13.3019
G1 X-4.1642 Y13.3988
G1 X-4.2519 Y13.4921
G1 X-4.3392 Y13.5823
G1 X-4.4257 Y13.6692
G1 X-4.5117 Y13.7529
G1 X-4.5973 Y13.8335
G1 X-4.6824 Y13.9111
G1 X-4.7671 Y13.9854
G1 X-4.8513 Y14.0568
G1 X-4.9354 Y14.1254
G1 X-5.0192 Y14.1909
G1 X-5.1028 Y14.2536
G1 X-5.1861 Y14.3137
G1 X-5.2695 Y14.3709
G1 X-5.3527 Y14.4253
G1 X-5.4358 Y14.4771
G1 X-5.5189 Y14.5264
G1 X-5.6257 Y14.5864
G1 X-5.7312 Y14.6428
G1 X-5.8360 Y14.6958
G1 X-5.9405 Y14.7451
G1 X-6.0454 Y14.7909
G1 X-6.1508 Y14.8333
G1 X-6.2572 Y14.8720
G1 X-6.3650 Y14.9072
G1 X-6.4747 Y14.9390
G1 X-6.5866 Y14.9670
G1 X-6.7011 Y14.9917
G1 X-6.8189 Y15.0128
G1 X-6.9400 Y15.0306
G1 X-7.0652 Y15.0447
G1 X-7.1945 Y15.0556
G1 X-7.3287 Y15.0631
G1 X-7.4680 Y15.0672
G1 X-7.6130 Y15.0678
G1 X-7.7640 Y15.0653
G1 X-7.9217 Y15.0594
G1 X-8.0861 Y15.0503
G1 X-8.2582 Y15.0380
G1 X-8.4380 Y15.0224
G1 X-8.6259 Y15.0036
G1 X-8.8227 Y14.9817
G1 X-9.0288 Y14.9566
G1 X-9.2444 Y14.9284
G1 X-9.4701 Y14.8970
G1 X-9.7063 Y14.8627
G1 X-9.9535 Y14.8251
G1 X-10.2120 Y14.7846
G1 X-10.6530 Y14.7133
G1 X-10.8199 Y14.6869
G1 X-10.8199 Y14.6870
G1 X-10.9835 Y14.6616
G1 X-11.1436 Y14.6372
G1 X-11.3006 Y14.6140
G1 X-11.4545 Y14.5917
G1 X-11.4545 Y14.5918
G1 X-11.6060 Y14.5706
G1 X-11.7546 Y14.5504
G1 X-11.7546 Y14.5505
G1 X-11.9012 Y14.5313
G1 X-12.0453 Y14.5130
G1 X-12.1872 Y14.4958
G1 X-12.1872 Y14.4959
G1 X-12.3278 Y14.4795
G1 X-12.4664 Y14.4641
G1 X-12.6032 Y14.4496
G1 X-12.6032 Y14.4496
G1 X-12.7394 Y14.4360
G1 X-12.8741 Y14.4233
G1 X-13.0075 Y14.4114
G1 X-13.0075 Y14.4115
G1 X-13.1408 Y14.4005
G1 X-13.2732 Y14.3902
G1 X-13.4051 Y14.3809
G1 X-13.5366 Y14.3722
G1 X-13.5366 Y14.3724
G1 X-13.6688 Y14.3645
G1 X-13.8006 Y14.3574
G1 X-13.9328 Y14.3511
G1 X-14.0656 Y14.3455
G1 X-14.1991 Y14.3406
G1 X-14.3333 Y14.3364
G1 X-14.4687 Y14.3329
G1 X-14.6054 Y14.3300
G1 X-14.7431 Y14.3278
G1 X-14.7431 Y14.3279
G1 X-14.8829 Y14.3264
G1 X-15.2932 Y14.3232
G1 X-15.5440 Y14.3198
G1 X-15.7715 Y14.3153
G1 X-15.9701 Y14.3097
G1 X-16.1347 Y14.3033
G1 X-16.2605 Y14.2960
G1 X-16.3388 Y14.2886
G1 X-16.3491 Y14.2866
G1 X-16.3763 Y14.2789
G1 X-16.3864 Y14.2750
G1 X-16.3954 Y14.2694
G1 X-16.4032 Y14.2623
G1 X-16.4097 Y14.2537
G1 X-16.4145 Y14.2442
G1 X-16.4174 Y14.2340
G1 X-16.4185 Y14.2234
G1 X-16.4175 Y14.2128
G1 X-16.4147 Y14.2025
G1 X-16.4100 Y14.1930
G1 X-16.4038 Y14.1846
G1 X-16.3030 Y14.0715
G1 X-16.2272 Y13.9932
G1 X-16.1086 Y13.8428
G1 X-15.9596 Y13.6381
G1 X-15.7892 Y13.3924
G1 X-15.6100 Y13.1241
G1 X-15.4334 Y12.8499
G1 X-15.2697 Y12.5848
G1 X-15.1321 Y12.3488
G1 X-15.0633 Y12.2245
G1 X-14.9977 Y12.1030
G1 X-14.9347 Y11.9827
G1 X-14.8729 Y11.8610
G1 X-14.8128 Y11.7382
G1 X-14.7526 Y11.6103
G1 X-14.6916 Y11.4760
G1 X-14.6288 Y11.3332
G1 X-14.6287 Y11.3332
G1 X-14.5641 Y11.1817
G1 X-14.5642 Y11.1817
G1 X-14.4965 Y11.0179
G1 X-14.4246 Y10.8402
G1 X-14.4245 Y10.8402
G1 X-14.3484 Y10.6479
G1 X-14.2668 Y10.4380
G1 X-14.1790 Y10.2092
G1 X-14.0843 Y9.9597
G1 X-13.9816 Y9.6874
G1 X-13.8795 Y9.4177
G1 X-13.7826 Y9.1671
G1 X-13.6903 Y8.9348
G1 X-13.6023 Y8.7191
G1 X-13.5177 Y8.5192
G1 X-13.4361 Y8.3340
G1 X-13.3569 Y8.1622
G1 X-13.2796 Y8.0028
G1 X-13.2035 Y7.8546
G1 X-13.1282 Y7.7165
G1 X-13.0530 Y7.5875
G1 X-12.9774 Y7.4663
G1 X-12.9006 Y7.3520
G1 X-12.8226 Y7.2434
G1 X-12.7424 Y7.1396
G1 X-12.6595 Y7.0390
G1 X-12.5537 Y6.9197
G1 X-12.4428 Y6.8046
G1 X-12.3267 Y6.6937
G1 X-12.2054 Y6.5868
G1 X-12.0787 Y6.4842
G1 X-11.9466 Y6.3855
G1 X-11.8089 Y6.2910
G1 X-11.6656 Y6.2003
G1 X-11.5164 Y6.1137
G1 X-11.3615 Y6.0311
G1 X-11.2006 Y5.9523
G1 X-11.0336 Y5.8775
G1 X-10.8605 Y5.8064
G1 X-10.6813 Y5.7392
G1 X-10.4955 Y5.6758
G1 X-10.3033 Y5.6160
G1 X-10.1046 Y5.5599
G1 X-9.8992 Y5.5075
G1 X-9.6871 Y5.4587
G1 X-9.4679 Y5.4133
G1 X-9.2419 Y5.3717
G1 X-9.0087 Y5.3335
G1 X-8.7682 Y5.2987
G1 X-8.5204 Y5.2673
G1 X-8.2652 Y5.2393
G1 X-8.0024 Y5.2147
G1 X-7.7320 Y5.1934
G1 X-7.4536 Y5.1754
G1 X-7.1675 Y5.1606
G1 X-6.8734 Y5.1491
G1 X-6.5711 Y5.1407
G1 X-6.2610 Y5.1355
G1 X-5.5334 Y5.1269
G1 X-5.5228 Y5.1278
G1 X-5.5125 Y5.1306
G1 X-5.5029 Y5.1352
G1 X-5.4944 Y5.1415
G1 X-5.4870 Y5.1493
; Retract
G1 Z3.0400 F2540

; Path 10
; Rapid to initial position
G1 X-7.4521 Y5.1289 F2540
G1 Z0.5000
; plunge
G1 Z-2.6750 F127
; cut
G1 X-7.5312 Y5.1248 F1016
G1 X-7.7574 Y5.1115
G1 X-7.9835 Y5.0966
G1 X-8.2070 Y5.0801
G1 X-8.3872 Y5.0652
G1 X-8.3854 Y5.0671
G1 X-8.3800 Y5.0736
G1 X-8.3740 Y5.0825
G1 X-8.3700 Y5.0896
G1 X-8.3657 Y5.0993
G1 X-8.3628 Y5.1080
G1 X-8.3605 Y5.1184
G1 X-8.3594 Y5.1264
G1 X-8.3589 Y5.1371
G1 X-8.3593 Y5.1457
G1 X-8.3608 Y5.1562
G1 X-8.3628 Y5.1647
G1 X-8.3663 Y5.1748
G1 X-8.3696 Y5.1824
G1 X-8.3748 Y5.1917
G1 X-8.3793 Y5.1984
G1 X-8.3855 Y5.2059
G1 X-8.2695 Y5.1932
G1 X-8.0061 Y5.1685
G1 X-7.7350 Y5.1472
G1 X-7.4560 Y5.1290
G1 X-7.4521 Y5.1289
G1 X-8.1221 Y5.1329
G1 X-8.2109 Y5.1263
G1 X-8.3139 Y5.1178
G1 X-8.3131 Y5.1243
G1 X-8.3126 Y5.1392
G1 X-8.3133 Y5.1514
G1 X-8.2739 Y5.1471
G1 X-8.1221 Y5.1329
G1 X-8.4052 Y5.1393
G1 X-8.4067 Y5.1497
G1 X-8.4101 Y5.1599
G1 X-8.4153 Y5.1692
G1 X-8.4213 Y5.1766
G1 X-8.4337 Y5.1894
G1 X-8.4418 Y5.1964
G1 X-8.4509 Y5.2018
G1 X-8.4608 Y5.2054
G1 X-8.5273 Y5.2224
G1 X-8.6451 Y5.2438
G1 X-8.8207 Y5.2720
G1 X-9.0594 Y5.3087
G1 X-9.3057 Y5.3486
G1 X-9.5419 Y5.3917
G1 X-9.7715 Y5.4386
G1 X-9.9934 Y5.4894
G1 X-10.2050 Y5.5433
G1 X-10.4122 Y5.6023
G1 X-10.6097 Y5.6648
G1 X-10.8017 Y5.7322
G1 X-10.9840 Y5.8031
G1 X-11.1622 Y5.8797
G1 X-11.3342 Y5.9614
G1 X-11.4966 Y6.0464
G1 X-11.6572 Y6.1389
G1 X-11.8090 Y6.2350
G1 X-11.9555 Y6.3367
G1 X-12.0978 Y6.4449
G1 X-12.2353 Y6.5593
G1 X-12.3659 Y6.6782
G1 X-12.4938 Y6.8050
G1 X-12.6147 Y6.9357
G1 X-12.7346 Y7.0764
G1 X-12.8488 Y7.2222
G1 X-12.9581 Y7.3733
G1 X-13.0661 Y7.5349
G1 X-13.1696 Y7.7022
G1 X-13.2699 Y7.8770
G1 X-13.3664 Y8.0580
G1 X-13.4617 Y8.2499
G1 X-13.5536 Y8.4483
G1 X-13.6432 Y8.6550
G1 X-13.7301 Y8.8689
G1 X-13.8160 Y9.0940
G1 X-13.9033 Y9.3188
G1 X-13.9827 Y9.5044
G1 X-14.0437 Y9.6278
G1 X-14.0499 Y9.6376
G1 X-14.0852 Y9.6831
G1 X-14.0925 Y9.6909
G1 X-14.1011 Y9.6972
G1 X-14.1106 Y9.7018
G1 X-14.1209 Y9.7046
G1 X-14.1315 Y9.7055
G1 X-14.1421 Y9.7043
G1 X-14.1523 Y9.7014
G1 X-14.1575 Y9.6990
G1 X-14.2308 Y9.6613
G1 X-14.2409 Y9.6546
G1 X-14.3698 Y9.5492
G1 X-14.5353 Y9.3947
G1 X-14.7234 Y9.2059
G1 X-14.9198 Y8.9979
G1 X-15.1100 Y8.7856
G1 X-15.2790 Y8.5839
G1 X-15.4127 Y8.4071
G1 X-15.5530 Y8.1852
G1 X-15.7005 Y7.9174
G1 X-15.8385 Y7.6363
G1 X-15.9492 Y7.3749
G1 X-16.0223 Y7.1650
G1 X-16.0837 Y6.9505
G1 X-16.1335 Y6.7322
G1 X-16.1714 Y6.5110
G1 X-16.1980 Y6.2871
G1 X-16.2129 Y6.0615
G1 X-16.2164 Y5.8349
G1 X-16.2085 Y5.6077
G1 X-16.1891 Y5.3808
G1 X-16.1584 Y5.1550
G1 X-16.1164 Y4.9306
G1 X-16.0632 Y4.7084
G1 X-15.9985 Y4.4893
G1 X-15.9228 Y4.2737
G1 X-15.8358 Y4.0626
G1 X-15.7379 Y3.8565
G1 X-15.6657 Y3.7228
G1 X-15.5852 Y3.5876
G1 X-15.4966 Y3.4516
G1 X-15.4006 Y3.3154
G1 X-15.2981 Y3.1794
G1 X-15.1892 Y3.0446
G1 X-15.0749 Y2.9111
G1 X-14.9554 Y2.7800
G1 X-14.8315 Y2.6516
G1 X-14.7037 Y2.5265
G1 X-14.5728 Y2.4054
G1 X-14.4389 Y2.2892
G1 X-14.3030 Y2.1779
G1 X-14.1655 Y2.0726
G1 X-14.0270 Y1.9740
G1 X-13.8889 Y1.8829
G1 X-13.5856 Y1.6913
G1 X-13.5762 Y1.6863
G1 X-13.5660 Y1.6834
G1 X-13.5554 Y1.6822
G1 X-13.5447 Y1.6831
G1 X-13.5345 Y1.6859
G1 X-13.5249 Y1.6906
G1 X-13.5162 Y1.6968
G1 X-13.5090 Y1.7046
G1 X-13.5025 Y1.7152
G1 X-13.4072 Y1.9137
G1 X-13.4072 Y1.9137
G1 X-13.3435 Y2.0405
G1 X-13.2400 Y2.2396
G1 X-13.1112 Y2.4837
G1 X-12.9719 Y2.7444
G1 X-12.8988 Y2.8756
G1 X-12.8252 Y2.9991
G1 X-12.7472 Y3.1212
G1 X-12.6688 Y3.2353
G1 X-12.5866 Y3.3468
G1 X-12.5014 Y3.4539
G1 X-12.4115 Y3.5585
G1 X-12.3215 Y3.6557
G1 X-12.2247 Y3.7520
G1 X-12.1269 Y3.8421
G1 X-12.0251 Y3.9285
G1 X-11.9168 Y4.0133
G1 X-11.8078 Y4.0917
G1 X-11.6909 Y4.1694
G1 X-11.5720 Y4.2417
G1 X-11.4488 Y4.3107
G1 X-11.3194 Y4.3771
G1 X-11.1839 Y4.4409
G1 X-11.0437 Y4.5013
G1 X-10.8995 Y4.5581
G1 X-10.7496 Y4.6123
G1 X-10.7496 Y4.6122
G1 X-10.5930 Y4.6637
G1 X-10.4298 Y4.7126
G1 X-10.2608 Y4.7589
G1 X-10.0871 Y4.8022
G1 X-9.9047 Y4.8436
G1 X-9.7178 Y4.8821
G1 X-9.5231 Y4.9184
G1 X-9.3215 Y4.9526
G1 X-9.1119 Y4.9847
G1 X-8.8959 Y5.0147
G1 X-8.6724 Y5.0426
G1 X-8.5607 Y5.0564
G1 X-8.4869 Y5.0679
G1 X-8.4771 Y5.0703
G1 X-8.4443 Y5.0816
G1 X-8.4345 Y5.0860
G1 X-8.4258 Y5.0921
G1 X-8.4183 Y5.0996
G1 X-8.4124 Y5.1085
G1 X-8.4081 Y5.1182
G1 X-8.4057 Y5.1286
G1 X-8.4052 Y5.1393
; Retract
G1 Z3.0400 F2540

; Path 11
; Rapid to initial position
G1 X-3.4692 Y7.1877 F2540
G1 Z0.5000
; plunge
G1 Z-2.6750 F127
; cut
G1 X-3.3367 Y7.2109 F1016
G1 X-3.3264 Y7.2138
G1 X-3.3185 Y7.2167
G1 X-3.3090 Y7.2214
G1 X-3.3020 Y7.2256
G1 X-3.2933 Y7.2318
G1 X-3.2866 Y7.2378
G1 X-3.2793 Y7.2457
G1 X-3.2745 Y7.2519
G1 X-3.2687 Y7.2609
G1 X-3.2645 Y7.2690
G1 X-3.2606 Y7.2789
G1 X-3.2582 Y7.2866
G1 X-3.2560 Y7.2970
G1 X-3.2552 Y7.3055
G1 X-3.2550 Y7.3162
G1 X-3.2555 Y7.3247
G1 X-3.2573 Y7.3352
G1 X-3.2583 Y7.3390
G1 X-3.1625 Y7.3123
G1 X-3.1112 Y7.2983
G1 X-3.0673 Y7.2865
G1 X-3.0303 Y7.2768
G1 X-3.0001 Y7.2691
G1 X-2.9755 Y7.2631
G1 X-2.9533 Y7.2586
G1 X-2.9403 Y7.2570
G1 X-2.9298 Y7.2564
G1 X-2.9212 Y7.2567
G1 X-2.9106 Y7.2580
G1 X-2.9021 Y7.2600
G1 X-2.8920 Y7.2633
G1 X-2.8842 Y7.2668
G1 X-2.8749 Y7.2719
G1 X-2.8678 Y7.2767
G1 X-2.8595 Y7.2834
G1 X-2.8535 Y7.2893
G1 X-2.8467 Y7.2975
G1 X-2.8419 Y7.3043
G1 X-2.8366 Y7.3135
G1 X-2.8329 Y7.3217
G1 X-2.8295 Y7.3318
G1 X-2.8275 Y7.3395
G1 X-2.8259 Y7.3499
G1 X-2.8254 Y7.3589
G1 X-2.8258 Y7.3696
G1 X-2.8268 Y7.3781
G1 X-2.8292 Y7.3885
G1 X-2.8312 Y7.3950
G1 X-2.8338 Y7.4018
G1 X-2.8693 Y7.4839
G1 X-2.8743 Y7.4933
G1 X-2.8794 Y7.5009
G1 X-2.8862 Y7.5092
G1 X-2.8906 Y7.5139
G1 X-2.8976 Y7.5201
G1 X-3.0660 Y7.6571
G1 X-3.0719 Y7.6618
G1 X-3.0655 Y7.6640
G1 X-3.0582 Y7.6672
G1 X-3.0488 Y7.6723
G1 X-3.0415 Y7.6773
G1 X-3.0333 Y7.6842
G1 X-3.0273 Y7.6902
G1 X-3.0205 Y7.6983
G1 X-3.0156 Y7.7054
G1 X-3.0104 Y7.7147
G1 X-3.0070 Y7.7223
G1 X-3.0038 Y7.7317
G1 X-2.9974 Y7.7186
G1 X-2.9915 Y7.7086
G1 X-2.9061 Y7.5831
G1 X-2.9003 Y7.5759
G1 X-2.7879 Y7.4470
G1 X-2.6572 Y7.3197
G1 X-2.5457 Y7.2076
G1 X-2.6021 Y7.2027
G1 X-2.8616 Y7.1925
G1 X-3.1823 Y7.1887
G1 X-3.4470 Y7.1880
G1 X-3.4692 Y7.1877
G1 X-3.2305 Y7.2349
G1 X-3.2276 Y7.2396
G1 X-3.2214 Y7.2519
G1 X-3.2162 Y7.2653
G1 X-3.2128 Y7.2772
G1 X-3.2126 Y7.2781
G1 X-3.1746 Y7.2676
G1 X-3.1233 Y7.2536
G1 X-3.0791 Y7.2416
G1 X-3.0593 Y7.2365
G1 X-3.1829 Y7.2350
G1 X-3.2305 Y7.2349
G1 X-2.8400 Y7.2397
G1 X-2.8383 Y7.2409
G1 X-2.8270 Y7.2504
G1 X-2.8181 Y7.2594
G1 X-2.8087 Y7.2709
G1 X-2.8017 Y7.2813
G1 X-2.7942 Y7.2947
G1 X-2.7891 Y7.3068
G1 X-2.7846 Y7.3203
G1 X-2.7817 Y7.3322
G1 X-2.7796 Y7.3474
G1 X-2.7791 Y7.3606
G1 X-2.7797 Y7.3743
G1 X-2.6901 Y7.2870
G1 X-2.6504 Y7.2472
G1 X-2.8400 Y7.2397
; Retract
G1 Z3.0400 F2540

; Path 12
; Rapid to initial position
G1 X-3.1511 Y8.2540 F2540
G1 Z0.5000
; plunge
G1 Z-2.6750 F127
; cut
G1 X-3.1642 Y8.3230 F1016
G1 X-3.1761 Y8.4446
G1 X-3.1772 Y8.5695
G1 X-3.1676 Y8.6961
G1 X-3.1621 Y8.7312
G1 X-3.1654 Y8.5899
G1 X-3.1609 Y8.3705
G1 X-3.1511 Y8.2540
; Retract
G1 Z3.0400 F2540

; Path 13
; Rapid to initial position
G1 X-1.9468 Y8.6691 F2540
G1 Z0.5000
; plunge
G1 Z-2.6750 F127
; cut
G1 X-1.9130 Y8.5868 F1016
G1 X-1.8698 Y8.5032
G1 X-1.8164 Y8.4177
G1 X-1.7524 Y8.3289
G1 X-1.6769 Y8.2357
G1 X-1.5889 Y8.1367
G1 X-1.4877 Y8.0310
G1 X-1.3724 Y7.9170
G1 X-1.2421 Y7.7939
G1 X-1.0959 Y7.6602
G1 X-0.9328 Y7.5150
G1 X-0.7521 Y7.3572
G1 X-0.5592 Y7.1904
G1 X-0.3775 Y7.0350
G1 X-0.2114 Y6.8940
G1 X-0.0647 Y6.7709
G1 X0.0585 Y6.6688
G1 X0.1545 Y6.5914
G1 X0.2177 Y6.5429
G1 X0.2224 Y6.5396
G1 X0.2496 Y6.5227
G1 X0.2592 Y6.5180
G1 X0.2694 Y6.5150
G1 X0.2800 Y6.5140
G1 X0.2906 Y6.5149
G1 X0.2965 Y6.5163
G1 X0.4314 Y6.5559
G1 X0.6977 Y6.6502
G1 X0.9496 Y6.7562
G1 X0.9593 Y6.7614
G1 X1.0640 Y6.8315
G1 X1.0723 Y6.8383
G1 X1.0792 Y6.8463
G1 X1.0845 Y6.8555
G1 X1.0880 Y6.8656
G1 X1.0896 Y6.8761
G1 X1.0893 Y6.8868
G1 X1.0882 Y6.8928
G1 X1.0687 Y6.9769
G1 X1.0669 Y6.9829
G1 X1.0126 Y7.1381
G1 X0.9321 Y7.3437
G1 X0.8331 Y7.5821
G1 X0.7229 Y7.8358
G1 X0.6093 Y8.0865
G1 X0.4998 Y8.3168
G1 X0.4012 Y8.5096
G1 X0.2745 Y8.7248
G1 X0.1309 Y8.9340
G1 X-0.0241 Y9.1315
G1 X-0.1848 Y9.3113
G1 X-0.3459 Y9.4676
G1 X-0.4967 Y9.5906
G1 X-0.5025 Y9.5947
G1 X-0.6410 Y9.6815
G1 X-0.6517 Y9.6868
G1 X-0.7719 Y9.7313
G1 X-0.7823 Y9.7341
G1 X-0.7877 Y9.7348
G1 X-1.0303 Y9.7530
G1 X-1.0432 Y9.7525
G1 X-1.2864 Y9.7163
G1 X-1.2984 Y9.7132
G1 X-1.5289 Y9.6260
G1 X-1.5403 Y9.6202
G1 X-1.7448 Y9.4854
G1 X-1.7556 Y9.4763
G1 X-1.9426 Y9.2730
G1 X-1.9490 Y9.2645
G1 X-1.9537 Y9.2550
G1 X-1.9568 Y9.2450
G1 X-2.0012 Y9.0183
G1 X-2.0022 Y9.0049
G1 X-1.9988 Y8.9186
G1 X-1.9890 Y8.8344
G1 X-1.9733 Y8.7567
G1 X-1.9719 Y8.7514
G1 X-1.9486 Y8.6742
G1 X-1.9468 Y8.6691
; Retract
G1 Z3.0400 F2540

; Path 14
; Rapid to initial position
G1 X-2.0121 Y10.4595 F2540
G1 Z0.5000
; plunge
G1 Z-2.6750 F127
; cut
G1 X-2.0090 Y10.4638 F1016
G1 X-2.0035 Y10.4729
G1 X-1.9998 Y10.4806
G1 X-1.9960 Y10.4906
G1 X-1.9939 Y10.4987
G1 X-1.9920 Y10.5092
G1 X-1.9913 Y10.5177
G1 X-1.9844 Y10.5164
G1 X-1.9738 Y10.5156
G1 X-1.9647 Y10.5156
G1 X-1.9490 Y10.5177
G1 X-1.9023 Y10.5277
G1 X-2.0101 Y10.4610
G1 X-2.0121 Y10.4595
G1 X-1.9805 Y10.5626
G1 X-1.9700 Y10.5617
G1 X-1.9586 Y10.5630
G1 X-1.8531 Y10.5854
G1 X-1.8447 Y10.5879
G1 X-1.6185 Y10.6736
G1 X-1.6185 Y10.6735
G1 X-1.4278 Y10.7451
G1 X-1.2385 Y10.8004
G1 X-1.0499 Y10.8402
G1 X-0.8615 Y10.8649
G1 X-0.6753 Y10.8747
G1 X-0.4934 Y10.8698
G1 X-0.3143 Y10.8503
G1 X-0.1392 Y10.8163
G1 X0.0296 Y10.7685
G1 X0.1917 Y10.7073
G1 X0.3483 Y10.6316
G1 X0.4954 Y10.5433
G1 X0.6336 Y10.4420
G1 X0.7637 Y10.3264
G1 X0.8814 Y10.2002
G1 X0.9910 Y10.0572
G1 X0.9983 Y10.0494
G1 X1.0068 Y10.0430
G1 X1.0164 Y10.0383
G1 X1.0266 Y10.0354
G1 X1.0372 Y10.0345
G1 X1.0478 Y10.0355
G1 X1.0538 Y10.0370
G1 X1.1889 Y10.0779
G1 X1.1988 Y10.0819
G1 X1.2077 Y10.0876
G1 X1.2155 Y10.0950
G1 X1.2217 Y10.1035
G1 X1.2264 Y10.1131
G1 X1.2292 Y10.1234
G1 X1.2301 Y10.1340
G1 X1.2278 Y10.1490
G1 X1.2132 Y10.2008
G1 X1.1970 Y10.2611
G1 X1.1760 Y10.3428
G1 X1.1329 Y10.5165
G1 X1.0422 Y10.8900
G1 X0.8547 Y11.6719
G1 X0.1076 Y14.8013
G1 X-0.5303 Y17.4756
G1 X0.3874 Y18.9447
G1 X0.7182 Y19.4727
G1 X0.9805 Y19.8902
G1 X1.1362 Y20.1366
G1 X1.2597 Y20.3307
G1 X1.3255 Y20.4335
G1 X1.3787 Y20.5155
G1 X1.4205 Y20.5790
G1 X1.4372 Y20.6038
G1 X1.4513 Y20.6243
G1 X1.4580 Y20.6337
G1 X1.4775 Y20.6140
G1 X1.5110 Y20.5744
G1 X1.5535 Y20.5195
G1 X1.6054 Y20.4479
G1 X1.6671 Y20.3593
G1 X1.7376 Y20.2550
G1 X1.8190 Y20.1316
G1 X1.9109 Y19.9899
G1 X2.0146 Y19.8281
G1 X2.0145 Y19.8281
G1 X2.1304 Y19.6455
G1 X2.2590 Y19.4412
G1 X2.2592 Y19.4413
G1 X2.4011 Y19.2146
G1 X2.4010 Y19.2146
G1 X2.5571 Y18.9643
G1 X2.6636 Y18.7939
G1 X2.7716 Y18.6219
G1 X2.8783 Y18.4528
G1 X2.9806 Y18.2915
G1 X3.0755 Y18.1425
G1 X3.1603 Y18.0108
G1 X3.2317 Y17.9006
G1 X3.2867 Y17.8170
G1 X3.4945 Y17.5062
G1 X3.2901 Y16.6261
G1 X3.1997 Y16.2393
G1 X3.0975 Y15.8038
G1 X2.9858 Y15.3299
G1 X2.8668 Y14.8272
G1 X2.7430 Y14.3058
G1 X2.7431 Y14.3058
G1 X2.5535 Y13.5105
G1 X2.4282 Y12.9860
G1 X2.2474 Y12.2322
G1 X2.1353 Y11.7665
G1 X2.0326 Y11.3416
G1 X1.9017 Y10.8028
G1 X1.8332 Y10.5241
G1 X1.8055 Y10.4125
G1 X1.7827 Y10.3211
G1 X1.7648 Y10.2515
G1 X1.7523 Y10.2040
G1 X1.7458 Y10.1819
G1 X1.7437 Y10.1714
G1 X1.7436 Y10.1608
G1 X1.7454 Y10.1503
G1 X1.7491 Y10.1403
G1 X1.7546 Y10.1312
G1 X1.7617 Y10.1232
G1 X1.7701 Y10.1167
G1 X1.7795 Y10.1119
G1 X1.7897 Y10.1087
G1 X1.8003 Y10.1076
G1 X1.8110 Y10.1084
G1 X1.8244 Y10.1123
G1 X2.0656 Y10.2168
G1 X2.0767 Y10.2232
G1 X2.2106 Y10.3207
G1 X2.3674 Y10.4188
G1 X2.5250 Y10.5049
G1 X2.6656 Y10.5682
G1 X2.8405 Y10.6242
G1 X3.0435 Y10.6691
G1 X3.2605 Y10.7004
G1 X3.4941 Y10.7191
G1 X3.7277 Y10.7239
G1 X3.9615 Y10.7148
G1 X4.1839 Y10.6916
G1 X4.3934 Y10.6535
G1 X4.7126 Y10.5841
G1 X4.8765 Y10.5554
G1 X4.8870 Y10.5545
G1 X4.8977 Y10.5557
G1 X4.9079 Y10.5586
G1 X4.9139 Y10.5614
G1 X4.9333 Y10.5719
G1 X4.9421 Y10.5777
G1 X4.9468 Y10.5819
G1 X4.9809 Y10.6163
G1 X5.0231 Y10.6673
G1 X5.0742 Y10.7345
G1 X5.1333 Y10.8169
G1 X5.1994 Y10.9131
G1 X5.2720 Y11.0219
G1 X5.3500 Y11.1416
G1 X5.4325 Y11.2710
G1 X5.5184 Y11.4085
G1 X5.6071 Y11.5527
G1 X5.6976 Y11.7021
G1 X5.7886 Y11.8552
G1 X5.8794 Y12.0107
G1 X5.9692 Y12.1670
G1 X6.0568 Y12.3226
G1 X6.1943 Y12.5735
G1 X6.3211 Y12.8129
G1 X6.4372 Y13.0418
G1 X6.5431 Y13.2612
G1 X6.6390 Y13.4717
G1 X6.7253 Y13.6742
G1 X6.8021 Y13.8695
G1 X6.8697 Y14.0584
G1 X6.9284 Y14.2419
G1 X6.9784 Y14.4206
G1 X7.0201 Y14.5955
G1 X7.0534 Y14.7672
G1 X7.0789 Y14.9365
G1 X7.0968 Y15.1042
G1 X7.1075 Y15.2712
G1 X7.1110 Y15.4376
G1 X7.1097 Y15.5410
G1 X7.1055 Y15.6426
G1 X7.0982 Y15.7428
G1 X7.0879 Y15.8420
G1 X7.0740 Y15.9400
G1 X7.0566 Y16.0374
G1 X7.0355 Y16.1342
G1 X7.0105 Y16.2308
G1 X6.9815 Y16.3275
G1 X6.9482 Y16.4244
G1 X6.9107 Y16.5220
G1 X6.8685 Y16.6202
G1 X6.8218 Y16.7193
G1 X6.7702 Y16.8200
G1 X6.7136 Y16.9220
G1 X6.6519 Y17.0258
G1 X6.5850 Y17.1319
G1 X6.5126 Y17.2402
G1 X6.4347 Y17.3514
G1 X6.3510 Y17.4652
G1 X6.2614 Y17.5825
G1 X6.1657 Y17.7031
G1 X6.0638 Y17.8276
G1 X5.9554 Y17.9561
G1 X5.8404 Y18.0889
G1 X5.7188 Y18.2264
G1 X5.5902 Y18.3687
G1 X5.4544 Y18.5162
G1 X5.3115 Y18.6691
G1 X5.1611 Y18.8279
G1 X5.0031 Y18.9925
G1 X4.8375 Y19.1633
G1 X4.6117 Y19.3984
G1 X4.3867 Y19.6396
G1 X4.1628 Y19.8861
G1 X3.9416 Y20.1361
G1 X3.7224 Y20.3902
G1 X3.5077 Y20.6455
G1 X3.2978 Y20.9016
G1 X3.0936 Y21.1573
G1 X2.8961 Y21.4113
G1 X2.7061 Y21.6627
G1 X2.5250 Y21.9096
G1 X2.5251 Y21.9096
G1 X2.3524 Y22.1529
G1 X2.1903 Y22.3893
G1 X2.0401 Y22.6174
G1 X1.9006 Y22.8390
G1 X1.7746 Y23.0500
G1 X1.6729 Y23.2208
G1 X1.5836 Y23.3615
G1 X1.5185 Y23.4548
G1 X1.5124 Y23.4621
G1 X1.4793 Y23.4959
G1 X1.4713 Y23.5028
G1 X1.4621 Y23.5081
G1 X1.4520 Y23.5117
G1 X1.4415 Y23.5132
G1 X1.4308 Y23.5129
G1 X1.4204 Y23.5106
G1 X1.4106 Y23.5066
G1 X1.4017 Y23.5006
G1 X1.3942 Y23.4934
G1 X1.3630 Y23.4575
G1 X1.3575 Y23.4501
G1 X1.2964 Y23.3514
G1 X1.2159 Y23.2077
G1 X1.1245 Y23.0345
G1 X1.0307 Y22.8574
G1 X0.9279 Y22.6749
G1 X0.9280 Y22.6749
G1 X0.8187 Y22.4912
G1 X0.7011 Y22.3036
G1 X0.7010 Y22.3036
G1 X0.5757 Y22.1125
G1 X0.5759 Y22.1125
G1 X0.4451 Y21.9212
G1 X0.3075 Y21.7281
G1 X0.1642 Y21.5342
G1 X0.0155 Y21.3401
G1 X-0.1388 Y21.1457
G1 X-0.2964 Y20.9538
G1 X-0.4587 Y20.7628
G1 X-0.6254 Y20.5732
G1 X-0.7940 Y20.3877
G1 X-0.9662 Y20.2046
G1 X-1.1410 Y20.0251
G1 X-1.5981 Y19.5637
G1 X-1.8826 Y19.2758
G1 X-2.0474 Y19.1084
G1 X-2.1943 Y18.9588
G1 X-2.3247 Y18.8254
G1 X-2.3843 Y18.7641
G1 X-2.4928 Y18.6519
G1 X-2.5423 Y18.6003
G1 X-2.6327 Y18.5056
G1 X-2.7129 Y18.4205
G1 X-2.7844 Y18.3434
G1 X-2.8487 Y18.2729
G1 X-2.8789 Y18.2394
G1 X-2.9354 Y18.1754
G1 X-2.9888 Y18.1139
G1 X-3.0412 Y18.0522
G1 X-3.1803 Y17.8770
G1 X-3.3173 Y17.6852
G1 X-3.4494 Y17.4818
G1 X-3.5737 Y17.2724
G1 X-3.6870 Y17.0621
G1 X-3.7865 Y16.8558
G1 X-3.8692 Y16.6589
G1 X-3.9317 Y16.4765
G1 X-3.9740 Y16.3108
G1 X-4.0060 Y16.1348
G1 X-4.0278 Y15.9494
G1 X-4.0396 Y15.7554
G1 X-4.0416 Y15.5541
G1 X-4.0342 Y15.3460
G1 X-4.0171 Y15.1324
G1 X-3.9908 Y14.9140
G1 X-3.9553 Y14.6919
G1 X-3.9108 Y14.4668
G1 X-3.8575 Y14.2401
G1 X-3.7954 Y14.0124
G1 X-3.7246 Y13.7847
G1 X-3.6454 Y13.5583
G1 X-3.5579 Y13.3338
G1 X-3.4624 Y13.1125
G1 X-3.3978 Y12.9750
G1 X-3.3213 Y12.8200
G1 X-3.2348 Y12.6508
G1 X-3.1401 Y12.4704
G1 X-3.0388 Y12.2819
G1 X-2.9331 Y12.0887
G1 X-2.8244 Y11.8937
G1 X-2.7147 Y11.7002
G1 X-2.6057 Y11.5113
G1 X-2.4995 Y11.3302
G1 X-2.3975 Y11.1602
G1 X-2.3017 Y11.0043
G1 X-2.2139 Y10.8653
G1 X-2.1357 Y10.7466
G1 X-2.0683 Y10.6507
G1 X-2.0163 Y10.5841
G1 X-2.0090 Y10.5764
G1 X-2.0004 Y10.5700
G1 X-1.9909 Y10.5654
G1 X-1.9805 Y10.5626
; Retract
G1 Z3.0400 F2540

; Path 15
; Rapid to initial position
G1 X-2.7480 Y11.6652 F2540
G1 Z0.5000
; plunge
G1 Z-2.6750 F127
; cut
G1 X-2.8026 Y11.7440 F1016
G1 X-2.9045 Y11.8888
G1 X-3.0054 Y12.0300
G1 X-3.1049 Y12.1673
G1 X-3.2032 Y12.3005
G1 X-3.3003 Y12.4298
G1 X-3.3962 Y12.5553
G1 X-3.4912 Y12.6774
G1 X-3.5496 Y12.7508
G1 X-3.5454 Y12.7470
G1 X-3.5370 Y12.7405
G1 X-3.5294 Y12.7356
G1 X-3.5199 Y12.7308
G1 X-3.5119 Y12.7277
G1 X-3.5017 Y12.7248
G1 X-3.4919 Y12.7231
G1 X-3.4772 Y12.7221
G1 X-3.4714 Y12.7220
G1 X-3.4265 Y12.7250
G1 X-3.4161 Y12.7265
G1 X-3.4075 Y12.7286
G1 X-3.3975 Y12.7321
G1 X-3.3898 Y12.7356
G1 X-3.3806 Y12.7410
G1 X-3.3738 Y12.7457
G1 X-3.3656 Y12.7526
G1 X-3.3597 Y12.7586
G1 X-3.3529 Y12.7668
G1 X-3.3491 Y12.7726
G1 X-3.2759 Y12.6292
G1 X-3.1809 Y12.4484
G1 X-3.0795 Y12.2596
G1 X-2.9736 Y12.0661
G1 X-2.8647 Y11.8709
G1 X-2.7548 Y11.6770
G1 X-2.7480 Y11.6652
G1 X-3.1764 Y12.3420
G1 X-3.2635 Y12.4579
G1 X-3.3596 Y12.5838
G1 X-3.4331 Y12.6783
G1 X-3.4197 Y12.6791
G1 X-3.4052 Y12.6815
G1 X-3.3921 Y12.6848
G1 X-3.3781 Y12.6900
G1 X-3.3668 Y12.6954
G1 X-3.3630 Y12.6977
G1 X-3.3169 Y12.6076
G1 X-3.2217 Y12.4264
G1 X-3.1764 Y12.3420
G1 X-3.4129 Y12.7759
G1 X-3.4037 Y12.7812
G1 X-3.3955 Y12.7880
G1 X-3.3888 Y12.7963
G1 X-3.3836 Y12.8057
G1 X-3.3804 Y12.8158
G1 X-3.3791 Y12.8264
G1 X-3.3796 Y12.8370
G1 X-3.3821 Y12.8474
G1 X-3.3848 Y12.8538
G1 X-3.4531 Y12.9946
G1 X-3.5211 Y13.1251
G1 X-3.5970 Y13.2994
G1 X-3.6802 Y13.5126
G1 X-3.7633 Y13.7456
G1 X-3.8443 Y13.9914
G1 X-3.9173 Y14.2334
G1 X-3.9780 Y14.4587
G1 X-4.0228 Y14.6567
G1 X-4.0628 Y14.8878
G1 X-4.0904 Y15.1109
G1 X-4.1066 Y15.3332
G1 X-4.1106 Y15.5473
G1 X-4.1026 Y15.7599
G1 X-4.0827 Y15.9685
G1 X-4.0507 Y16.1752
G1 X-4.0065 Y16.3778
G1 X-3.9510 Y16.5750
G1 X-3.8820 Y16.7736
G1 X-3.8011 Y16.9691
G1 X-3.7072 Y17.1636
G1 X-3.6021 Y17.3539
G1 X-3.4836 Y17.5442
G1 X-3.3536 Y17.7318
G1 X-3.2081 Y17.9219
G1 X-3.0684 Y18.0907
G1 X-2.9026 Y18.2823
G1 X-2.7214 Y18.4847
G1 X-2.5366 Y18.6854
G1 X-2.3568 Y18.8750
G1 X-2.1915 Y19.0435
G1 X-2.0548 Y19.1764
G1 X-1.9503 Y19.2686
G1 X-1.9431 Y19.2764
G1 X-1.9397 Y19.2811
G1 X-1.8492 Y19.4241
G1 X-1.8444 Y19.4336
G1 X-1.8414 Y19.4438
G1 X-1.8402 Y19.4544
G1 X-1.8410 Y19.4650
G1 X-1.8438 Y19.4753
G1 X-1.8485 Y19.4849
G1 X-1.8548 Y19.4935
G1 X-1.8625 Y19.5008
G1 X-1.8743 Y19.5079
G1 X-1.9268 Y19.5315
G1 X-1.9324 Y19.5337
G1 X-2.0464 Y19.5715
G1 X-2.2028 Y19.6173
G1 X-2.3866 Y19.6665
G1 X-2.5095 Y19.6950
G1 X-2.6448 Y19.7207
G1 X-2.7910 Y19.7439
G1 X-2.9464 Y19.7645
G1 X-3.1093 Y19.7824
G1 X-3.2777 Y19.7974
G1 X-3.4503 Y19.8096
G1 X-3.6249 Y19.8189
G1 X-3.7999 Y19.8251
G1 X-3.9736 Y19.8285
G1 X-4.1442 Y19.8284
G1 X-4.3099 Y19.8253
G1 X-4.4689 Y19.8186
G1 X-4.6196 Y19.8086
G1 X-4.7603 Y19.7949
G1 X-4.8889 Y19.7777
G1 X-5.0690 Y19.7467
G1 X-5.2471 Y19.7101
G1 X-5.4232 Y19.6682
G1 X-5.5970 Y19.6209
G1 X-5.7684 Y19.5683
G1 X-5.9375 Y19.5107
G1 X-6.1040 Y19.4480
G1 X-6.2677 Y19.3804
G1 X-6.4287 Y19.3081
G1 X-6.5868 Y19.2309
G1 X-6.7417 Y19.1491
G1 X-6.8935 Y19.0628
G1 X-7.0420 Y18.9720
G1 X-7.1870 Y18.8768
G1 X-7.3285 Y18.7774
G1 X-7.4664 Y18.6739
G1 X-7.6003 Y18.5661
G1 X-7.7305 Y18.4546
G1 X-7.8565 Y18.3390
G1 X-7.9785 Y18.2197
G1 X-8.0960 Y18.0967
G1 X-8.2092 Y17.9702
G1 X-8.3179 Y17.8400
G1 X-8.4218 Y17.7065
G1 X-8.5210 Y17.5696
G1 X-8.6152 Y17.4295
G1 X-8.7045 Y17.2863
G1 X-8.7885 Y17.1401
G1 X-8.8673 Y16.9909
G1 X-8.9406 Y16.8389
G1 X-9.0084 Y16.6842
G1 X-9.0708 Y16.5259
G1 X-9.1358 Y16.3324
G1 X-9.1992 Y16.1093
G1 X-9.2580 Y15.8726
G1 X-9.3089 Y15.6381
G1 X-9.3488 Y15.4215
G1 X-9.3744 Y15.2376
G1 X-9.3820 Y15.1092
G1 X-9.3807 Y15.0934
G1 X-9.3674 Y15.0322
G1 X-9.3641 Y15.0221
G1 X-9.3591 Y15.0126
G1 X-9.3525 Y15.0043
G1 X-9.3444 Y14.9973
G1 X-9.3352 Y14.9920
G1 X-9.3252 Y14.9884
G1 X-9.3109 Y14.9866
G1 X-9.1699 Y14.9864
G1 X-9.1617 Y14.9869
G1 X-8.8691 Y15.0278
G1 X-8.6546 Y15.0551
G1 X-8.3618 Y15.0782
G1 X-8.0293 Y15.0945
G1 X-7.6979 Y15.1015
G1 X-7.3659 Y15.0967
G1 X-7.0638 Y15.0778
G1 X-6.7863 Y15.0436
G1 X-6.5264 Y14.9927
G1 X-6.2796 Y14.9240
G1 X-6.0415 Y14.8367
G1 X-5.8036 Y14.7283
G1 X-5.5605 Y14.5973
G1 X-5.3514 Y14.4679
G1 X-5.1296 Y14.3140
G1 X-4.9048 Y14.1432
G1 X-4.6758 Y13.9548
G1 X-4.4550 Y13.7593
G1 X-4.2410 Y13.5552
G1 X-4.0454 Y13.3534
G1 X-3.8669 Y13.1512
G1 X-3.6549 Y12.9116
G1 X-3.6509 Y12.9075
G1 X-3.5170 Y12.7836
G1 X-3.5086 Y12.7770
G1 X-3.4991 Y12.7722
G1 X-3.4888 Y12.7693
G1 X-3.4741 Y12.7683
G1 X-3.4334 Y12.7708
G1 X-3.4229 Y12.7723
G1 X-3.4129 Y12.7759
; Retract
G1 Z3.0400 F2540

; Path 16
; Rapid to initial position
G1 X0.3927 Y13.8528 F2540
G1 Z0.5000
; plunge
G1 Z-2.6750 F127
; cut
G1 X0.6285 Y12.8679 F1016
G1 X0.8436 Y11.9711
G1 X0.9925 Y11.3479
G1 X0.9924 Y11.3479
G1 X1.1627 Y10.6315
G1 X1.2303 Y10.3453
G1 X1.2829 Y10.1208
G1 X1.3184 Y9.9679
G1 X1.3183 Y9.9679
G1 X1.3292 Y9.9200
G1 X1.3908 Y9.6823
G1 X1.3947 Y9.6717
G1 X1.4357 Y9.5864
G1 X1.4412 Y9.5773
G1 X1.4482 Y9.5693
G1 X1.4566 Y9.5628
G1 X1.4661 Y9.5579
G1 X1.4763 Y9.5548
G1 X1.4868 Y9.5537
G1 X1.4975 Y9.5544
G1 X1.5078 Y9.5571
G1 X1.5174 Y9.5617
G1 X1.5260 Y9.5679
G1 X1.5334 Y9.5756
G1 X1.5392 Y9.5846
G1 X1.5418 Y9.5904
G1 X1.5636 Y9.6466
G1 X1.5996 Y9.7702
G1 X1.6458 Y9.9459
G1 X1.6972 Y10.1555
G1 X2.4364 Y13.2657
G1 X2.4363 Y13.2657
G1 X2.8941 Y15.1843
G1 X3.0163 Y15.6949
G1 X3.0920 Y16.0125
G1 X3.1628 Y16.3135
G1 X3.2275 Y16.5912
G1 X3.2840 Y16.8385
G1 X3.3312 Y17.0485
G1 X3.3674 Y17.2147
G1 X3.3912 Y17.3313
G1 X3.4004 Y17.3875
G1 X3.4010 Y17.3998
G1 X3.4004 Y17.4115
G1 X3.3994 Y17.4200
G1 X3.3951 Y17.4400
G1 X3.3884 Y17.4621
G1 X3.3794 Y17.4865
G1 X3.3679 Y17.5139
G1 X3.3539 Y17.5448
G1 X3.3372 Y17.5792
G1 X3.3179 Y17.6177
G1 X3.2956 Y17.6599
G1 X3.2706 Y17.7062
G1 X3.2425 Y17.7568
G1 X3.2114 Y17.8117
G1 X3.1774 Y17.8710
G1 X3.1401 Y17.9347
G1 X3.0996 Y18.0033
G1 X3.0559 Y18.0767
G1 X3.0087 Y18.1548
G1 X2.9045 Y18.3262
G1 X2.7860 Y18.5182
G1 X2.7214 Y18.6221
G1 X2.5809 Y18.8468
G1 X2.4252 Y19.0941
G1 X2.3415 Y19.2265
G1 X2.1620 Y19.5094
G1 X1.9661 Y19.8169
G1 X1.8615 Y19.9806
G1 X1.7349 Y20.1749
G1 X1.6279 Y20.3320
G1 X1.5531 Y20.4337
G1 X1.5472 Y20.4404
G1 X1.5149 Y20.4726
G1 X1.5067 Y20.4794
G1 X1.4974 Y20.4846
G1 X1.4873 Y20.4879
G1 X1.4767 Y20.4894
G1 X1.4661 Y20.4889
G1 X1.4557 Y20.4864
G1 X1.4460 Y20.4821
G1 X1.4372 Y20.4762
G1 X1.4296 Y20.4687
G1 X1.4263 Y20.4644
G1 X1.4098 Y20.4403
G1 X1.3714 Y20.3817
G1 X1.3134 Y20.2918
G1 X1.2379 Y20.1745
G1 X1.0453 Y19.8730
G1 X0.2946 Y18.6923
G1 X-0.1201 Y18.0421
G1 X-0.1200 Y18.0421
G1 X-0.4603 Y17.5102
G1 X-0.4652 Y17.5007
G1 X-0.4683 Y17.4905
G1 X-0.4694 Y17.4800
G1 X-0.4679 Y17.4656
G1 X0.0045 Y15.4782
G1 X0.3927 Y13.8528
G1 X1.2488 Y10.0630
G1 X1.2727 Y9.9597
G1 X1.2731 Y9.9577
G1 X1.2843 Y9.9083
G1 X1.3473 Y9.6662
G1 X1.3529 Y9.6516
G1 X1.3960 Y9.5625
G1 X1.4015 Y9.5534
G1 X1.4066 Y9.5465
G1 X1.4136 Y9.5386
G1 X1.4196 Y9.5330
G1 X1.4279 Y9.5264
G1 X1.4354 Y9.5216
G1 X1.4449 Y9.5167
G1 X1.4525 Y9.5135
G1 X1.4627 Y9.5104
G1 X1.4716 Y9.5086
G1 X1.4821 Y9.5076
G1 X1.4902 Y9.5075
G1 X1.5009 Y9.5082
G1 X1.5091 Y9.5095
G1 X1.5194 Y9.5122
G1 X1.5278 Y9.5153
G1 X1.5374 Y9.5199
G1 X1.5444 Y9.5240
G1 X1.5530 Y9.5302
G1 X1.5597 Y9.5360
G1 X1.5670 Y9.5437
G1 X1.5723 Y9.5504
G1 X1.5781 Y9.5593
G1 X1.5814 Y9.5653
G1 X1.5851 Y9.5736
G1 X1.6081 Y9.6336
G1 X1.6444 Y9.7584
G1 X1.6909 Y9.9348
G1 X1.7290 Y10.0906
G1 X1.7332 Y10.0867
G1 X1.7417 Y10.0801
G1 X1.7490 Y10.0754
G1 X1.7585 Y10.0705
G1 X1.7659 Y10.0675
G1 X1.7761 Y10.0644
G1 X1.7850 Y10.0626
G1 X1.7956 Y10.0615
G1 X1.8038 Y10.0614
G1 X1.8145 Y10.0622
G1 X1.8241 Y10.0640
G1 X1.8374 Y10.0679
G1 X1.8428 Y10.0698
G1 X2.0177 Y10.1455
G1 X1.9456 Y10.0774
G1 X1.9403 Y10.0717
G1 X1.8287 Y9.9436
G1 X1.8236 Y9.9370
G1 X1.7264 Y9.7993
G1 X1.7218 Y9.7919
G1 X1.6402 Y9.6451
G1 X1.6362 Y9.6367
G1 X1.5730 Y9.4857
G1 X1.4736 Y9.2610
G1 X1.4693 Y9.2560
G1 X1.3654 Y9.4422
G1 X1.2428 Y9.6776
G1 X1.2387 Y9.6844
G1 X1.0898 Y9.9110
G1 X1.0850 Y9.9176
G1 X1.0278 Y9.9888
G1 X1.0329 Y9.9884
G1 X1.0419 Y9.9884
G1 X1.0525 Y9.9894
G1 X1.0589 Y9.9905
G1 X1.0672 Y9.9927
G1 X1.2064 Y10.0349
G1 X1.2162 Y10.0390
G1 X1.2237 Y10.0429
G1 X1.2326 Y10.0486
G1 X1.2396 Y10.0540
G1 X1.2473 Y10.0614
G1 X1.2488 Y10.0630
G1 X1.2181 Y9.9902
G1 X1.2271 Y9.9512
G1 X1.2278 Y9.9473
G1 X1.2395 Y9.8966
G1 X1.2980 Y9.6719
G1 X1.2826 Y9.7014
G1 X1.2775 Y9.7099
G1 X1.1272 Y9.9384
G1 X1.1211 Y9.9466
G1 X1.1121 Y9.9579
G1 X1.2181 Y9.9902
; Retract
G1 Z3.0400 F2540

; Path 17
; Rapid to initial position
G1 X1.7230 Y9.8747 F2540
G1 Z0.5000
; plunge
G1 Z-2.6750 F127
; cut
G1 X1.7359 Y9.9238 F1016
G1 X1.7596 Y10.0209
G1 X1.7625 Y10.0200
G1 X1.7671 Y10.0189
G1 X1.7803 Y10.0165
G1 X1.7950 Y10.0152
G1 X1.8072 Y10.0152
G1 X1.8179 Y10.0160
G1 X1.8228 Y10.0166
G1 X1.8324 Y10.0184
G1 X1.7921 Y9.9721
G1 X1.7857 Y9.9637
G1 X1.7230 Y9.8747
G1 X1.5124 Y9.4632
G1 X1.4657 Y9.3577
G1 X1.4060 Y9.4648
G1 X1.3879 Y9.4993
G1 X1.3910 Y9.4966
G1 X1.4028 Y9.4875
G1 X1.4142 Y9.4804
G1 X1.4272 Y9.4739
G1 X1.4388 Y9.4692
G1 X1.4491 Y9.4661
G1 X1.4537 Y9.4650
G1 X1.4669 Y9.4625
G1 X1.4815 Y9.4612
G1 X1.4937 Y9.4612
G1 X1.5081 Y9.4624
G1 X1.5124 Y9.4632
; Retract
G1 Z3.0400 F2540

; Path 18
; Rapid to initial position
G1 X2.7827 Y8.8526 F2540
G1 Z0.5000
; plunge
G1 Z-2.6750 F127
; cut
G1 X2.7384 Y8.7267 F1016
G1 X2.6916 Y8.5839
G1 X2.6432 Y8.4275
G1 X2.5940 Y8.2609
G1 X2.5448 Y8.0875
G1 X2.4966 Y7.9108
G1 X2.4501 Y7.7340
G1 X2.4062 Y7.5608
G1 X2.3657 Y7.3944
G1 X2.3295 Y7.2383
G1 X2.2984 Y7.0959
G1 X2.2733 Y6.9701
G1 X2.2548 Y6.8641
G1 X2.2446 Y6.7848
G1 X2.2442 Y6.7793
G1 X2.2426 Y6.7277
G1 X2.2432 Y6.7171
G1 X2.2463 Y6.7051
G1 X2.2541 Y6.6846
G1 X2.2588 Y6.6750
G1 X2.2652 Y6.6666
G1 X2.2731 Y6.6593
G1 X2.2813 Y6.6541
G1 X2.4032 Y6.5899
G1 X2.6039 Y6.4620
G1 X2.8606 Y6.2888
G1 X2.8699 Y6.2836
G1 X2.8800 Y6.2803
G1 X2.8906 Y6.2789
G1 X2.9012 Y6.2794
G1 X2.9116 Y6.2819
G1 X2.9213 Y6.2862
G1 X2.9328 Y6.2947
G1 X3.3599 Y6.6997
G1 X3.5542 Y6.8935
G1 X3.7656 Y7.1194
G1 X3.9690 Y7.3504
G1 X4.1394 Y7.5582
G1 X4.2815 Y7.7484
G1 X4.4070 Y7.9308
G1 X4.5155 Y8.1052
G1 X4.6073 Y8.2723
G1 X4.6821 Y8.4318
G1 X4.7400 Y8.5843
G1 X4.7792 Y8.7238
G1 X4.7805 Y8.7298
G1 X4.8029 Y8.8615
G1 X4.8037 Y8.8686
G1 X4.8091 Y8.9925
G1 X4.8089 Y9.0007
G1 X4.7974 Y9.1166
G1 X4.7957 Y9.1257
G1 X4.7674 Y9.2339
G1 X4.7641 Y9.2430
G1 X4.7188 Y9.3435
G1 X4.7142 Y9.3519
G1 X4.6520 Y9.4449
G1 X4.6463 Y9.4521
G1 X4.5673 Y9.5374
G1 X4.5613 Y9.5430
G1 X4.4654 Y9.6209
G1 X4.4596 Y9.6251
G1 X4.3468 Y9.6956
G1 X4.3381 Y9.7000
G1 X4.1202 Y9.7895
G1 X4.1064 Y9.7933
G1 X3.8902 Y9.8238
G1 X3.8749 Y9.8239
G1 X3.6640 Y9.7978
G1 X3.6496 Y9.7940
G1 X3.4483 Y9.7133
G1 X3.4364 Y9.7068
G1 X3.2483 Y9.5735
G1 X3.2395 Y9.5656
G1 X3.0688 Y9.3821
G1 X3.0625 Y9.3740
G1 X2.9130 Y9.1424
G1 X2.9088 Y9.1347
G1 X2.7827 Y8.8526
; Retract
G1 Z3.0400 F2540

; Path 19
; Rapid to initial position
G1 X2.2119 Y6.8871 F2540
G1 Z0.5000
; plunge
G1 Z-2.6750 F127
; cut
G1 X2.2088 Y6.8699 F1016
G1 X2.1984 Y6.7881
G1 X2.1979 Y6.7808
G1 X2.1963 Y6.7251
G1 X2.1969 Y6.7146
G1 X2.1983 Y6.7053
G1 X2.2015 Y6.6934
G1 X2.2030 Y6.6886
G1 X2.2091 Y6.6730
G1 X2.1291 Y6.7031
G1 X2.1219 Y6.7053
G1 X2.1073 Y6.7092
G1 X2.1147 Y6.7112
G1 X2.1248 Y6.7151
G1 X2.1326 Y6.7189
G1 X2.1416 Y6.7244
G1 X2.1480 Y6.7293
G1 X2.1560 Y6.7363
G1 X2.1620 Y6.7429
G1 X2.1685 Y6.7514
G1 X2.1729 Y6.7584
G1 X2.1777 Y6.7678
G1 X2.1803 Y6.7740
G1 X2.1832 Y6.7827
G1 X2.2119 Y6.8871
G1 X2.1153 Y6.6588
G1 X2.1100 Y6.6605
G1 X1.9584 Y6.7011
G1 X1.7981 Y6.7291
G1 X1.6271 Y6.7451
G1 X1.4465 Y6.7504
G1 X1.4404 Y6.7502
G1 X1.1367 Y6.7270
G1 X1.1278 Y6.7256
G1 X0.8424 Y6.6579
G1 X0.8335 Y6.6549
G1 X0.5706 Y6.5453
G1 X0.5621 Y6.5410
G1 X0.3252 Y6.3927
G1 X0.3174 Y6.3868
G1 X0.1104 Y6.2024
G1 X0.1036 Y6.1952
G1 X-0.0696 Y5.9777
G1 X-0.0750 Y5.9695
G1 X-0.2107 Y5.7218
G1 X-0.2147 Y5.7127
G1 X-0.3090 Y5.4374
G1 X-0.3109 Y5.4307
G1 X-0.3500 Y5.2463
G1 X-0.3511 Y5.2380
G1 X-0.3607 Y5.0879
G1 X-0.3603 Y5.0760
G1 X-0.3389 Y4.9252
G1 X-0.3372 Y4.9173
G1 X-0.2818 Y4.7262
G1 X-0.2182 Y4.5597
G1 X-0.2157 Y4.5543
G1 X-0.1370 Y4.3987
G1 X-0.1341 Y4.3935
G1 X-0.0415 Y4.2492
G1 X-0.0380 Y4.2444
G1 X0.0675 Y4.1118
G1 X0.0714 Y4.1073
G1 X0.1892 Y3.9869
G1 X0.1935 Y3.9830
G1 X0.3226 Y3.8751
G1 X0.3272 Y3.8717
G1 X0.4667 Y3.7768
G1 X0.4715 Y3.7739
G1 X0.6204 Y3.6926
G1 X0.6253 Y3.6901
G1 X0.7827 Y3.6226
G1 X0.7878 Y3.6208
G1 X0.9581 Y3.5663
G1 X1.1353 Y3.5270
G1 X1.3183 Y3.5034
G1 X1.5061 Y3.4960
G1 X1.6980 Y3.5050
G1 X1.8929 Y3.5309
G1 X2.0853 Y3.5730
G1 X2.0930 Y3.5752
G1 X2.2375 Y3.6283
G1 X2.2452 Y3.6317
G1 X2.4049 Y3.7188
G1 X2.4101 Y3.7220
G1 X2.5858 Y3.8437
G1 X2.7698 Y3.9951
G1 X2.9624 Y4.1759
G1 X2.9669 Y4.1807
G1 X3.0959 Y4.3324
G1 X3.1021 Y4.3414
G1 X3.1867 Y4.4913
G1 X3.1911 Y4.5012
G1 X3.2503 Y4.6762
G1 X3.2522 Y4.6834
G1 X3.2989 Y4.9170
G1 X3.3000 Y4.9252
G1 X3.3125 Y5.1515
G1 X3.3123 Y5.1604
G1 X3.2909 Y5.3785
G1 X3.2892 Y5.3875
G1 X3.2344 Y5.5967
G1 X3.2313 Y5.6054
G1 X3.1431 Y5.8049
G1 X3.1389 Y5.8127
G1 X3.0178 Y6.0016
G1 X3.0129 Y6.0082
G1 X2.8590 Y6.1856
G1 X2.8537 Y6.1910
G1 X2.6675 Y6.3560
G1 X2.6631 Y6.3595
G1 X2.5293 Y6.4566
G1 X2.3985 Y6.5362
G1 X2.3938 Y6.5389
G1 X2.2597 Y6.6044
G1 X2.2546 Y6.6065
G1 X2.1153 Y6.6588
; Retract
G1 Z3.0400 F2540

; Path 20
; Rapid to initial position
G1 X1.3414 Y6.7891 F2540
G1 Z0.5000
; plunge
G1 Z-2.6750 F127
; cut
G1 X1.1296 Y6.7728 F1016
G1 X1.1171 Y6.7708
G1 X1.0231 Y6.7484
G1 X1.0932 Y6.7955
G1 X1.1016 Y6.8023
G1 X1.1076 Y6.8081
G1 X1.1144 Y6.8162
G1 X1.1194 Y6.8232
G1 X1.1247 Y6.8325
G1 X1.1283 Y6.8402
G1 X1.1318 Y6.8503
G1 X1.1339 Y6.8588
G1 X1.1354 Y6.8692
G1 X1.1359 Y6.8774
G1 X1.1359 Y6.8782
G1 X1.1392 Y6.8721
G1 X1.1451 Y6.8634
G1 X1.1506 Y6.8567
G1 X1.1582 Y6.8490
G1 X1.1646 Y6.8436
G1 X1.1734 Y6.8375
G1 X1.1824 Y6.8326
G1 X1.1964 Y6.8269
G1 X1.2023 Y6.8250
G1 X1.3414 Y6.7891
; Retract
G1 Z3.0400 F2540

; Path 21
; Rapid to initial position
G1 X0.4132 Y6.5024 F2540
G1 Z0.5000
; plunge
G1 Z-2.6750 F127
; cut
G1 X0.2974 Y6.4298 F1016
G1 X0.2866 Y6.4214
G1 X0.1611 Y6.3095
G1 X0.1518 Y6.5350
G1 X0.1909 Y6.5050
G1 X0.1980 Y6.5002
G1 X0.2292 Y6.4811
G1 X0.2388 Y6.4764
G1 X0.2463 Y6.4734
G1 X0.2565 Y6.4705
G1 X0.2647 Y6.4689
G1 X0.2753 Y6.4678
G1 X0.2843 Y6.4678
G1 X0.2949 Y6.4688
G1 X0.3011 Y6.4698
G1 X0.3095 Y6.4719
G1 X0.4132 Y6.5024
G1 X0.2276 Y6.4310
G1 X0.2034 Y6.4094
G1 X0.2019 Y6.4436
G1 X0.2087 Y6.4395
G1 X0.2219 Y6.4332
G1 X0.2276 Y6.4310
G1 X-0.2611 Y5.7202
G1 X-0.3176 Y5.5551
G1 X-0.3203 Y5.6621
G1 X-0.3215 Y5.6727
G1 X-0.3232 Y5.6813
G1 X-0.3264 Y5.6915
G1 X-0.3290 Y5.6978
G1 X-0.3227 Y5.6976
G1 X-0.3121 Y5.6985
G1 X-0.3035 Y5.7001
G1 X-0.2932 Y5.7029
G1 X-0.2856 Y5.7058
G1 X-0.2760 Y5.7104
G1 X-0.2685 Y5.7148
G1 X-0.2611 Y5.7202
; Retract
G1 Z3.0400 F2540

; Path 22
; Rapid to initial position
G1 X-0.3799 Y4.8981 F2540
G1 Z0.5000
; plunge
G1 Z-2.6750 F127
; cut
G1 X-0.3632 Y4.8409 F1016
G1 X-0.3636 Y4.8412
G1 X-0.3719 Y4.8478
G1 X-0.3794 Y4.8526
G1 X-0.3889 Y4.8575
G1 X-0.3968 Y4.8608
G1 X-0.4066 Y4.8637
G1 X-0.4004 Y4.8692
G1 X-0.3948 Y4.8752
G1 X-0.3883 Y4.8836
G1 X-0.3836 Y4.8910
G1 X-0.3799 Y4.8981
G1 X-0.0575 Y4.1944
G1 X0.0329 Y4.0810
G1 X0.0383 Y4.0750
G1 X0.0944 Y4.0176
G1 X0.0561 Y4.0099
G1 X0.0506 Y4.0085
G1 X0.0371 Y4.0039
G1 X0.0318 Y4.0018
G1 X-0.0224 Y3.9759
G1 X-0.0155 Y3.9837
G1 X-0.0104 Y3.9906
G1 X-0.0049 Y3.9997
G1 X-0.0011 Y4.0079
G1 X0.0025 Y4.0179
G1 X0.0046 Y4.0255
G1 X0.0065 Y4.0360
G1 X0.0072 Y4.0450
G1 X0.0070 Y4.0557
G1 X0.0061 Y4.0639
G1 X0.0040 Y4.0743
G1 X0.0015 Y4.0829
G1 X-0.0031 Y4.0941
G1 X-0.0053 Y4.0986
G1 X-0.0575 Y4.1944
; Retract
G1 Z3.0400 F2540

; Path 23
; Rapid to initial position
G1 X0.7660 Y3.5795 F2540
G1 Z0.5000
; plunge
G1 Z-2.6750 F127
; cut
G1 X0.7668 Y3.5791 F1016
G1 X0.7737 Y3.5766
G1 X0.8694 Y3.5462
G1 X0.8584 Y3.5472
G1 X0.8478 Y3.5472
G1 X0.8393 Y3.5464
G1 X0.8287 Y3.5445
G1 X0.8206 Y3.5422
G1 X0.8107 Y3.5384
G1 X0.8031 Y3.5346
G1 X0.7940 Y3.5290
G1 X0.7871 Y3.5238
G1 X0.7842 Y3.5212
G1 X0.7838 Y3.5298
G1 X0.7824 Y3.5403
G1 X0.7805 Y3.5484
G1 X0.7771 Y3.5585
G1 X0.7737 Y3.5662
G1 X0.7686 Y3.5755
G1 X0.7660 Y3.5795
; Retract
G1 Z3.0400 F2540

; Path 24
; Rapid to initial position
G1 X1.7222 Y3.4615 F2540
G1 Z0.5000
; plunge
G1 Z-2.6750 F127
; cut
G1 X1.8513 Y3.4787 F1016
G1 X1.8451 Y3.4716
G1 X1.8399 Y3.4643
G1 X1.8346 Y3.4551
G1 X1.8310 Y3.4473
G1 X1.8275 Y3.4372
G1 X1.8255 Y3.4292
G1 X1.8245 Y3.4231
G1 X1.8215 Y3.4264
G1 X1.8137 Y3.4335
G1 X1.8069 Y3.4387
G1 X1.7979 Y3.4443
G1 X1.7905 Y3.4479
G1 X1.7806 Y3.4518
G1 X1.7731 Y3.4541
G1 X1.7611 Y3.4564
G1 X1.7222 Y3.4615
G1 X1.8713 Y3.4219
G1 X1.8696 Y3.4114
G1 X1.8699 Y3.4006
G1 X1.8782 Y3.3325
G1 X1.8808 Y3.3211
G1 X1.9353 Y3.1584
G1 X2.0241 Y2.9299
G1 X2.1366 Y2.6593
G1 X2.2625 Y2.3715
G1 X2.3912 Y2.0909
G1 X2.5126 Y1.8419
G1 X2.6156 Y1.6497
G1 X2.7267 Y1.4658
G1 X2.8357 Y1.2990
G1 X2.9434 Y1.1493
G1 X3.0505 Y1.0159
G1 X3.1577 Y0.8989
G1 X3.2655 Y0.7978
G1 X3.3698 Y0.7162
G1 X3.3748 Y0.7127
G1 X3.4801 Y0.6469
G1 X3.4861 Y0.6436
G1 X3.5929 Y0.5931
G1 X3.5998 Y0.5904
G1 X3.7087 Y0.5550
G1 X3.7160 Y0.5532
G1 X3.8275 Y0.5327
G1 X3.8349 Y0.5318
G1 X3.9494 Y0.5258
G1 X3.9565 Y0.5259
G1 X4.0747 Y0.5341
G1 X4.0811 Y0.5349
G1 X4.2034 Y0.5572
G1 X4.2087 Y0.5585
G1 X4.3403 Y0.5959
G1 X4.4727 Y0.6451
G1 X4.4825 Y0.6498
G1 X4.6479 Y0.7499
G1 X4.6594 Y0.7590
G1 X4.7988 Y0.9019
G1 X4.8072 Y0.9129
G1 X4.9035 Y1.0762
G1 X4.9079 Y1.0859
G1 X4.9100 Y1.0931
G1 X4.9459 Y1.2546
G1 X4.9473 Y1.2687
G1 X4.9451 Y1.3465
G1 X4.9379 Y1.4219
G1 X4.9249 Y1.4957
G1 X4.9070 Y1.5635
G1 X4.9053 Y1.5687
G1 X4.8784 Y1.6412
G1 X4.8438 Y1.7144
G1 X4.8006 Y1.7889
G1 X4.7484 Y1.8661
G1 X4.6866 Y1.9470
G1 X4.6143 Y2.0328
G1 X4.5308 Y2.1247
G1 X4.4352 Y2.2238
G1 X4.3268 Y2.3315
G1 X4.2048 Y2.4485
G1 X4.0682 Y2.5763
G1 X3.9164 Y2.7159
G1 X3.7416 Y2.8742
G1 X3.5711 Y3.0268
G1 X3.4091 Y3.1697
G1 X3.2598 Y3.2997
G1 X3.1272 Y3.4129
G1 X3.0156 Y3.5059
G1 X2.9283 Y3.5755
G1 X2.8701 Y3.6175
G1 X2.6808 Y3.7384
G1 X2.6713 Y3.7432
G1 X2.6612 Y3.7463
G1 X2.6506 Y3.7474
G1 X2.6399 Y3.7466
G1 X2.6290 Y3.7437
G1 X2.2765 Y3.6097
G1 X2.0210 Y3.5104
G1 X1.9047 Y3.4611
G1 X1.8954 Y3.4560
G1 X1.8871 Y3.4493
G1 X1.8801 Y3.4413
G1 X1.8748 Y3.4320
G1 X1.8713 Y3.4219
; Retract
G1 Z3.0400 F2540

; Path 25
; Rapid to initial position
G1 X2.5519 Y3.7640 F2540
G1 Z0.5000
; plunge
G1 Z-2.6750 F127
; cut
G1 X2.6153 Y3.8079 F1016
G1 X2.7630 Y3.9296
G1 X2.7311 Y3.8928
G1 X2.7249 Y3.8842
G1 X2.7206 Y3.8767
G1 X2.7161 Y3.8670
G1 X2.7134 Y3.8595
G1 X2.7106 Y3.8491
G1 X2.7091 Y3.8402
G1 X2.7084 Y3.8296
G1 X2.7086 Y3.8215
G1 X2.7097 Y3.8109
G1 X2.7115 Y3.8023
G1 X2.7146 Y3.7921
G1 X2.7179 Y3.7844
G1 X2.7228 Y3.7750
G1 X2.7275 Y3.7677
G1 X2.7341 Y3.7594
G1 X2.7346 Y3.7588
G1 X2.7017 Y3.7798
G1 X2.6921 Y3.7846
G1 X2.6850 Y3.7874
G1 X2.6749 Y3.7906
G1 X2.6659 Y3.7925
G1 X2.6553 Y3.7935
G1 X2.6472 Y3.7936
G1 X2.6365 Y3.7928
G1 X2.6278 Y3.7914
G1 X2.6125 Y3.7870
G1 X2.5519 Y3.7640
; Retract
G1 Z3.0400 F2540

; Path 26
; Rapid to initial position
G1 X3.2382 Y4.4956 F2540
G1 Z0.5000
; plunge
G1 Z-2.6750 F127
; cut
G1 X3.2950 Y4.6640 F1016
G1 X3.2965 Y4.6697
G1 X3.2965 Y4.5939
G1 X3.2974 Y4.5833
G1 X3.2990 Y4.5749
G1 X3.3020 Y4.5646
G1 X3.3050 Y4.5567
G1 X3.3097 Y4.5472
G1 X3.3141 Y4.5401
G1 X3.3205 Y4.5315
G1 X3.3264 Y4.5251
G1 X3.3288 Y4.5229
G1 X3.3276 Y4.5229
G1 X3.3170 Y4.5223
G1 X3.3076 Y4.5207
G1 X3.2955 Y4.5175
G1 X3.2909 Y4.5160
G1 X3.2382 Y4.4956
G1 X3.3512 Y4.5678
G1 X3.3576 Y4.5593
G1 X3.3654 Y4.5521
G1 X3.3746 Y4.5464
G1 X3.3844 Y4.5426
G1 X3.3899 Y4.5413
G1 X3.7794 Y4.4688
G1 X4.0445 Y4.4209
G1 X4.2796 Y4.3822
G1 X4.4951 Y4.3520
G1 X4.7011 Y4.3291
G1 X4.9077 Y4.3125
G1 X5.1250 Y4.3014
G1 X5.3635 Y4.2944
G1 X5.6337 Y4.2910
G1 X5.8493 Y4.2906
G1 X6.0319 Y4.2931
G1 X6.1864 Y4.2990
G1 X6.3178 Y4.3091
G1 X6.4310 Y4.3239
G1 X6.5308 Y4.3439
G1 X6.6212 Y4.3695
G1 X6.7028 Y4.3996
G1 X6.7086 Y4.4020
G1 X6.9590 Y4.5267
G1 X6.9711 Y4.5348
G1 X7.1370 Y4.6782
G1 X7.1443 Y4.6859
G1 X7.1502 Y4.6947
G1 X7.2481 Y4.8774
G1 X7.2523 Y4.8872
G1 X7.2539 Y4.8939
G1 X7.3001 Y5.1360
G1 X7.3012 Y5.1461
G1 X7.3044 Y5.3926
G1 X7.3023 Y5.4084
G1 X7.2523 Y5.5946
G1 X7.2486 Y5.6046
G1 X7.2421 Y5.6149
G1 X7.1294 Y5.7609
G1 X7.1222 Y5.7687
G1 X7.1162 Y5.7735
G1 X6.9310 Y5.8991
G1 X6.9250 Y5.9027
G1 X6.8827 Y5.9244
G1 X6.8392 Y5.9444
G1 X6.7943 Y5.9623
G1 X6.7478 Y5.9783
G1 X6.6995 Y5.9923
G1 X6.6490 Y6.0042
G1 X6.5965 Y6.0139
G1 X6.5414 Y6.0216
G1 X6.4837 Y6.0271
G1 X6.4229 Y6.0303
G1 X6.3590 Y6.0315
G1 X6.2915 Y6.0305
G1 X6.2202 Y6.0273
G1 X6.1449 Y6.0218
G1 X6.0652 Y6.0139
G1 X5.9810 Y6.0039
G1 X5.8918 Y5.9917
G1 X5.7973 Y5.9770
G1 X5.6976 Y5.9599
G1 X5.5919 Y5.9405
G1 X5.4804 Y5.9185
G1 X5.3624 Y5.8941
G1 X5.2378 Y5.8673
G1 X5.1064 Y5.8378
G1 X4.9679 Y5.8059
G1 X4.8219 Y5.7712
G1 X4.6682 Y5.7339
G1 X4.5066 Y5.6940
G1 X4.3367 Y5.6513
G1 X4.1584 Y5.6059
G1 X3.9712 Y5.5578
G1 X3.7751 Y5.5067
G1 X3.3859 Y5.4049
G1 X3.3759 Y5.4013
G1 X3.3667 Y5.3959
G1 X3.3586 Y5.3889
G1 X3.3521 Y5.3806
G1 X3.3471 Y5.3712
G1 X3.3439 Y5.3610
G1 X3.3426 Y5.3489
G1 X3.3426 Y4.5982
G1 X3.3435 Y4.5876
G1 X3.3465 Y4.5773
G1 X3.3512 Y4.5678
; Retract
G1 Z3.0400 F2540

; Path 27
; Rapid to initial position
G1 X3.3278 Y5.4233 F2540
G1 Z0.5000
; plunge
G1 Z-2.6750 F127
; cut
G1 X3.3118 Y5.4840 F1016
G1 X3.3139 Y5.4823
G1 X3.3437 Y5.4616
G1 X3.3530 Y5.4563
G1 X3.3623 Y5.4523
G1 X3.3726 Y5.4491
G1 X3.3701 Y5.4485
G1 X3.3601 Y5.4449
G1 X3.3525 Y5.4413
G1 X3.3432 Y5.4359
G1 X3.3364 Y5.4309
G1 X3.3283 Y5.4240
G1 X3.3278 Y5.4233
; Retract
G1 Z3.0400 F2540

; Path 28
; Rapid to initial position
G1 X2.9685 Y6.1300 F2540
G1 Z0.5000
; plunge
G1 Z-2.6750 F127
; cut
G1 X2.8921 Y6.2181 F1016
G1 X2.8844 Y6.2257
G1 X2.8749 Y6.2341
G1 X2.8846 Y6.2329
G1 X2.8928 Y6.2326
G1 X2.9034 Y6.2331
G1 X2.9123 Y6.2344
G1 X2.9227 Y6.2369
G1 X2.9304 Y6.2395
G1 X2.9402 Y6.2439
G1 X2.9488 Y6.2489
G1 X2.9524 Y6.2515
G1 X2.9519 Y6.2506
G1 X2.9484 Y6.2424
G1 X2.9452 Y6.2322
G1 X2.9433 Y6.2237
G1 X2.9420 Y6.2132
G1 X2.9417 Y6.2051
G1 X2.9423 Y6.1944
G1 X2.9436 Y6.1858
G1 X2.9461 Y6.1755
G1 X2.9489 Y6.1676
G1 X2.9546 Y6.1554
G1 X2.9685 Y6.1300
; Retract
G1 Z3.0400 F2540

; Path 29
; Rapid to initial position
G1 X5.6280 Y7.3753 F2540
G1 Z0.5000
; plunge
G1 Z-2.6750 F127
; cut
G1 X5.7001 Y7.4625 F1016
G1 X5.8102 Y7.6166
G1 X5.8594 Y7.6952
G1 X5.8593 Y7.6944
G1 X5.8593 Y7.6837
G1 X5.8601 Y7.6751
G1 X5.8621 Y7.6647
G1 X5.8645 Y7.6562
G1 X5.8685 Y7.6463
G1 X5.8720 Y7.6391
G1 X5.8776 Y7.6300
G1 X5.8831 Y7.6228
G1 X5.8903 Y7.6149
G1 X5.8964 Y7.6094
G1 X5.9048 Y7.6031
G1 X5.9119 Y7.5986
G1 X5.9214 Y7.5938
G1 X5.9300 Y7.5906
G1 X5.9386 Y7.5882
G1 X5.9222 Y7.5744
G1 X5.8818 Y7.5396
G1 X5.8485 Y7.5099
G1 X5.8208 Y7.4843
G1 X5.7979 Y7.4615
G1 X5.7835 Y7.4452
G1 X5.7779 Y7.4380
G1 X5.7684 Y7.4244
G1 X5.7631 Y7.4153
G1 X5.7602 Y7.4095
G1 X5.7573 Y7.4020
G1 X5.7537 Y7.3911
G1 X5.7511 Y7.3809
G1 X5.7499 Y7.3722
G1 X5.7492 Y7.3615
G1 X5.7495 Y7.3534
G1 X5.7508 Y7.3429
G1 X5.7527 Y7.3344
G1 X5.7559 Y7.3242
G1 X5.7588 Y7.3173
G1 X5.7638 Y7.3077
G1 X5.7683 Y7.3004
G1 X5.7746 Y7.2918
G1 X5.7804 Y7.2852
G1 X5.7881 Y7.2779
G1 X5.7946 Y7.2730
G1 X5.8035 Y7.2672
G1 X5.8110 Y7.2632
G1 X5.8209 Y7.2591
G1 X5.8268 Y7.2572
G1 X5.6959 Y7.2325
G1 X5.6280 Y7.3753
G1 X5.6825 Y7.3686
G1 X5.7080 Y7.3994
G1 X5.7053 Y7.3876
G1 X5.7036 Y7.3748
G1 X5.7030 Y7.3599
G1 X5.7036 Y7.3478
G1 X5.7056 Y7.3329
G1 X5.7085 Y7.3204
G1 X5.7131 Y7.3067
G1 X5.7177 Y7.2959
G1 X5.7236 Y7.2848
G1 X5.7225 Y7.2846
G1 X5.6825 Y7.3686
G1 X5.7955 Y7.3590
G1 X5.7968 Y7.3485
G1 X5.8001 Y7.3383
G1 X5.8036 Y7.3313
G1 X5.8057 Y7.3277
G1 X5.8120 Y7.3190
G1 X5.8198 Y7.3118
G1 X5.8287 Y7.3060
G1 X5.8386 Y7.3019
G1 X5.8455 Y7.3003
G1 X5.8516 Y7.2992
G1 X5.8622 Y7.2983
G1 X5.8689 Y7.2988
G1 X5.8783 Y7.2999
G1 X5.8840 Y7.3009
G1 X5.8994 Y7.3045
G1 X5.9155 Y7.3091
G1 X5.9506 Y7.3200
G1 X5.9678 Y7.3251
G1 X6.0202 Y7.3395
G1 X6.1697 Y7.3815
G1 X6.5814 Y7.4991
G1 X7.1805 Y7.6710
G1 X8.4796 Y8.0451
G1 X9.6774 Y8.3912
G1 X10.6014 Y8.6587
G1 X11.7616 Y8.9955
G1 X12.5035 Y9.2115
G1 X13.0718 Y9.3776
G1 X14.4475 Y9.7826
G1 X14.4574 Y9.7867
G1 X14.4664 Y9.7922
G1 X14.4742 Y9.7995
G1 X14.4793 Y9.8061
G1 X15.6754 Y11.5938
G1 X15.9755 Y12.0418
G1 X15.9754 Y12.0418
G1 X16.2012 Y12.3783
G1 X16.3202 Y12.5548
G1 X16.4534 Y12.7508
G1 X16.4585 Y12.7602
G1 X16.4618 Y12.7703
G1 X16.4633 Y12.7809
G1 X16.4628 Y12.7915
G1 X16.4603 Y12.8019
G1 X16.4560 Y12.8116
G1 X16.4500 Y12.8204
G1 X16.4425 Y12.8280
G1 X16.4337 Y12.8340
G1 X16.4239 Y12.8382
G1 X16.4136 Y12.8408
G1 X16.4053 Y12.8414
G1 X12.9920 Y12.8384
G1 X14.5514 Y12.8702
G1 X14.7667 Y12.8744
G1 X14.9760 Y12.8780
G1 X15.1781 Y12.8810
G1 X15.1781 Y12.8809
G1 X15.3721 Y12.8835
G1 X15.5567 Y12.8854
G1 X15.7309 Y12.8867
G1 X15.8937 Y12.8875
G1 X16.0437 Y12.8877
G1 X16.1801 Y12.8873
G1 X16.3022 Y12.8864
G1 X16.3022 Y12.8865
G1 X16.4074 Y12.8851
G1 X16.4961 Y12.8830
G1 X16.5674 Y12.8804
G1 X16.5723 Y12.8802
G1 X16.5678 Y12.8725
G1 X16.5678 Y12.8725
G1 X16.5328 Y12.8159
G1 X16.4885 Y12.7454
G1 X16.4356 Y12.6624
G1 X16.3749 Y12.5676
G1 X16.3068 Y12.4622
G1 X16.2317 Y12.3469
G1 X16.1505 Y12.2223
G1 X16.1506 Y12.2223
G1 X16.0638 Y12.0896
G1 X15.8749 Y11.8026
G1 X15.7741 Y11.6500
G1 X15.7742 Y11.6500
G1 X15.6698 Y11.4925
G1 X14.5198 Y9.7644
G1 X12.9481 Y9.3024
G1 X12.5679 Y9.1911
G1 X12.1184 Y9.0600
G1 X11.0769 Y8.7575
G1 X10.2354 Y8.5137
G1 X8.1435 Y7.9099
G1 X7.5016 Y7.7241
G1 X6.9889 Y7.5751
G1 X6.7369 Y7.5014
G1 X6.5692 Y7.4520
G1 X6.5198 Y7.4371
G1 X6.4963 Y7.4297
G1 X6.4865 Y7.4257
G1 X6.4775 Y7.4198
G1 X6.4699 Y7.4124
G1 X6.4637 Y7.4038
G1 X6.4591 Y7.3941
G1 X6.4564 Y7.3838
G1 X6.4558 Y7.3732
G1 X6.4570 Y7.3626
G1 X6.4601 Y7.3524
G1 X6.4650 Y7.3430
G1 X6.4716 Y7.3346
G1 X6.4796 Y7.3276
G1 X6.4861 Y7.3236
G1 X6.6492 Y7.2353
G1 X6.6611 Y7.2305
G1 X6.8816 Y7.1682
G1 X7.1148 Y7.0708
G1 X7.3446 Y6.9462
G1 X7.5536 Y6.8027
G1 X7.6627 Y6.7053
G1 X7.7773 Y6.5794
G1 X7.8923 Y6.4317
G1 X8.0033 Y6.2690
G1 X8.1071 Y6.0958
G1 X8.1980 Y5.9214
G1 X8.2738 Y5.7490
G1 X8.3299 Y5.5863
G1 X8.4505 Y5.1688
G1 X8.4544 Y5.1589
G1 X8.4600 Y5.1499
G1 X8.4672 Y5.1420
G1 X8.4693 Y5.1404
G1 X8.4676 Y5.1404
G1 X8.4573 Y5.1378
G1 X8.4476 Y5.1334
G1 X8.4389 Y5.1273
G1 X8.4314 Y5.1197
G1 X8.4254 Y5.1109
G1 X8.4212 Y5.1011
G1 X8.4188 Y5.0907
G1 X8.4183 Y5.0830
G1 X8.4183 Y4.7743
G1 X8.4104 Y4.6122
G1 X8.3876 Y4.4567
G1 X8.3496 Y4.3058
G1 X8.2975 Y4.1624
G1 X8.2309 Y4.0245
G1 X8.1512 Y3.8950
G1 X8.0567 Y3.7703
G1 X7.9506 Y3.6553
G1 X7.8309 Y3.5474
G1 X7.6976 Y3.4468
G1 X7.5530 Y3.3557
G1 X7.3957 Y3.2730
G1 X7.2274 Y3.2003
G1 X7.0480 Y3.1374
G1 X6.8575 Y3.0847
G1 X6.6544 Y3.0423
G1 X6.3604 Y2.9834
G1 X6.3492 Y2.9800
G1 X6.2837 Y2.9522
G1 X6.2743 Y2.9471
G1 X6.2660 Y2.9404
G1 X6.2591 Y2.9324
G1 X6.2537 Y2.9232
G1 X6.2502 Y2.9132
G1 X6.2485 Y2.9027
G1 X6.2488 Y2.8920
G1 X6.2509 Y2.8816
G1 X6.2551 Y2.8718
G1 X6.2609 Y2.8629
G1 X6.2682 Y2.8551
G1 X6.2769 Y2.8489
G1 X6.2866 Y2.8444
G1 X6.2953 Y2.8420
G1 X6.3166 Y2.8378
G1 X6.3624 Y2.8267
G1 X6.4338 Y2.8081
G1 X6.4338 Y2.8082
G1 X6.5267 Y2.7833
G1 X6.5267 Y2.7832
G1 X6.6412 Y2.7520
G1 X6.7748 Y2.7151
G1 X6.7748 Y2.7150
G1 X6.9269 Y2.6725
G1 X7.0960 Y2.6251
G1 X7.1117 Y2.6809
G1 X7.0960 Y2.6251
G1 X7.2805 Y2.5731
G1 X7.4792 Y2.5166
G1 X7.6910 Y2.4563
G1 X7.9141 Y2.3925
G1 X8.1476 Y2.3255
G1 X8.1476 Y2.3255
G1 X8.6396 Y2.1835
G1 X12.9733 Y0.9260
G1 X14.5222 Y0.4769
G1 X15.6708 Y-1.2509
G1 X15.8758 Y-1.5610
G1 X15.9724 Y-1.7076
G1 X16.0644 Y-1.8479
G1 X16.1511 Y-1.9805
G1 X16.2321 Y-2.1050
G1 X16.3070 Y-2.2206
G1 X16.3750 Y-2.3259
G1 X16.4357 Y-2.4206
G1 X16.4356 Y-2.4206
G1 X16.4885 Y-2.5039
G1 X16.4886 Y-2.5039
G1 X16.5326 Y-2.5741
G1 X16.5681 Y-2.6316
G1 X16.5731 Y-2.6399
G1 X16.5681 Y-2.6403
G1 X16.4977 Y-2.6435
G1 X16.4103 Y-2.6464
G1 X16.3060 Y-2.6487
G1 X16.1862 Y-2.6506
G1 X16.1862 Y-2.6505
G1 X16.0513 Y-2.6520
G1 X15.9031 Y-2.6530
G1 X15.7425 Y-2.6536
G1 X15.5708 Y-2.6536
G1 X15.3886 Y-2.6532
G1 X15.1972 Y-2.6523
G1 X14.9978 Y-2.6509
G1 X14.7911 Y-2.6489
G1 X14.5786 Y-2.6465
G1 X12.5112 Y-2.6202
G1 X11.6512 Y-1.9393
G1 X11.3416 Y-1.6929
G1 X10.7510 Y-1.2198
G1 X10.2672 Y-0.8311
G1 X7.6146 Y1.3036
G1 X7.4568 Y1.4301
G1 X7.3041 Y1.5522
G1 X7.1573 Y1.6691
G1 X7.0174 Y1.7802
G1 X6.8851 Y1.8849
G1 X6.7613 Y1.9825
G1 X6.6466 Y2.0725
G1 X6.5421 Y2.1540
G1 X6.4484 Y2.2266
G1 X6.3665 Y2.2895
G1 X6.2971 Y2.3420
G1 X6.2406 Y2.3841
G1 X6.1975 Y2.4152
G1 X6.1711 Y2.4328
G1 X6.1628 Y2.4374
G1 X6.1523 Y2.4421
G1 X6.1421 Y2.4455
G1 X6.1316 Y2.4471
G1 X6.1210 Y2.4467
G1 X6.1106 Y2.4443
G1 X6.1009 Y2.4401
G1 X6.0919 Y2.4342
G1 X6.0844 Y2.4267
G1 X6.0782 Y2.4180
G1 X6.0738 Y2.4084
G1 X6.0712 Y2.3980
G1 X6.0706 Y2.3873
G1 X6.0724 Y2.3748
G1 X6.1559 Y2.0501
G1 X6.1720 Y1.9049
G1 X6.1758 Y1.7325
G1 X6.1666 Y1.5445
G1 X6.1397 Y1.3470
G1 X6.0931 Y1.1552
G1 X6.0273 Y0.9699
G1 X5.9405 Y0.7868
G1 X5.8348 Y0.6106
G1 X5.7070 Y0.4358
G1 X5.5601 Y0.2671
G1 X5.3921 Y0.1018
G1 X5.0486 Y-0.2123
G1 X5.0415 Y-0.2202
G1 X5.0359 Y-0.2293
G1 X5.0321 Y-0.2392
G1 X5.0301 Y-0.2497
G1 X5.0301 Y-0.2603
G1 X5.0321 Y-0.2707
G1 X5.0358 Y-0.2807
G1 X5.0386 Y-0.2858
G1 X5.4217 Y-0.8981
G1 X5.5302 Y-1.0690
G1 X5.6398 Y-1.2373
G1 X5.7505 Y-1.4027
G1 X5.8624 Y-1.5652
G1 X5.9750 Y-1.7247
G1 X6.0886 Y-1.8811
G1 X6.2028 Y-2.0343
G1 X6.3176 Y-2.1842
G1 X6.4331 Y-2.3308
G1 X6.5490 Y-2.4739
G1 X6.6653 Y-2.6134
G1 X6.7818 Y-2.7492
G1 X6.8985 Y-2.8812
G1 X7.0154 Y-3.0096
G1 X7.1322 Y-3.1338
G1 X7.2488 Y-3.2540
G1 X7.3653 Y-3.3701
G1 X7.4816 Y-3.4821
G1 X7.5975 Y-3.5895
G1 X7.7129 Y-3.6927
G1 X7.8279 Y-3.7913
G1 X7.9421 Y-3.8853
G1 X8.0557 Y-3.9745
G1 X8.1684 Y-4.0591
G1 X8.2802 Y-4.1386
G1 X8.3911 Y-4.2132
G1 X8.5009 Y-4.2828
G1 X8.6097 Y-4.3471
G1 X8.7173 Y-4.4061
G1 X8.8234 Y-4.4597
G1 X8.9283 Y-4.5078
G1 X9.0312 Y-4.5501
G1 X9.1171 Y-4.5822
G1 X9.2039 Y-4.6122
G1 X9.2915 Y-4.6399
G1 X9.3805 Y-4.6656
G1 X9.4709 Y-4.6893
G1 X9.5630 Y-4.7108
G1 X9.6569 Y-4.7301
G1 X9.7529 Y-4.7475
G1 X9.8511 Y-4.7625
G1 X9.9520 Y-4.7754
G1 X10.0554 Y-4.7863
G1 X10.1619 Y-4.7949
G1 X10.2716 Y-4.8016
G1 X10.3845 Y-4.8060
G1 X10.5011 Y-4.8084
G1 X10.6216 Y-4.8086
G1 X10.7462 Y-4.8067
G1 X10.8750 Y-4.8027
G1 X11.0083 Y-4.7966
G1 X11.1464 Y-4.7884
G1 X11.2893 Y-4.7780
G1 X11.4377 Y-4.7656
G1 X11.5914 Y-4.7510
G1 X11.7506 Y-4.7343
G1 X11.9160 Y-4.7156
G1 X12.0873 Y-4.6947
G1 X12.2650 Y-4.6716
G1 X12.4492 Y-4.6465
G1 X12.6404 Y-4.6192
G1 X12.8384 Y-4.5899
G1 X13.0438 Y-4.5584
G1 X13.4546 Y-4.4933
G1 X13.6459 Y-4.4633
G1 X13.6459 Y-4.4634
G1 X13.8310 Y-4.4347
G1 X14.0101 Y-4.4074
G1 X14.1832 Y-4.3816
G1 X14.3508 Y-4.3569
G1 X14.3508 Y-4.3570
G1 X14.5137 Y-4.3338
G1 X14.6718 Y-4.3118
G1 X14.8251 Y-4.2910
G1 X14.8251 Y-4.2911
G1 X14.9750 Y-4.2716
G1 X15.1210 Y-4.2531
G1 X15.2632 Y-4.2359
G1 X15.2632 Y-4.2360
G1 X15.4030 Y-4.2199
G1 X15.5399 Y-4.2048
G1 X15.6740 Y-4.1907
G1 X15.6740 Y-4.1907
G1 X15.8069 Y-4.1777
G1 X15.9377 Y-4.1656
G1 X16.0669 Y-4.1545
G1 X16.0669 Y-4.1547
G1 X16.1959 Y-4.1444
G1 X16.3238 Y-4.1351
G1 X16.4510 Y-4.1266
G1 X16.4510 Y-4.1267
G1 X16.5791 Y-4.1190
G1 X16.7073 Y-4.1121
G1 X16.8361 Y-4.1060
G1 X16.9660 Y-4.1005
G1 X17.0973 Y-4.0958
G1 X17.2303 Y-4.0917
G1 X17.3655 Y-4.0882
G1 X17.5032 Y-4.0853
G1 X17.6433 Y-4.0829
G1 X17.6433 Y-4.0830
G1 X17.7870 Y-4.0813
G1 X18.2093 Y-4.0775
G1 X18.4664 Y-4.0747
G1 X18.6993 Y-4.0715
G1 X18.9024 Y-4.0681
G1 X19.0707 Y-4.0646
G1 X19.1982 Y-4.0610
G1 X19.2830 Y-4.0571
G1 X19.3111 Y-4.0537
G1 X19.3215 Y-4.0514
G1 X19.3313 Y-4.0473
G1 X19.3402 Y-4.0414
G1 X19.3479 Y-4.0341
G1 X19.3541 Y-4.0254
G1 X19.3586 Y-4.0157
G1 X19.3612 Y-4.0054
G1 X19.3619 Y-3.9948
G1 X19.3607 Y-3.9843
G1 X19.3576 Y-3.9740
G1 X19.3524 Y-3.9643
G1 X19.3195 Y-3.9145
G1 X19.2332 Y-3.7957
G1 X19.1057 Y-3.6244
G1 X18.9502 Y-3.4186
G1 X18.8793 Y-3.3241
G1 X18.8099 Y-3.2297
G1 X18.7419 Y-3.1348
G1 X18.6750 Y-3.0391
G1 X18.6093 Y-2.9428
G1 X18.5445 Y-2.8453
G1 X18.4806 Y-2.7466
G1 X18.4175 Y-2.6465
G1 X18.3552 Y-2.5448
G1 X18.2938 Y-2.4419
G1 X18.2322 Y-2.3359
G1 X18.2321 Y-2.3359
G1 X18.1719 Y-2.2290
G1 X18.1111 Y-2.1186
G1 X18.1111 Y-2.1186
G1 X18.0511 Y-2.0067
G1 X18.0512 Y-2.0067
G1 X17.9910 Y-1.8911
G1 X17.9311 Y-1.7733
G1 X17.8714 Y-1.6528
G1 X17.8112 Y-1.5280
G1 X17.7509 Y-1.4005
G1 X17.6905 Y-1.2693
G1 X17.6296 Y-1.1343
G1 X17.5683 Y-0.9954
G1 X17.5065 Y-0.8524
G1 X17.4440 Y-0.7051
G1 X17.3808 Y-0.5533
G1 X17.3166 Y-0.3967
G1 X17.2518 Y-0.2354
G1 X17.1859 Y-0.0691
G1 X17.1189 Y0.1025
G1 X17.0507 Y0.2794
G1 X16.9812 Y0.4620
G1 X16.9103 Y0.6503
G1 X16.8198 Y0.8895
G1 X16.7322 Y1.1152
G1 X16.6472 Y1.3282
G1 X16.5644 Y1.5290
G1 X16.4837 Y1.7180
G1 X16.4049 Y1.8961
G1 X16.3275 Y2.0633
G1 X16.2513 Y2.2207
G1 X16.1760 Y2.3685
G1 X16.1014 Y2.5072
G1 X16.0272 Y2.6376
G1 X15.9532 Y2.7600
G1 X15.8789 Y2.8750
G1 X15.8043 Y2.9832
G1 X15.7289 Y3.0850
G1 X15.6526 Y3.1811
G1 X15.5532 Y3.2971
G1 X15.4494 Y3.4093
G1 X15.3413 Y3.5172
G1 X15.2286 Y3.6213
G1 X15.1112 Y3.7211
G1 X14.9890 Y3.8172
G1 X14.8618 Y3.9094
G1 X14.7295 Y3.9977
G1 X14.5918 Y4.0822
G1 X14.4489 Y4.1630
G1 X14.3004 Y4.2400
G1 X14.1461 Y4.3135
G1 X13.9861 Y4.3832
G1 X13.8201 Y4.4496
G1 X13.6480 Y4.5123
G1 X13.4695 Y4.5718
G1 X13.2847 Y4.6278
G1 X13.0932 Y4.6804
G1 X12.8950 Y4.7299
G1 X12.6898 Y4.7761
G1 X12.4776 Y4.8192
G1 X12.2582 Y4.8592
G1 X12.0315 Y4.8961
G1 X11.7971 Y4.9301
G1 X11.5551 Y4.9611
G1 X11.3053 Y4.9893
G1 X11.0475 Y5.0146
G1 X10.7813 Y5.0371
G1 X10.5070 Y5.0569
G1 X10.2241 Y5.0741
G1 X9.9327 Y5.0885
G1 X9.6327 Y5.1005
G1 X8.8714 Y5.1272
G1 X9.1854 Y5.1274
G1 X9.3418 Y5.1289
G1 X9.5248 Y5.1325
G1 X9.7281 Y5.1382
G1 X9.9449 Y5.1457
G1 X10.1686 Y5.1548
G1 X10.3926 Y5.1652
G1 X10.6103 Y5.1766
G1 X10.8148 Y5.1889
G1 X11.0319 Y5.2032
G1 X11.2333 Y5.2176
G1 X11.4210 Y5.2324
G1 X11.5962 Y5.2476
G1 X11.7607 Y5.2636
G1 X11.9158 Y5.2805
G1 X12.0633 Y5.2986
G1 X12.2047 Y5.3181
G1 X12.3414 Y5.3394
G1 X12.4749 Y5.3626
G1 X12.6069 Y5.3877
G1 X12.7388 Y5.4153
G1 X12.8721 Y5.4453
G1 X13.0086 Y5.4782
G1 X13.1495 Y5.5140
G1 X13.2973 Y5.5533
G1 X13.5496 Y5.6264
G1 X13.7880 Y5.7056
G1 X14.0130 Y5.7916
G1 X14.2255 Y5.8852
G1 X14.4261 Y5.9870
G1 X14.6158 Y6.0974
G1 X14.7949 Y6.2173
G1 X14.9643 Y6.3473
G1 X15.1247 Y6.4877
G1 X15.2767 Y6.6393
G1 X15.4213 Y6.8025
G1 X15.5589 Y6.9782
G1 X15.6904 Y7.1665
G1 X15.8168 Y7.3682
G1 X15.9387 Y7.5839
G1 X16.0568 Y7.8142
G1 X16.1182 Y7.9431
G1 X16.1949 Y8.1118
G1 X16.2842 Y8.3134
G1 X16.3834 Y8.5408
G1 X16.4890 Y8.7869
G1 X16.5978 Y9.0445
G1 X16.7071 Y9.3064
G1 X16.8136 Y9.5653
G1 X16.9188 Y9.8220
G1 X16.9189 Y9.8220
G1 X17.0249 Y10.0782
G1 X17.1289 Y10.3272
G1 X17.2276 Y10.5616
G1 X17.3187 Y10.7752
G1 X17.3989 Y10.9608
G1 X17.4654 Y11.1116
G1 X17.5150 Y11.2204
G1 X17.5751 Y11.3447
G1 X17.6454 Y11.4840
G1 X17.7255 Y11.6382
G1 X17.8137 Y11.8040
G1 X17.8138 Y11.8040
G1 X17.9089 Y11.9792
G1 X18.0092 Y12.1612
G1 X18.1137 Y12.3477
G1 X18.2206 Y12.5360
G1 X18.3288 Y12.7240
G1 X18.4368 Y12.9092
G1 X18.5434 Y13.0892
G1 X18.6470 Y13.2614
G1 X18.7462 Y13.4235
G1 X18.8397 Y13.5731
G1 X18.9261 Y13.7077
G1 X19.0043 Y13.8253
G1 X19.3449 Y14.3269
G1 X19.3500 Y14.3362
G1 X19.3533 Y14.3464
G1 X19.3548 Y14.3569
G1 X19.3543 Y14.3675
G1 X19.3518 Y14.3780
G1 X19.3475 Y14.3876
G1 X19.3415 Y14.3965
G1 X19.3340 Y14.4040
G1 X19.3253 Y14.4100
G1 X19.3154 Y14.4143
G1 X19.3051 Y14.4169
G1 X19.2944 Y14.4174
G1 X19.2857 Y14.4163
G1 X19.0721 Y14.3741
G1 X18.9911 Y14.3628
G1 X18.8736 Y14.3532
G1 X18.7253 Y14.3456
G1 X18.5500 Y14.3397
G1 X18.3533 Y14.3357
G1 X18.3533 Y14.3359
G1 X18.1377 Y14.3337
G1 X17.9103 Y14.3334
G1 X17.6742 Y14.3348
G1 X17.4337 Y14.3379
G1 X17.4337 Y14.3378
G1 X17.1947 Y14.3425
G1 X16.9607 Y14.3489
G1 X16.7364 Y14.3569
G1 X16.5265 Y14.3664
G1 X16.3347 Y14.3773
G1 X16.1687 Y14.3896
G1 X16.0278 Y14.4034
G1 X15.9583 Y14.4120
G1 X15.8735 Y14.4234
G1 X15.8735 Y14.4235
G1 X15.7733 Y14.4378
G1 X15.7733 Y14.4377
G1 X15.6608 Y14.4543
G1 X15.5361 Y14.4734
G1 X15.5361 Y14.4733
G1 X15.4013 Y14.4944
G1 X15.2568 Y14.5173
G1 X15.1044 Y14.5419
G1 X14.9448 Y14.5682
G1 X14.7793 Y14.5956
G1 X14.7793 Y14.5955
G1 X14.6094 Y14.6241
G1 X14.4359 Y14.6536
G1 X14.2602 Y14.6839
G1 X14.0835 Y14.7146
G1 X13.9068 Y14.7458
G1 X13.9068 Y14.7457
G1 X13.7313 Y14.7770
G1 X13.5019 Y14.8177
G1 X13.2813 Y14.8558
G1 X13.0691 Y14.8914
G1 X12.8651 Y14.9245
G1 X12.6689 Y14.9548
G1 X12.4803 Y14.9826
G1 X12.2989 Y15.0078
G1 X12.1244 Y15.0305
G1 X11.9565 Y15.0506
G1 X11.7951 Y15.0682
G1 X11.6395 Y15.0832
G1 X11.4895 Y15.0956
G1 X11.3451 Y15.1054
G1 X11.2057 Y15.1126
G1 X11.0710 Y15.1173
G1 X10.9409 Y15.1195
G1 X10.8150 Y15.1189
G1 X10.6928 Y15.1159
G1 X10.5743 Y15.1103
G1 X10.4589 Y15.1021
G1 X10.3468 Y15.0912
G1 X10.2372 Y15.0779
G1 X10.1301 Y15.0619
G1 X10.0252 Y15.0433
G1 X9.9220 Y15.0222
G1 X9.8205 Y14.9984
G1 X9.7201 Y14.9722
G1 X9.6208 Y14.9434
G1 X9.5222 Y14.9120
G1 X9.4238 Y14.8781
G1 X9.3257 Y14.8417
G1 X9.2273 Y14.8026
G1 X9.1099 Y14.7529
G1 X8.9930 Y14.6993
G1 X8.8761 Y14.6421
G1 X8.7596 Y14.5812
G1 X8.6433 Y14.5166
G1 X8.5273 Y14.4482
G1 X8.4114 Y14.3762
G1 X8.2957 Y14.3002
G1 X8.1803 Y14.2207
G1 X8.0650 Y14.1373
G1 X7.9499 Y14.0502
G1 X7.8348 Y13.9593
G1 X7.7200 Y13.8647
G1 X7.6054 Y13.7663
G1 X7.4908 Y13.6639
G1 X7.3764 Y13.5580
G1 X7.2621 Y13.4482
G1 X7.1479 Y13.3347
G1 X7.0337 Y13.2172
G1 X6.9196 Y13.0960
G1 X6.8056 Y12.9708
G1 X6.6918 Y12.8420
G1 X6.5778 Y12.7092
G1 X6.4640 Y12.5725
G1 X6.3502 Y12.4320
G1 X6.2365 Y12.2877
G1 X6.1226 Y12.1395
G1 X6.0088 Y11.9873
G1 X5.8950 Y11.8313
G1 X5.7812 Y11.6715
G1 X5.6674 Y11.5076
G1 X5.5537 Y11.3401
G1 X5.0287 Y10.5579
G1 X5.0236 Y10.5486
G1 X5.0203 Y10.5385
G1 X5.0189 Y10.5279
G1 X5.0195 Y10.5173
G1 X5.0219 Y10.5069
G1 X5.0264 Y10.4972
G1 X5.0323 Y10.4885
G1 X5.0399 Y10.4809
G1 X5.0474 Y10.4757
G1 X5.2032 Y10.3837
G1 X5.3550 Y10.2849
G1 X5.5038 Y10.1712
G1 X5.6524 Y10.0413
G1 X5.7887 Y9.9067
G1 X5.9126 Y9.7678
G1 X6.0175 Y9.6316
G1 X6.0992 Y9.5035
G1 X6.1543 Y9.3869
G1 X6.1995 Y9.2350
G1 X6.2283 Y9.0684
G1 X6.2404 Y8.8918
G1 X6.2360 Y8.7104
G1 X6.2153 Y8.5272
G1 X6.1783 Y8.3467
G1 X6.1262 Y8.1752
G1 X6.0579 Y8.0135
G1 X5.9113 Y7.7148
G1 X5.9075 Y7.7049
G1 X5.9056 Y7.6944
G1 X5.9056 Y7.6837
G1 X5.9076 Y7.6733
G1 X5.9115 Y7.6634
G1 X5.9171 Y7.6543
G1 X5.9244 Y7.6464
G1 X5.9328 Y7.6400
G1 X5.9423 Y7.6352
G1 X5.9526 Y7.6324
G1 X5.9632 Y7.6313
G1 X5.9738 Y7.6323
G1 X5.9840 Y7.6352
G1 X5.9936 Y7.6399
G1 X5.9995 Y7.6440
G1 X6.9291 Y8.3883
G1 X9.4575 Y10.4144
G1 X9.9305 Y10.7927
G1 X10.2934 Y11.0841
G1 X10.9647 Y11.6240
G1 X11.4186 Y11.9900
G1 X12.4564 Y12.8274
G1 X12.5400 Y12.8291
G1 X12.5344 Y12.8252
G1 X9.3408 Y10.2639
G1 X6.8634 Y8.2786
G1 X6.5944 Y8.0625
G1 X6.3729 Y7.8841
G1 X6.2785 Y7.8079
G1 X6.1207 Y7.6793
G1 X6.0561 Y7.6260
G1 X6.0001 Y7.5795
G1 X5.9524 Y7.5393
G1 X5.9126 Y7.5050
G1 X5.8799 Y7.4759
G1 X5.8534 Y7.4515
G1 X5.8324 Y7.4306
G1 X5.8198 Y7.4165
G1 X5.8157 Y7.4113
G1 X5.8085 Y7.4011
G1 X5.8032 Y7.3920
G1 X5.8011 Y7.3867
G1 X5.7987 Y7.3800
G1 X5.7962 Y7.3697
G1 X5.7955 Y7.3590
; Retract
G1 Z3.0400 F2540

; Path 30
; Rapid to initial position
G1 X5.9536 Y7.2725 F2540
G1 Z0.5000
; plunge
G1 Z-2.6750 F127
; cut
G1 X5.9637 Y7.2756 F1016
G1 X5.9801 Y7.2804
G1 X6.0328 Y7.2948
G1 X6.1825 Y7.3370
G1 X6.4135 Y7.4029
G1 X6.4115 Y7.3954
G1 X6.4103 Y7.3869
G1 X6.4096 Y7.3762
G1 X6.4097 Y7.3681
G1 X6.4108 Y7.3575
G1 X6.4126 Y7.3490
G1 X6.4157 Y7.3388
G1 X6.4190 Y7.3310
G1 X6.4239 Y7.3216
G1 X6.4286 Y7.3143
G1 X6.4352 Y7.3060
G1 X6.4410 Y7.2998
G1 X6.4490 Y7.2928
G1 X6.4552 Y7.2883
G1 X6.4640 Y7.2828
G1 X6.5254 Y7.2496
G1 X6.4419 Y7.2659
G1 X6.4322 Y7.2670
G1 X6.1681 Y7.2846
G1 X6.1574 Y7.2847
G1 X5.9536 Y7.2725
; Retract
G1 Z3.0400 F2540

; Path 31
; Rapid to initial position
G1 X5.8115 Y7.5387 F2540
G1 Z0.5000
; plunge
G1 Z-2.6750 F127
; cut
G1 X5.8489 Y7.5914 F1016
G1 X5.8490 Y7.5913
G1 X5.8589 Y7.5810
G1 X5.8510 Y7.5742
G1 X5.8171 Y7.5440
G1 X5.8115 Y7.5387
; Retract
G1 Z3.0400 F2540

; Path 32
; Rapid to initial position
G1 X6.2995 Y7.3222 F2540
G1 Z0.5000
; plunge
G1 Z-2.6750 F127
; cut
G1 X6.3669 Y7.3414 F1016
G1 X6.3683 Y7.3353
G1 X6.3730 Y7.3209
G1 X6.3745 Y7.3172
G1 X6.2995 Y7.3222
; Retract
G1 Z3.0400 F2540

; Path 33
; Rapid to initial position
G1 X5.0074 Y10.4480 F2540
G1 Z0.5000
; plunge
G1 Z-2.6750 F127
; cut
G1 X4.8560 Y10.5121 F1016
G1 X4.8726 Y10.5092
G1 X4.8832 Y10.5083
G1 X4.8921 Y10.5084
G1 X4.9028 Y10.5096
G1 X4.9105 Y10.5111
G1 X4.9207 Y10.5141
G1 X4.9275 Y10.5166
G1 X4.9359 Y10.5207
G1 X4.9590 Y10.5333
G1 X4.9678 Y10.5392
G1 X4.9726 Y10.5428
G1 X4.9743 Y10.5443
G1 X4.9729 Y10.5339
G1 X4.9726 Y10.5254
G1 X4.9732 Y10.5147
G1 X4.9744 Y10.5067
G1 X4.9768 Y10.4963
G1 X4.9798 Y10.4878
G1 X4.9842 Y10.4781
G1 X4.9881 Y10.4710
G1 X4.9941 Y10.4623
G1 X4.9996 Y10.4557
G1 X5.0071 Y10.4482
G1 X5.0074 Y10.4480
; Retract
G1 Z3.0400 F2540

; Path 34
; Rapid to initial position
G1 X5.7784 Y11.7475 F2540
G1 Z0.5000
; plunge
G1 Z-2.6750 F127
; cut
G1 X5.8286 Y11.8318 F1016
G1 X5.9196 Y11.9876
G1 X6.0096 Y12.1442
G1 X6.0974 Y12.3004
G1 X6.2353 Y12.5518
G1 X6.3526 Y12.7733
G1 X6.3526 Y12.7732
G1 X6.3564 Y12.7656
G1 X6.3621 Y12.7565
G1 X6.3675 Y12.7496
G1 X6.3748 Y12.7418
G1 X6.3810 Y12.7362
G1 X6.3897 Y12.7299
G1 X6.3970 Y12.7254
G1 X6.4065 Y12.7208
G1 X6.4144 Y12.7179
G1 X6.4247 Y12.7150
G1 X6.4327 Y12.7136
G1 X6.4433 Y12.7126
G1 X6.4524 Y12.7126
G1 X6.4629 Y12.7137
G1 X6.4711 Y12.7152
G1 X6.4813 Y12.7182
G1 X6.4893 Y12.7213
G1 X6.4989 Y12.7261
G1 X6.5052 Y12.7301
G1 X6.5142 Y12.7367
G1 X6.6074 Y12.8149
G1 X6.5422 Y12.7388
G1 X6.4280 Y12.6016
G1 X6.3138 Y12.4607
G1 X6.1997 Y12.3160
G1 X6.0856 Y12.1673
G1 X5.9714 Y12.0146
G1 X5.8573 Y11.8581
G1 X5.7784 Y11.7475
G1 X6.2003 Y12.3917
G1 X6.2764 Y12.5301
G1 X6.3624 Y12.6926
G1 X6.3658 Y12.6901
G1 X6.3768 Y12.6838
G1 X6.3903 Y12.6775
G1 X6.4020 Y12.6733
G1 X6.4163 Y12.6694
G1 X6.4232 Y12.6683
G1 X6.3920 Y12.6308
G1 X6.2774 Y12.4894
G1 X6.2003 Y12.3917
G1 X6.4172 Y12.7671
G1 X6.4267 Y12.7625
G1 X6.4370 Y12.7597
G1 X6.4476 Y12.7587
G1 X6.4582 Y12.7598
G1 X6.4684 Y12.7627
G1 X6.4780 Y12.7675
G1 X6.4844 Y12.7722
G1 X6.7328 Y12.9802
G1 X6.7372 Y12.9843
G1 X6.8777 Y13.1291
G1 X7.0811 Y13.3262
G1 X7.3173 Y13.5470
G1 X7.5615 Y13.7678
G1 X7.7123 Y13.8991
G1 X7.8596 Y14.0218
G1 X8.0078 Y14.1393
G1 X8.1527 Y14.2480
G1 X8.2984 Y14.3508
G1 X8.4455 Y14.4480
G1 X8.5897 Y14.5366
G1 X8.7380 Y14.6207
G1 X8.8845 Y14.6968
G1 X9.0328 Y14.7666
G1 X9.1852 Y14.8313
G1 X9.3392 Y14.8894
G1 X9.4945 Y14.9410
G1 X9.6524 Y14.9866
G1 X9.6524 Y14.9864
G1 X9.8166 Y15.0267
G1 X9.9831 Y15.0607
G1 X10.1542 Y15.0891
G1 X10.3305 Y15.1117
G1 X10.5120 Y15.1287
G1 X10.6973 Y15.1399
G1 X10.8898 Y15.1457
G1 X11.0905 Y15.1461
G1 X11.0905 Y15.1461
G1 X11.2951 Y15.1410
G1 X11.5095 Y15.1307
G1 X11.7301 Y15.1150
G1 X11.9577 Y15.0943
G1 X12.1948 Y15.0682
G1 X12.4406 Y15.0371
G1 X12.6956 Y15.0010
G1 X12.9607 Y14.9599
G1 X12.9607 Y14.9600
G1 X13.2342 Y14.9141
G1 X13.5191 Y14.8634
G1 X13.7334 Y14.8241
G1 X13.7440 Y14.8231
G1 X13.7546 Y14.8242
G1 X13.7648 Y14.8271
G1 X13.7743 Y14.8318
G1 X13.7829 Y14.8383
G1 X13.7901 Y14.8462
G1 X13.7956 Y14.8552
G1 X13.7996 Y14.8651
G1 X13.8015 Y14.8756
G1 X13.8015 Y14.8863
G1 X13.8001 Y14.8948
G1 X13.7354 Y15.1591
G1 X13.6675 Y15.4084
G1 X13.5877 Y15.6515
G1 X13.4962 Y15.8881
G1 X13.3935 Y16.1181
G1 X13.2800 Y16.3413
G1 X13.1559 Y16.5574
G1 X13.0216 Y16.7664
G1 X12.8775 Y16.9677
G1 X12.7239 Y17.1614
G1 X12.5611 Y17.3472
G1 X12.3897 Y17.5250
G1 X12.2096 Y17.6944
G1 X12.0217 Y17.8552
G1 X11.8258 Y18.0075
G1 X11.6227 Y18.1506
G1 X11.4124 Y18.2847
G1 X11.1955 Y18.4094
G1 X10.9722 Y18.5245
G1 X10.7428 Y18.6299
G1 X10.5080 Y18.7253
G1 X10.2676 Y18.8106
G1 X10.0224 Y18.8853
G1 X9.7726 Y18.9496
G1 X9.5184 Y19.0031
G1 X9.2604 Y19.0454
G1 X8.9987 Y19.0766
G1 X8.7338 Y19.0965
G1 X8.4660 Y19.1045
G1 X8.1958 Y19.1009
G1 X7.9232 Y19.0852
G1 X7.6489 Y19.0571
G1 X7.3728 Y19.0166
G1 X7.1480 Y18.9724
G1 X6.8942 Y18.9124
G1 X6.6281 Y18.8419
G1 X6.3671 Y18.7662
G1 X6.1278 Y18.6901
G1 X5.9267 Y18.6186
G1 X5.7859 Y18.5589
G1 X5.7766 Y18.5539
G1 X5.7099 Y18.5099
G1 X5.7016 Y18.5033
G1 X5.6946 Y18.4952
G1 X5.6893 Y18.4860
G1 X5.6857 Y18.4760
G1 X5.6840 Y18.4655
G1 X5.6842 Y18.4548
G1 X5.6866 Y18.4439
G1 X5.7018 Y18.3963
G1 X5.7085 Y18.3823
G1 X5.7746 Y18.2813
G1 X5.8779 Y18.1460
G1 X6.0077 Y17.9909
G1 X6.1826 Y17.7834
G1 X6.3420 Y17.5799
G1 X6.4893 Y17.3767
G1 X6.6235 Y17.1749
G1 X6.7422 Y16.9784
G1 X6.8475 Y16.7833
G1 X6.9367 Y16.5950
G1 X7.0101 Y16.4126
G1 X7.0724 Y16.2040
G1 X7.1187 Y15.9676
G1 X7.1486 Y15.7116
G1 X7.1616 Y15.4440
G1 X7.1577 Y15.1767
G1 X7.1365 Y14.9096
G1 X7.0981 Y14.6578
G1 X7.0428 Y14.4274
G1 X6.9824 Y14.2365
G1 X6.9053 Y14.0154
G1 X6.8185 Y13.7820
G1 X6.7280 Y13.5514
G1 X6.6397 Y13.3381
G1 X6.5616 Y13.1615
G1 X6.4984 Y13.0331
G1 X6.4566 Y12.9688
G1 X6.4529 Y12.9623
G1 X6.3950 Y12.8418
G1 X6.3913 Y12.8318
G1 X6.3895 Y12.8213
G1 X6.3897 Y12.8106
G1 X6.3917 Y12.8002
G1 X6.3957 Y12.7903
G1 X6.4013 Y12.7813
G1 X6.4086 Y12.7735
G1 X6.4172 Y12.7671
; Retract
G1 Z3.0400 F2540

; Path 35
; Rapid to initial position
G1 X3.4367 Y17.4622 F2540
G1 Z0.5000
; plunge
G1 Z-2.6750 F127
; cut
G1 X3.4318 Y17.4782 F1016
G1 X3.4221 Y17.5045
G1 X3.4101 Y17.5330
G1 X3.3955 Y17.5650
G1 X3.3855 Y17.5859
G1 X3.4448 Y17.4970
G1 X3.4367 Y17.4622
; Retract
G1 Z3.0400 F2540

; Path 36
; Rapid to initial position
G1 X5.1242 Y18.9371 F2540
G1 Z0.5000
; plunge
G1 Z-2.6750 F127
; cut
G1 X5.2997 Y18.7562 F1016
G1 X5.5142 Y18.5389
G1 X5.5223 Y18.5320
G1 X5.5316 Y18.5268
G1 X5.5417 Y18.5233
G1 X5.5522 Y18.5217
G1 X5.5629 Y18.5221
G1 X5.5752 Y18.5251
G1 X6.1414 Y18.7307
G1 X6.4297 Y18.8296
G1 X6.7070 Y18.9125
G1 X6.9819 Y18.9817
G1 X7.2548 Y19.0370
G1 X7.5324 Y19.0798
G1 X7.8138 Y19.1098
G1 X8.1047 Y19.1281
G1 X8.4091 Y19.1353
G1 X8.7170 Y19.1309
G1 X9.0127 Y19.1135
G1 X9.2919 Y19.0830
G1 X9.5672 Y19.0378
G1 X9.8338 Y18.9784
G1 X10.1058 Y18.9020
G1 X10.3808 Y18.8093
G1 X10.6664 Y18.6985
G1 X10.6664 Y18.6986
G1 X10.8954 Y18.6012
G1 X11.1036 Y18.5053
G1 X11.2929 Y18.4096
G1 X11.4688 Y18.3108
G1 X11.6377 Y18.2052
G1 X11.7995 Y18.0931
G1 X11.9667 Y17.9663
G1 X12.1379 Y17.8264
G1 X12.2772 Y17.7045
G1 X12.4102 Y17.5790
G1 X12.5412 Y17.4457
G1 X12.6643 Y17.3107
G1 X12.7850 Y17.1682
G1 X12.8977 Y17.0248
G1 X13.0063 Y16.8756
G1 X13.1093 Y16.7226
G1 X13.2076 Y16.5644
G1 X13.2989 Y16.4047
G1 X13.3831 Y16.2438
G1 X13.4630 Y16.0762
G1 X13.5347 Y15.9101
G1 X13.6016 Y15.7374
G1 X13.6611 Y15.5648
G1 X13.7134 Y15.3911
G1 X13.7733 Y15.1787
G1 X13.8238 Y15.0020
G1 X13.8600 Y14.8787
G1 X13.8758 Y14.8290
G1 X13.8800 Y14.8192
G1 X13.8858 Y14.8103
G1 X13.8932 Y14.8026
G1 X13.9019 Y14.7964
G1 X13.9148 Y14.7909
G1 X13.9728 Y14.7743
G1 X14.1133 Y14.7441
G1 X14.3178 Y14.7042
G1 X14.5652 Y14.6590
G1 X15.2268 Y14.5408
G1 X15.2374 Y14.5398
G1 X15.2480 Y14.5409
G1 X15.2583 Y14.5439
G1 X15.2677 Y14.5487
G1 X15.2763 Y14.5551
G1 X15.2834 Y14.5631
G1 X15.2889 Y14.5721
G1 X15.2927 Y14.5821
G1 X15.2943 Y14.5893
G1 X15.3016 Y14.6384
G1 X15.3023 Y14.6469
G1 X15.3023 Y14.7865
G1 X15.2954 Y14.9927
G1 X15.2818 Y15.2460
G1 X15.2537 Y15.5628
G1 X15.2091 Y15.8749
G1 X15.1483 Y16.1821
G1 X15.0717 Y16.4837
G1 X14.9793 Y16.7791
G1 X14.8716 Y17.0680
G1 X14.7489 Y17.3498
G1 X14.6112 Y17.6240
G1 X14.4590 Y17.8900
G1 X14.2925 Y18.1474
G1 X14.1119 Y18.3958
G1 X13.9177 Y18.6345
G1 X13.7099 Y18.8631
G1 X13.4889 Y19.0810
G1 X13.2550 Y19.2879
G1 X13.0086 Y19.4828
G1 X12.9017 Y19.5593
G1 X12.7836 Y19.6372
G1 X12.6558 Y19.7161
G1 X12.5197 Y19.7954
G1 X12.3766 Y19.8743
G1 X12.2281 Y19.9522
G1 X12.0755 Y20.0285
G1 X11.9202 Y20.1025
G1 X11.7639 Y20.1734
G1 X11.6077 Y20.2408
G1 X11.4533 Y20.3037
G1 X11.3018 Y20.3618
G1 X11.1550 Y20.4141
G1 X11.0139 Y20.4602
G1 X10.8800 Y20.4993
G1 X10.7550 Y20.5305
G1 X10.4722 Y20.5887
G1 X10.1891 Y20.6350
G1 X9.9057 Y20.6696
G1 X9.6221 Y20.6924
G1 X9.3385 Y20.7035
G1 X9.0548 Y20.7029
G1 X8.7712 Y20.6904
G1 X8.4877 Y20.6664
G1 X8.2045 Y20.6304
G1 X7.9214 Y20.5831
G1 X7.6386 Y20.5238
G1 X7.3563 Y20.4530
G1 X7.0745 Y20.3704
G1 X6.7932 Y20.2762
G1 X6.5125 Y20.1705
G1 X6.2322 Y20.0529
G1 X6.0326 Y19.9597
G1 X5.8173 Y19.8507
G1 X5.5992 Y19.7333
G1 X5.3911 Y19.6151
G1 X5.2059 Y19.5036
G1 X5.0558 Y19.4055
G1 X4.9586 Y19.3321
G1 X4.9481 Y19.3218
G1 X4.9138 Y19.2785
G1 X4.9081 Y19.2697
G1 X4.9039 Y19.2598
G1 X4.9017 Y19.2494
G1 X4.9015 Y19.2388
G1 X4.9031 Y19.2282
G1 X4.9063 Y19.2192
G1 X4.9284 Y19.1693
G1 X4.9356 Y19.1572
G1 X5.0053 Y19.0680
G1 X5.1242 Y18.9371
G1 X4.8626 Y19.2041
G1 X4.8027 Y19.2664
G1 X4.8110 Y19.2689
G1 X4.8256 Y19.2752
G1 X4.8312 Y19.2781
G1 X4.8758 Y19.3048
G1 X4.8751 Y19.3039
G1 X4.8693 Y19.2951
G1 X4.8653 Y19.2874
G1 X4.8612 Y19.2776
G1 X4.8586 Y19.2696
G1 X4.8563 Y19.2592
G1 X4.8554 Y19.2503
G1 X4.8552 Y19.2397
G1 X4.8557 Y19.2316
G1 X4.8573 Y19.2210
G1 X4.8594 Y19.2130
G1 X4.8626 Y19.2041
G1 X4.8074 Y19.3178
G1 X5.3132 Y19.6219
G1 X5.5848 Y19.7770
G1 X5.8699 Y19.9248
G1 X6.1690 Y20.0662
G1 X6.4716 Y20.1964
G1 X6.7767 Y20.3154
G1 X7.0793 Y20.4207
G1 X7.3714 Y20.5094
G1 X7.6458 Y20.5790
G1 X7.8106 Y20.6123
G1 X7.9866 Y20.6408
G1 X8.1747 Y20.6653
G1 X8.3723 Y20.6852
G1 X8.5748 Y20.7005
G1 X8.7850 Y20.7116
G1 X8.9959 Y20.7180
G1 X8.9959 Y20.7180
G1 X9.2098 Y20.7200
G1 X9.4233 Y20.7176
G1 X9.4233 Y20.7177
G1 X9.6322 Y20.7107
G1 X9.8385 Y20.6992
G1 X10.0383 Y20.6833
G1 X10.2276 Y20.6633
G1 X10.4082 Y20.6386
G1 X10.5761 Y20.6097
G1 X10.7310 Y20.5759
G1 X10.9808 Y20.5105
G1 X11.2290 Y20.4360
G1 X11.4676 Y20.3550
G1 X11.7008 Y20.2661
G1 X11.9304 Y20.1687
G1 X12.1494 Y20.0658
G1 X12.3653 Y19.9539
G1 X12.5733 Y19.8358
G1 X12.7745 Y19.7105
G1 X12.9681 Y19.5788
G1 X13.1559 Y19.4399
G1 X13.3387 Y19.2927
G1 X13.5109 Y19.1419
G1 X13.6785 Y18.9822
G1 X13.8388 Y18.8164
G1 X13.9896 Y18.6468
G1 X14.1351 Y18.4684
G1 X14.2736 Y18.2835
G1 X14.4022 Y18.0959
G1 X14.5258 Y17.8985
G1 X14.6393 Y17.6993
G1 X14.7472 Y17.4904
G1 X14.8452 Y17.2800
G1 X14.9370 Y17.0601
G1 X15.0197 Y16.8370
G1 X15.0945 Y16.6085
G1 X15.1602 Y16.3772
G1 X15.2182 Y16.1387
G1 X15.2678 Y15.8951
G1 X15.3088 Y15.6469
G1 X15.3414 Y15.3918
G1 X15.3648 Y15.1353
G1 X15.4083 Y14.5435
G1 X15.4101 Y14.5330
G1 X15.4137 Y14.5230
G1 X15.4191 Y14.5138
G1 X15.4262 Y14.5058
G1 X15.4345 Y14.4992
G1 X15.4439 Y14.4942
G1 X15.4541 Y14.4910
G1 X15.4614 Y14.4900
G1 X16.4065 Y14.4129
G1 X16.5836 Y14.4003
G1 X16.7759 Y14.3899
G1 X16.9802 Y14.3818
G1 X17.1935 Y14.3757
G1 X17.4131 Y14.3716
G1 X17.6356 Y14.3695
G1 X17.8580 Y14.3695
G1 X18.0777 Y14.3716
G1 X18.2911 Y14.3754
G1 X18.4957 Y14.3811
G1 X18.6882 Y14.3886
G1 X18.8657 Y14.3980
G1 X19.0254 Y14.4092
G1 X19.1644 Y14.4222
G1 X19.2805 Y14.4372
G1 X19.3641 Y14.4530
G1 X19.4296 Y14.4627
G1 X19.4362 Y14.4610
G1 X19.4265 Y14.4168
G1 X19.3803 Y14.3171
G1 X19.2974 Y14.1737
G1 X19.1753 Y13.9825
G1 X19.0139 Y13.7416
G1 X18.9036 Y13.5764
G1 X18.7898 Y13.3994
G1 X18.6729 Y13.2119
G1 X18.5538 Y13.0157
G1 X18.4334 Y12.8121
G1 X18.3125 Y12.6027
G1 X18.1920 Y12.3891
G1 X18.0726 Y12.1728
G1 X17.9554 Y11.9553
G1 X17.8410 Y11.7384
G1 X17.7303 Y11.5233
G1 X17.6243 Y11.3118
G1 X17.5236 Y11.1052
G1 X17.4291 Y10.9052
G1 X17.3419 Y10.7133
G1 X17.2628 Y10.5313
G1 X17.1411 Y10.2423
G1 X17.0414 Y10.0007
G1 X16.9733 Y9.8299
G1 X16.9486 Y9.7594
G1 X16.9461 Y9.7490
G1 X16.9455 Y9.7384
G1 X16.9468 Y9.7278
G1 X16.9500 Y9.7177
G1 X16.9551 Y9.7083
G1 X16.9618 Y9.6999
G1 X16.9691 Y9.6936
G1 X17.0109 Y9.6628
G1 X17.0182 Y9.6583
G1 X17.1341 Y9.5970
G1 X17.3040 Y9.5154
G1 X17.5098 Y9.4223
G1 X17.8016 Y9.2898
G1 X18.0667 Y9.1603
G1 X18.3056 Y9.0326
G1 X18.5323 Y8.8988
G1 X18.7456 Y8.7594
G1 X18.9558 Y8.6082
G1 X19.1701 Y8.4401
G1 X19.3916 Y8.2540
G1 X19.5505 Y8.1131
G1 X19.7023 Y7.9708
G1 X19.8438 Y7.8304
G1 X19.9789 Y7.6875
G1 X20.1080 Y7.5418
G1 X20.2275 Y7.3973
G1 X20.3416 Y7.2489
G1 X20.4506 Y7.0960
G1 X20.5523 Y6.9415
G1 X20.6470 Y6.7853
G1 X20.7385 Y6.6212
G1 X20.8237 Y6.4546
G1 X20.9033 Y6.2846
G1 X20.9799 Y6.1058
G1 X21.0514 Y5.9228
G1 X21.1184 Y5.7348
G1 X21.1729 Y5.5693
G1 X21.2145 Y5.4260
G1 X21.2459 Y5.2903
G1 X21.2692 Y5.1497
G1 X21.2692 Y5.1494
G1 X21.2693 Y5.1489
G1 X21.2846 Y4.9984
G1 X21.2947 Y4.8171
G1 X21.3001 Y4.6031
G1 X21.3000 Y4.6031
G1 X21.3022 Y4.3409
G1 X21.3000 Y4.0177
G1 X21.2888 Y3.7418
G1 X21.2661 Y3.4976
G1 X21.2296 Y3.2729
G1 X21.1769 Y3.0554
G1 X21.1055 Y2.8328
G1 X21.0119 Y2.5895
G1 X20.8935 Y2.3141
G1 X20.8000 Y2.1188
G1 X20.6927 Y1.9214
G1 X20.5732 Y1.7242
G1 X20.4422 Y1.5278
G1 X20.2984 Y1.3301
G1 X20.1464 Y1.1372
G1 X19.9844 Y0.9464
G1 X19.8135 Y0.7590
G1 X19.6348 Y0.5764
G1 X19.4480 Y0.3982
G1 X19.2579 Y0.2293
G1 X19.0597 Y0.0650
G1 X18.8590 Y-0.0893
G1 X18.6551 Y-0.2342
G1 X18.4478 Y-0.3697
G1 X18.2389 Y-0.4939
G1 X18.0577 Y-0.5975
G1 X17.9172 Y-0.6811
G1 X17.8112 Y-0.7504
G1 X17.7410 Y-0.8052
G1 X17.7339 Y-0.8118
G1 X17.6905 Y-0.8595
G1 X17.6840 Y-0.8680
G1 X17.6811 Y-0.8734
G1 X17.6594 Y-0.9185
G1 X17.6557 Y-0.9285
G1 X17.6540 Y-0.9376
G1 X17.6491 Y-0.9846
G1 X17.6492 Y-0.9979
G1 X17.6560 Y-1.0513
G1 X17.6576 Y-1.0596
G1 X17.6782 Y-1.1329
G1 X17.7134 Y-1.2256
G1 X17.7620 Y-1.3365
G1 X17.8229 Y-1.4634
G1 X17.8947 Y-1.6044
G1 X17.9760 Y-1.7571
G1 X18.0655 Y-1.9193
G1 X18.1619 Y-2.0886
G1 X18.2638 Y-2.2625
G1 X18.3696 Y-2.4387
G1 X18.4783 Y-2.6149
G1 X18.5884 Y-2.7885
G1 X18.6985 Y-2.9574
G1 X18.8070 Y-3.1191
G1 X18.9129 Y-3.2713
G1 X19.0143 Y-3.4108
G1 X19.1174 Y-3.5503
G1 X19.2134 Y-3.6822
G1 X19.3004 Y-3.8035
G1 X19.3762 Y-3.9111
G1 X19.4385 Y-4.0020
G1 X19.4860 Y-4.0739
G1 X19.4699 Y-4.0759
G1 X19.3550 Y-4.0838
G1 X19.1997 Y-4.0909
G1 X19.0126 Y-4.0967
G1 X18.7981 Y-4.1011
G1 X18.7981 Y-4.1010
G1 X18.5603 Y-4.1038
G1 X18.3060 Y-4.1048
G1 X18.0452 Y-4.1055
G1 X17.7949 Y-4.1079
G1 X17.5539 Y-4.1118
G1 X17.3206 Y-4.1173
G1 X17.0937 Y-4.1247
G1 X16.8719 Y-4.1340
G1 X16.6538 Y-4.1453
G1 X16.4377 Y-4.1586
G1 X16.2228 Y-4.1741
G1 X16.0073 Y-4.1919
G1 X15.7900 Y-4.2121
G1 X15.5693 Y-4.2347
G1 X15.3440 Y-4.2599
G1 X15.1128 Y-4.2877
G1 X14.8741 Y-4.3183
G1 X14.6268 Y-4.3515
G1 X13.7131 Y-4.4775
G1 X13.7028 Y-4.4799
G1 X13.6930 Y-4.4841
G1 X13.6842 Y-4.4901
G1 X13.6766 Y-4.4977
G1 X13.6706 Y-4.5064
G1 X13.6662 Y-4.5161
G1 X13.6638 Y-4.5266
G1 X13.6631 Y-4.5347
G1 X13.6602 Y-5.5695
G1 X13.6581 Y-5.8386
G1 X13.6582 Y-5.8386
G1 X13.6530 Y-6.0732
G1 X13.6446 Y-6.2791
G1 X13.6328 Y-6.4592
G1 X13.6170 Y-6.6185
G1 X13.5975 Y-6.7576
G1 X13.5735 Y-6.8824
G1 X13.5454 Y-6.9949
G1 X13.4900 Y-7.1802
G1 X13.4303 Y-7.3592
G1 X13.3641 Y-7.5385
G1 X13.2938 Y-7.7114
G1 X13.2177 Y-7.8827
G1 X13.1356 Y-8.0524
G1 X13.0502 Y-8.2155
G1 X12.9581 Y-8.3785
G1 X12.8629 Y-8.5347
G1 X12.7613 Y-8.6901
G1 X12.6563 Y-8.8396
G1 X12.5450 Y-8.9879
G1 X12.4299 Y-9.1312
G1 X12.3116 Y-9.2691
G1 X12.1864 Y-9.4058
G1 X12.0594 Y-9.5358
G1 X11.9270 Y-9.6631
G1 X11.7892 Y-9.7872
G1 X11.6482 Y-9.9061
G1 X11.5045 Y-10.0197
G1 X11.3556 Y-10.1298
G1 X11.2019 Y-10.2361
G1 X11.0445 Y-10.3378
G1 X10.8856 Y-10.4333
G1 X10.7203 Y-10.5260
G1 X10.5530 Y-10.6128
G1 X10.3826 Y-10.6946
G1 X10.2066 Y-10.7726
G1 X10.0300 Y-10.8443
G1 X9.8477 Y-10.9118
G1 X9.6623 Y-10.9742
G1 X9.4762 Y-11.0306
G1 X9.2394 Y-11.0945
G1 X9.0127 Y-11.1475
G1 X8.7880 Y-11.1910
G1 X8.5634 Y-11.2250
G1 X8.3327 Y-11.2505
G1 X8.0910 Y-11.2681
G1 X7.8353 Y-11.2780
G1 X7.5575 Y-11.2812
G1 X7.3434 Y-11.2786
G1 X7.1331 Y-11.2707
G1 X6.9274 Y-11.2575
G1 X6.7207 Y-11.2385
G1 X6.5191 Y-11.2144
G1 X6.3156 Y-11.1841
G1 X6.1158 Y-11.1485
G1 X5.9142 Y-11.1065
G1 X5.7148 Y-11.0589
G1 X5.5145 Y-11.0053
G1 X5.3110 Y-10.9449
G1 X5.1093 Y-10.8789
G1 X5.1093 Y-10.8788
G1 X4.9028 Y-10.8055
G1 X4.6954 Y-10.7262
G1 X4.4858 Y-10.6405
G1 X4.2717 Y-10.5474
G1 X3.7330 Y-10.3069
G1 X3.7229 Y-10.3035
G1 X3.7124 Y-10.3019
G1 X3.7017 Y-10.3024
G1 X3.6913 Y-10.3047
G1 X3.6816 Y-10.3089
G1 X3.6728 Y-10.3148
G1 X3.6675 Y-10.3198
G1 X3.4727 Y-10.5239
G1 X3.3935 Y-10.6103
G1 X3.3074 Y-10.7103
G1 X3.2151 Y-10.8227
G1 X3.1177 Y-10.9458
G1 X3.0165 Y-11.0783
G1 X2.9122 Y-11.2185
G1 X2.8062 Y-11.3650
G1 X2.6991 Y-11.5162
G1 X2.5925 Y-11.6706
G1 X2.4870 Y-11.8267
G1 X2.3840 Y-11.9828
G1 X2.2844 Y-12.1378
G1 X2.1894 Y-12.2898
G1 X2.0998 Y-12.4373
G1 X2.0170 Y-12.5790
G1 X1.9429 Y-12.7116
G1 X1.9428 Y-12.7116
G1 X1.7861 Y-12.9861
G1 X1.6468 Y-13.2077
G1 X1.5407 Y-13.3535
G1 X1.5240 Y-13.3680
G1 X1.3628 Y-13.1903
G1 X1.2714 Y-13.0199
G1 X1.1635 Y-12.8319
G1 X1.0430 Y-12.6335
G1 X0.9112 Y-12.4260
G1 X0.7686 Y-12.2105
G1 X0.6164 Y-11.9884
G1 X0.4552 Y-11.7607
G1 X0.2861 Y-11.5287
G1 X0.1101 Y-11.2937
G1 X-0.0720 Y-11.0567
G1 X-0.2595 Y-10.8193
G1 X-0.4511 Y-10.5823
G1 X-0.6461 Y-10.3472
G1 X-0.8437 Y-10.1151
G1 X-1.0428 Y-9.8874
G1 X-1.2423 Y-9.6656
G1 X-1.7708 Y-9.0863
G1 X-1.7787 Y-9.0792
G1 X-1.7877 Y-9.0736
G1 X-1.7976 Y-9.0697
G1 X-1.8081 Y-9.0677
G1 X-1.8188 Y-9.0677
G1 X-1.8292 Y-9.0696
G1 X-1.8429 Y-9.0754
G1 X-2.4914 Y-9.4565
G1 X-2.7443 Y-9.5984
G1 X-2.9998 Y-9.7288
G1 X-3.2630 Y-9.8504
G1 X-3.5293 Y-9.9613
G1 X-3.7973 Y-10.0611
G1 X-4.0721 Y-10.1517
G1 X-4.3451 Y-10.2304
G1 X-4.6231 Y-10.2991
G1 X-4.9001 Y-10.3563
G1 X-5.1808 Y-10.4031
G1 X-5.4595 Y-10.4384
G1 X-5.7353 Y-10.4621
G1 X-6.0117 Y-10.4744
G1 X-6.2883 Y-10.4752
G1 X-6.5598 Y-10.4644
G1 X-6.8266 Y-10.4417
G1 X-7.1194 Y-10.4045
G1 X-7.4078 Y-10.3565
G1 X-7.6863 Y-10.2991
G1 X-7.9599 Y-10.2313
G1 X-8.2269 Y-10.1536
G1 X-8.4885 Y-10.0656
G1 X-8.7393 Y-9.9694
G1 X-8.9874 Y-9.8620
G1 X-9.2245 Y-9.7471
G1 X-9.4562 Y-9.6222
G1 X-9.6803 Y-9.4883
G1 X-9.8956 Y-9.3464
G1 X-10.1040 Y-9.1951
G1 X-10.3033 Y-9.0362
G1 X-10.4968 Y-8.8671
G1 X-10.6793 Y-8.6923
G1 X-10.8545 Y-8.5082
G1 X-11.0210 Y-8.3163
G1 X-11.1773 Y-8.1186
G1 X-11.3274 Y-7.9097
G1 X-11.4668 Y-7.6957
G1 X-11.5962 Y-7.4757
G1 X-11.7171 Y-7.2471
G1 X-11.8283 Y-7.0114
G1 X-11.9301 Y-6.7686
G1 X-12.0208 Y-6.5221
G1 X-12.1028 Y-6.2651
G1 X-12.1737 Y-6.0049
G1 X-12.2344 Y-5.7377
G1 X-12.2846 Y-5.4643
G1 X-12.3241 Y-5.1850
G1 X-12.3530 Y-4.8987
G1 X-12.3782 Y-4.6547
G1 X-12.4086 Y-4.4751
G1 X-12.4102 Y-4.4679
G1 X-12.4455 Y-4.3523
G1 X-12.4496 Y-4.3425
G1 X-12.4561 Y-4.3328
G1 X-12.4956 Y-4.2841
G1 X-12.5031 Y-4.2765
G1 X-12.5117 Y-4.2704
G1 X-12.5214 Y-4.2660
G1 X-12.5271 Y-4.2643
G1 X-12.6407 Y-4.2374
G1 X-12.8051 Y-4.2134
G1 X-13.0143 Y-4.1922
G1 X-13.2613 Y-4.1735
G1 X-13.5384 Y-4.1577
G1 X-13.8381 Y-4.1446
G1 X-14.1526 Y-4.1345
G1 X-14.4744 Y-4.1275
G1 X-14.7957 Y-4.1237
G1 X-15.1090 Y-4.1233
G1 X-15.4064 Y-4.1265
G1 X-15.6806 Y-4.1331
G1 X-15.9239 Y-4.1438
G1 X-16.1293 Y-4.1582
G1 X-16.2853 Y-4.1765
G1 X-16.2910 Y-4.1775
G1 X-16.3921 Y-4.1998
G1 X-16.4558 Y-4.2133
G1 X-16.4625 Y-4.2114
G1 X-16.4636 Y-4.2088
G1 X-16.4552 Y-4.1573
G1 X-16.4173 Y-4.0634
G1 X-16.3474 Y-3.9335
G1 X-16.2486 Y-3.7748
G1 X-16.1175 Y-3.5825
G1 X-15.9877 Y-3.3942
G1 X-15.8546 Y-3.1932
G1 X-15.7195 Y-2.9813
G1 X-15.5831 Y-2.7601
G1 X-15.4461 Y-2.5310
G1 X-15.3097 Y-2.2957
G1 X-15.1743 Y-2.0559
G1 X-15.0410 Y-1.8129
G1 X-14.9106 Y-1.5683
G1 X-14.7839 Y-1.3237
G1 X-14.6618 Y-1.0806
G1 X-14.5451 Y-0.8407
G1 X-14.4347 Y-0.6055
G1 X-14.3314 Y-0.3765
G1 X-14.2360 Y-0.1552
G1 X-14.1497 Y0.0561
G1 X-13.9465 Y0.5691
G1 X-13.9435 Y0.5794
G1 X-13.9424 Y0.5900
G1 X-13.9433 Y0.6006
G1 X-13.9461 Y0.6109
G1 X-13.9507 Y0.6204
G1 X-13.9571 Y0.6290
G1 X-13.9648 Y0.6363
G1 X-13.9739 Y0.6420
G1 X-13.9806 Y0.6449
G1 X-14.3510 Y0.7788
G1 X-14.4381 Y0.8135
G1 X-14.5477 Y0.8622
G1 X-14.6732 Y0.9219
G1 X-14.8117 Y0.9911
G1 X-14.9587 Y1.0673
G1 X-15.1088 Y1.1480
G1 X-15.2591 Y1.2315
G1 X-15.4054 Y1.3158
G1 X-15.6581 Y1.4715
G1 X-15.9006 Y1.6349
G1 X-16.1343 Y1.8071
G1 X-16.3545 Y1.9843
G1 X-16.5677 Y2.1718
G1 X-16.7673 Y2.3635
G1 X-16.9576 Y2.5639
G1 X-17.1355 Y2.7695
G1 X-17.3020 Y2.9811
G1 X-17.4587 Y3.2011
G1 X-17.6024 Y3.4250
G1 X-17.7348 Y3.6557
G1 X-17.8542 Y3.8898
G1 X-17.9633 Y4.1331
G1 X-18.0587 Y4.3780
G1 X-18.1415 Y4.6278
G1 X-18.1790 Y4.7654
G1 X-18.2113 Y4.9131
G1 X-18.2391 Y5.0725
G1 X-18.2613 Y5.2370
G1 X-18.2792 Y5.4120
G1 X-18.2919 Y5.5899
G1 X-18.2995 Y5.7713
G1 X-18.3022 Y5.9528
G1 X-18.3021 Y5.9528
G1 X-18.2998 Y6.1374
G1 X-18.2926 Y6.3173
G1 X-18.2803 Y6.4953
G1 X-18.2628 Y6.6703
G1 X-18.2408 Y6.8348
G1 X-18.2133 Y6.9953
G1 X-18.1814 Y7.1425
G1 X-18.1445 Y7.2788
G1 X-18.0586 Y7.5369
G1 X-17.9574 Y7.7920
G1 X-17.8398 Y8.0478
G1 X-17.7102 Y8.2949
G1 X-17.5638 Y8.5427
G1 X-17.4060 Y8.7823
G1 X-17.2352 Y9.0167
G1 X-17.0492 Y9.2485
G1 X-16.8544 Y9.4701
G1 X-16.6452 Y9.6874
G1 X-16.4247 Y9.8975
G1 X-16.1945 Y10.0983
G1 X-15.9552 Y10.2896
G1 X-15.7024 Y10.4747
G1 X-15.4443 Y10.6471
G1 X-15.1729 Y10.8120
G1 X-14.6470 Y11.1166
G1 X-14.6384 Y11.1228
G1 X-14.6309 Y11.1304
G1 X-14.6251 Y11.1393
G1 X-14.6209 Y11.1491
G1 X-14.6186 Y11.1595
G1 X-14.6182 Y11.1702
G1 X-14.6199 Y11.1807
G1 X-14.6230 Y11.1901
G1 X-14.7601 Y11.5015
G1 X-14.8134 Y11.6188
G1 X-14.8729 Y11.7426
G1 X-14.9383 Y11.8721
G1 X-15.0088 Y12.0067
G1 X-15.0842 Y12.1454
G1 X-15.1638 Y12.2872
G1 X-15.2472 Y12.4316
G1 X-15.3337 Y12.5777
G1 X-15.4231 Y12.7245
G1 X-15.5147 Y12.8712
G1 X-15.6080 Y13.0172
G1 X-15.7025 Y13.1613
G1 X-15.7978 Y13.3029
G1 X-15.8933 Y13.4410
G1 X-15.9885 Y13.5749
G1 X-16.0825 Y13.7031
G1 X-16.2776 Y13.9676
G1 X-16.4369 Y14.1888
G1 X-16.5363 Y14.3321
G1 X-16.5285 Y14.3328
G1 X-16.4111 Y14.3387
G1 X-16.2569 Y14.3438
G1 X-16.0696 Y14.3480
G1 X-15.8548 Y14.3512
G1 X-15.8548 Y14.3511
G1 X-15.6170 Y14.3531
G1 X-15.1017 Y14.3546
G1 X-14.8517 Y14.3569
G1 X-14.6110 Y14.3608
G1 X-14.3782 Y14.3664
G1 X-14.1516 Y14.3737
G1 X-13.9298 Y14.3831
G1 X-13.7115 Y14.3944
G1 X-13.4948 Y14.4080
G1 X-13.2784 Y14.4236
G1 X-13.0608 Y14.4417
G1 X-12.8405 Y14.4623
G1 X-12.6159 Y14.4852
G1 X-12.3856 Y14.5110
G1 X-12.1481 Y14.5394
G1 X-11.9017 Y14.5707
G1 X-11.6453 Y14.6049
G1 X-10.6934 Y14.7344
G1 X-10.6831 Y14.7368
G1 X-10.6733 Y14.7411
G1 X-10.6645 Y14.7471
G1 X-10.6569 Y14.7546
G1 X-10.6508 Y14.7633
G1 X-10.6464 Y14.7730
G1 X-10.6439 Y14.7834
G1 X-10.6434 Y14.7939
G1 X-10.6723 Y15.6140
G1 X-10.6770 Y15.9063
G1 X-10.6697 Y16.1921
G1 X-10.6503 Y16.4706
G1 X-10.6188 Y16.7437
G1 X-10.5749 Y17.0100
G1 X-10.5192 Y17.2671
G1 X-10.4508 Y17.5203
G1 X-10.3701 Y17.7670
G1 X-10.2763 Y18.0096
G1 X-10.1697 Y18.2473
G1 X-10.0502 Y18.4808
G1 X-9.9182 Y18.7089
G1 X-9.7714 Y18.9359
G1 X-9.6126 Y19.1572
G1 X-9.4396 Y19.3768
G1 X-9.2549 Y19.5912
G1 X-9.0797 Y19.7777
G1 X-8.8999 Y19.9528
G1 X-8.7119 Y20.1205
G1 X-8.5188 Y20.2780
G1 X-8.3163 Y20.4288
G1 X-8.1119 Y20.5679
G1 X-7.8985 Y20.6998
G1 X-7.6811 Y20.8219
G1 X-7.4585 Y20.9347
G1 X-7.2281 Y21.0395
G1 X-6.9966 Y21.1337
G1 X-6.7577 Y21.2196
G1 X-6.5182 Y21.2951
G1 X-6.2719 Y21.3619
G1 X-6.0208 Y21.4196
G1 X-5.7696 Y21.4672
G1 X-5.5127 Y21.5057
G1 X-5.2535 Y21.5346
G1 X-4.9911 Y21.5539
G1 X-4.7285 Y21.5633
G1 X-4.4599 Y21.5632
G1 X-4.1931 Y21.5535
G1 X-3.9223 Y21.5337
G1 X-3.6501 Y21.5041
G1 X-3.3796 Y21.4651
G1 X-3.1051 Y21.4156
G1 X-2.8320 Y21.3566
G1 X-2.5557 Y21.2868
G1 X-2.2817 Y21.2077
G1 X-2.0088 Y21.1186
G1 X-1.7337 Y21.0185
G1 X-1.4608 Y20.9089
G1 X-1.4608 Y20.9088
G1 X-1.2187 Y20.8072
G1 X-1.0102 Y20.7205
G1 X-0.8572 Y20.6576
G1 X-0.7828 Y20.6282
G1 X-0.7726 Y20.6252
G1 X-0.7621 Y20.6241
G1 X-0.7514 Y20.6250
G1 X-0.7448 Y20.6266
G1 X-0.6875 Y20.6440
G1 X-0.6776 Y20.6480
G1 X-0.6677 Y20.6545
G1 X-0.5768 Y20.7284
G1 X-0.5718 Y20.7331
G1 X-0.4503 Y20.8589
G1 X-0.3065 Y21.0258
G1 X-0.1450 Y21.2269
G1 X0.0292 Y21.4549
G1 X0.2113 Y21.7027
G1 X0.3959 Y21.9630
G1 X0.5782 Y22.2286
G1 X0.7529 Y22.4920
G1 X0.9151 Y22.7461
G1 X1.0595 Y22.9837
G1 X1.1813 Y23.1976
G1 X1.2757 Y23.3818
G1 X1.3350 Y23.5229
G1 X1.3383 Y23.5329
G1 X1.3538 Y23.6033
G1 X1.4019 Y23.6320
G1 X1.4233 Y23.6203
G1 X1.5000 Y23.5415
G1 X1.5976 Y23.4161
G1 X1.7016 Y23.2598
G1 X1.8501 Y23.0210
G1 X1.9964 Y22.7900
G1 X2.1407 Y22.5675
G1 X2.2833 Y22.3523
G1 X2.4252 Y22.1434
G1 X2.5671 Y21.9400
G1 X2.7097 Y21.7408
G1 X2.8540 Y21.5448
G1 X3.0007 Y21.3510
G1 X3.1504 Y21.1586
G1 X3.3039 Y20.9663
G1 X3.4622 Y20.7732
G1 X3.6258 Y20.5781
G1 X3.7956 Y20.3802
G1 X3.9722 Y20.1783
G1 X4.1564 Y19.9717
G1 X4.7345 Y19.3286
G1 X4.7424 Y19.3214
G1 X4.7513 Y19.3158
G1 X4.7612 Y19.3118
G1 X4.7717 Y19.3098
G1 X4.7823 Y19.3096
G1 X4.7928 Y19.3115
G1 X4.8074 Y19.3178
; Retract
G1 Z3.0400 F2540

; Path 37
; Rapid to initial position
G1 X5.5549 Y18.4754 F2540
G1 Z0.5000
; plunge
G1 Z-2.6750 F127
; cut
G1 X5.5646 Y18.4758 F1016
G1 X5.5739 Y18.4770
G1 X5.5863 Y18.4801
G1 X5.5910 Y18.4816
G1 X5.6457 Y18.5014
G1 X5.6421 Y18.4917
G1 X5.6399 Y18.4833
G1 X5.6382 Y18.4727
G1 X5.6377 Y18.4646
G1 X5.6379 Y18.4539
G1 X5.6389 Y18.4450
G1 X5.6424 Y18.4298
G1 X5.6576 Y18.3822
G1 X5.6599 Y18.3764
G1 X5.6666 Y18.3624
G1 X5.6697 Y18.3569
G1 X5.6864 Y18.3314
G1 X5.6243 Y18.4001
G1 X5.5549 Y18.4754
; Retract
G1 Z3.0400 F2540

; Path 38
; Rapid to initial position
G1 X1.4827 Y20.5353 F2540
G1 Z0.5000
; plunge
G1 Z-2.6750 F127
; cut
G1 X1.4745 Y20.5357 F1016
G1 X1.4640 Y20.5352
G1 X1.4555 Y20.5340
G1 X1.4451 Y20.5316
G1 X1.4447 Y20.5315
G1 X1.4593 Y20.5534
G1 X1.4591 Y20.5534
G1 X1.4631 Y20.5593
G1 X1.4744 Y20.5461
G1 X1.4827 Y20.5353
; Retract
G1 Z3.0400 F2540

; Path 39
; Rapid to initial position
G1 X-0.6582 Y20.6061 F2540
G1 Z0.5000
; plunge
G1 Z-2.6750 F127
; cut
G1 X-0.6597 Y20.6043 F1016
G1 X-0.7852 Y20.4663
G1 X-0.7768 Y20.4819
G1 X-0.7727 Y20.4917
G1 X-0.7703 Y20.4995
G1 X-0.7679 Y20.5099
G1 X-0.7668 Y20.5184
G1 X-0.7665 Y20.5291
G1 X-0.7670 Y20.5380
G1 X-0.7686 Y20.5485
G1 X-0.7706 Y20.5562
G1 X-0.7740 Y20.5663
G1 X-0.7776 Y20.5744
G1 X-0.7807 Y20.5797
G1 X-0.7774 Y20.5790
G1 X-0.7667 Y20.5780
G1 X-0.7577 Y20.5780
G1 X-0.7471 Y20.5790
G1 X-0.7409 Y20.5799
G1 X-0.7313 Y20.5823
G1 X-0.6700 Y20.6010
G1 X-0.6601 Y20.6050
G1 X-0.6582 Y20.6061
G1 X-0.8179 Y20.5514
G1 X-0.8232 Y20.5606
G1 X-0.8300 Y20.5687
G1 X-0.8422 Y20.5779
G1 X-0.9034 Y20.6123
G1 X-1.0199 Y20.6679
G1 X-1.1786 Y20.7391
G1 X-1.3645 Y20.8195
G1 X-1.5624 Y20.9031
G1 X-1.7577 Y20.9829
G1 X-1.9351 Y21.0529
G1 X-2.0802 Y21.1068
G1 X-2.3400 Y21.1918
G1 X-2.6075 Y21.2670
G1 X-2.8816 Y21.3326
G1 X-3.1609 Y21.3882
G1 X-3.4440 Y21.4340
G1 X-3.7299 Y21.4699
G1 X-4.0171 Y21.4959
G1 X-4.3044 Y21.5119
G1 X-4.5905 Y21.5177
G1 X-4.8740 Y21.5137
G1 X-5.1538 Y21.4993
G1 X-5.4284 Y21.4748
G1 X-5.6967 Y21.4400
G1 X-5.9572 Y21.3947
G1 X-6.2089 Y21.3391
G1 X-6.4497 Y21.2732
G1 X-6.6472 Y21.2102
G1 X-6.8405 Y21.1420
G1 X-7.0302 Y21.0686
G1 X-7.2158 Y20.9901
G1 X-7.3974 Y20.9065
G1 X-7.5749 Y20.8180
G1 X-7.7483 Y20.7245
G1 X-7.9174 Y20.6262
G1 X-8.0822 Y20.5230
G1 X-8.2427 Y20.4152
G1 X-8.3987 Y20.3028
G1 X-8.5502 Y20.1858
G1 X-8.6972 Y20.0641
G1 X-8.8396 Y19.9381
G1 X-8.9772 Y19.8078
G1 X-9.1101 Y19.6730
G1 X-9.2383 Y19.5340
G1 X-9.3614 Y19.3909
G1 X-9.4797 Y19.2436
G1 X-9.5930 Y19.0923
G1 X-9.7011 Y18.9371
G1 X-9.8040 Y18.7779
G1 X-9.9018 Y18.6148
G1 X-9.9943 Y18.4481
G1 X-10.0816 Y18.2776
G1 X-10.1633 Y18.1036
G1 X-10.2395 Y17.9259
G1 X-10.3103 Y17.7447
G1 X-10.3754 Y17.5602
G1 X-10.4348 Y17.3724
G1 X-10.4887 Y17.1811
G1 X-10.5368 Y16.9859
G1 X-10.5625 Y16.8544
G1 X-10.5836 Y16.7064
G1 X-10.6005 Y16.5455
G1 X-10.6132 Y16.3747
G1 X-10.6218 Y16.1975
G1 X-10.6265 Y16.0175
G1 X-10.6273 Y15.8379
G1 X-10.6243 Y15.6623
G1 X-10.6178 Y15.4940
G1 X-10.6076 Y15.3365
G1 X-10.5938 Y15.1930
G1 X-10.5765 Y15.0665
G1 X-10.5563 Y14.9650
G1 X-10.5550 Y14.9595
G1 X-10.5318 Y14.8831
G1 X-10.5272 Y14.8720
G1 X-10.5010 Y14.8243
G1 X-10.4951 Y14.8155
G1 X-10.4876 Y14.8078
G1 X-10.4775 Y14.8011
G1 X-10.4482 Y14.7855
G1 X-10.4384 Y14.7813
G1 X-10.4280 Y14.7791
G1 X-10.4121 Y14.7793
G1 X-10.2580 Y14.8032
G1 X-9.9596 Y14.8566
G1 X-9.8057 Y14.8860
G1 X-9.6922 Y14.9155
G1 X-9.6813 Y14.9196
G1 X-9.5972 Y14.9610
G1 X-9.5881 Y14.9666
G1 X-9.5811 Y14.9726
G1 X-9.5194 Y15.0362
G1 X-9.5128 Y15.0444
G1 X-9.5088 Y15.0513
G1 X-9.4620 Y15.1479
G1 X-9.4584 Y15.1577
G1 X-9.4184 Y15.3025
G1 X-9.3796 Y15.4987
G1 X-9.3346 Y15.7576
G1 X-9.2996 Y15.9389
G1 X-9.2586 Y16.1132
G1 X-9.2094 Y16.2896
G1 X-9.1542 Y16.4612
G1 X-9.0931 Y16.6279
G1 X-9.0247 Y16.7938
G1 X-8.9499 Y16.9569
G1 X-8.8678 Y17.1190
G1 X-8.7815 Y17.2738
G1 X-8.6870 Y17.4293
G1 X-8.5887 Y17.5776
G1 X-8.4836 Y17.7241
G1 X-8.3714 Y17.8689
G1 X-8.2562 Y18.0063
G1 X-8.1327 Y18.1432
G1 X-8.0068 Y18.2731
G1 X-7.8742 Y18.4003
G1 X-7.7348 Y18.5246
G1 X-7.5935 Y18.6419
G1 X-7.4459 Y18.7560
G1 X-7.2917 Y18.8668
G1 X-7.1344 Y18.9717
G1 X-6.9743 Y19.0705
G1 X-6.8065 Y19.1666
G1 X-6.6365 Y19.2563
G1 X-6.4629 Y19.3405
G1 X-6.2823 Y19.4208
G1 X-6.1006 Y19.4945
G1 X-5.9147 Y19.5627
G1 X-5.7243 Y19.6255
G1 X-5.5285 Y19.6831
G1 X-5.3316 Y19.7342
G1 X-5.1742 Y19.7686
G1 X-5.0104 Y19.7977
G1 X-4.8349 Y19.8227
G1 X-4.6561 Y19.8423
G1 X-4.4689 Y19.8575
G1 X-4.2785 Y19.8676
G1 X-4.0868 Y19.8730
G1 X-4.0868 Y19.8729
G1 X-3.8904 Y19.8734
G1 X-3.8904 Y19.8735
G1 X-3.6961 Y19.8692
G1 X-3.4999 Y19.8601
G1 X-3.3078 Y19.8462
G1 X-3.1165 Y19.8275
G1 X-2.9300 Y19.8040
G1 X-2.7505 Y19.7761
G1 X-2.5773 Y19.7434
G1 X-2.4095 Y19.7056
G1 X-2.1453 Y19.6438
G1 X-1.9198 Y19.5975
G1 X-1.7600 Y19.5714
G1 X-1.7521 Y19.5707
G1 X-1.6792 Y19.5690
G1 X-1.6685 Y19.5697
G1 X-1.6582 Y19.5724
G1 X-1.6485 Y19.5768
G1 X-1.6405 Y19.5826
G1 X-1.5744 Y19.6384
G1 X-1.4666 Y19.7463
G1 X-1.3316 Y19.8895
G1 X-1.1858 Y20.0497
G1 X-1.0455 Y20.2088
G1 X-0.9267 Y20.3488
G1 X-0.8482 Y20.4488
G1 X-0.8428 Y20.4570
G1 X-0.8196 Y20.4999
G1 X-0.8155 Y20.5097
G1 X-0.8132 Y20.5201
G1 X-0.8128 Y20.5308
G1 X-0.8144 Y20.5413
G1 X-0.8179 Y20.5514
; Retract
G1 Z3.0400 F2540

; Path 40
; Rapid to initial position
G1 X-1.7032 Y19.5234 F2540
G1 Z0.5000
; plunge
G1 Z-2.6750 F127
; cut
G1 X-1.7978 Y19.4276 F1016
G1 X-1.7969 Y19.4306
G1 X-1.7952 Y19.4387
G1 X-1.7940 Y19.4493
G1 X-1.7940 Y19.4583
G1 X-1.7949 Y19.4688
G1 X-1.7963 Y19.4770
G1 X-1.7991 Y19.4873
G1 X-1.8022 Y19.4957
G1 X-1.8069 Y19.5053
G1 X-1.8111 Y19.5124
G1 X-1.8174 Y19.5209
G1 X-1.8229 Y19.5271
G1 X-1.8307 Y19.5345
G1 X-1.8332 Y19.5364
G1 X-1.7640 Y19.5252
G1 X-1.7531 Y19.5244
G1 X-1.7032 Y19.5234
; Retract
G1 Z3.0400 F2540

; Path 41
; Rapid to initial position
G1 X1.3889 Y23.5473 F2540
G1 Z0.5000
; plunge
G1 Z-2.6750 F127
; cut
G1 X1.3947 Y23.5738 F1016
G1 X1.4005 Y23.5773
G1 X1.4193 Y23.5578
G1 X1.4106 Y23.5560
G1 X1.4024 Y23.5534
G1 X1.3926 Y23.5493
G1 X1.3889 Y23.5473
; Retract
G1 Z3.0400 F2540

; Path 42
; Rapid to initial position
G1 X-9.4283 Y15.1116 F2540
G1 Z0.5000
; plunge
G1 Z-2.6750 F127
; cut
G1 X-9.4282 Y15.1054 F1016
G1 X-9.4269 Y15.0896
G1 X-9.4260 Y15.0835
G1 X-9.4115 Y15.0180
G1 X-9.4083 Y15.0079
G1 X-9.4051 Y15.0003
G1 X-9.4000 Y14.9909
G1 X-9.3953 Y14.9837
G1 X-9.3886 Y14.9754
G1 X-9.3828 Y14.9693
G1 X-9.3747 Y14.9623
G1 X-9.3686 Y14.9579
G1 X-9.4767 Y14.9429
G1 X-9.5584 Y14.9310
G1 X-9.5576 Y14.9316
G1 X-9.5479 Y14.9403
G1 X-9.4834 Y15.0071
G1 X-9.4767 Y15.0153
G1 X-9.4725 Y15.0215
G1 X-9.4671 Y15.0311
G1 X-9.4283 Y15.1116
; Retract
G1 Z3.0400 F2540

; Path 43
; Rapid to initial position
G1 X-10.5260 Y14.7807 F2540
G1 Z0.5000
; plunge
G1 Z-2.6750 F127
; cut
G1 X-10.5997 Y14.7688 F1016
G1 X-10.5988 Y14.7728
G1 X-10.5976 Y14.7808
G1 X-10.5971 Y14.7955
G1 X-10.6030 Y14.9623
G1 X-10.6013 Y14.9537
G1 X-10.5993 Y14.9460
G1 X-10.5746 Y14.8653
G1 X-10.5700 Y14.8542
G1 X-10.5678 Y14.8497
G1 X-10.5394 Y14.7983
G1 X-10.5334 Y14.7895
G1 X-10.5282 Y14.7831
G1 X-10.5260 Y14.7807
; Retract
G1 Z3.0400 F2540

; Path 44
; Rapid to initial position
G1 X-9.5377 Y12.7870 F2540
G1 Z0.5000
; plunge
G1 Z-2.6750 F127
; cut
G1 X-9.5339 Y12.7870 F1016
G1 X-9.5325 Y12.7858
G1 X-9.5377 Y12.7870
; Retract
G1 Z3.0400 F2540

; Path 45
; Rapid to initial position
G1 X-13.4720 Y12.8099 F2540
G1 Z0.5000
; plunge
G1 Z-2.6750 F127
; cut
G1 X-13.4768 Y12.8012 F1016
G1 X-13.4802 Y12.7934
G1 X-13.4836 Y12.7833
G1 X-13.4841 Y12.7810
G1 X-13.4988 Y12.8065
G1 X-13.4988 Y12.8065
G1 X-13.5002 Y12.8091
G1 X-13.4725 Y12.8099
G1 X-13.4720 Y12.8099
; Retract
G1 Z3.0400 F2540

; Path 46
; Rapid to initial position
G1 X-14.5863 Y11.1138 F2540
G1 Z0.5000
; plunge
G1 Z-2.6750 F127
; cut
G1 X-14.5489 Y11.0234 F1016
G1 X-14.5572 Y11.0284
G1 X-14.5649 Y11.0320
G1 X-14.5748 Y11.0358
G1 X-14.5841 Y11.0382
G1 X-14.5977 Y11.0403
G1 X-14.6032 Y11.0408
G1 X-14.6751 Y11.0429
G1 X-14.6829 Y11.0426
G1 X-14.6200 Y11.0789
G1 X-14.6114 Y11.0851
G1 X-14.6053 Y11.0904
G1 X-14.5978 Y11.0981
G1 X-14.5924 Y11.1047
G1 X-14.5863 Y11.1138
G1 X-14.6046 Y10.9945
G1 X-14.6725 Y10.9966
G1 X-14.6832 Y10.9960
G1 X-14.6954 Y10.9928
G1 X-14.8275 Y10.9415
G1 X-14.8335 Y10.9387
G1 X-15.0199 Y10.8406
G1 X-15.2433 Y10.7060
G1 X-15.4916 Y10.5427
G1 X-15.7515 Y10.3592
G1 X-16.0104 Y10.1633
G1 X-16.2550 Y9.9636
G1 X-16.4182 Y9.8213
G1 X-16.5720 Y9.6805
G1 X-16.7170 Y9.5407
G1 X-16.8537 Y9.4011
G1 X-16.9823 Y9.2610
G1 X-17.1036 Y9.1199
G1 X-17.2178 Y8.9768
G1 X-17.3256 Y8.8312
G1 X-17.4273 Y8.6824
G1 X-17.5234 Y8.5298
G1 X-17.6146 Y8.3728
G1 X-17.7010 Y8.2104
G1 X-17.7834 Y8.0422
G1 X-17.8623 Y7.8676
G1 X-17.9380 Y7.6858
G1 X-18.0112 Y7.4961
G1 X-18.0706 Y7.3311
G1 X-18.1170 Y7.1851
G1 X-18.1517 Y7.0456
G1 X-18.1762 Y6.9002
G1 X-18.1922 Y6.7363
G1 X-18.2017 Y6.5406
G1 X-18.2067 Y6.2995
G1 X-18.2087 Y5.9989
G1 X-18.2085 Y5.7150
G1 X-18.2050 Y5.4796
G1 X-18.1973 Y5.2826
G1 X-18.1838 Y5.1144
G1 X-18.1640 Y4.9657
G1 X-18.1366 Y4.8276
G1 X-18.1010 Y4.6906
G1 X-18.0563 Y4.5453
G1 X-18.0062 Y4.3997
G1 X-17.9513 Y4.2553
G1 X-17.8919 Y4.1120
G1 X-17.8277 Y3.9702
G1 X-17.7589 Y3.8299
G1 X-17.6859 Y3.6911
G1 X-17.6084 Y3.5540
G1 X-17.5266 Y3.4184
G1 X-17.4405 Y3.2848
G1 X-17.3503 Y3.1528
G1 X-17.2560 Y3.0231
G1 X-17.1577 Y2.8950
G1 X-17.0555 Y2.7692
G1 X-16.9495 Y2.6455
G1 X-16.8398 Y2.5240
G1 X-16.7263 Y2.4049
G1 X-16.6092 Y2.2881
G1 X-16.4887 Y2.1739
G1 X-16.3648 Y2.0623
G1 X-16.2374 Y1.9531
G1 X-16.1067 Y1.8467
G1 X-15.9729 Y1.7431
G1 X-15.8359 Y1.6425
G1 X-15.6958 Y1.5447
G1 X-15.5529 Y1.4499
G1 X-15.4069 Y1.3584
G1 X-15.2582 Y1.2698
G1 X-15.1067 Y1.1846
G1 X-14.9525 Y1.1028
G1 X-14.7959 Y1.0244
G1 X-14.6366 Y0.9495
G1 X-14.4751 Y0.8782
G1 X-14.2840 Y0.7985
G1 X-14.1235 Y0.7356
G1 X-14.0130 Y0.6966
G1 X-14.0056 Y0.6945
G1 X-13.9597 Y0.6848
G1 X-13.9491 Y0.6836
G1 X-13.9386 Y0.6843
G1 X-13.9283 Y0.6870
G1 X-13.9186 Y0.6915
G1 X-13.9099 Y0.6977
G1 X-13.9025 Y0.7053
G1 X-13.8957 Y0.7161
G1 X-13.8312 Y0.8485
G1 X-13.7057 Y1.1372
G1 X-13.5364 Y1.5380
G1 X-13.5332 Y1.5482
G1 X-13.5319 Y1.5587
G1 X-13.5325 Y1.5694
G1 X-13.5352 Y1.5797
G1 X-13.5396 Y1.5894
G1 X-13.5457 Y1.5981
G1 X-13.5533 Y1.6056
G1 X-13.5594 Y1.6098
G1 X-13.7764 Y1.7439
G1 X-13.7764 Y1.7440
G1 X-13.9858 Y1.8798
G1 X-14.1860 Y2.0221
G1 X-14.3790 Y2.1720
G1 X-14.5679 Y2.3320
G1 X-14.7470 Y2.4968
G1 X-14.9194 Y2.6696
G1 X-15.0811 Y2.8460
G1 X-15.2376 Y3.0316
G1 X-15.3821 Y3.2186
G1 X-15.5191 Y3.4131
G1 X-15.6464 Y3.6117
G1 X-15.7620 Y3.8121
G1 X-15.8672 Y4.0152
G1 X-15.9622 Y4.2229
G1 X-16.0467 Y4.4345
G1 X-16.1179 Y4.6436
G1 X-16.1547 Y4.7753
G1 X-16.1858 Y4.9139
G1 X-16.2126 Y5.0636
G1 X-16.2344 Y5.2202
G1 X-16.2512 Y5.3817
G1 X-16.2631 Y5.5488
G1 X-16.2701 Y5.7166
G1 X-16.2723 Y5.8891
G1 X-16.2723 Y5.8891
G1 X-16.2694 Y6.0583
G1 X-16.2618 Y6.2274
G1 X-16.2489 Y6.3954
G1 X-16.2314 Y6.5571
G1 X-16.2092 Y6.7106
G1 X-16.1814 Y6.8610
G1 X-16.1500 Y6.9974
G1 X-16.1133 Y7.1260
G1 X-16.0579 Y7.2877
G1 X-15.9960 Y7.4464
G1 X-15.9249 Y7.6099
G1 X-15.9250 Y7.6099
G1 X-15.8483 Y7.7698
G1 X-15.7638 Y7.9313
G1 X-15.6728 Y8.0916
G1 X-15.5759 Y8.2503
G1 X-15.4724 Y8.4083
G1 X-15.3656 Y8.5602
G1 X-15.2529 Y8.7104
G1 X-15.1346 Y8.8579
G1 X-15.0148 Y8.9977
G1 X-14.8901 Y9.1339
G1 X-14.7623 Y9.2642
G1 X-14.6316 Y9.3880
G1 X-14.4954 Y9.5077
G1 X-14.2552 Y9.7347
G1 X-14.2476 Y9.7436
G1 X-14.1477 Y9.8864
G1 X-14.1424 Y9.8956
G1 X-14.1390 Y9.9057
G1 X-14.1373 Y9.9163
G1 X-14.1385 Y9.9315
G1 X-14.1533 Y10.0021
G1 X-14.1548 Y10.0081
G1 X-14.1951 Y10.1322
G1 X-14.2527 Y10.2894
G1 X-14.3208 Y10.4626
G1 X-14.3923 Y10.6342
G1 X-14.4603 Y10.7877
G1 X-14.5165 Y10.9022
G1 X-14.5195 Y10.9078
G1 X-14.5576 Y10.9677
G1 X-14.5641 Y10.9760
G1 X-14.5721 Y10.9832
G1 X-14.5812 Y10.9887
G1 X-14.5911 Y10.9924
G1 X-14.6046 Y10.9945
; Retract
G1 Z3.0400 F2540

; Path 47
; Rapid to initial position
G1 X-14.1015 Y9.8740 F2540
G1 Z0.5000
; plunge
G1 Z-2.6750 F127
; cut
G1 X-14.0323 Y9.6904 F1016
G1 X-14.0512 Y9.7146
G1 X-14.0584 Y9.7224
G1 X-14.0652 Y9.7284
G1 X-14.0738 Y9.7347
G1 X-14.0809 Y9.7389
G1 X-14.0904 Y9.7435
G1 X-14.0983 Y9.7464
G1 X-14.1085 Y9.7493
G1 X-14.1171 Y9.7508
G1 X-14.1277 Y9.7517
G1 X-14.1366 Y9.7516
G1 X-14.1472 Y9.7504
G1 X-14.1550 Y9.7489
G1 X-14.1652 Y9.7459
G1 X-14.1715 Y9.7436
G1 X-14.1787 Y9.7403
G1 X-14.2017 Y9.7285
G1 X-14.1075 Y9.8634
G1 X-14.1022 Y9.8726
G1 X-14.1015 Y9.8740
; Retract
G1 Z3.0400 F2540

; Path 48
; Rapid to initial position
G1 X-16.4458 Y14.2828 F2540
G1 Z0.5000
; plunge
G1 Z-2.6750 F127
; cut
G1 X-16.4510 Y14.2902 F1016
G1 X-16.4396 Y14.2908
G1 X-16.4401 Y14.2903
G1 X-16.4458 Y14.2828
; Retract
G1 Z3.0400 F2540

; Path 49
; Rapid to initial position
G1 X-18.2549 Y6.0322 F2540
G1 Z0.5000
; plunge
G1 Z-2.6750 F127
; cut
G1 X-18.2550 Y5.9989 F1016
G1 X-18.2550 Y5.8912
G1 X-18.2559 Y5.9513
G1 X-18.2559 Y5.9522
G1 X-18.2549 Y6.0322
; Retract
G1 Z3.0400 F2540

; Path 50
; Rapid to initial position
G1 X-13.5235 Y1.6409 F2540
G1 Z0.5000
; plunge
G1 Z-2.6750 F127
; cut
G1 X-13.5220 Y1.6413 F1016
G1 X-13.5145 Y1.6441
G1 X-13.5048 Y1.6488
G1 X-13.4976 Y1.6531
G1 X-13.4890 Y1.6594
G1 X-13.4824 Y1.6651
G1 X-13.4821 Y1.6655
G1 X-13.5026 Y1.6175
G1 X-13.5076 Y1.6246
G1 X-13.5133 Y1.6313
G1 X-13.5209 Y1.6388
G1 X-13.5235 Y1.6409
; Retract
G1 Z3.0400 F2540

; Path 51
; Rapid to initial position
G1 X-13.9049 Y0.6468 F2540
G1 Z0.5000
; plunge
G1 Z-2.6750 F127
; cut
G1 X-13.9081 Y0.6388 F1016
G1 X-13.9090 Y0.6406
G1 X-13.9111 Y0.6440
G1 X-13.9085 Y0.6450
G1 X-13.9049 Y0.6468
; Retract
G1 Z3.0400 F2540

; Path 52
; Rapid to initial position
G1 X-13.4606 Y-2.5383 F2540
G1 Z0.5000
; plunge
G1 Z-2.6750 F127
; cut
G1 X-13.4577 Y-2.5478 F1016
G1 X-13.4442 Y-2.5810
G1 X-13.4856 Y-2.5788
G1 X-13.4860 Y-2.5788
G1 X-13.4828 Y-2.5737
G1 X-13.4827 Y-2.5737
G1 X-13.4606 Y-2.5383
; Retract
G1 Z3.0400 F2540

; Path 53
; Rapid to initial position
G1 X-12.4285 Y-4.2933 F2540
G1 Z0.5000
; plunge
G1 Z-2.6750 F127
; cut
G1 X-12.4212 Y-4.2942 F1016
G1 X-12.4199 Y-4.2946
G1 X-12.3256 Y-4.3078
G1 X-12.3293 Y-4.3117
G1 X-12.3347 Y-4.3187
G1 X-12.3404 Y-4.3276
G1 X-12.3443 Y-4.3351
G1 X-12.3483 Y-4.3450
G1 X-12.3509 Y-4.3537
G1 X-12.3532 Y-4.3660
G1 X-12.3539 Y-4.3711
G1 X-12.3583 Y-4.4280
G1 X-12.3583 Y-4.4368
G1 X-12.3560 Y-4.5088
G1 X-12.3634 Y-4.4647
G1 X-12.3659 Y-4.4543
G1 X-12.4027 Y-4.3348
G1 X-12.4067 Y-4.3249
G1 X-12.4110 Y-4.3168
G1 X-12.4201 Y-4.3036
G1 X-12.4285 Y-4.2933
G1 X-12.3014 Y-4.3525
G1 X-12.3054 Y-4.3624
G1 X-12.3077 Y-4.3747
G1 X-12.3120 Y-4.4287
G1 X-12.3120 Y-4.4352
G1 X-12.3076 Y-4.5699
G1 X-12.2954 Y-4.7630
G1 X-12.2764 Y-4.9951
G1 X-12.2553 Y-5.2005
G1 X-12.2289 Y-5.4027
G1 X-12.1971 Y-5.6013
G1 X-12.1601 Y-5.7966
G1 X-12.1178 Y-5.9885
G1 X-12.0701 Y-6.1769
G1 X-12.0173 Y-6.3619
G1 X-11.9591 Y-6.5434
G1 X-11.8957 Y-6.7214
G1 X-11.8271 Y-6.8959
G1 X-11.7531 Y-7.0669
G1 X-11.6739 Y-7.2344
G1 X-11.5895 Y-7.3983
G1 X-11.4999 Y-7.5586
G1 X-11.4051 Y-7.7154
G1 X-11.3052 Y-7.8685
G1 X-11.1999 Y-8.0179
G1 X-11.0895 Y-8.1638
G1 X-10.9740 Y-8.3060
G1 X-10.8534 Y-8.4445
G1 X-10.7275 Y-8.5792
G1 X-10.5967 Y-8.7103
G1 X-10.4606 Y-8.8377
G1 X-10.3194 Y-8.9613
G1 X-10.1733 Y-9.0811
G1 X-10.0219 Y-9.1974
G1 X-9.8656 Y-9.3096
G1 X-9.7043 Y-9.4182
G1 X-9.5379 Y-9.5229
G1 X-9.3665 Y-9.6238
G1 X-9.1900 Y-9.7210
G1 X-9.0080 Y-9.8144
G1 X-8.7989 Y-9.9117
G1 X-8.5798 Y-10.0010
G1 X-8.3520 Y-10.0822
G1 X-8.1163 Y-10.1552
G1 X-7.8741 Y-10.2198
G1 X-7.6260 Y-10.2760
G1 X-7.3736 Y-10.3236
G1 X-7.1176 Y-10.3624
G1 X-6.8591 Y-10.3923
G1 X-6.5993 Y-10.4132
G1 X-6.3392 Y-10.4250
G1 X-6.0799 Y-10.4274
G1 X-5.8224 Y-10.4204
G1 X-5.5678 Y-10.4037
G1 X-5.3170 Y-10.3772
G1 X-5.0719 Y-10.3408
G1 X-4.7612 Y-10.2826
G1 X-4.4640 Y-10.2154
G1 X-4.1780 Y-10.1387
G1 X-3.9004 Y-10.0513
G1 X-3.6285 Y-9.9528
G1 X-3.3603 Y-9.8418
G1 X-3.0927 Y-9.7178
G1 X-2.8242 Y-9.5804
G1 X-2.4879 Y-9.4009
G1 X-2.3542 Y-9.3286
G1 X-2.2416 Y-9.2659
G1 X-2.1486 Y-9.2109
G1 X-2.0734 Y-9.1615
G1 X-2.0205 Y-9.1203
G1 X-2.0143 Y-9.1147
G1 X-1.9785 Y-9.0773
G1 X-1.9697 Y-9.0656
G1 X-1.9501 Y-9.0308
G1 X-1.9458 Y-9.0211
G1 X-1.9433 Y-9.0105
G1 X-1.9384 Y-8.9767
G1 X-1.9379 Y-8.9660
G1 X-1.9398 Y-8.9538
G1 X-1.9488 Y-8.9194
G1 X-1.9525 Y-8.9094
G1 X-1.9551 Y-8.9044
G1 X-1.9768 Y-8.8681
G1 X-1.9820 Y-8.8606
G1 X-2.0181 Y-8.8175
G1 X-2.0627 Y-8.7715
G1 X-2.1762 Y-8.6610
G1 X-2.3944 Y-8.4448
G1 X-2.5103 Y-8.3287
G1 X-2.5185 Y-8.3218
G1 X-2.5277 Y-8.3167
G1 X-2.5379 Y-8.3133
G1 X-2.5486 Y-8.3118
G1 X-2.6048 Y-8.3092
G1 X-2.6197 Y-8.3105
G1 X-2.7451 Y-8.3376
G1 X-2.9162 Y-8.3885
G1 X-3.3753 Y-8.5494
G1 X-3.6385 Y-8.6296
G1 X-3.9036 Y-8.6984
G1 X-4.1655 Y-8.7549
G1 X-4.4293 Y-8.8002
G1 X-4.6951 Y-8.8347
G1 X-4.9562 Y-8.8576
G1 X-5.2179 Y-8.8695
G1 X-5.4807 Y-8.8706
G1 X-5.7374 Y-8.8610
G1 X-5.9965 Y-8.8404
G1 X-6.2485 Y-8.8098
G1 X-6.5021 Y-8.7681
G1 X-6.7486 Y-8.7167
G1 X-6.9955 Y-8.6543
G1 X-7.2362 Y-8.5823
G1 X-7.4728 Y-8.5004
G1 X-7.7045 Y-8.4088
G1 X-7.9312 Y-8.3073
G1 X-8.1534 Y-8.1960
G1 X-8.3711 Y-8.0745
G1 X-8.5811 Y-7.9445
G1 X-8.7827 Y-7.8065
G1 X-8.9818 Y-7.6564
G1 X-9.1702 Y-7.5001
G1 X-9.3527 Y-7.3336
G1 X-9.5273 Y-7.1584
G1 X-9.6928 Y-6.9754
G1 X-9.8524 Y-6.7809
G1 X-10.0003 Y-6.5812
G1 X-10.1398 Y-6.3722
G1 X-10.2701 Y-6.1543
G1 X-10.3547 Y-5.9919
G1 X-10.4460 Y-5.7941
G1 X-10.5393 Y-5.5741
G1 X-10.6273 Y-5.3505
G1 X-10.7045 Y-5.1376
G1 X-10.7672 Y-4.9451
G1 X-10.8072 Y-4.7968
G1 X-10.8218 Y-4.6981
G1 X-10.8243 Y-4.6878
G1 X-10.8287 Y-4.6781
G1 X-10.8320 Y-4.6729
G1 X-10.9059 Y-4.5698
G1 X-10.9128 Y-4.5617
G1 X-10.9212 Y-4.5551
G1 X-10.9306 Y-4.5501
G1 X-10.9381 Y-4.5475
G1 X-11.2241 Y-4.4718
G1 X-11.4547 Y-4.4303
G1 X-11.6560 Y-4.3953
G1 X-11.8281 Y-4.3669
G1 X-11.9710 Y-4.3448
G1 X-12.0849 Y-4.3291
G1 X-12.1713 Y-4.3197
G1 X-12.2242 Y-4.3173
G1 X-12.2367 Y-4.3181
G1 X-12.2599 Y-4.3221
G1 X-12.2702 Y-4.3248
G1 X-12.2798 Y-4.3295
G1 X-12.2883 Y-4.3358
G1 X-12.2957 Y-4.3436
G1 X-12.3014 Y-4.3525
; Retract
G1 Z3.0400 F2540

; Path 54
; Rapid to initial position
G1 X-10.8630 Y-4.5504 F2540
G1 Z0.5000
; plunge
G1 Z-2.6750 F127
; cut
G1 X-10.7688 Y-4.5680 F1016
G1 X-10.7701 Y-4.5690
G1 X-10.7760 Y-4.5750
G1 X-10.7828 Y-4.5833
G1 X-10.7876 Y-4.5904
G1 X-10.7927 Y-4.5997
G1 X-10.7955 Y-4.6059
G1 X-10.7992 Y-4.6163
G1 X-10.8039 Y-4.6327
G1 X-10.8630 Y-4.5504
; Retract
G1 Z3.0400 F2540

; Path 55
; Rapid to initial position
G1 X-16.3548 Y-4.1442 F2540
G1 Z0.5000
; plunge
G1 Z-2.6750 F127
; cut
G1 X-16.4018 Y-4.1544 F1016
G1 X-16.4043 Y-4.1550
G1 X-16.3811 Y-4.0975
G1 X-16.3793 Y-4.1038
G1 X-16.3755 Y-4.1137
G1 X-16.3717 Y-4.1213
G1 X-16.3662 Y-4.1304
G1 X-16.3612 Y-4.1370
G1 X-16.3548 Y-4.1442
; Retract
G1 Z3.0400 F2540

; Path 56
; Rapid to initial position
G1 X-2.7594 Y-8.0258 F2540
G1 Z0.5000
; plunge
G1 Z-2.6750 F127
; cut
G1 X-2.7047 Y-8.0868 F1016
G1 X-2.5877 Y-8.2156
G1 X-2.5414 Y-8.2661
G1 X-2.5466 Y-8.2654
G1 X-2.6028 Y-8.2629
G1 X-2.6089 Y-8.2630
G1 X-2.6237 Y-8.2642
G1 X-2.6295 Y-8.2651
G1 X-2.7321 Y-8.2875
G1 X-2.7276 Y-8.2844
G1 X-2.7194 Y-8.2775
G1 X-2.7137 Y-8.2717
G1 X-2.7070 Y-8.2636
G1 X-2.7021 Y-8.2565
G1 X-2.6969 Y-8.2472
G1 X-2.6935 Y-8.2395
G1 X-2.6901 Y-8.2294
G1 X-2.6880 Y-8.2209
G1 X-2.6866 Y-8.2103
G1 X-2.6862 Y-8.2018
G1 X-2.6867 Y-8.1912
G1 X-2.6876 Y-8.1836
G1 X-2.6902 Y-8.1722
G1 X-2.7072 Y-8.1140
G1 X-2.7110 Y-8.1040
G1 X-2.7141 Y-8.0975
G1 X-2.7180 Y-8.0910
G1 X-2.7594 Y-8.0258
; Retract
G1 Z3.0400 F2540

; Path 57
; Rapid to initial position
G1 X-1.8919 Y-8.9626 F2540
G1 Z0.5000
; plunge
G1 Z-2.6750 F127
; cut
G1 X-1.8349 Y-9.0236 F1016
G1 X-1.8373 Y-9.0239
G1 X-1.8474 Y-9.0270
G1 X-1.8612 Y-9.0329
G1 X-1.8663 Y-9.0355
G1 X-1.9162 Y-9.0648
G1 X-1.9077 Y-9.0496
G1 X-1.9034 Y-9.0399
G1 X-1.9008 Y-9.0320
G1 X-1.8974 Y-9.0170
G1 X-1.8921 Y-8.9788
G1 X-1.8917 Y-8.9682
G1 X-1.8919 Y-8.9626
; Retract
G1 Z3.0400 F2540

; Path 58
; Rapid to initial position
G1 X1.4736 Y-10.2919 F2540
G1 Z0.5000
; plunge
G1 Z-2.6750 F127
; cut
G1 X1.4807 Y-10.2938 F1016
G1 X1.4898 Y-10.2951
G1 X1.5003 Y-10.2957
G1 X1.5084 Y-10.2954
G1 X1.5190 Y-10.2941
G1 X1.5221 Y-10.2934
G1 X1.4981 Y-10.3273
G1 X1.4845 Y-10.3078
G1 X1.4736 Y-10.2919
; Retract
G1 Z3.0400 F2540

; Path 59
; Rapid to initial position
G1 X3.7258 Y-10.2571 F2540
G1 Z0.5000
; plunge
G1 Z-2.6750 F127
; cut
G1 X3.7595 Y-10.2210 F1016
G1 X3.7708 Y-10.2090
G1 X3.7707 Y-10.2146
G1 X3.7715 Y-10.2252
G1 X3.7728 Y-10.2333
G1 X3.7754 Y-10.2436
G1 X3.7785 Y-10.2520
G1 X3.7831 Y-10.2617
G1 X3.7875 Y-10.2689
G1 X3.7937 Y-10.2776
G1 X3.7992 Y-10.2838
G1 X3.8033 Y-10.2878
G1 X3.7479 Y-10.2631
G1 X3.7378 Y-10.2596
G1 X3.7298 Y-10.2576
G1 X3.7258 Y-10.2571
G1 X3.8203 Y-10.2320
G1 X3.8249 Y-10.2417
G1 X3.8312 Y-10.2503
G1 X3.8393 Y-10.2580
G1 X3.8939 Y-10.3001
G1 X3.9023 Y-10.3055
G1 X4.0536 Y-10.3850
G1 X4.2755 Y-10.4893
G1 X4.5462 Y-10.6074
G1 X4.8160 Y-10.7166
G1 X5.0858 Y-10.8164
G1 X5.3553 Y-10.9069
G1 X5.6241 Y-10.9877
G1 X5.8919 Y-11.0589
G1 X6.1583 Y-11.1205
G1 X6.4230 Y-11.1721
G1 X6.6869 Y-11.2141
G1 X6.9327 Y-11.2385
G1 X7.2185 Y-11.2505
G1 X7.5317 Y-11.2504
G1 X7.8598 Y-11.2392
G1 X8.1898 Y-11.2176
G1 X8.5094 Y-11.1860
G1 X8.8058 Y-11.1449
G1 X9.0650 Y-11.0951
G1 X9.2350 Y-11.0541
G1 X9.4032 Y-11.0088
G1 X9.5692 Y-10.9591
G1 X9.7332 Y-10.9052
G1 X9.8950 Y-10.8472
G1 X10.0546 Y-10.7851
G1 X10.2116 Y-10.7191
G1 X10.3664 Y-10.6491
G1 X10.5186 Y-10.5752
G1 X10.6682 Y-10.4976
G1 X10.8151 Y-10.4162
G1 X10.9592 Y-10.3310
G1 X11.1005 Y-10.2424
G1 X11.2388 Y-10.1500
G1 X11.3740 Y-10.0543
G1 X11.5062 Y-9.9551
G1 X11.6352 Y-9.8527
G1 X11.7608 Y-9.7469
G1 X11.8830 Y-9.6378
G1 X12.0020 Y-9.5256
G1 X12.1170 Y-9.4105
G1 X12.2288 Y-9.2921
G1 X12.3366 Y-9.1709
G1 X12.4407 Y-9.0468
G1 X12.5409 Y-8.9197
G1 X12.6371 Y-8.7900
G1 X12.7293 Y-8.6575
G1 X12.8172 Y-8.5224
G1 X12.9010 Y-8.3848
G1 X12.9805 Y-8.2447
G1 X13.0555 Y-8.1021
G1 X13.1259 Y-7.9574
G1 X13.1931 Y-7.8094
G1 X13.2550 Y-7.6646
G1 X13.3115 Y-7.5224
G1 X13.3628 Y-7.3822
G1 X13.4092 Y-7.2428
G1 X13.4506 Y-7.1039
G1 X13.4874 Y-6.9644
G1 X13.5196 Y-6.8238
G1 X13.5473 Y-6.6812
G1 X13.5710 Y-6.5358
G1 X13.5905 Y-6.3870
G1 X13.6060 Y-6.2340
G1 X13.6180 Y-6.0757
G1 X13.6263 Y-5.9118
G1 X13.6314 Y-5.7414
G1 X13.6333 Y-5.5636
G1 X13.6322 Y-5.3888
G1 X13.6288 Y-5.2233
G1 X13.6232 Y-5.0708
G1 X13.6155 Y-4.9349
G1 X13.6060 Y-4.8192
G1 X13.5948 Y-4.7259
G1 X13.5830 Y-4.6650
G1 X13.5792 Y-4.6527
G1 X13.5665 Y-4.6238
G1 X13.5614 Y-4.6144
G1 X13.5547 Y-4.6063
G1 X13.5465 Y-4.5994
G1 X13.5372 Y-4.5941
G1 X13.5314 Y-4.5919
G1 X13.4736 Y-4.5731
G1 X13.4632 Y-4.5707
G1 X13.4578 Y-4.5703
G1 X13.3478 Y-4.5663
G1 X13.3417 Y-4.5664
G1 X13.1827 Y-4.5773
G1 X12.9868 Y-4.6026
G1 X12.5323 Y-4.6720
G1 X12.5219 Y-4.6746
G1 X12.5123 Y-4.6790
G1 X12.5035 Y-4.6852
G1 X12.4961 Y-4.6927
G1 X12.4901 Y-4.7017
G1 X12.4859 Y-4.7114
G1 X12.4837 Y-4.7211
G1 X12.4442 Y-4.9946
G1 X12.4046 Y-5.2403
G1 X12.3584 Y-5.4743
G1 X12.3042 Y-5.7047
G1 X12.2433 Y-5.9254
G1 X12.1752 Y-6.1379
G1 X12.0989 Y-6.3454
G1 X12.0140 Y-6.5483
G1 X11.9224 Y-6.7427
G1 X11.8230 Y-6.9306
G1 X11.7140 Y-7.1158
G1 X11.5977 Y-7.2936
G1 X11.4734 Y-7.4662
G1 X11.3385 Y-7.6366
G1 X11.1967 Y-7.8002
G1 X11.0446 Y-7.9611
G1 X10.8843 Y-8.1174
G1 X10.7430 Y-8.2453
G1 X10.6001 Y-8.3663
G1 X10.4517 Y-8.4834
G1 X10.3025 Y-8.5928
G1 X10.1503 Y-8.6964
G1 X9.9938 Y-8.7948
G1 X9.8319 Y-8.8886
G1 X9.6698 Y-8.9749
G1 X9.5017 Y-9.0569
G1 X9.3296 Y-9.1333
G1 X9.1541 Y-9.2042
G1 X8.9729 Y-9.2704
G1 X8.7903 Y-9.3303
G1 X8.6010 Y-9.3856
G1 X8.4055 Y-9.4365
G1 X8.2070 Y-9.4818
G1 X8.0536 Y-9.5107
G1 X7.8889 Y-9.5350
G1 X7.7134 Y-9.5550
G1 X7.5284 Y-9.5703
G1 X7.3378 Y-9.5809
G1 X7.1438 Y-9.5869
G1 X7.1438 Y-9.5868
G1 X6.9439 Y-9.5884
G1 X6.9439 Y-9.5885
G1 X6.7451 Y-9.5855
G1 X6.5434 Y-9.5779
G1 X6.3459 Y-9.5662
G1 X6.3459 Y-9.5660
G1 X6.1489 Y-9.5497
G1 X5.9581 Y-9.5292
G1 X5.7753 Y-9.5045
G1 X5.5971 Y-9.4751
G1 X5.4317 Y-9.4422
G1 X5.2758 Y-9.4049
G1 X4.7349 Y-9.2623
G1 X4.7244 Y-9.2605
G1 X4.7138 Y-9.2607
G1 X4.7033 Y-9.2629
G1 X4.6935 Y-9.2670
G1 X4.6846 Y-9.2727
G1 X4.6792 Y-9.2773
G1 X4.2564 Y-9.7003
G1 X4.0912 Y-9.8692
G1 X3.9552 Y-10.0158
G1 X3.8643 Y-10.1221
G1 X3.8595 Y-10.1285
G1 X3.8260 Y-10.1809
G1 X3.8211 Y-10.1904
G1 X3.8179 Y-10.2006
G1 X3.8169 Y-10.2111
G1 X3.8177 Y-10.2217
G1 X3.8203 Y-10.2320
; Retract
G1 Z3.0400 F2540

; Path 60
; Rapid to initial position
G1 X4.7327 Y-9.2149 F2540
G1 Z0.5000
; plunge
G1 Z-2.6750 F127
; cut
G1 X4.7613 Y-9.1859 F1016
G1 X4.7872 Y-9.1595
G1 X4.7858 Y-9.1683
G1 X4.7853 Y-9.1764
G1 X4.7855 Y-9.1870
G1 X4.7864 Y-9.1955
G1 X4.7886 Y-9.2059
G1 X4.7912 Y-9.2143
G1 X4.7953 Y-9.2242
G1 X4.7992 Y-9.2315
G1 X4.7426 Y-9.2166
G1 X4.7327 Y-9.2149
G1 X4.8340 Y-9.1965
G1 X4.8381 Y-9.2064
G1 X4.8439 Y-9.2153
G1 X4.8512 Y-9.2231
G1 X4.8584 Y-9.2285
G1 X4.8934 Y-9.2507
G1 X4.9058 Y-9.2565
G1 X5.0049 Y-9.2902
G1 X5.1502 Y-9.3307
G1 X5.3290 Y-9.3751
G1 X5.5282 Y-9.4205
G1 X5.7348 Y-9.4635
G1 X5.9354 Y-9.5013
G1 X6.1180 Y-9.5305
G1 X6.3470 Y-9.5529
G1 X6.6158 Y-9.5634
G1 X6.9120 Y-9.5625
G1 X7.2232 Y-9.5511
G1 X7.5367 Y-9.5297
G1 X7.8399 Y-9.4991
G1 X8.1201 Y-9.4598
G1 X8.3641 Y-9.4124
G1 X8.5579 Y-9.3642
G1 X8.7483 Y-9.3095
G1 X8.9351 Y-9.2487
G1 X9.1185 Y-9.1818
G1 X9.2983 Y-9.1091
G1 X9.4742 Y-9.0305
G1 X9.6463 Y-8.9462
G1 X9.8141 Y-8.8563
G1 X9.9780 Y-8.7609
G1 X10.1375 Y-8.6603
G1 X10.2926 Y-8.5543
G1 X10.4431 Y-8.4433
G1 X10.5892 Y-8.3272
G1 X10.7304 Y-8.2063
G1 X10.8669 Y-8.0807
G1 X10.9983 Y-7.9504
G1 X11.1245 Y-7.8155
G1 X11.2456 Y-7.6763
G1 X11.3615 Y-7.5329
G1 X11.4718 Y-7.3852
G1 X11.5766 Y-7.2334
G1 X11.6758 Y-7.0778
G1 X11.7690 Y-6.9184
G1 X11.8565 Y-6.7553
G1 X11.9378 Y-6.5887
G1 X12.0132 Y-6.4186
G1 X12.0821 Y-6.2452
G1 X12.1447 Y-6.0686
G1 X12.2008 Y-5.8889
G1 X12.2503 Y-5.7063
G1 X12.2930 Y-5.5208
G1 X12.3290 Y-5.3328
G1 X12.3596 Y-5.1354
G1 X12.3796 Y-4.9674
G1 X12.3870 Y-4.8507
G1 X12.3867 Y-4.8397
G1 X12.3800 Y-4.7885
G1 X12.3777 Y-4.7781
G1 X12.3735 Y-4.7683
G1 X12.3676 Y-4.7594
G1 X12.3601 Y-4.7518
G1 X12.3514 Y-4.7457
G1 X12.3417 Y-4.7413
G1 X12.3314 Y-4.7386
G1 X12.3250 Y-4.7380
G1 X12.2030 Y-4.7328
G1 X12.1934 Y-4.7332
G1 X11.9469 Y-4.7639
G1 X11.6442 Y-4.8095
G1 X11.3498 Y-4.8425
G1 X11.0641 Y-4.8631
G1 X10.7866 Y-4.8711
G1 X10.5171 Y-4.8665
G1 X10.2554 Y-4.8496
G1 X9.9972 Y-4.8197
G1 X9.7494 Y-4.7776
G1 X9.5067 Y-4.7226
G1 X9.2701 Y-4.6550
G1 X9.0395 Y-4.5746
G1 X8.8138 Y-4.4811
G1 X8.5940 Y-4.3750
G1 X8.3782 Y-4.2554
G1 X8.1679 Y-4.1233
G1 X7.9624 Y-3.9784
G1 X7.7978 Y-3.8480
G1 X7.6172 Y-3.6911
G1 X7.4276 Y-3.5154
G1 X7.2337 Y-3.3253
G1 X7.0477 Y-3.1331
G1 X6.8726 Y-2.9417
G1 X6.7196 Y-2.7627
G1 X6.5952 Y-2.6026
G1 X6.5879 Y-2.5948
G1 X6.5794 Y-2.5885
G1 X6.5698 Y-2.5839
G1 X6.5595 Y-2.5810
G1 X6.5489 Y-2.5802
G1 X6.5383 Y-2.5813
G1 X6.5281 Y-2.5842
G1 X6.5186 Y-2.5891
G1 X6.5101 Y-2.5956
G1 X6.5030 Y-2.6035
G1 X6.4975 Y-2.6126
G1 X6.4936 Y-2.6225
G1 X6.4918 Y-2.6330
G1 X6.4919 Y-2.6445
G1 X6.5266 Y-2.9594
G1 X6.5288 Y-2.9698
G1 X6.5310 Y-2.9761
G1 X6.6476 Y-3.2450
G1 X6.7462 Y-3.5024
G1 X6.8315 Y-3.7609
G1 X6.9006 Y-4.0124
G1 X6.9568 Y-4.2692
G1 X6.9997 Y-4.5300
G1 X7.0303 Y-4.7985
G1 X7.0488 Y-5.0736
G1 X7.0532 Y-5.1979
G1 X7.0531 Y-5.1979
G1 X7.0545 Y-5.3210
G1 X7.0546 Y-5.3210
G1 X7.0529 Y-5.4385
G1 X7.0481 Y-5.5551
G1 X7.0401 Y-5.6695
G1 X7.0287 Y-5.7838
G1 X7.0143 Y-5.8927
G1 X7.0142 Y-5.8927
G1 X6.9957 Y-6.0037
G1 X6.9739 Y-6.1116
G1 X6.9490 Y-6.2164
G1 X6.9199 Y-6.3224
G1 X6.8868 Y-6.4275
G1 X6.8490 Y-6.5342
G1 X6.8086 Y-6.6368
G1 X6.7625 Y-6.7431
G1 X6.7136 Y-6.8460
G1 X6.6586 Y-6.9526
G1 X6.6010 Y-7.0567
G1 X6.5376 Y-7.1632
G1 X6.4689 Y-7.2717
G1 X6.3967 Y-7.3794
G1 X6.3188 Y-7.4896
G1 X6.2351 Y-7.6022
G1 X6.1477 Y-7.7146
G1 X6.0537 Y-7.8308
G1 X5.9556 Y-7.9478
G1 X5.8514 Y-8.0678
G1 X5.7410 Y-8.1910
G1 X5.6260 Y-8.3157
G1 X5.5049 Y-8.4439
G1 X5.3777 Y-8.5753
G1 X5.2441 Y-8.7106
G1 X5.0895 Y-8.8681
G1 X4.9626 Y-9.0022
G1 X4.8774 Y-9.0974
G1 X4.8735 Y-9.1023
G1 X4.8423 Y-9.1458
G1 X4.8369 Y-9.1549
G1 X4.8333 Y-9.1649
G1 X4.8316 Y-9.1755
G1 X4.8318 Y-9.1861
G1 X4.8340 Y-9.1965
; Retract
G1 Z3.0400 F2540

; Path 61
; Rapid to initial position
G1 X6.4700 Y-2.8679 F2540
G1 Z0.5000
; plunge
G1 Z-2.6750 F127
; cut
G1 X6.4177 Y-2.7474 F1016
G1 X6.2892 Y-2.4725
G1 X6.1496 Y-2.1934
G1 X5.9994 Y-1.9107
G1 X5.8627 Y-1.6657
G1 X5.7978 Y-1.5530
G1 X5.8245 Y-1.5919
G1 X5.9375 Y-1.7520
G1 X6.0514 Y-1.9087
G1 X6.1660 Y-2.0625
G1 X6.2813 Y-2.2129
G1 X6.3971 Y-2.3600
G1 X6.5134 Y-2.5036
G1 X6.5392 Y-2.5345
G1 X6.5332 Y-2.5352
G1 X6.5254 Y-2.5368
G1 X6.5152 Y-2.5397
G1 X6.5072 Y-2.5428
G1 X6.4977 Y-2.5477
G1 X6.4901 Y-2.5525
G1 X6.4817 Y-2.5590
G1 X6.4759 Y-2.5644
G1 X6.4687 Y-2.5723
G1 X6.4632 Y-2.5795
G1 X6.4577 Y-2.5887
G1 X6.4542 Y-2.5959
G1 X6.4504 Y-2.6058
G1 X6.4480 Y-2.6144
G1 X6.4462 Y-2.6249
G1 X6.4455 Y-2.6334
G1 X6.4458 Y-2.6496
G1 X6.4700 Y-2.8679
G1 X6.4026 Y-2.6055
G1 X6.3307 Y-2.4518
G1 X6.1905 Y-2.1716
G1 X6.1888 Y-2.1682
G1 X6.2449 Y-2.2415
G1 X6.3611 Y-2.3891
G1 X6.4629 Y-2.5150
G1 X6.4617 Y-2.5159
G1 X6.4501 Y-2.5251
G1 X6.4417 Y-2.5332
G1 X6.4317 Y-2.5443
G1 X6.4262 Y-2.5516
G1 X6.4235 Y-2.5556
G1 X6.4161 Y-2.5684
G1 X6.4110 Y-2.5793
G1 X6.4057 Y-2.5935
G1 X6.4026 Y-2.6055
G1 X4.9931 Y-0.2985
G1 X4.9864 Y-0.2948
G1 X4.9767 Y-0.2905
G1 X4.9690 Y-0.2878
G1 X4.9586 Y-0.2853
G1 X4.9496 Y-0.2840
G1 X4.9391 Y-0.2835
G1 X4.9326 Y-0.2837
G1 X4.9237 Y-0.2846
G1 X4.8512 Y-0.2956
G1 X4.8575 Y-0.2923
G1 X4.8643 Y-0.2883
G1 X4.9992 Y-0.2003
G1 X4.9964 Y-0.2048
G1 X4.9926 Y-0.2126
G1 X4.9888 Y-0.2225
G1 X4.9865 Y-0.2306
G1 X4.9846 Y-0.2411
G1 X4.9838 Y-0.2497
G1 X4.9838 Y-0.2603
G1 X4.9846 Y-0.2688
G1 X4.9865 Y-0.2793
G1 X4.9887 Y-0.2870
G1 X4.9924 Y-0.2970
G1 X4.9931 Y-0.2985
; Retract
G1 Z3.0400 F2540

; Path 62
; Rapid to initial position
G1 X6.0248 Y2.3985 F2540
G1 Z0.5000
; plunge
G1 Z-2.6750 F127
; cut
G1 X5.9296 Y2.5673 F1016
G1 X5.9237 Y2.5763
G1 X5.7796 Y2.7697
G1 X5.7741 Y2.7763
G1 X5.6017 Y2.9628
G1 X5.5450 Y3.0389
G1 X5.5607 Y3.0389
G1 X5.7704 Y3.0362
G1 X5.7713 Y3.0363
G1 X6.0172 Y3.0317
G1 X6.3116 Y3.0319
G1 X6.3878 Y3.0360
G1 X6.3468 Y3.0278
G1 X6.3312 Y3.0227
G1 X6.2616 Y2.9929
G1 X6.2522 Y2.9878
G1 X6.2453 Y2.9833
G1 X6.2370 Y2.9766
G1 X6.2307 Y2.9706
G1 X6.2239 Y2.9625
G1 X6.2191 Y2.9559
G1 X6.2137 Y2.9466
G1 X6.2099 Y2.9386
G1 X6.2064 Y2.9286
G1 X6.2044 Y2.9204
G1 X6.2027 Y2.9099
G1 X6.2022 Y2.9014
G1 X6.2023 Y2.8987
G1 X6.1588 Y2.9119
G1 X6.1090 Y2.9276
G1 X5.9865 Y2.9687
G1 X5.9768 Y2.9710
G1 X5.9157 Y2.9830
G1 X5.9052 Y2.9842
G1 X5.8962 Y2.9843
G1 X5.8856 Y2.9834
G1 X5.8761 Y2.9815
G1 X5.8628 Y2.9775
G1 X5.8575 Y2.9757
G1 X5.8317 Y2.9641
G1 X5.8224 Y2.9589
G1 X5.8153 Y2.9540
G1 X5.8071 Y2.9472
G1 X5.8013 Y2.9415
G1 X5.7945 Y2.9334
G1 X5.7894 Y2.9260
G1 X5.7842 Y2.9167
G1 X5.7808 Y2.9090
G1 X5.7774 Y2.8990
G1 X5.7755 Y2.8909
G1 X5.7739 Y2.8804
G1 X5.7734 Y2.8714
G1 X5.7739 Y2.8607
G1 X5.7750 Y2.8527
G1 X5.7773 Y2.8422
G1 X5.7794 Y2.8355
G1 X5.7827 Y2.8272
G1 X5.7991 Y2.7918
G1 X5.8044 Y2.7825
G1 X5.8087 Y2.7761
G1 X5.8161 Y2.7673
G1 X5.8746 Y2.7055
G1 X5.9677 Y2.6230
G1 X6.0985 Y2.5161
G1 X6.1274 Y2.4933
G1 X6.1193 Y2.4930
G1 X6.1107 Y2.4919
G1 X6.1004 Y2.4896
G1 X6.0921 Y2.4868
G1 X6.0824 Y2.4826
G1 X6.0751 Y2.4786
G1 X6.0661 Y2.4726
G1 X6.0593 Y2.4671
G1 X6.0518 Y2.4596
G1 X6.0465 Y2.4535
G1 X6.0403 Y2.4447
G1 X6.0361 Y2.4373
G1 X6.0317 Y2.4277
G1 X6.0287 Y2.4194
G1 X6.0262 Y2.4090
G1 X6.0249 Y2.4005
G1 X6.0248 Y2.3985
G1 X6.0229 Y2.4961
G1 X5.9999 Y2.5368
G1 X6.0357 Y2.5076
G1 X6.0268 Y2.5001
G1 X6.0229 Y2.4961
G1 X6.1272 Y2.5524
G1 X6.2967 Y2.4192
G1 X6.3883 Y2.3479
G1 X6.4948 Y2.2643
G1 X6.6168 Y2.1680
G1 X6.6168 Y2.1681
G1 X6.9055 Y1.9387
G1 X7.2544 Y1.6599
G1 X7.6626 Y1.3324
G1 X7.6626 Y1.3325
G1 X8.0073 Y1.0551
G1 X8.6548 Y0.5331
G1 X8.6548 Y0.5332
G1 X9.2379 Y0.0620
G1 X9.5509 Y-0.1914
G1 X9.8790 Y-0.4559
G1 X10.3255 Y-0.8152
G1 X10.8323 Y-1.2219
G1 X11.3403 Y-1.6288
G1 X12.5259 Y-2.5777
G1 X12.5348 Y-2.5836
G1 X12.5446 Y-2.5877
G1 X12.5550 Y-2.5899
G1 X12.5616 Y-2.5904
G1 X14.5058 Y-2.6081
G1 X15.1826 Y-2.6151
G1 X15.6157 Y-2.6204
G1 X15.6157 Y-2.6202
G1 X15.8539 Y-2.6235
G1 X16.0427 Y-2.6264
G1 X16.1738 Y-2.6290
G1 X16.2151 Y-2.6302
G1 X16.2397 Y-2.6311
G1 X16.2513 Y-2.6305
G1 X16.4035 Y-2.6058
G1 X16.4138 Y-2.6032
G1 X16.4235 Y-2.5987
G1 X16.4321 Y-2.5925
G1 X16.4395 Y-2.5848
G1 X16.4454 Y-2.5759
G1 X16.4495 Y-2.5661
G1 X16.4518 Y-2.5557
G1 X16.4521 Y-2.5450
G1 X16.4505 Y-2.5345
G1 X16.4455 Y-2.5215
G1 X16.4123 Y-2.4593
G1 X16.3270 Y-2.3234
G1 X16.2013 Y-2.1317
G1 X16.0482 Y-1.9043
G1 X15.9571 Y-1.7700
G1 X15.8489 Y-1.6100
G1 X15.7278 Y-1.4301
G1 X15.5976 Y-1.2364
G1 X15.5977 Y-1.2364
G1 X15.4625 Y-1.0346
G1 X15.3265 Y-0.8310
G1 X15.1935 Y-0.6315
G1 X15.0676 Y-0.4422
G1 X14.4808 Y0.4420
G1 X14.4741 Y0.4503
G1 X14.4661 Y0.4572
G1 X14.4568 Y0.4625
G1 X14.4483 Y0.4657
G1 X13.9910 Y0.5950
G1 X13.8725 Y0.6286
G1 X13.8725 Y0.6287
G1 X13.5100 Y0.7328
G1 X13.5100 Y0.7327
G1 X13.0294 Y0.8714
G1 X11.5178 Y1.3096
G1 X10.8414 Y1.5051
G1 X9.3118 Y1.9462
G1 X8.3212 Y2.2313
G1 X8.3212 Y2.2312
G1 X7.8605 Y2.3642
G1 X7.4300 Y2.4891
G1 X7.0403 Y2.6026
G1 X6.7015 Y2.7019
G1 X6.7015 Y2.7018
G1 X6.4240 Y2.7838
G1 X6.3115 Y2.8172
G1 X6.3115 Y2.8173
G1 X6.2179 Y2.8455
G1 X6.1449 Y2.8676
G1 X6.0951 Y2.8834
G1 X5.9750 Y2.9238
G1 X5.9677 Y2.9256
G1 X5.9106 Y2.9369
G1 X5.9000 Y2.9381
G1 X5.8894 Y2.9372
G1 X5.8761 Y2.9332
G1 X5.8542 Y2.9236
G1 X5.8449 Y2.9184
G1 X5.8368 Y2.9116
G1 X5.8299 Y2.9034
G1 X5.8247 Y2.8941
G1 X5.8213 Y2.8841
G1 X5.8197 Y2.8736
G1 X5.8202 Y2.8629
G1 X5.8225 Y2.8525
G1 X5.8249 Y2.8465
G1 X5.8394 Y2.8147
G1 X5.8447 Y2.8053
G1 X5.8498 Y2.7991
G1 X5.9054 Y2.7402
G1 X5.9970 Y2.6589
G1 X6.1272 Y2.5524
; Retract
G1 Z3.0400 F2540

; Path 63
; Rapid to initial position
G1 X6.1679 Y2.9577 F2540
G1 Z0.5000
; plunge
G1 Z-2.6750 F127
; cut
G1 X6.1229 Y2.9718 F1016
G1 X6.0821 Y2.9854
G1 X6.1834 Y2.9855
G1 X6.1790 Y2.9793
G1 X6.1716 Y2.9661
G1 X6.1679 Y2.9577
G1 X5.7859 Y2.9897
G1 X5.7857 Y2.9896
G1 X5.7747 Y2.9803
G1 X5.7659 Y2.9715
G1 X5.7564 Y2.9598
G1 X5.7489 Y2.9486
G1 X5.7417 Y2.9352
G1 X5.7370 Y2.9240
G1 X5.7324 Y2.9099
G1 X5.7296 Y2.8978
G1 X5.7290 Y2.8934
G1 X5.6383 Y2.9915
G1 X5.7699 Y2.9899
G1 X5.7719 Y2.9900
G1 X5.7859 Y2.9897
; Retract
G1 Z3.0400 F2540

; Path 64
; Rapid to initial position
G1 X10.3139 Y5.1151 F2540
G1 Z0.5000
; plunge
G1 Z-2.6750 F127
; cut
G1 X10.3951 Y5.1188 F1016
G1 X10.6131 Y5.1303
G1 X10.8179 Y5.1427
G1 X11.0352 Y5.1570
G1 X11.2370 Y5.1715
G1 X11.3545 Y5.1806
G1 X11.3465 Y5.1768
G1 X11.3393 Y5.1725
G1 X11.3307 Y5.1662
G1 X11.3245 Y5.1608
G1 X11.3171 Y5.1532
G1 X11.3113 Y5.1458
G1 X11.3056 Y5.1368
G1 X11.3021 Y5.1300
G1 X11.2980 Y5.1202
G1 X11.2953 Y5.1117
G1 X11.2932 Y5.1013
G1 X11.2923 Y5.0928
G1 X11.2921 Y5.0821
G1 X11.2927 Y5.0735
G1 X11.2944 Y5.0630
G1 X11.2964 Y5.0554
G1 X11.3014 Y5.0418
G1 X11.3042 Y5.0360
G1 X11.0514 Y5.0608
G1 X10.7846 Y5.0834
G1 X10.5099 Y5.1032
G1 X10.3139 Y5.1151
G1 X11.0224 Y5.1097
G1 X11.0385 Y5.1108
G1 X11.2406 Y5.1252
G1 X11.2514 Y5.1261
G1 X11.2499 Y5.1211
G1 X11.2471 Y5.1061
G1 X11.2460 Y5.0936
G1 X11.2460 Y5.0883
G1 X11.0553 Y5.1070
G1 X11.0224 Y5.1097
G1 X11.3386 Y5.0919
G1 X11.3384 Y5.0812
G1 X11.3402 Y5.0707
G1 X11.3435 Y5.0612
G1 X11.3489 Y5.0494
G1 X11.3542 Y5.0402
G1 X11.3612 Y5.0320
G1 X11.3694 Y5.0254
G1 X11.3787 Y5.0203
G1 X11.3941 Y5.0160
G1 X11.4490 Y5.0089
G1 X11.4550 Y5.0085
G1 X11.5571 Y5.0058
G1 X11.7233 Y4.9932
G1 X11.9549 Y4.9590
G1 X12.2393 Y4.9064
G1 X12.5526 Y4.8403
G1 X12.8754 Y4.7654
G1 X13.1879 Y4.6857
G1 X13.4707 Y4.6058
G1 X13.7064 Y4.5293
G1 X13.9112 Y4.4521
G1 X14.1052 Y4.3705
G1 X14.2952 Y4.2819
G1 X14.4761 Y4.1881
G1 X14.6497 Y4.0886
G1 X14.8160 Y3.9832
G1 X14.9766 Y3.8708
G1 X15.1312 Y3.7517
G1 X15.2769 Y3.6281
G1 X15.4160 Y3.4982
G1 X15.5518 Y3.3588
G1 X15.6778 Y3.2164
G1 X15.8013 Y3.0632
G1 X15.9158 Y2.9071
G1 X16.0262 Y2.7416
G1 X16.1324 Y2.5669
G1 X16.2149 Y2.4171
G1 X16.3079 Y2.2339
G1 X16.4088 Y2.0229
G1 X16.5166 Y1.7860
G1 X16.6292 Y1.5287
G1 X16.7461 Y1.2512
G1 X16.8659 Y0.9565
G1 X16.9870 Y0.6488
G1 X16.9917 Y0.6393
G1 X16.9951 Y0.6345
G1 X17.0220 Y0.5997
G1 X17.0293 Y0.5919
G1 X17.0379 Y0.5857
G1 X17.0474 Y0.5809
G1 X17.0589 Y0.5780
G1 X17.1034 Y0.5710
G1 X17.1139 Y0.5704
G1 X17.1246 Y0.5716
G1 X17.1312 Y0.5735
G1 X17.1947 Y0.5955
G1 X17.2063 Y0.6010
G1 X17.2903 Y0.6531
G1 X17.2955 Y0.6568
G1 X17.4048 Y0.7426
G1 X17.5366 Y0.8600
G1 X17.6932 Y1.0103
G1 X17.8773 Y1.1957
G1 X18.0377 Y1.3678
G1 X18.1885 Y1.5445
G1 X18.3292 Y1.7256
G1 X18.4603 Y1.9110
G1 X18.5812 Y2.1005
G1 X18.6920 Y2.2940
G1 X18.7927 Y2.4910
G1 X18.8831 Y2.6918
G1 X18.9631 Y2.8959
G1 X19.0327 Y3.1031
G1 X19.0919 Y3.3133
G1 X19.1403 Y3.5263
G1 X19.1782 Y3.7418
G1 X19.2053 Y3.9598
G1 X19.2216 Y4.1799
G1 X19.2269 Y4.4023
G1 X19.2212 Y4.6377
G1 X19.2039 Y4.8693
G1 X19.1751 Y5.0971
G1 X19.1348 Y5.3212
G1 X19.0831 Y5.5413
G1 X19.0199 Y5.7575
G1 X18.9451 Y5.9698
G1 X18.8590 Y6.1781
G1 X18.7614 Y6.3826
G1 X18.6523 Y6.5830
G1 X18.5318 Y6.7794
G1 X18.4001 Y6.9717
G1 X18.2569 Y7.1599
G1 X18.1024 Y7.3442
G1 X17.9366 Y7.5243
G1 X17.7595 Y7.7003
G1 X17.5992 Y7.8468
G1 X17.4260 Y7.9946
G1 X17.2485 Y8.1375
G1 X17.0753 Y8.2691
G1 X16.9147 Y8.3833
G1 X16.7744 Y8.4740
G1 X16.6685 Y8.5318
G1 X16.6579 Y8.5363
G1 X16.5914 Y8.5570
G1 X16.5810 Y8.5592
G1 X16.5704 Y8.5594
G1 X16.5599 Y8.5578
G1 X16.5498 Y8.5542
G1 X16.5406 Y8.5488
G1 X16.5352 Y8.5444
G1 X16.4397 Y8.4574
G1 X16.4326 Y8.4495
G1 X16.4274 Y8.4415
G1 X16.3159 Y8.2282
G1 X16.2524 Y8.0791
G1 X16.1826 Y7.9307
G1 X16.1051 Y7.7786
G1 X16.0214 Y7.6257
G1 X15.9325 Y7.4734
G1 X15.8393 Y7.3229
G1 X15.7426 Y7.1755
G1 X15.6424 Y7.0311
G1 X15.5422 Y6.8947
G1 X15.4402 Y6.7638
G1 X15.3376 Y6.6398
G1 X15.2362 Y6.5256
G1 X15.1374 Y6.4227
G1 X15.0414 Y6.3310
G1 X14.9483 Y6.2515
G1 X14.8615 Y6.1871
G1 X14.7339 Y6.1046
G1 X14.6001 Y6.0254
G1 X14.4605 Y5.9498
G1 X14.3137 Y5.8770
G1 X14.1580 Y5.8062
G1 X13.9994 Y5.7401
G1 X13.8330 Y5.6767
G1 X13.6599 Y5.6163
G1 X13.4811 Y5.5594
G1 X13.2989 Y5.5067
G1 X13.1100 Y5.4571
G1 X12.9147 Y5.4109
G1 X12.7155 Y5.3687
G1 X12.5130 Y5.3305
G1 X12.5130 Y5.3306
G1 X12.3039 Y5.2959
G1 X12.0906 Y5.2652
G1 X11.8534 Y5.2325
G1 X11.6631 Y5.2035
G1 X11.5198 Y5.1784
G1 X11.4274 Y5.1580
G1 X11.4199 Y5.1557
G1 X11.3762 Y5.1397
G1 X11.3666 Y5.1350
G1 X11.3579 Y5.1288
G1 X11.3506 Y5.1211
G1 X11.3449 Y5.1121
G1 X11.3408 Y5.1023
G1 X11.3386 Y5.0919
; Retract
G1 Z3.0400 F2540

; Path 65
; Rapid to initial position
G1 X16.4150 Y8.4972 F2540
G1 Z0.5000
; plunge
G1 Z-2.6750 F127
; cut
G1 X16.4260 Y8.5225 F1016
G1 X16.5151 Y8.7305
G1 X16.5184 Y8.7231
G1 X16.5235 Y8.7138
G1 X16.5290 Y8.7057
G1 X16.5384 Y8.6947
G1 X16.5425 Y8.6905
G1 X16.6603 Y8.5839
G1 X16.6008 Y8.6024
G1 X16.5904 Y8.6046
G1 X16.5823 Y8.6054
G1 X16.5717 Y8.6057
G1 X16.5631 Y8.6052
G1 X16.5526 Y8.6036
G1 X16.5446 Y8.6015
G1 X16.5345 Y8.5980
G1 X16.5263 Y8.5943
G1 X16.5171 Y8.5889
G1 X16.5112 Y8.5847
G1 X16.5040 Y8.5787
G1 X16.4150 Y8.4972
G1 X16.5736 Y8.7248
G1 X16.8214 Y8.5007
G1 X16.8290 Y8.4949
G1 X17.0118 Y8.3775
G1 X17.2087 Y8.2343
G1 X17.4138 Y8.0707
G1 X17.6189 Y7.8939
G1 X17.8186 Y7.7087
G1 X18.0054 Y7.5219
G1 X18.1719 Y7.3399
G1 X18.3109 Y7.1695
G1 X18.4538 Y6.9772
G1 X18.5763 Y6.8032
G1 X18.5763 Y6.8032
G1 X18.5767 Y6.8027
G1 X18.6795 Y6.6448
G1 X18.7697 Y6.4910
G1 X18.8507 Y6.3345
G1 X18.9264 Y6.1687
G1 X19.0034 Y5.9807
G1 X19.0833 Y5.7686
G1 X19.1389 Y5.6119
G1 X19.1822 Y5.4732
G1 X19.2145 Y5.3445
G1 X19.2378 Y5.2122
G1 X19.2537 Y5.0676
G1 X19.2638 Y4.8932
G1 X19.2693 Y4.6863
G1 X19.2692 Y4.6863
G1 X19.2717 Y4.4311
G1 X19.2718 Y4.1724
G1 X19.2719 Y4.1724
G1 X19.2684 Y3.9641
G1 X19.2600 Y3.7921
G1 X19.2448 Y3.6424
G1 X19.2220 Y3.5097
G1 X19.1894 Y3.3758
G1 X19.1457 Y3.2327
G1 X19.0880 Y3.0638
G1 X19.0252 Y2.8926
G1 X18.9585 Y2.7262
G1 X18.8877 Y2.5642
G1 X18.8144 Y2.4102
G1 X18.7360 Y2.2590
G1 X18.6538 Y2.1134
G1 X18.5664 Y1.9709
G1 X18.4740 Y1.8319
G1 X18.3751 Y1.6943
G1 X18.2716 Y1.5609
G1 X18.1621 Y1.4291
G1 X18.0461 Y1.2990
G1 X17.9238 Y1.1703
G1 X17.7926 Y1.0404
G1 X17.7927 Y1.0404
G1 X17.6565 Y0.9130
G1 X17.5108 Y0.7836
G1 X17.0950 Y0.4234
G1 X17.0877 Y0.4158
G1 X17.0819 Y0.4068
G1 X17.0778 Y0.3970
G1 X17.0755 Y0.3866
G1 X17.0752 Y0.3759
G1 X17.0768 Y0.3654
G1 X17.0786 Y0.3596
G1 X17.1878 Y0.0632
G1 X17.2613 Y-0.1332
G1 X17.3266 Y-0.3014
G1 X17.3842 Y-0.4420
G1 X17.4347 Y-0.5565
G1 X17.4790 Y-0.6464
G1 X17.5144 Y-0.7069
G1 X17.5194 Y-0.7141
G1 X17.5483 Y-0.7498
G1 X17.5556 Y-0.7574
G1 X17.5667 Y-0.7649
G1 X17.5895 Y-0.7767
G1 X17.5993 Y-0.7806
G1 X17.6098 Y-0.7828
G1 X17.6204 Y-0.7830
G1 X17.6309 Y-0.7812
G1 X17.6372 Y-0.7791
G1 X17.6974 Y-0.7555
G1 X17.7027 Y-0.7530
G1 X17.8291 Y-0.6878
G1 X18.0013 Y-0.5919
G1 X18.2018 Y-0.4750
G1 X18.3837 Y-0.3635
G1 X18.5605 Y-0.2489
G1 X18.7320 Y-0.1315
G1 X18.8984 Y-0.0111
G1 X19.0594 Y0.1121
G1 X19.2149 Y0.2381
G1 X19.3651 Y0.3668
G1 X19.5099 Y0.4981
G1 X19.6493 Y0.6322
G1 X19.7831 Y0.7688
G1 X19.9113 Y0.9078
G1 X20.0340 Y1.0493
G1 X20.1511 Y1.1933
G1 X20.2625 Y1.3396
G1 X20.3682 Y1.4883
G1 X20.4683 Y1.6390
G1 X20.5625 Y1.7922
G1 X20.6509 Y1.9473
G1 X20.7334 Y2.1045
G1 X20.8101 Y2.2639
G1 X20.8808 Y2.4250
G1 X20.9456 Y2.5882
G1 X21.0044 Y2.7532
G1 X21.0571 Y2.9199
G1 X21.1037 Y3.0885
G1 X21.1443 Y3.2587
G1 X21.1787 Y3.4304
G1 X21.2069 Y3.6038
G1 X21.2289 Y3.7786
G1 X21.2447 Y3.9548
G1 X21.2541 Y4.1326
G1 X21.2572 Y4.3114
G1 X21.2542 Y4.4888
G1 X21.2450 Y4.6648
G1 X21.2299 Y4.8393
G1 X21.2088 Y5.0119
G1 X21.1818 Y5.1830
G1 X21.1488 Y5.3524
G1 X21.1100 Y5.5200
G1 X21.0652 Y5.6857
G1 X21.0148 Y5.8495
G1 X20.9586 Y6.0113
G1 X20.8966 Y6.1712
G1 X20.8288 Y6.3288
G1 X20.7555 Y6.4843
G1 X20.6764 Y6.6377
G1 X20.5920 Y6.7888
G1 X20.5018 Y6.9376
G1 X20.4063 Y7.0839
G1 X20.3052 Y7.2279
G1 X20.1987 Y7.3693
G1 X20.0868 Y7.5083
G1 X19.9695 Y7.6445
G1 X19.8470 Y7.7782
G1 X19.7192 Y7.9091
G1 X19.5861 Y8.0373
G1 X19.4478 Y8.1627
G1 X19.3044 Y8.2851
G1 X19.1557 Y8.4048
G1 X19.0021 Y8.5213
G1 X18.8434 Y8.6350
G1 X18.6796 Y8.7453
G1 X18.5109 Y8.8526
G1 X18.3371 Y8.9569
G1 X18.1394 Y9.0680
G1 X17.9303 Y9.1780
G1 X17.7193 Y9.2830
G1 X17.5156 Y9.3789
G1 X17.3282 Y9.4612
G1 X17.1660 Y9.5259
G1 X17.0426 Y9.5672
G1 X17.0349 Y9.5692
G1 X16.9569 Y9.5839
G1 X16.9463 Y9.5850
G1 X16.9357 Y9.5840
G1 X16.9255 Y9.5811
G1 X16.9159 Y9.5763
G1 X16.9074 Y9.5700
G1 X16.9007 Y9.5629
G1 X16.8461 Y9.4937
G1 X16.8396 Y9.4831
G1 X16.7515 Y9.3012
G1 X16.6509 Y9.0539
G1 X16.5577 Y8.7869
G1 X16.5552 Y8.7765
G1 X16.5546 Y8.7659
G1 X16.5559 Y8.7553
G1 X16.5591 Y8.7452
G1 X16.5642 Y8.7358
G1 X16.5736 Y8.7248
; Retract
G1 Z3.0400 F2540

; Path 66
; Rapid to initial position
G1 X16.8812 Y9.6083 F2540
G1 Z0.5000
; plunge
G1 Z-2.6750 F127
; cut
G1 X16.9137 Y9.6875 F1016
G1 X16.9144 Y9.6862
G1 X16.9189 Y9.6793
G1 X16.9256 Y9.6710
G1 X16.9312 Y9.6651
G1 X16.9416 Y9.6562
G1 X16.9830 Y9.6260
G1 X16.9616 Y9.6300
G1 X16.9510 Y9.6311
G1 X16.9420 Y9.6311
G1 X16.9314 Y9.6301
G1 X16.9228 Y9.6285
G1 X16.9126 Y9.6256
G1 X16.9051 Y9.6226
G1 X16.8955 Y9.6179
G1 X16.8881 Y9.6134
G1 X16.8812 Y9.6083
; Retract
G1 Z3.0400 F2540

; Path 67
; Rapid to initial position
G1 X15.3617 Y14.5477 F2540
G1 Z0.5000
; plunge
G1 Z-2.6750 F127
; cut
G1 X15.3308 Y14.5526 F1016
G1 X15.3322 Y14.5555
G1 X15.3360 Y14.5655
G1 X15.3379 Y14.5722
G1 X15.3401 Y14.5824
G1 X15.3479 Y14.6347
G1 X15.3486 Y14.6469
G1 X15.3486 Y14.7251
G1 X15.3617 Y14.5477
; Retract
G1 Z3.0400 F2540

; Path 68
; Rapid to initial position
G1 X13.8355 Y14.8055 F2540
G1 Z0.5000
; plunge
G1 Z-2.6750 F127
; cut
G1 X13.8184 Y14.8085 F1016
G1 X13.8243 Y14.8150
G1 X13.8295 Y14.8218
G1 X13.8296 Y14.8220
G1 X13.8332 Y14.8107
G1 X13.8355 Y14.8055
; Retract
G1 Z3.0400 F2540

; Path 69
; Rapid to initial position
G1 X16.9926 Y0.5633 F2540
G1 Z0.5000
; plunge
G1 Z-2.6750 F127
; cut
G1 X16.9955 Y0.5602 F1016
G1 X17.0020 Y0.5545
G1 X17.0107 Y0.5482
G1 X17.0173 Y0.5441
G1 X17.0269 Y0.5395
G1 X17.0360 Y0.5360
G1 X17.0518 Y0.5322
G1 X17.1003 Y0.5248
G1 X17.1109 Y0.5241
G1 X17.1195 Y0.5243
G1 X17.1301 Y0.5256
G1 X17.1370 Y0.5270
G1 X17.1464 Y0.5297
G1 X17.1478 Y0.5302
G1 X17.0616 Y0.4555
G1 X17.0542 Y0.4478
G1 X17.0488 Y0.4409
G1 X17.0430 Y0.4320
G1 X17.0425 Y0.4311
G1 X17.0246 Y0.4784
G1 X17.0245 Y0.4784
G1 X16.9926 Y0.5633
; Retract
G1 Z3.0400 F2540

; Path 70
; Rapid to initial position
G1 X17.5341 Y-0.7988 F2540
G1 Z0.5000
; plunge
G1 Z-2.6750 F127
; cut
G1 X17.5408 Y-0.8033 F1016
G1 X17.5454 Y-0.8061
G1 X17.5723 Y-0.8197
G1 X17.5821 Y-0.8237
G1 X17.5899 Y-0.8260
G1 X17.6004 Y-0.8282
G1 X17.6089 Y-0.8290
G1 X17.6195 Y-0.8293
G1 X17.6280 Y-0.8286
G1 X17.6385 Y-0.8269
G1 X17.6451 Y-0.8253
G1 X17.6542 Y-0.8223
G1 X17.6662 Y-0.8176
G1 X17.6536 Y-0.8314
G1 X17.6471 Y-0.8399
G1 X17.6433 Y-0.8458
G1 X17.6393 Y-0.8533
G1 X17.6160 Y-0.9023
G1 X17.6122 Y-0.9123
G1 X17.6100 Y-0.9202
G1 X17.6079 Y-0.9328
G1 X17.6048 Y-0.9630
G1 X17.5490 Y-0.8341
G1 X17.5341 Y-0.7988
; Retract
G1 Z3.0400 F2540

; Path 71
; Rapid to initial position
G1 X16.4891 Y-2.5918 F2540
G1 Z0.5000
; plunge
G1 Z-2.6750 F127
; cut
G1 X16.4925 Y-2.5973 F1016
G1 X16.4862 Y-2.5975
G1 X16.4882 Y-2.5939
G1 X16.4891 Y-2.5918
; Retract
G1 Z3.0400 F2540

; Path 72
; Rapid to initial position
G1 X19.4021 Y-4.0310 F2540
G1 Z0.5000
; plunge
G1 Z-2.6750 F127
; cut
G1 X19.4042 Y-4.0340 F1016
G1 X19.4010 Y-4.0342
G1 X19.4021 Y-4.0310
; Retract
G1 Z3.0400 F2540

; Path 73
; Rapid to initial position
G1 X13.6190 Y-4.5145 F2540
G1 Z0.5000
; plunge
G1 Z-2.6750 F127
; cut
G1 X13.6186 Y-4.5159 F1016
G1 X13.6176 Y-4.5226
G1 X13.6168 Y-4.5346
G1 X13.6166 Y-4.6226
G1 X13.6072 Y-4.6015
G1 X13.6021 Y-4.5922
G1 X13.5971 Y-4.5848
G1 X13.5903 Y-4.5767
G1 X13.5846 Y-4.5709
G1 X13.5765 Y-4.5640
G1 X13.5694 Y-4.5591
G1 X13.5601 Y-4.5538
G1 X13.5541 Y-4.5510
G1 X13.5458 Y-4.5478
G1 X13.5000 Y-4.5331
G1 X13.6190 Y-4.5145
; Retract
G1 Z3.0400 F2540

; Path 74
; Rapid to initial position
G1 X12.4430 Y-4.6942 F2540
G1 Z0.5000
; plunge
G1 Z-2.6750 F127
; cut
G1 X12.4407 Y-4.7014 F1016
G1 X12.4378 Y-4.7144
G1 X12.4268 Y-4.7902
G1 X12.4253 Y-4.7783
G1 X12.4229 Y-4.7679
G1 X12.4203 Y-4.7597
G1 X12.4160 Y-4.7499
G1 X12.4120 Y-4.7426
G1 X12.4061 Y-4.7337
G1 X12.4007 Y-4.7270
G1 X12.3933 Y-4.7194
G1 X12.3866 Y-4.7137
G1 X12.3779 Y-4.7076
G1 X12.3713 Y-4.7039
G1 X12.4430 Y-4.6942
; Retract
G1 Z3.0400 F2540

; Return to 0,0
G0 X0 Y0 F2540
M2
