G21         ; Set units to mm
G90         ; Absolute positioning
G1 Z3.04 F2540      ; Move to clearance level

;
; Operation:    0
; Name:         
; Type:         Pocket
; Paths:        128
; Direction:    Conventional
; Cut Depth:    3.175
; Pass Depth:   3.175
; Plunge rate:  127
; Cut rate:     1016
;

; Path 0
; Rapid to initial position
G1 X-5.1261 Y-1.4489 F2540
G1 Z0.5000
; plunge
G1 Z-2.6750 F127
; cut
G1 X-5.1368 Y-1.4655 F1016
G1 X-5.1487 Y-1.4866
G1 X-5.1640 Y-1.5172
G1 X-5.1739 Y-1.5402
G1 X-5.1914 Y-1.5888
G1 X-5.2021 Y-1.6273
G1 X-5.2149 Y-1.6916
G1 X-5.2205 Y-1.7417
G1 X-5.2213 Y-1.7723
G1 X-5.2207 Y-1.7990
G1 X-5.2176 Y-1.8342
G1 X-5.3093 Y-1.7585
G1 X-5.3017 Y-1.7502
G1 X-5.2717 Y-1.7112
G1 X-5.2435 Y-1.6660
G1 X-5.2251 Y-1.6298
G1 X-5.2107 Y-1.5964
G1 X-5.2025 Y-1.5737
G1 X-5.1892 Y-1.5266
G1 X-5.1799 Y-1.4779
G1 X-5.1768 Y-1.4448
G1 X-5.1261 Y-1.4489
G1 X-5.0716 Y-1.5029
G1 X-5.0816 Y-1.5204
G1 X-5.0949 Y-1.5469
G1 X-5.1032 Y-1.5662
G1 X-5.1190 Y-1.6092
G1 X-5.1283 Y-1.6426
G1 X-5.1403 Y-1.7004
G1 X-5.1454 Y-1.7440
G1 X-5.1462 Y-1.7707
G1 X-5.1457 Y-1.7930
G1 X-5.1417 Y-1.8428
G1 X-5.1325 Y-1.8996
G1 X-5.1273 Y-1.9214
G1 X-5.1158 Y-1.9612
G1 X-5.1062 Y-1.9876
G1 X-5.0814 Y-2.0451
G1 X-5.1901 Y-1.9545
G1 X-5.4212 Y-1.7634
G1 X-5.3917 Y-1.7370
G1 X-5.3610 Y-1.7042
G1 X-5.3352 Y-1.6709
G1 X-5.3104 Y-1.6318
G1 X-5.2940 Y-1.5998
G1 X-5.2813 Y-1.5707
G1 X-5.2747 Y-1.5528
G1 X-5.2630 Y-1.5121
G1 X-5.2547 Y-1.4699
G1 X-5.2504 Y-1.4297
G1 X-5.2496 Y-1.3860
G1 X-5.2512 Y-1.3634
G1 X-5.0497 Y-1.3795
G1 X-5.0443 Y-1.3803
G1 X-4.9771 Y-1.3859
G1 X-4.9829 Y-1.3915
G1 X-5.0173 Y-1.4288
G1 X-5.0542 Y-1.4763
G1 X-5.0716 Y-1.5029
G1 X-5.0063 Y-1.5401
G1 X-5.0145 Y-1.5546
G1 X-5.0260 Y-1.5770
G1 X-5.0327 Y-1.5923
G1 X-5.0467 Y-1.6300
G1 X-5.0548 Y-1.6580
G1 X-5.0657 Y-1.7098
G1 X-5.0702 Y-1.7467
G1 X-5.0711 Y-1.7694
G1 X-5.0707 Y-1.7873
G1 X-5.0674 Y-1.8312
G1 X-5.0595 Y-1.8820
G1 X-5.0548 Y-1.9011
G1 X-5.0450 Y-1.9360
G1 X-5.0372 Y-1.9580
G1 X-5.0093 Y-2.0231
G1 X-4.9953 Y-2.0497
G1 X-4.9598 Y-2.1094
G1 X-4.9458 Y-2.1304
G1 X-4.8910 Y-2.2045
G1 X-4.8277 Y-2.2810
G1 X-4.7558 Y-2.3610
G1 X-4.6729 Y-2.4478
G1 X-4.5798 Y-2.5407
G1 X-4.4754 Y-2.6421
G1 X-4.3595 Y-2.7520
G1 X-4.2312 Y-2.8712
G1 X-4.1824 Y-2.9161
G1 X-4.3307 Y-2.7859
G1 X-4.5175 Y-2.6239
G1 X-4.7021 Y-2.4647
G1 X-4.8845 Y-2.3090
G1 X-5.0640 Y-2.1575
G1 X-5.2380 Y-2.0125
G1 X-5.5485 Y-1.7556
G1 X-5.5302 Y-1.7467
G1 X-5.5025 Y-1.7300
G1 X-5.4713 Y-1.7073
G1 X-5.4462 Y-1.6851
G1 X-5.4201 Y-1.6577
G1 X-5.3984 Y-1.6302
G1 X-5.3771 Y-1.5971
G1 X-5.3628 Y-1.5696
G1 X-5.3516 Y-1.5443
G1 X-5.3469 Y-1.5315
G1 X-5.3367 Y-1.4970
G1 X-5.3293 Y-1.4615
G1 X-5.3256 Y-1.4278
G1 X-5.3246 Y-1.3910
G1 X-5.3269 Y-1.3550
G1 X-5.3335 Y-1.3164
G1 X-5.3419 Y-1.2849
G1 X-5.3434 Y-1.2807
G1 X-5.0419 Y-1.3047
G1 X-5.0381 Y-1.3053
G1 X-4.8311 Y-1.3226
G1 X-4.8311 Y-1.3224
G1 X-4.7391 Y-1.3310
G1 X-4.7586 Y-1.3380
G1 X-4.7951 Y-1.3531
G1 X-4.8148 Y-1.3633
G1 X-4.8682 Y-1.3943
G1 X-4.8974 Y-1.4154
G1 X-4.9151 Y-1.4303
G1 X-4.9277 Y-1.4424
G1 X-4.9582 Y-1.4755
G1 X-4.9915 Y-1.5177
G1 X-5.0063 Y-1.5401
G1 X-4.9412 Y-1.5776
G1 X-4.9477 Y-1.5890
G1 X-4.9575 Y-1.6079
G1 X-4.9623 Y-1.6189
G1 X-4.9746 Y-1.6513
G1 X-4.9813 Y-1.6740
G1 X-4.9912 Y-1.7196
G1 X-4.9951 Y-1.7499
G1 X-4.9959 Y-1.7685
G1 X-4.9958 Y-1.7818
G1 X-4.9930 Y-1.8199
G1 X-4.9862 Y-1.8647
G1 X-4.9824 Y-1.8810
G1 X-4.9741 Y-1.9109
G1 X-4.9678 Y-1.9289
G1 X-4.9429 Y-1.9879
G1 X-4.9305 Y-2.0114
G1 X-4.8971 Y-2.0679
G1 X-4.8852 Y-2.0859
G1 X-4.8331 Y-2.1567
G1 X-4.7719 Y-2.2307
G1 X-4.7014 Y-2.3091
G1 X-4.6197 Y-2.3946
G1 X-4.5274 Y-2.4867
G1 X-4.4236 Y-2.5875
G1 X-4.3083 Y-2.6969
G1 X-4.1805 Y-2.8159
G1 X-4.0407 Y-2.9441
G1 X-3.8886 Y-3.0829
G1 X-3.7241 Y-3.2322
G1 X-3.1525 Y-3.7488
G1 X-2.9445 Y-3.9362
G1 X-2.5401 Y-4.2996
G1 X-2.1595 Y-4.6397
G1 X-1.8115 Y-4.9483
G1 X-1.6526 Y-5.0886
G1 X-1.5050 Y-5.2182
G1 X-1.3706 Y-5.3356
G1 X-1.2489 Y-5.4410
G1 X-1.1428 Y-5.5318
G1 X-1.0518 Y-5.6090
G1 X-0.9766 Y-5.6716
G1 X-0.9120 Y-5.7235
G1 X-0.8683 Y-5.7547
G1 X-0.8497 Y-5.7664
G1 X-0.6759 Y-5.8656
G1 X-0.6574 Y-5.8745
G1 X-0.4424 Y-5.9691
G1 X-0.2571 Y-6.0337
G1 X-0.2660 Y-6.0476
G1 X-0.2774 Y-6.0698
G1 X-0.2896 Y-6.0991
G1 X-0.2981 Y-6.1274
G1 X-0.3041 Y-6.1572
G1 X-0.3044 Y-6.1594
G1 X-0.3190 Y-6.1543
G1 X-0.4496 Y-6.1026
G1 X-0.5758 Y-6.0461
G1 X-0.7152 Y-5.9766
G1 X-0.8454 Y-5.9054
G1 X-0.9894 Y-5.8193
G1 X-1.1275 Y-5.7297
G1 X-1.2742 Y-5.6276
G1 X-1.4251 Y-5.5159
G1 X-1.5742 Y-5.3993
G1 X-1.7361 Y-5.2659
G1 X-1.8970 Y-5.1273
G1 X-1.8981 Y-5.1260
G1 X-2.0690 Y-4.9726
G1 X-2.2461 Y-4.8082
G1 X-2.4287 Y-4.6330
G1 X-2.5837 Y-4.4832
G1 X-2.7461 Y-4.3281
G1 X-2.9140 Y-4.1696
G1 X-3.0875 Y-4.0072
G1 X-3.2652 Y-3.8430
G1 X-3.4466 Y-3.6765
G1 X-3.6310 Y-3.5092
G1 X-3.8168 Y-3.3418
G1 X-4.0043 Y-3.1741
G1 X-4.1919 Y-3.0078
G1 X-4.3799 Y-2.8427
G1 X-4.5665 Y-2.6809
G1 X-4.7510 Y-2.5219
G1 X-4.9331 Y-2.3664
G1 X-5.1121 Y-2.2152
G1 X-5.2859 Y-2.0704
G1 X-5.7086 Y-1.7208
G1 X-5.6556 Y-1.7132
G1 X-5.6246 Y-1.7055
G1 X-5.5966 Y-1.6954
G1 X-5.5685 Y-1.6821
G1 X-5.5463 Y-1.6689
G1 X-5.5207 Y-1.6506
G1 X-5.5001 Y-1.6327
G1 X-5.4788 Y-1.6108
G1 X-5.4612 Y-1.5887
G1 X-5.4436 Y-1.5622
G1 X-5.4315 Y-1.5392
G1 X-5.4217 Y-1.5169
G1 X-5.4188 Y-1.5095
G1 X-5.4102 Y-1.4814
G1 X-5.4040 Y-1.4523
G1 X-5.4006 Y-1.4254
G1 X-5.3997 Y-1.3951
G1 X-5.4013 Y-1.3666
G1 X-5.4062 Y-1.3353
G1 X-5.4129 Y-1.3097
G1 X-5.4234 Y-1.2796
G1 X-5.4352 Y-1.2543
G1 X-5.4495 Y-1.2293
G1 X-5.4629 Y-1.2097
G1 X-5.4747 Y-1.1948
G1 X-5.0345 Y-1.2299
G1 X-5.0319 Y-1.2304
G1 X-4.8249 Y-1.2476
G1 X-4.6013 Y-1.2683
G1 X-4.3622 Y-1.2914
G1 X-4.3592 Y-1.2920
G1 X-4.1144 Y-1.3174
G1 X-3.8687 Y-1.3441
G1 X-3.8631 Y-1.3442
G1 X-3.6323 Y-1.3704
G1 X-3.5105 Y-1.3852
G1 X-3.5127 Y-1.3910
G1 X-3.5195 Y-1.4166
G1 X-3.5253 Y-1.4485
G1 X-3.5272 Y-1.4745
G1 X-3.5272 Y-1.4919
G1 X-3.8117 Y-1.4462
G1 X-3.9422 Y-1.4260
G1 X-4.0625 Y-1.4088
G1 X-4.1762 Y-1.3934
G1 X-4.2807 Y-1.3819
G1 X-4.3797 Y-1.3740
G1 X-4.4719 Y-1.3708
G1 X-4.5459 Y-1.3722
G1 X-4.5662 Y-1.3738
G1 X-4.6355 Y-1.3822
G1 X-4.6635 Y-1.3881
G1 X-4.7133 Y-1.4016
G1 X-4.7301 Y-1.4075
G1 X-4.7612 Y-1.4203
G1 X-4.7773 Y-1.4284
G1 X-4.8246 Y-1.4556
G1 X-4.8494 Y-1.4733
G1 X-4.8633 Y-1.4849
G1 X-4.8727 Y-1.4938
G1 X-4.8993 Y-1.5221
G1 X-4.9291 Y-1.5597
G1 X-4.9412 Y-1.5776
G1 X-4.8766 Y-1.6162
G1 X-4.8810 Y-1.6236
G1 X-4.8888 Y-1.6386
G1 X-4.8922 Y-1.6461
G1 X-4.9028 Y-1.6736
G1 X-4.9080 Y-1.6901
G1 X-4.9167 Y-1.7300
G1 X-4.9201 Y-1.7540
G1 X-4.9208 Y-1.7685
G1 X-4.9208 Y-1.7769
G1 X-4.9187 Y-1.8087
G1 X-4.9128 Y-1.8482
G1 X-4.9100 Y-1.8610
G1 X-4.9028 Y-1.8869
G1 X-4.8984 Y-1.9001
G1 X-4.8764 Y-1.9530
G1 X-4.8657 Y-1.9731
G1 X-4.8343 Y-2.0266
G1 X-4.8246 Y-2.0414
G1 X-4.7752 Y-2.1087
G1 X-4.7160 Y-2.1803
G1 X-4.6469 Y-2.2572
G1 X-4.5665 Y-2.3414
G1 X-4.4751 Y-2.4328
G1 X-4.3719 Y-2.5328
G1 X-4.2570 Y-2.6419
G1 X-4.1297 Y-2.7605
G1 X-3.9901 Y-2.8886
G1 X-3.8382 Y-3.0272
G1 X-3.6736 Y-3.1765
G1 X-3.1023 Y-3.6929
G1 X-2.8942 Y-3.8804
G1 X-2.4900 Y-4.2436
G1 X-2.1095 Y-4.5835
G1 X-1.7619 Y-4.8919
G1 X-1.6029 Y-5.0322
G1 X-1.4555 Y-5.1615
G1 X-1.3212 Y-5.2788
G1 X-1.2001 Y-5.3839
G1 X-1.0943 Y-5.4746
G1 X-1.0037 Y-5.5513
G1 X-0.9296 Y-5.6131
G1 X-0.8681 Y-5.6624
G1 X-0.8279 Y-5.6913
G1 X-0.8124 Y-5.7012
G1 X-0.6428 Y-5.7981
G1 X-0.6272 Y-5.8058
G1 X-0.4175 Y-5.8981
G1 X-0.1862 Y-5.9791
G1 X-0.1174 Y-5.9981
G1 X-0.1207 Y-6.0001
G1 X-0.1405 Y-6.0142
G1 X-0.1553 Y-6.0271
G1 X-0.1725 Y-6.0449
G1 X-0.1863 Y-6.0623
G1 X-0.1994 Y-6.0825
G1 X-0.2083 Y-6.0995
G1 X-0.2179 Y-6.1216
G1 X-0.2245 Y-6.1428
G1 X-0.2294 Y-6.1662
G1 X-0.2318 Y-6.1858
G1 X-0.2326 Y-6.2100
G1 X-0.2314 Y-6.2307
G1 X-0.2277 Y-6.2550
G1 X-0.2247 Y-6.2665
G1 X-0.3452 Y-6.2248
G1 X-0.4788 Y-6.1718
G1 X-0.6093 Y-6.1134
G1 X-0.7487 Y-6.0440
G1 X-0.8839 Y-5.9700
G1 X-1.0279 Y-5.8839
G1 X-1.1705 Y-5.7914
G1 X-1.3172 Y-5.6894
G1 X-1.4699 Y-5.5764
G1 X-1.6220 Y-5.4573
G1 X-1.7838 Y-5.3240
G1 X-1.9484 Y-5.1822
G1 X-1.9484 Y-5.1820
G1 X-2.1194 Y-5.0287
G1 X-2.2972 Y-4.8633
G1 X-2.4808 Y-4.6872
G1 X-2.6356 Y-4.5377
G1 X-2.7976 Y-4.3828
G1 X-2.9654 Y-4.2245
G1 X-3.1385 Y-4.0624
G1 X-3.3162 Y-3.8984
G1 X-3.4971 Y-3.7322
G1 X-3.6812 Y-3.5651
G1 X-3.8669 Y-3.3978
G1 X-4.0541 Y-3.2304
G1 X-4.2416 Y-3.0642
G1 X-4.4292 Y-2.8996
G1 X-4.6156 Y-2.7379
G1 X-4.7999 Y-2.5790
G1 X-4.9816 Y-2.4239
G1 X-5.1602 Y-2.2730
G1 X-5.3338 Y-2.1283
G1 X-5.8611 Y-1.6918
G1 X-5.8810 Y-1.6784
G1 X-5.8948 Y-1.6709
G1 X-5.6731 Y-1.6402
G1 X-5.6492 Y-1.6345
G1 X-5.6283 Y-1.6271
G1 X-5.6063 Y-1.6170
G1 X-5.5892 Y-1.6071
G1 X-5.5694 Y-1.5933
G1 X-5.5536 Y-1.5799
G1 X-5.5369 Y-1.5631
G1 X-5.5235 Y-1.5468
G1 X-5.5098 Y-1.5264
G1 X-5.5003 Y-1.5088
G1 X-5.4904 Y-1.4865
G1 X-5.4836 Y-1.4653
G1 X-5.4784 Y-1.4421
G1 X-5.4758 Y-1.4223
G1 X-5.4748 Y-1.3985
G1 X-5.4758 Y-1.3775
G1 X-5.4793 Y-1.3533
G1 X-5.4840 Y-1.3339
G1 X-5.4920 Y-1.3105
G1 X-5.5008 Y-1.2911
G1 X-5.5119 Y-1.2711
G1 X-5.5219 Y-1.2562
G1 X-5.5348 Y-1.2398
G1 X-5.6526 Y-1.1052
G1 X-5.0256 Y-1.1552
G1 X-5.0256 Y-1.1555
G1 X-4.8204 Y-1.1728
G1 X-4.8180 Y-1.1728
G1 X-4.5941 Y-1.1935
G1 X-4.3514 Y-1.2169
G1 X-4.3514 Y-1.2172
G1 X-4.1063 Y-1.2427
G1 X-3.8606 Y-1.2693
G1 X-3.8580 Y-1.2693
G1 X-3.6239 Y-1.2958
G1 X-3.6233 Y-1.2958
G1 X-3.4065 Y-1.3221
G1 X-3.3892 Y-1.3243
G1 X-3.3968 Y-1.3327
G1 X-3.4092 Y-1.3491
G1 X-3.4221 Y-1.3701
G1 X-3.4317 Y-1.3892
G1 X-3.4403 Y-1.4114
G1 X-3.4457 Y-1.4306
G1 X-3.4503 Y-1.4550
G1 X-3.4521 Y-1.4750
G1 X-3.4522 Y-1.4989
G1 X-3.4504 Y-1.5199
G1 X-3.4462 Y-1.5438
G1 X-3.4403 Y-1.5646
G1 X-3.4331 Y-1.5831
G1 X-3.8232 Y-1.5205
G1 X-3.9529 Y-1.5005
G1 X-4.0726 Y-1.4833
G1 X-4.1845 Y-1.4682
G1 X-4.2868 Y-1.4568
G1 X-4.3825 Y-1.4491
G1 X-4.4704 Y-1.4459
G1 X-4.5403 Y-1.4472
G1 X-4.5573 Y-1.4485
G1 X-4.6205 Y-1.4559
G1 X-4.6439 Y-1.4607
G1 X-4.6893 Y-1.4729
G1 X-4.7020 Y-1.4773
G1 X-4.7279 Y-1.4877
G1 X-4.7402 Y-1.4938
G1 X-4.7814 Y-1.5172
G1 X-4.8014 Y-1.5312
G1 X-4.8125 Y-1.5402
G1 X-4.8184 Y-1.5457
G1 X-4.8406 Y-1.5691
G1 X-4.8669 Y-1.6018
G1 X-4.8766 Y-1.6162
G1 X-4.8143 Y-1.6584
G1 X-4.8222 Y-1.6733
G1 X-4.8314 Y-1.6970
G1 X-4.8346 Y-1.7067
G1 X-4.8424 Y-1.7411
G1 X-4.8449 Y-1.7582
G1 X-4.8457 Y-1.7726
G1 X-4.8443 Y-1.7981
G1 X-4.8393 Y-1.8325
G1 X-4.8374 Y-1.8414
G1 X-4.8315 Y-1.8632
G1 X-4.8287 Y-1.8718
G1 X-4.8097 Y-1.9183
G1 X-4.8010 Y-1.9351
G1 X-4.7712 Y-1.9857
G1 X-4.7639 Y-1.9970
G1 X-4.7173 Y-2.0609
G1 X-4.6602 Y-2.1301
G1 X-4.5925 Y-2.2053
G1 X-4.5134 Y-2.2882
G1 X-4.4227 Y-2.3788
G1 X-4.3202 Y-2.4783
G1 X-4.2058 Y-2.5868
G1 X-4.0789 Y-2.7051
G1 X-3.9395 Y-2.8330
G1 X-3.7877 Y-2.9715
G1 X-3.6231 Y-3.1208
G1 X-3.0519 Y-3.6370
G1 X-2.8439 Y-3.8245
G1 X-2.4398 Y-4.1875
G1 X-2.0595 Y-4.5273
G1 X-1.7121 Y-4.8356
G1 X-1.5534 Y-4.9756
G1 X-1.4060 Y-5.1048
G1 X-1.2719 Y-5.2220
G1 X-1.1513 Y-5.3267
G1 X-1.0456 Y-5.4172
G1 X-0.9556 Y-5.4935
G1 X-0.8825 Y-5.5545
G1 X-0.8241 Y-5.6014
G1 X-0.7871 Y-5.6282
G1 X-0.7750 Y-5.6359
G1 X-0.6092 Y-5.7308
G1 X-0.5968 Y-5.7370
G1 X-0.3927 Y-5.8271
G1 X-0.1660 Y-5.9067
G1 X0.0779 Y-5.9746
G1 X0.3347 Y-6.0303
G1 X0.5991 Y-6.0720
G1 X0.8664 Y-6.0991
G1 X1.1308 Y-6.1092
G1 X1.4915 Y-6.1005
G1 X1.5130 Y-6.0979
G1 X1.7612 Y-6.0507
G1 X1.7777 Y-6.0459
G1 X1.7882 Y-6.0419
G1 X1.8048 Y-6.0341
G1 X1.9922 Y-5.9303
G1 X2.0002 Y-5.9253
G1 X2.0191 Y-5.9114
G1 X2.0263 Y-5.9055
G1 X2.2241 Y-5.7187
G1 X2.2385 Y-5.7023
G1 X2.3768 Y-5.5203
G1 X2.3898 Y-5.4985
G1 X2.4927 Y-5.2892
G1 X2.5004 Y-5.2684
G1 X2.5675 Y-5.0409
G1 X2.5716 Y-5.0208
G1 X2.6031 Y-4.7827
G1 X2.6038 Y-4.7630
G1 X2.5992 Y-4.5233
G1 X2.5970 Y-4.5021
G1 X2.5551 Y-4.2666
G1 X2.5492 Y-4.2458
G1 X2.4699 Y-4.0249
G1 X2.4590 Y-4.0023
G1 X2.3429 Y-3.8059
G1 X2.3325 Y-3.7909
G1 X2.2537 Y-3.6918
G1 X2.1654 Y-3.5922
G1 X2.0677 Y-3.4922
G1 X1.9612 Y-3.3922
G1 X1.8465 Y-3.2923
G1 X1.7236 Y-3.1926
G1 X1.5932 Y-3.0934
G1 X1.4558 Y-2.9949
G1 X1.3116 Y-2.8973
G1 X1.1610 Y-2.8010
G1 X1.0046 Y-2.7063
G1 X0.8427 Y-2.6134
G1 X0.6759 Y-2.5227
G1 X0.5047 Y-2.4344
G1 X0.3291 Y-2.3491
G1 X0.1499 Y-2.2664
G1 X-0.1026 Y-2.1571
G1 X-0.3318 Y-2.0674
G1 X-0.5462 Y-1.9948
G1 X-0.7528 Y-1.9385
G1 X-0.9591 Y-1.8963
G1 X-1.1718 Y-1.8667
G1 X-1.3992 Y-1.8471
G1 X-1.6454 Y-1.8355
G1 X-1.8375 Y-1.8271
G1 X-2.0447 Y-1.8140
G1 X-2.0463 Y-1.8137
G1 X-2.2753 Y-1.7957
G1 X-2.5123 Y-1.7742
G1 X-2.7461 Y-1.7502
G1 X-2.7469 Y-1.7500
G1 X-2.9794 Y-1.7231
G1 X-3.0618 Y-1.7125
G1 X-3.0561 Y-1.7128
G1 X-3.0418 Y-1.7125
G1 X-3.0227 Y-1.7101
G1 X-3.0150 Y-1.7087
G1 X-2.7857 Y-1.6552
G1 X-2.7692 Y-1.6498
G1 X-2.7564 Y-1.6442
G1 X-2.7413 Y-1.6359
G1 X-2.7294 Y-1.6278
G1 X-2.7162 Y-1.6168
G1 X-2.7068 Y-1.6076
G1 X-2.6956 Y-1.5944
G1 X-2.6877 Y-1.5829
G1 X-2.6791 Y-1.5678
G1 X-2.6733 Y-1.5549
G1 X-2.6678 Y-1.5385
G1 X-2.6646 Y-1.5255
G1 X-2.6620 Y-1.5084
G1 X-2.6612 Y-1.4946
G1 X-2.6619 Y-1.4774
G1 X-2.6636 Y-1.4636
G1 X-2.6674 Y-1.4467
G1 X-2.6717 Y-1.4335
G1 X-2.6786 Y-1.4176
G1 X-2.6854 Y-1.4052
G1 X-2.6951 Y-1.3908
G1 X-2.7036 Y-1.3805
G1 X-2.7157 Y-1.3681
G1 X-2.7262 Y-1.3592
G1 X-2.7402 Y-1.3493
G1 X-2.7524 Y-1.3423
G1 X-2.7682 Y-1.3351
G1 X-2.7805 Y-1.3307
G1 X-2.7972 Y-1.3264
G1 X-2.8097 Y-1.3243
G1 X-2.8285 Y-1.3230
G1 X-3.2137 Y-1.3191
G1 X-3.2308 Y-1.3205
G1 X-3.2447 Y-1.3230
G1 X-3.2614 Y-1.3276
G1 X-3.2741 Y-1.3324
G1 X-3.2895 Y-1.3399
G1 X-3.3010 Y-1.3468
G1 X-3.3150 Y-1.3569
G1 X-3.3257 Y-1.3663
G1 X-3.3375 Y-1.3789
G1 X-3.3459 Y-1.3897
G1 X-3.3553 Y-1.4043
G1 X-3.3618 Y-1.4171
G1 X-3.3682 Y-1.4330
G1 X-3.3720 Y-1.4458
G1 X-3.3755 Y-1.4627
G1 X-3.3769 Y-1.4765
G1 X-3.3773 Y-1.4936
G1 X-3.3763 Y-1.5075
G1 X-3.3734 Y-1.5245
G1 X-3.3697 Y-1.5384
G1 X-3.3637 Y-1.5546
G1 X-3.3581 Y-1.5664
G1 X-3.3494 Y-1.5813
G1 X-3.3410 Y-1.5928
G1 X-3.3296 Y-1.6057
G1 X-3.3198 Y-1.6152
G1 X-3.3061 Y-1.6260
G1 X-3.2929 Y-1.6344
G1 X-3.2736 Y-1.6439
G1 X-3.2657 Y-1.6474
G1 X-3.1038 Y-1.7053
G1 X-3.0909 Y-1.7087
G1 X-3.1944 Y-1.6951
G1 X-3.3909 Y-1.6660
G1 X-3.8346 Y-1.5949
G1 X-3.9637 Y-1.5750
G1 X-4.0826 Y-1.5578
G1 X-4.1927 Y-1.5430
G1 X-4.2930 Y-1.5318
G1 X-4.3853 Y-1.5242
G1 X-4.4692 Y-1.5210
G1 X-4.5350 Y-1.5221
G1 X-4.5486 Y-1.5231
G1 X-4.6060 Y-1.5298
G1 X-4.6246 Y-1.5334
G1 X-4.6655 Y-1.5443
G1 X-4.6741 Y-1.5471
G1 X-4.6953 Y-1.5555
G1 X-4.7036 Y-1.5595
G1 X-4.7392 Y-1.5794
G1 X-4.7536 Y-1.5891
G1 X-4.7645 Y-1.5982
G1 X-4.7822 Y-1.6164
G1 X-4.8046 Y-1.6441
G1 X-4.8143 Y-1.6584
G1 X-4.7521 Y-1.7005
G1 X-4.7613 Y-1.7243
G1 X-4.7680 Y-1.7523
G1 X-4.7706 Y-1.7693
G1 X-4.7698 Y-1.7874
G1 X-4.7648 Y-1.8218
G1 X-4.7590 Y-1.8436
G1 X-4.7424 Y-1.8847
G1 X-4.7362 Y-1.8971
G1 X-4.7079 Y-1.9453
G1 X-4.7031 Y-1.9528
G1 X-4.6592 Y-2.0131
G1 X-4.6043 Y-2.0798
G1 X-4.5381 Y-2.1535
G1 X-4.4603 Y-2.2351
G1 X-4.3703 Y-2.3249
G1 X-4.2685 Y-2.4237
G1 X-4.1545 Y-2.5318
G1 X-4.0280 Y-2.6497
G1 X-3.8889 Y-2.7775
G1 X-3.7372 Y-2.9158
G1 X-3.5727 Y-3.0651
G1 X-3.0016 Y-3.5812
G1 X-2.7937 Y-3.7687
G1 X-2.3897 Y-4.1315
G1 X-2.0097 Y-4.4711
G1 X-1.6623 Y-4.7793
G1 X-1.5038 Y-4.9191
G1 X-1.3567 Y-5.0482
G1 X-1.2226 Y-5.1652
G1 X-1.1023 Y-5.2696
G1 X-0.9969 Y-5.3600
G1 X-0.9076 Y-5.4357
G1 X-0.8353 Y-5.4959
G1 X-0.7794 Y-5.5407
G1 X-0.7466 Y-5.5649
G1 X-0.7376 Y-5.5707
G1 X-0.5751 Y-5.6638
G1 X-0.5664 Y-5.6683
G1 X-0.3677 Y-5.7561
G1 X-0.1457 Y-5.8342
G1 X0.0938 Y-5.9011
G1 X0.3465 Y-5.9560
G1 X0.6067 Y-5.9972
G1 X0.8694 Y-6.0240
G1 X1.1290 Y-6.0341
G1 X1.4838 Y-6.0257
G1 X1.4991 Y-6.0241
G1 X1.7403 Y-5.9784
G1 X1.7569 Y-5.9736
G1 X1.7683 Y-5.9684
G1 X1.9558 Y-5.8646
G1 X1.9747 Y-5.8508
G1 X2.1682 Y-5.6683
G1 X2.1786 Y-5.6568
G1 X2.3128 Y-5.4806
G1 X2.3223 Y-5.4652
G1 X2.4226 Y-5.2619
G1 X2.4283 Y-5.2471
G1 X2.4940 Y-5.0253
G1 X2.4971 Y-5.0110
G1 X2.5279 Y-4.7786
G1 X2.5288 Y-4.7644
G1 X2.5242 Y-4.5298
G1 X2.5230 Y-4.5152
G1 X2.4826 Y-4.2864
G1 X2.4784 Y-4.2711
G1 X2.4018 Y-4.0565
G1 X2.3942 Y-4.0405
G1 X2.2808 Y-3.8483
G1 X2.2736 Y-3.8377
G1 X2.1974 Y-3.7416
G1 X2.1116 Y-3.6447
G1 X2.0163 Y-3.5469
G1 X1.9118 Y-3.4490
G1 X1.7991 Y-3.3507
G1 X1.6781 Y-3.2524
G1 X1.5495 Y-3.1545
G1 X1.4136 Y-3.0571
G1 X1.2710 Y-2.9607
G1 X1.1220 Y-2.8653
G1 X0.9672 Y-2.7716
G1 X0.8068 Y-2.6795
G1 X0.6415 Y-2.5896
G1 X0.4717 Y-2.5020
G1 X0.2976 Y-2.4173
G1 X0.1201 Y-2.3355
G1 X-0.1301 Y-2.2271
G1 X-0.3560 Y-2.1385
G1 X-0.5660 Y-2.0674
G1 X-0.7679 Y-2.0122
G1 X-0.9695 Y-1.9708
G1 X-1.1783 Y-1.9416
G1 X-1.4027 Y-1.9222
G1 X-1.6487 Y-1.9106
G1 X-1.8409 Y-1.9021
G1 X-2.0522 Y-1.8888
G1 X-2.0522 Y-1.8886
G1 X-2.2821 Y-1.8706
G1 X-2.5191 Y-1.8492
G1 X-2.7555 Y-1.8248
G1 X-2.7555 Y-1.8246
G1 X-2.9880 Y-1.7978
G1 X-3.2057 Y-1.7694
G1 X-3.4019 Y-1.7403
G1 X-3.8461 Y-1.6692
G1 X-3.9745 Y-1.6495
G1 X-4.0926 Y-1.6323
G1 X-4.2010 Y-1.6177
G1 X-4.2994 Y-1.6068
G1 X-4.3883 Y-1.5993
G1 X-4.4679 Y-1.5961
G1 X-4.5311 Y-1.5973
G1 X-4.5402 Y-1.5977
G1 X-4.5920 Y-1.6036
G1 X-4.6054 Y-1.6062
G1 X-4.6463 Y-1.6170
G1 X-4.6675 Y-1.6254
G1 X-4.6971 Y-1.6416
G1 X-4.7114 Y-1.6513
G1 X-4.7242 Y-1.6642
G1 X-4.7424 Y-1.6862
G1 X-4.7521 Y-1.7005
G1 X-4.5868 Y-1.1187
G1 X-4.3447 Y-1.1424
G1 X-4.3436 Y-1.1424
G1 X-4.0982 Y-1.1679
G1 X-3.8524 Y-1.1944
G1 X-3.8524 Y-1.1943
G1 X-3.6155 Y-1.2212
G1 X-3.6145 Y-1.2212
G1 X-3.3971 Y-1.2474
G1 X-3.2003 Y-1.2724
G1 X-3.0085 Y-1.2964
G1 X-2.8062 Y-1.3188
G1 X-2.5996 Y-1.3391
G1 X-2.3940 Y-1.3571
G1 X-2.1961 Y-1.3721
G1 X-2.0108 Y-1.3837
G1 X-1.8439 Y-1.3913
G1 X-1.7105 Y-1.3945
G1 X-1.4334 Y-1.4074
G1 X-1.1516 Y-1.4416
G1 X-0.8578 Y-1.4966
G1 X-0.5498 Y-1.5721
G1 X-0.2422 Y-1.6646
G1 X0.0694 Y-1.7744
G1 X0.3825 Y-1.9008
G1 X0.6882 Y-2.0394
G1 X0.9910 Y-2.1927
G1 X1.2831 Y-2.3567
G1 X1.5646 Y-2.5318
G1 X1.8299 Y-2.7145
G1 X2.0785 Y-2.9050
G1 X2.3064 Y-3.1010
G1 X2.5101 Y-3.2998
G1 X2.6922 Y-3.5059
G1 X2.7935 Y-3.6355
G1 X2.8707 Y-3.7494
G1 X2.9259 Y-3.8540
G1 X2.9632 Y-3.9584
G1 X2.9898 Y-4.0863
G1 X3.0066 Y-4.2466
G1 X3.0149 Y-4.4522
G1 X3.0172 Y-4.7104
G1 X3.0152 Y-4.9753
G1 X3.0073 Y-5.1813
G1 X2.9909 Y-5.3387
G1 X2.9645 Y-5.4605
G1 X2.9271 Y-5.5586
G1 X2.8716 Y-5.6546
G1 X2.7918 Y-5.7610
G1 X2.6813 Y-5.8895
G1 X2.5222 Y-6.0604
G1 X2.3597 Y-6.2221
G1 X2.2115 Y-6.3575
G1 X2.1221 Y-6.4283
G1 X2.0067 Y-6.4769
G1 X1.8016 Y-6.5170
G1 X1.5296 Y-6.5407
G1 X1.2179 Y-6.5463
G1 X0.8757 Y-6.5326
G1 X0.5325 Y-6.5008
G1 X0.2007 Y-6.4505
G1 X0.1342 Y-6.4355
G1 X0.1442 Y-6.4325
G1 X0.3159 Y-6.3711
G1 X0.3315 Y-6.3639
G1 X0.3436 Y-6.3570
G1 X0.3578 Y-6.3470
G1 X0.3686 Y-6.3376
G1 X0.3806 Y-6.3252
G1 X0.3890 Y-6.3146
G1 X0.3986 Y-6.3001
G1 X0.4049 Y-6.2884
G1 X0.4117 Y-6.2725
G1 X0.4162 Y-6.2587
G1 X0.4199 Y-6.2418
G1 X0.4214 Y-6.2286
G1 X0.4221 Y-6.2114
G1 X0.4213 Y-6.1971
G1 X0.4186 Y-6.1799
G1 X0.4152 Y-6.1666
G1 X0.4095 Y-6.1503
G1 X0.4038 Y-6.1379
G1 X0.3952 Y-6.1229
G1 X0.3874 Y-6.1118
G1 X0.3763 Y-6.0986
G1 X0.3660 Y-6.0887
G1 X0.3527 Y-6.0779
G1 X0.3415 Y-6.0704
G1 X0.3264 Y-6.0621
G1 X0.3137 Y-6.0566
G1 X0.2972 Y-6.0511
G1 X0.2835 Y-6.0479
G1 X0.2593 Y-6.0453
G1 X0.0108 Y-6.0364
G1 X-0.0065 Y-6.0373
G1 X-0.0205 Y-6.0394
G1 X-0.0372 Y-6.0435
G1 X-0.0496 Y-6.0478
G1 X-0.0654 Y-6.0548
G1 X-0.0778 Y-6.0618
G1 X-0.0920 Y-6.0717
G1 X-0.1021 Y-6.0803
G1 X-0.1144 Y-6.0926
G1 X-0.1238 Y-6.1040
G1 X-0.1333 Y-6.1183
G1 X-0.1395 Y-6.1298
G1 X-0.1466 Y-6.1457
G1 X-0.1512 Y-6.1594
G1 X-0.1549 Y-6.1763
G1 X-0.1567 Y-6.1893
G1 X-0.1575 Y-6.2065
G1 X-0.1569 Y-6.2203
G1 X-0.1545 Y-6.2375
G1 X-0.1512 Y-6.2515
G1 X-0.1456 Y-6.2677
G1 X-0.1402 Y-6.2800
G1 X-0.1318 Y-6.2951
G1 X-0.1225 Y-6.3082
G1 X-0.1076 Y-6.3252
G1 X-0.1010 Y-6.3317
G1 X-0.0245 Y-6.3997
G1 X-0.0992 Y-6.3828
G1 X-0.2371 Y-6.3417
G1 X-0.3697 Y-6.2959
G1 X-0.5081 Y-6.2410
G1 X-0.6431 Y-6.1807
G1 X-0.7823 Y-6.1113
G1 X-0.9224 Y-6.0346
G1 X-1.0664 Y-5.9485
G1 X-1.2135 Y-5.8532
G1 X-1.3602 Y-5.7511
G1 X-1.5146 Y-5.6369
G1 X-1.6697 Y-5.5155
G1 X-1.8316 Y-5.3821
G1 X-1.9987 Y-5.2381
G1 X-2.1696 Y-5.0847
G1 X-2.3485 Y-4.9183
G1 X-2.5328 Y-4.7416
G1 X-2.6875 Y-4.5921
G1 X-2.8492 Y-4.4375
G1 X-3.0168 Y-4.2793
G1 X-3.1896 Y-4.1177
G1 X-3.3669 Y-3.9538
G1 X-3.5477 Y-3.7879
G1 X-3.7315 Y-3.6209
G1 X-3.9171 Y-3.4538
G1 X-4.1039 Y-3.2867
G1 X-4.2912 Y-3.1208
G1 X-4.4786 Y-2.9563
G1 X-4.6646 Y-2.7948
G1 X-4.8487 Y-2.6362
G1 X-5.0301 Y-2.4813
G1 X-5.2084 Y-2.3308
G1 X-5.3817 Y-2.1862
G1 X-5.9037 Y-1.7537
G1 X-5.9180 Y-1.7438
G1 X-5.9301 Y-1.7370
G1 X-5.9459 Y-1.7300
G1 X-5.9591 Y-1.7255
G1 X-5.9758 Y-1.7215
G1 X-5.9897 Y-1.7196
G1 X-6.0070 Y-1.7188
G1 X-6.0210 Y-1.7194
G1 X-6.0380 Y-1.7219
G1 X-6.0511 Y-1.7249
G1 X-6.0675 Y-1.7303
G1 X-6.0798 Y-1.7357
G1 X-6.0950 Y-1.7440
G1 X-6.1073 Y-1.7523
G1 X-6.1205 Y-1.7632
G1 X-6.1299 Y-1.7724
G1 X-6.1410 Y-1.7857
G1 X-6.1490 Y-1.7971
G1 X-6.1576 Y-1.8122
G1 X-6.1632 Y-1.8246
G1 X-6.1704 Y-1.8466
G1 X-6.2496 Y-2.1619
G1 X-6.2497 Y-2.1619
G1 X-6.3000 Y-2.3572
G1 X-6.2998 Y-2.3572
G1 X-6.3504 Y-2.5446
G1 X-6.4019 Y-2.7266
G1 X-6.4541 Y-2.9021
G1 X-6.5074 Y-3.0719
G1 X-6.5613 Y-3.2354
G1 X-6.6174 Y-3.3959
G1 X-6.6177 Y-3.3972
G1 X-6.6722 Y-3.5451
G1 X-6.7295 Y-3.6913
G1 X-6.7877 Y-3.8318
G1 X-6.8479 Y-3.9692
G1 X-6.9081 Y-4.0983
G1 X-6.9699 Y-4.2226
G1 X-7.0341 Y-4.3438
G1 X-7.0964 Y-4.4538
G1 X-7.1019 Y-4.4632
G1 X-7.0162 Y-4.2615
G1 X-7.0109 Y-4.2451
G1 X-7.0079 Y-4.2319
G1 X-7.0056 Y-4.2147
G1 X-7.0052 Y-4.2009
G1 X-7.0061 Y-4.1837
G1 X-7.0082 Y-4.1699
G1 X-7.0123 Y-4.1530
G1 X-7.0170 Y-4.1399
G1 X-7.0241 Y-4.1242
G1 X-7.0308 Y-4.1122
G1 X-7.0407 Y-4.0981
G1 X-7.0496 Y-4.0876
G1 X-7.0618 Y-4.0755
G1 X-7.0725 Y-4.0667
G1 X-7.0868 Y-4.0570
G1 X-7.0991 Y-4.0503
G1 X-7.1148 Y-4.0435
G1 X-7.1282 Y-4.0391
G1 X-7.1451 Y-4.0352
G1 X-7.1581 Y-4.0335
G1 X-7.1754 Y-4.0327
G1 X-7.1901 Y-4.0335
G1 X-7.2071 Y-4.0360
G1 X-7.2195 Y-4.0389
G1 X-7.2360 Y-4.0443
G1 X-7.2490 Y-4.0500
G1 X-7.2641 Y-4.0585
G1 X-7.2746 Y-4.0656
G1 X-7.2862 Y-4.0750
G1 X-7.4476 Y-4.2183
G1 X-7.4595 Y-4.2308
G1 X-7.4683 Y-4.2421
G1 X-7.4775 Y-4.2566
G1 X-7.4839 Y-4.2687
G1 X-7.4904 Y-4.2848
G1 X-7.4944 Y-4.2978
G1 X-7.4979 Y-4.3147
G1 X-7.4993 Y-4.3285
G1 X-7.4996 Y-4.3459
G1 X-7.4987 Y-4.3597
G1 X-7.4959 Y-4.3768
G1 X-7.4924 Y-4.3900
G1 X-7.4865 Y-4.4062
G1 X-7.4803 Y-4.4194
G1 X-7.4713 Y-4.4342
G1 X-7.4629 Y-4.4455
G1 X-7.4494 Y-4.4606
G1 X-7.4433 Y-4.4667
G1 X-7.3674 Y-4.5340
G1 X-7.3536 Y-4.5442
G1 X-7.3421 Y-4.5510
G1 X-7.3265 Y-4.5587
G1 X-7.3128 Y-4.5637
G1 X-7.2961 Y-4.5682
G1 X-7.2837 Y-4.5704
G1 X-7.2665 Y-4.5720
G1 X-7.2519 Y-4.5720
G1 X-7.2346 Y-4.5703
G1 X-7.2208 Y-4.5676
G1 X-7.2043 Y-4.5627
G1 X-7.1919 Y-4.5577
G1 X-7.1764 Y-4.5499
G1 X-7.1645 Y-4.5424
G1 X-7.1508 Y-4.5319
G1 X-7.1411 Y-4.5229
G1 X-7.1322 Y-4.5130
G1 X-7.1647 Y-4.5669
G1 X-7.2288 Y-4.6664
G1 X-7.3004 Y-4.7700
G1 X-7.3671 Y-4.8601
G1 X-7.4402 Y-4.9518
G1 X-7.5116 Y-5.0355
G1 X-7.5547 Y-5.0823
G1 X-7.5546 Y-5.0800
G1 X-7.5549 Y-5.0668
G1 X-7.5568 Y-5.0498
G1 X-7.5595 Y-5.0361
G1 X-7.5646 Y-5.0196
G1 X-7.5699 Y-5.0070
G1 X-7.5778 Y-4.9917
G1 X-7.5855 Y-4.9798
G1 X-7.5962 Y-4.9661
G1 X-7.6058 Y-4.9562
G1 X-7.6187 Y-4.9449
G1 X-7.6301 Y-4.9365
G1 X-7.6451 Y-4.9277
G1 X-7.6569 Y-4.9221
G1 X-7.6731 Y-4.9161
G1 X-7.6870 Y-4.9125
G1 X-7.7040 Y-4.9096
G1 X-7.7179 Y-4.9087
G1 X-7.7350 Y-4.9090
G1 X-7.7487 Y-4.9104
G1 X-7.7657 Y-4.9139
G1 X-7.7781 Y-4.9176
G1 X-7.7965 Y-4.9250
G1 X-8.1205 Y-5.0807
G1 X-8.1353 Y-5.0894
G1 X-8.1467 Y-5.0977
G1 X-8.1598 Y-5.1092
G1 X-8.1695 Y-5.1195
G1 X-8.1802 Y-5.1332
G1 X-8.1875 Y-5.1446
G1 X-8.1954 Y-5.1599
G1 X-8.2010 Y-5.1741
G1 X-8.2066 Y-5.1937
G1 X-8.2085 Y-5.2015
G1 X-8.2338 Y-5.3514
G1 X-8.2351 Y-5.3686
G1 X-8.2349 Y-5.3818
G1 X-8.2331 Y-5.3990
G1 X-8.2305 Y-5.4128
G1 X-8.2255 Y-5.4293
G1 X-8.2203 Y-5.4422
G1 X-8.2123 Y-5.4577
G1 X-8.2051 Y-5.4691
G1 X-8.1947 Y-5.4828
G1 X-8.1850 Y-5.4932
G1 X-8.1721 Y-5.5047
G1 X-8.1609 Y-5.5129
G1 X-8.1461 Y-5.5218
G1 X-8.1335 Y-5.5279
G1 X-8.1173 Y-5.5339
G1 X-8.1043 Y-5.5374
G1 X-8.1009 Y-5.5381
G1 X-8.1682 Y-5.5795
G1 X-8.2543 Y-5.6282
G1 X-8.3473 Y-5.6759
G1 X-8.4437 Y-5.7211
G1 X-8.3525 Y-5.6390
G1 X-8.3407 Y-5.6264
G1 X-8.3320 Y-5.6151
G1 X-8.3227 Y-5.6005
G1 X-8.3165 Y-5.5881
G1 X-8.3102 Y-5.5719
G1 X-8.3064 Y-5.5589
G1 X-8.3030 Y-5.5421
G1 X-8.3016 Y-5.5288
G1 X-8.3013 Y-5.5115
G1 X-8.3024 Y-5.4968
G1 X-8.3054 Y-5.4798
G1 X-8.3089 Y-5.4667
G1 X-8.3150 Y-5.4505
G1 X-8.3210 Y-5.4380
G1 X-8.3299 Y-5.4231
G1 X-8.3382 Y-5.4120
G1 X-8.3497 Y-5.3991
G1 X-8.3600 Y-5.3894
G1 X-8.3737 Y-5.3789
G1 X-8.3848 Y-5.3719
G1 X-8.4001 Y-5.3639
G1 X-8.4127 Y-5.3587
G1 X-8.4293 Y-5.3536
G1 X-8.4437 Y-5.3508
G1 X-8.4609 Y-5.3490
G1 X-8.4741 Y-5.3488
G1 X-8.4913 Y-5.3501
G1 X-8.5040 Y-5.3522
G1 X-8.5246 Y-5.3576
G1 X-8.7569 Y-5.4367
G1 X-8.7727 Y-5.4437
G1 X-8.7851 Y-5.4507
G1 X-8.7992 Y-5.4605
G1 X-8.8095 Y-5.4691
G1 X-8.8217 Y-5.4814
G1 X-8.8306 Y-5.4921
G1 X-8.8403 Y-5.5062
G1 X-8.8470 Y-5.5182
G1 X-8.8540 Y-5.5339
G1 X-8.8585 Y-5.5473
G1 X-8.8624 Y-5.5642
G1 X-8.8643 Y-5.5778
G1 X-8.8652 Y-5.5952
G1 X-8.8645 Y-5.6092
G1 X-8.8621 Y-5.6262
G1 X-8.8591 Y-5.6393
G1 X-8.8537 Y-5.6557
G1 X-8.8479 Y-5.6688
G1 X-8.8395 Y-5.6839
G1 X-8.8305 Y-5.6966
G1 X-8.8154 Y-5.7139
G1 X-8.8086 Y-5.7208
G1 X-8.7327 Y-5.7881
G1 X-8.7189 Y-5.7983
G1 X-8.7075 Y-5.8051
G1 X-8.6919 Y-5.8127
G1 X-8.6781 Y-5.8179
G1 X-8.6665 Y-5.8209
G1 X-8.7482 Y-5.8575
G1 X-9.2684 Y-6.0909
G1 X-9.4152 Y-6.1572
G1 X-9.4823 Y-6.1798
G1 X-9.5909 Y-6.2033
G1 X-9.7346 Y-6.2258
G1 X-9.9073 Y-6.2466
G1 X-10.1004 Y-6.2647
G1 X-10.3108 Y-6.2803
G1 X-10.5336 Y-6.2931
G1 X-10.7579 Y-6.3026
G1 X-10.9769 Y-6.3087
G1 X-10.9783 Y-6.3085
G1 X-11.1957 Y-6.3110
G1 X-11.4001 Y-6.3096
G1 X-11.4010 Y-6.3098
G1 X-11.5789 Y-6.3048
G1 X-11.5802 Y-6.3045
G1 X-11.7452 Y-6.2949
G1 X-11.8690 Y-6.2824
G1 X-11.9512 Y-6.2677
G1 X-11.9595 Y-6.2647
G1 X-12.0101 Y-6.2047
G1 X-12.0689 Y-6.0424
G1 X-12.1128 Y-5.7951
G1 X-12.1339 Y-5.4887
G1 X-12.1291 Y-5.1557
G1 X-12.0979 Y-4.8063
G1 X-12.0406 Y-4.4681
G1 X-11.9568 Y-4.1582
G1 X-11.8568 Y-3.8793
G1 X-11.7454 Y-3.6100
G1 X-11.6300 Y-3.3697
G1 X-11.5056 Y-3.1481
G1 X-11.3687 Y-2.9403
G1 X-11.2239 Y-2.7536
G1 X-11.1096 Y-2.6288
G1 X-11.1102 Y-2.6349
G1 X-11.1107 Y-2.6522
G1 X-11.1099 Y-2.6661
G1 X-11.1072 Y-2.6831
G1 X-11.1039 Y-2.6963
G1 X-11.0981 Y-2.7125
G1 X-11.0921 Y-2.7256
G1 X-11.0833 Y-2.7406
G1 X-11.0756 Y-2.7514
G1 X-11.0644 Y-2.7644
G1 X-11.0542 Y-2.7743
G1 X-11.0407 Y-2.7851
G1 X-11.0296 Y-2.7924
G1 X-11.0143 Y-2.8007
G1 X-11.0014 Y-2.8063
G1 X-10.9850 Y-2.8115
G1 X-10.9710 Y-2.8146
G1 X-10.9538 Y-2.8166
G1 X-10.9407 Y-2.8171
G1 X-10.9236 Y-2.8162
G1 X-10.9105 Y-2.8142
G1 X-10.8920 Y-2.8098
G1 X-10.6546 Y-2.7363
G1 X-10.6387 Y-2.7297
G1 X-10.6286 Y-2.7248
G1 X-10.6145 Y-2.7161
G1 X-10.3212 Y-2.5130
G1 X-10.3097 Y-2.5038
G1 X-10.1845 Y-2.3930
G1 X-10.1726 Y-2.3804
G1 X-10.1641 Y-2.3696
G1 X-10.1547 Y-2.3551
G1 X-10.1481 Y-2.3426
G1 X-10.1415 Y-2.3265
G1 X-10.1375 Y-2.3134
G1 X-10.1340 Y-2.2966
G1 X-10.1326 Y-2.2827
G1 X-10.1323 Y-2.2655
G1 X-10.1332 Y-2.2516
G1 X-10.1361 Y-2.2345
G1 X-10.1396 Y-2.2213
G1 X-10.1455 Y-2.2050
G1 X-10.1514 Y-2.1924
G1 X-10.1602 Y-2.1776
G1 X-10.1681 Y-2.1667
G1 X-10.1794 Y-2.1537
G1 X-10.1897 Y-2.1438
G1 X-10.2033 Y-2.1331
G1 X-10.2144 Y-2.1258
G1 X-10.2297 Y-2.1177
G1 X-10.2422 Y-2.1124
G1 X-10.2588 Y-2.1072
G1 X-10.2726 Y-2.1042
G1 X-10.2948 Y-2.1018
G1 X-10.3783 Y-2.0989
G1 X-10.3955 Y-2.0998
G1 X-10.4086 Y-2.1018
G1 X-10.4254 Y-2.1057
G1 X-10.4380 Y-2.1099
G1 X-10.4533 Y-2.1166
G1 X-10.5244 Y-2.1522
G1 X-10.4923 Y-2.1308
G1 X-10.2637 Y-2.0013
G1 X-10.0167 Y-1.8817
G1 X-9.9875 Y-1.8694
G1 X-9.9929 Y-1.8767
G1 X-10.0049 Y-1.8969
G1 X-10.0848 Y-2.0586
G1 X-10.0910 Y-2.0748
G1 X-10.0947 Y-2.0877
G1 X-10.0979 Y-2.1046
G1 X-10.0992 Y-2.1186
G1 X-10.0992 Y-2.1360
G1 X-10.0979 Y-2.1498
G1 X-10.0947 Y-2.1668
G1 X-10.0910 Y-2.1800
G1 X-10.0848 Y-2.1961
G1 X-10.0786 Y-2.2087
G1 X-10.0695 Y-2.2233
G1 X-10.0615 Y-2.2340
G1 X-10.0498 Y-2.2469
G1 X-10.0398 Y-2.2563
G1 X-10.0261 Y-2.2668
G1 X-10.0142 Y-2.2743
G1 X-9.9987 Y-2.2820
G1 X-9.9857 Y-2.2872
G1 X-9.9692 Y-2.2919
G1 X-9.9560 Y-2.2944
G1 X-9.9388 Y-2.2962
G1 X-9.9241 Y-2.2962
G1 X-9.9070 Y-2.2946
G1 X-9.8939 Y-2.2922
G1 X-9.8772 Y-2.2876
G1 X-9.8655 Y-2.2835
G1 X-9.8471 Y-2.2746
G1 X-9.6456 Y-2.1600
G1 X-9.6315 Y-2.1501
G1 X-9.6209 Y-2.1412
G1 X-9.6087 Y-2.1288
G1 X-9.5999 Y-2.1181
G1 X-9.5902 Y-2.1038
G1 X-9.5835 Y-2.0916
G1 X-9.5767 Y-2.0758
G1 X-9.5722 Y-2.0624
G1 X-9.5684 Y-2.0456
G1 X-9.5667 Y-2.0325
G1 X-9.5659 Y-2.0153
G1 X-9.5667 Y-2.0008
G1 X-9.5692 Y-1.9837
G1 X-9.5721 Y-1.9711
G1 X-9.5775 Y-1.9547
G1 X-9.5834 Y-1.9413
G1 X-9.5918 Y-1.9263
G1 X-9.5996 Y-1.9152
G1 X-9.6108 Y-1.9018
G1 X-9.6205 Y-1.8921
G1 X-9.6336 Y-1.8812
G1 X-9.6472 Y-1.8721
G1 X-9.6675 Y-1.8616
G1 X-9.6758 Y-1.8579
G1 X-9.8004 Y-1.8118
G1 X-9.8170 Y-1.8072
G1 X-9.8310 Y-1.8046
G1 X-9.8316 Y-1.8046
G1 X-9.7479 Y-1.7696
G1 X-9.4459 Y-1.6609
G1 X-9.1274 Y-1.5610
G1 X-8.7821 Y-1.4656
G1 X-8.7805 Y-1.4653
G1 X-8.1682 Y-1.3060
G1 X-7.9236 Y-1.2416
G1 X-7.7167 Y-1.1857
G1 X-7.5440 Y-1.1370
G1 X-7.4023 Y-1.0937
G1 X-7.2875 Y-1.0535
G1 X-7.2076 Y-1.0191
G1 X-7.1919 Y-1.0108
G1 X-7.1374 Y-0.9778
G1 X-7.1236 Y-0.9677
G1 X-7.1150 Y-0.9602
G1 X-7.1040 Y-0.9490
G1 X-7.0758 Y-0.9169
G1 X-7.0655 Y-0.9030
G1 X-7.0578 Y-0.8905
G1 X-7.0504 Y-0.8749
G1 X-7.0448 Y-0.8591
G1 X-7.0392 Y-0.8346
G1 X-7.0377 Y-0.8246
G1 X-7.0351 Y-0.7912
G1 X-7.0351 Y-0.7738
G1 X-7.0364 Y-0.7600
G1 X-7.0395 Y-0.7429
G1 X-7.0435 Y-0.7291
G1 X-7.0499 Y-0.7131
G1 X-7.0542 Y-0.7040
G1 X-7.0606 Y-0.6928
G1 X-7.0817 Y-0.6595
G1 X-7.0922 Y-0.6459
G1 X-7.0992 Y-0.6381
G1 X-7.1120 Y-0.6260
G1 X-7.1505 Y-0.5937
G1 X-7.1632 Y-0.5844
G1 X-7.2189 Y-0.5486
G1 X-7.2820 Y-0.5115
G1 X-7.3464 Y-0.4745
G1 X-7.5563 Y-0.3198
G1 X-7.6392 Y-0.1988
G1 X-7.6692 Y-0.1484
G1 X-7.6799 Y-0.1334
G1 X-7.6849 Y-0.1273
G1 X-7.7742 Y-0.0277
G1 X-7.9082 Y0.1062
G1 X-8.0830 Y0.2715
G1 X-8.2935 Y0.4636
G1 X-8.5343 Y0.6768
G1 X-8.7994 Y0.9063
G1 X-9.0827 Y1.1465
G1 X-9.4920 Y1.4898
G1 X-9.4920 Y1.4896
G1 X-9.8566 Y1.7969
G1 X-9.8568 Y1.7970
G1 X-10.0228 Y1.9376
G1 X-10.1791 Y2.0705
G1 X-10.1802 Y2.0713
G1 X-10.3255 Y2.1954
G1 X-10.4630 Y2.3135
G1 X-10.5908 Y2.4242
G1 X-10.7111 Y2.5294
G1 X-10.7130 Y2.5309
G1 X-10.8230 Y2.6278
G1 X-10.9263 Y2.7201
G1 X-11.0229 Y2.8076
G1 X-11.1127 Y2.8903
G1 X-11.1946 Y2.9673
G1 X-11.2722 Y3.0415
G1 X-11.3415 Y3.1097
G1 X-11.4077 Y3.1765
G1 X-11.4677 Y3.2391
G1 X-11.5219 Y3.2975
G1 X-11.5740 Y3.3559
G1 X-11.6211 Y3.4111
G1 X-11.6650 Y3.4648
G1 X-11.7031 Y3.5135
G1 X-11.7422 Y3.5663
G1 X-11.7786 Y3.6177
G1 X-11.8138 Y3.6699
G1 X-11.8472 Y3.7218
G1 X-11.8793 Y3.7740
G1 X-11.9114 Y3.8284
G1 X-11.9421 Y3.8816
G1 X-11.9423 Y3.8822
G1 X-11.9742 Y3.9401
G1 X-12.0906 Y4.1828
G1 X-12.1947 Y4.4633
G1 X-12.2784 Y4.7537
G1 X-12.3433 Y5.0553
G1 X-12.3865 Y5.3539
G1 X-12.4041 Y5.6241
G1 X-12.3962 Y5.8625
G1 X-12.3635 Y6.0474
G1 X-12.3167 Y6.1552
G1 X-12.2256 Y6.2923
G1 X-12.1006 Y6.4424
G1 X-11.9442 Y6.6011
G1 X-11.7786 Y6.7461
G1 X-11.6087 Y6.8734
G1 X-11.4457 Y6.9734
G1 X-11.3043 Y7.0362
G1 X-11.1443 Y7.0728
G1 X-10.8959 Y7.1053
G1 X-10.5951 Y7.1276
G1 X-10.2897 Y7.1358
G1 X-9.9609 Y7.1236
G1 X-9.6628 Y7.0857
G1 X-9.3887 Y7.0208
G1 X-9.1330 Y6.9262
G1 X-8.8868 Y6.7995
G1 X-8.6420 Y6.6359
G1 X-8.3920 Y6.4313
G1 X-8.1308 Y6.1814
G1 X-8.0495 Y6.0971
G1 X-7.9698 Y6.0116
G1 X-7.8921 Y5.9244
G1 X-7.8199 Y5.8393
G1 X-7.7449 Y5.7463
G1 X-7.7439 Y5.7455
G1 X-7.6746 Y5.6543
G1 X-7.6029 Y5.5558
G1 X-7.6031 Y5.5557
G1 X-7.5267 Y5.4452
G1 X-7.5266 Y5.4452
G1 X-7.4523 Y5.3327
G1 X-7.4518 Y5.3316
G1 X-7.3698 Y5.2025
G1 X-7.3693 Y5.2019
G1 X-7.2859 Y5.0661
G1 X-7.1951 Y4.9135
G1 X-7.0989 Y4.7485
G1 X-7.0986 Y4.7479
G1 X-6.9945 Y4.5655
G1 X-6.9947 Y4.5655
G1 X-6.8823 Y4.3657
G1 X-6.7682 Y4.1604
G1 X-6.7278 Y4.0396
G1 X-6.6838 Y3.8136
G1 X-6.6449 Y3.5135
G1 X-6.6181 Y3.1834
G1 X-6.6048 Y2.9953
G1 X-6.5847 Y2.7839
G1 X-6.5593 Y2.5559
G1 X-6.5288 Y2.3180
G1 X-6.4946 Y2.0770
G1 X-6.4577 Y1.8403
G1 X-6.4187 Y1.6143
G1 X-6.3409 Y1.2111
G1 X-6.3033 Y0.9995
G1 X-6.2683 Y0.7828
G1 X-6.2360 Y0.5648
G1 X-6.2080 Y0.3549
G1 X-6.2080 Y0.3536
G1 X-6.1848 Y0.1562
G1 X-6.1671 Y-0.0224
G1 X-6.1566 Y-0.1713
G1 X-6.1206 Y-0.8521
G1 X-6.1181 Y-0.8691
G1 X-6.1149 Y-0.8822
G1 X-6.1093 Y-0.8986
G1 X-6.1039 Y-0.9110
G1 X-6.0955 Y-0.9261
G1 X-6.0872 Y-0.9381
G1 X-6.0761 Y-0.9513
G1 X-6.0667 Y-0.9605
G1 X-6.0535 Y-0.9714
G1 X-6.0420 Y-0.9794
G1 X-6.0269 Y-0.9879
G1 X-6.0138 Y-0.9936
G1 X-5.9974 Y-0.9990
G1 X-5.9857 Y-1.0019
G1 X-5.9660 Y-1.0047
G1 X-5.0204 Y-1.0805
G1 X-5.0192 Y-1.0805
G1 X-4.8140 Y-1.0978
G1 X-4.8140 Y-1.0977
G1 X-4.5868 Y-1.1187
G1 X-4.5794 Y-1.0439
G1 X-4.3374 Y-1.0676
G1 X-4.3374 Y-1.0674
G1 X-4.0901 Y-1.0931
G1 X-3.8444 Y-1.1196
G1 X-3.6071 Y-1.1465
G1 X-3.6071 Y-1.1464
G1 X-3.3876 Y-1.1728
G1 X-3.1909 Y-1.1978
G1 X-3.0003 Y-1.2216
G1 X-2.7989 Y-1.2439
G1 X-2.5931 Y-1.2642
G1 X-2.3885 Y-1.2822
G1 X-2.1913 Y-1.2969
G1 X-2.0073 Y-1.3085
G1 X-1.8421 Y-1.3162
G1 X-1.7070 Y-1.3194
G1 X-1.4272 Y-1.3324
G1 X-1.1410 Y-1.3671
G1 X-0.8401 Y-1.4235
G1 X-0.5318 Y-1.4991
G1 X-0.2172 Y-1.5936
G1 X0.0944 Y-1.7034
G1 X0.4107 Y-1.8310
G1 X0.7211 Y-1.9717
G1 X1.0267 Y-2.1266
G1 X1.3199 Y-2.2911
G1 X1.6073 Y-2.4699
G1 X1.8737 Y-2.6533
G1 X2.1259 Y-2.8467
G1 X2.3580 Y-3.0463
G1 X2.5648 Y-3.2483
G1 X2.7496 Y-3.4573
G1 X2.8543 Y-3.5912
G1 X2.9358 Y-3.7114
G1 X2.9949 Y-3.8233
G1 X3.0360 Y-3.9388
G1 X3.0643 Y-4.0752
G1 X3.0816 Y-4.2407
G1 X3.0900 Y-4.4492
G1 X3.0923 Y-4.7108
G1 X3.0904 Y-4.9782
G1 X3.0823 Y-5.1872
G1 X3.0652 Y-5.3508
G1 X3.0369 Y-5.4814
G1 X2.9951 Y-5.5912
G1 X2.9344 Y-5.6961
G1 X2.8501 Y-5.8086
G1 X2.7364 Y-5.9407
G1 X2.5769 Y-6.1119
G1 X2.4105 Y-6.2776
G1 X2.2618 Y-6.4136
G1 X2.1608 Y-6.4936
G1 X2.0281 Y-6.5495
G1 X1.8122 Y-6.5916
G1 X1.5352 Y-6.6158
G1 X1.2161 Y-6.6214
G1 X0.8717 Y-6.6077
G1 X0.5225 Y-6.5752
G1 X0.1864 Y-6.5243
G1 X-0.1185 Y-6.4555
G1 X-0.2586 Y-6.4139
G1 X-0.3961 Y-6.3662
G1 X-0.5374 Y-6.3102
G1 X-0.6768 Y-6.2480
G1 X-0.8159 Y-6.1787
G1 X-0.9609 Y-6.0992
G1 X-1.1049 Y-6.0131
G1 X-1.2544 Y-5.9162
G1 X-1.4049 Y-5.8116
G1 X-1.5593 Y-5.6974
G1 X-1.7175 Y-5.5736
G1 X-1.8793 Y-5.4402
G1 X-2.0477 Y-5.2951
G1 X-2.2209 Y-5.1397
G1 X-2.3997 Y-4.9734
G1 X-2.5848 Y-4.7958
G1 X-2.7394 Y-4.6465
G1 X-2.9008 Y-4.4923
G1 X-3.0682 Y-4.3343
G1 X-3.2407 Y-4.1729
G1 X-3.4177 Y-4.0091
G1 X-3.5983 Y-3.8436
G1 X-3.7818 Y-3.6768
G1 X-3.9672 Y-3.5099
G1 X-4.1538 Y-3.3431
G1 X-4.3409 Y-3.1773
G1 X-4.5279 Y-3.0132
G1 X-4.7136 Y-2.8518
G1 X-4.8976 Y-2.6933
G1 X-5.0787 Y-2.5387
G1 X-5.2565 Y-2.3886
G1 X-5.4298 Y-2.2442
G1 X-5.9464 Y-1.8156
G1 X-5.9607 Y-1.8057
G1 X-5.9764 Y-1.7987
G1 X-5.9932 Y-1.7948
G1 X-6.0105 Y-1.7939
G1 X-6.0275 Y-1.7963
G1 X-6.0439 Y-1.8018
G1 X-6.0592 Y-1.8100
G1 X-6.0724 Y-1.8210
G1 X-6.0836 Y-1.8342
G1 X-6.0922 Y-1.8493
G1 X-6.0976 Y-1.8649
G1 X-6.1768 Y-2.1807
G1 X-6.2271 Y-2.3760
G1 X-6.2780 Y-2.5650
G1 X-6.3298 Y-2.7480
G1 X-6.3823 Y-2.9247
G1 X-6.4359 Y-3.0954
G1 X-6.4904 Y-3.2602
G1 X-6.5464 Y-3.4208
G1 X-6.5462 Y-3.4208
G1 X-6.6022 Y-3.5724
G1 X-6.6600 Y-3.7201
G1 X-6.7187 Y-3.8621
G1 X-6.7790 Y-3.9995
G1 X-6.8400 Y-4.1301
G1 X-6.9025 Y-4.2560
G1 X-6.9678 Y-4.3790
G1 X-6.9676 Y-4.3790
G1 X-7.0319 Y-4.4926
G1 X-7.1002 Y-4.6058
G1 X-7.1669 Y-4.7092
G1 X-7.2385 Y-4.8128
G1 X-7.3082 Y-4.9069
G1 X-7.3814 Y-4.9989
G1 X-7.4562 Y-5.0864
G1 X-7.5353 Y-5.1723
G1 X-7.6136 Y-5.2510
G1 X-7.6917 Y-5.3237
G1 X-7.7759 Y-5.3961
G1 X-7.8602 Y-5.4631
G1 X-7.9477 Y-5.5271
G1 X-8.0342 Y-5.5852
G1 X-8.1286 Y-5.6434
G1 X-8.2200 Y-5.6950
G1 X-8.3153 Y-5.7440
G1 X-8.4172 Y-5.7917
G1 X-8.7175 Y-5.9261
G1 X-9.2375 Y-6.1595
G1 X-9.3873 Y-6.2271
G1 X-9.4627 Y-6.2525
G1 X-9.5770 Y-6.2773
G1 X-9.7232 Y-6.3001
G1 X-9.8982 Y-6.3213
G1 X-10.0949 Y-6.3397
G1 X-10.3065 Y-6.3555
G1 X-10.5293 Y-6.3682
G1 X-10.7547 Y-6.3777
G1 X-10.9774 Y-6.3838
G1 X-10.9774 Y-6.3836
G1 X-11.1952 Y-6.3862
G1 X-11.4005 Y-6.3847
G1 X-11.4005 Y-6.3849
G1 X-11.5845 Y-6.3798
G1 X-11.5845 Y-6.3797
G1 X-11.7500 Y-6.3701
G1 X-11.8793 Y-6.3569
G1 X-11.9711 Y-6.3405
G1 X-12.0039 Y-6.3287
G1 X-12.0761 Y-6.2431
G1 X-12.1419 Y-6.0620
G1 X-12.1875 Y-5.8043
G1 X-12.2090 Y-5.4921
G1 X-12.2042 Y-5.1501
G1 X-12.1727 Y-4.7971
G1 X-12.1143 Y-4.4525
G1 X-12.0284 Y-4.1352
G1 X-11.9267 Y-3.8514
G1 X-11.9264 Y-3.8505
G1 X-11.8145 Y-3.5799
G1 X-11.6972 Y-3.3359
G1 X-11.5692 Y-3.1078
G1 X-11.4305 Y-2.8971
G1 X-11.2818 Y-2.7057
G1 X-11.1160 Y-2.5246
G1 X-10.9393 Y-2.3612
G1 X-10.7445 Y-2.2084
G1 X-10.5314 Y-2.0666
G1 X-10.2991 Y-1.9350
G1 X-10.0471 Y-1.8129
G1 X-9.7734 Y-1.6988
G1 X-9.4714 Y-1.5901
G1 X-9.1499 Y-1.4892
G1 X-8.7994 Y-1.3924
G1 X-8.7994 Y-1.3926
G1 X-8.1873 Y-1.2333
G1 X-7.9432 Y-1.1690
G1 X-7.7371 Y-1.1133
G1 X-7.5660 Y-1.0651
G1 X-7.4271 Y-1.0227
G1 X-7.3170 Y-0.9842
G1 X-7.2420 Y-0.9522
G1 X-7.2305 Y-0.9463
G1 X-7.1820 Y-0.9172
G1 X-7.1682 Y-0.9070
G1 X-7.1602 Y-0.8991
G1 X-7.1360 Y-0.8718
G1 X-7.1256 Y-0.8580
G1 X-7.1182 Y-0.8424
G1 X-7.1126 Y-0.8179
G1 X-7.1102 Y-0.7912
G1 X-7.1102 Y-0.7738
G1 X-7.1134 Y-0.7568
G1 X-7.1198 Y-0.7407
G1 X-7.1242 Y-0.7327
G1 X-7.1414 Y-0.7054
G1 X-7.1519 Y-0.6917
G1 X-7.1603 Y-0.6834
G1 X-7.1947 Y-0.6545
G1 X-7.2041 Y-0.6476
G1 X-7.2570 Y-0.6134
G1 X-7.3194 Y-0.5768
G1 X-7.3870 Y-0.5380
G1 X-7.6114 Y-0.3724
G1 X-7.7029 Y-0.2389
G1 X-7.7301 Y-0.1924
G1 X-7.7409 Y-0.1775
G1 X-7.8273 Y-0.0809
G1 X-7.9598 Y0.0517
G1 X-8.1335 Y0.2159
G1 X-8.3433 Y0.4073
G1 X-8.5835 Y0.6200
G1 X-8.8479 Y0.8490
G1 X-9.1311 Y1.0888
G1 X-9.5404 Y1.4321
G1 X-9.9050 Y1.7395
G1 X-9.9050 Y1.7393
G1 X-10.0713 Y1.8801
G1 X-10.2278 Y2.0132
G1 X-10.2278 Y2.0130
G1 X-10.3743 Y2.1383
G1 X-10.5120 Y2.2565
G1 X-10.6403 Y2.3676
G1 X-10.7606 Y2.4728
G1 X-10.7608 Y2.4727
G1 X-10.8728 Y2.5715
G1 X-10.9764 Y2.6641
G1 X-11.0738 Y2.7522
G1 X-11.1635 Y2.8349
G1 X-11.2462 Y2.9125
G1 X-11.3241 Y2.9870
G1 X-11.3943 Y3.0562
G1 X-11.4612 Y3.1237
G1 X-11.5219 Y3.1871
G1 X-11.5770 Y3.2463
G1 X-11.6302 Y3.3059
G1 X-11.6783 Y3.3623
G1 X-11.7231 Y3.4170
G1 X-11.7635 Y3.4688
G1 X-11.8027 Y3.5216
G1 X-11.8410 Y3.5757
G1 X-11.8762 Y3.6279
G1 X-11.9105 Y3.6811
G1 X-11.9434 Y3.7347
G1 X-11.9762 Y3.7901
G1 X-12.0081 Y3.8458
G1 X-12.0080 Y3.8458
G1 X-12.0412 Y3.9059
G1 X-12.1600 Y4.1536
G1 X-12.2658 Y4.4388
G1 X-12.3514 Y4.7357
G1 X-12.4175 Y5.0421
G1 X-12.4611 Y5.3445
G1 X-12.4794 Y5.6233
G1 X-12.4711 Y5.8703
G1 X-12.4360 Y6.0692
G1 X-12.3828 Y6.1916
G1 X-12.2863 Y6.3369
G1 X-12.1561 Y6.4932
G1 X-11.9964 Y6.6552
G1 X-11.8256 Y6.8048
G1 X-11.6504 Y6.9361
G1 X-11.4808 Y7.0402
G1 X-11.3281 Y7.1080
G1 X-11.1590 Y7.1467
G1 X-10.9026 Y7.1801
G1 X-10.5992 Y7.2027
G1 X-10.2889 Y7.2109
G1 X-9.9540 Y7.1985
G1 X-9.6492 Y7.1599
G1 X-9.3674 Y7.0930
G1 X-9.1028 Y6.9952
G1 X-8.8486 Y6.8643
G1 X-8.5968 Y6.6961
G1 X-8.3424 Y6.4878
G1 X-8.0788 Y6.2357
G1 X-7.9944 Y6.1484
G1 X-7.9136 Y6.0616
G1 X-7.8348 Y5.9731
G1 X-7.7613 Y5.8865
G1 X-7.6863 Y5.7936
G1 X-7.6862 Y5.7936
G1 X-7.6147 Y5.6999
G1 X-7.5412 Y5.5985
G1 X-7.4648 Y5.4880
G1 X-7.3881 Y5.3718
G1 X-7.3882 Y5.3718
G1 X-7.3063 Y5.2428
G1 X-7.3061 Y5.2428
G1 X-7.2213 Y5.1046
G1 X-7.1305 Y4.9520
G1 X-7.0332 Y4.7851
G1 X-7.0333 Y4.7851
G1 X-6.9291 Y4.6024
G1 X-6.8166 Y4.4023
G1 X-6.6991 Y4.1911
G1 X-6.6548 Y4.0584
G1 X-6.6092 Y3.8235
G1 X-6.5702 Y3.5232
G1 X-6.5432 Y3.1886
G1 X-6.5299 Y3.0024
G1 X-6.5101 Y2.7924
G1 X-6.4846 Y2.5654
G1 X-6.4544 Y2.3284
G1 X-6.4203 Y2.0886
G1 X-6.3835 Y1.8531
G1 X-6.3449 Y1.6287
G1 X-6.2670 Y1.2254
G1 X-6.2292 Y1.0115
G1 X-6.1940 Y0.7938
G1 X-6.1615 Y0.5747
G1 X-6.1332 Y0.3623
G1 X-6.1334 Y0.3623
G1 X-6.1100 Y0.1636
G1 X-6.0922 Y-0.0172
G1 X-6.0815 Y-0.1673
G1 X-6.0463 Y-0.8410
G1 X-6.0438 Y-0.8580
G1 X-6.0382 Y-0.8744
G1 X-6.0298 Y-0.8895
G1 X-6.0186 Y-0.9027
G1 X-6.0054 Y-0.9137
G1 X-5.9903 Y-0.9221
G1 X-5.9739 Y-0.9275
G1 X-5.9599 Y-0.9298
G1 X-5.0144 Y-1.0055
G1 X-5.0144 Y-1.0053
G1 X-4.8076 Y-1.0229
G1 X-4.5794 Y-1.0439
G1 X-5.5556 Y-1.3568
G1 X-5.5609 Y-1.3404
G1 X-5.5667 Y-1.3271
G1 X-5.5749 Y-1.3120
G1 X-5.5811 Y-1.3025
G1 X-5.5915 Y-1.2893
G1 X-5.7452 Y-1.1131
G1 X-5.7576 Y-1.1012
G1 X-5.7687 Y-1.0924
G1 X-5.7833 Y-1.0830
G1 X-5.7951 Y-1.0766
G1 X-5.8110 Y-1.0700
G1 X-5.8221 Y-1.0663
G1 X-5.8373 Y-1.0627
G1 X-6.0097 Y-1.0308
G1 X-6.1226 Y-0.9624
G1 X-6.1953 Y-0.8672
G1 X-6.2306 Y-0.7161
G1 X-6.2360 Y-0.6996
G1 X-6.2417 Y-0.6866
G1 X-6.2502 Y-0.6715
G1 X-6.2578 Y-0.6604
G1 X-6.2688 Y-0.6469
G1 X-6.2784 Y-0.6372
G1 X-6.2974 Y-0.6217
G1 X-6.4957 Y-0.4851
G1 X-6.5108 Y-0.4767
G1 X-6.5233 Y-0.4713
G1 X-6.5397 Y-0.4657
G1 X-6.5527 Y-0.4625
G1 X-6.5697 Y-0.4600
G1 X-6.5844 Y-0.4592
G1 X-6.6018 Y-0.4600
G1 X-6.6148 Y-0.4617
G1 X-6.6316 Y-0.4656
G1 X-6.6451 Y-0.4700
G1 X-6.6608 Y-0.4768
G1 X-6.6726 Y-0.4832
G1 X-6.6869 Y-0.4927
G1 X-6.6980 Y-0.5018
G1 X-6.7105 Y-0.5141
G1 X-6.7190 Y-0.5243
G1 X-6.7289 Y-0.5383
G1 X-6.7368 Y-0.5526
G1 X-6.7457 Y-0.5740
G1 X-6.7488 Y-0.5827
G1 X-6.8090 Y-0.7988
G1 X-6.8120 Y-0.8158
G1 X-6.8131 Y-0.8290
G1 X-6.8131 Y-0.8462
G1 X-6.8118 Y-0.8600
G1 X-6.8086 Y-0.8771
G1 X-6.8051 Y-0.8898
G1 X-6.7983 Y-0.9075
G1 X-6.6956 Y-1.1325
G1 X-6.6209 Y-1.4276
G1 X-6.6150 Y-1.4438
G1 X-6.6095 Y-1.4556
G1 X-6.6009 Y-1.4706
G1 X-6.5929 Y-1.4820
G1 X-6.5817 Y-1.4951
G1 X-6.5720 Y-1.5046
G1 X-6.5585 Y-1.5156
G1 X-6.5465 Y-1.5234
G1 X-6.5314 Y-1.5315
G1 X-6.5225 Y-1.5357
G1 X-6.5102 Y-1.5401
G1 X-6.3039 Y-1.6053
G1 X-6.2871 Y-1.6090
G1 X-6.2747 Y-1.6106
G1 X-6.2556 Y-1.6112
G1 X-5.9688 Y-1.6044
G1 X-5.9538 Y-1.6032
G1 X-5.6897 Y-1.5669
G1 X-5.6728 Y-1.5631
G1 X-5.6588 Y-1.5584
G1 X-5.6430 Y-1.5514
G1 X-5.6314 Y-1.5449
G1 X-5.6171 Y-1.5352
G1 X-5.6065 Y-1.5264
G1 X-5.5942 Y-1.5143
G1 X-5.5853 Y-1.5038
G1 X-5.5754 Y-1.4897
G1 X-5.5687 Y-1.4777
G1 X-5.5615 Y-1.4620
G1 X-5.5568 Y-1.4481
G1 X-5.5528 Y-1.4313
G1 X-5.5509 Y-1.4182
G1 X-5.5499 Y-1.4010
G1 X-5.5504 Y-1.3872
G1 X-5.5526 Y-1.3700
G1 X-5.5556 Y-1.3568
G1 X-5.6273 Y-1.3797
G1 X-5.6325 Y-1.3633
G1 X-5.6408 Y-1.3482
G1 X-5.6481 Y-1.3386
G1 X-5.7972 Y-1.1674
G1 X-5.8096 Y-1.1555
G1 X-5.8241 Y-1.1461
G1 X-5.8400 Y-1.1394
G1 X-5.8511 Y-1.1367
G1 X-6.0368 Y-1.1025
G1 X-6.1739 Y-1.0192
G1 X-6.2647 Y-0.9003
G1 X-6.3021 Y-0.7396
G1 X-6.3075 Y-0.7232
G1 X-6.3159 Y-0.7081
G1 X-6.3269 Y-0.6947
G1 X-6.3401 Y-0.6836
G1 X-6.5323 Y-0.5508
G1 X-6.5475 Y-0.5424
G1 X-6.5638 Y-0.5369
G1 X-6.5809 Y-0.5343
G1 X-6.5982 Y-0.5351
G1 X-6.6151 Y-0.5389
G1 X-6.6309 Y-0.5458
G1 X-6.6452 Y-0.5553
G1 X-6.6576 Y-0.5676
G1 X-6.6675 Y-0.5815
G1 X-6.6764 Y-0.6029
G1 X-6.7350 Y-0.8120
G1 X-6.7380 Y-0.8290
G1 X-6.7380 Y-0.8462
G1 X-6.7348 Y-0.8632
G1 X-6.7299 Y-0.8763
G1 X-6.6245 Y-1.1074
G1 X-6.5502 Y-1.4020
G1 X-6.5443 Y-1.4182
G1 X-6.5357 Y-1.4332
G1 X-6.5246 Y-1.4462
G1 X-6.5110 Y-1.4572
G1 X-6.4959 Y-1.4653
G1 X-6.4875 Y-1.4685
G1 X-6.2880 Y-1.5318
G1 X-6.2712 Y-1.5355
G1 X-6.2573 Y-1.5361
G1 X-5.9746 Y-1.5295
G1 X-5.9640 Y-1.5287
G1 X-5.7062 Y-1.4935
G1 X-5.6893 Y-1.4897
G1 X-5.6736 Y-1.4827
G1 X-5.6593 Y-1.4729
G1 X-5.6470 Y-1.4609
G1 X-5.6372 Y-1.4467
G1 X-5.6300 Y-1.4309
G1 X-5.6260 Y-1.4141
G1 X-5.6251 Y-1.3969
G1 X-5.6273 Y-1.3797
; Retract
G1 Z3.0400 F2540

; Path 1
; Rapid to initial position
G1 X-6.1399 Y-1.6837 F2540
G1 Z0.5000
; plunge
G1 Z-2.6750 F127
; cut
G1 X-6.1553 Y-1.6945 F1016
G1 X-6.1732 Y-1.7096
G1 X-6.1873 Y-1.7240
G1 X-6.2028 Y-1.7429
G1 X-6.2143 Y-1.7600
G1 X-6.2261 Y-1.7815
G1 X-6.2344 Y-1.8010
G1 X-6.2434 Y-1.8283
G1 X-6.3219 Y-2.1416
G1 X-6.3226 Y-2.1431
G1 X-6.3729 Y-2.3384
G1 X-6.3731 Y-2.3400
G1 X-6.4229 Y-2.5243
G1 X-6.4739 Y-2.7051
G1 X-6.5258 Y-2.8795
G1 X-6.5788 Y-3.0483
G1 X-6.6328 Y-3.2118
G1 X-6.6880 Y-3.3711
G1 X-6.6882 Y-3.3711
G1 X-6.7423 Y-3.5177
G1 X-6.7991 Y-3.6627
G1 X-6.8565 Y-3.8016
G1 X-6.9164 Y-3.9380
G1 X-6.9741 Y-4.0621
G1 X-6.9834 Y-4.0494
G1 X-6.9967 Y-4.0341
G1 X-7.0141 Y-4.0174
G1 X-7.0303 Y-4.0045
G1 X-7.0509 Y-3.9910
G1 X-7.0692 Y-3.9815
G1 X-7.0911 Y-3.9722
G1 X-7.1117 Y-3.9657
G1 X-7.1350 Y-3.9607
G1 X-7.1546 Y-3.9584
G1 X-7.1796 Y-3.9576
G1 X-7.2013 Y-3.9592
G1 X-7.2240 Y-3.9628
G1 X-7.2431 Y-3.9674
G1 X-7.2662 Y-3.9754
G1 X-7.2856 Y-3.9843
G1 X-7.2991 Y-3.9922
G1 X-7.2275 Y-3.8323
G1 X-7.1328 Y-3.6037
G1 X-7.0359 Y-3.3541
G1 X-6.9361 Y-3.0810
G1 X-6.8145 Y-2.7238
G1 X-6.7262 Y-2.4204
G1 X-6.6751 Y-2.1817
G1 X-6.6721 Y-2.1595
G1 X-6.6571 Y-1.9766
G1 X-6.6570 Y-1.9637
G1 X-6.6581 Y-1.9375
G1 X-6.6593 Y-1.9245
G1 X-6.6818 Y-1.7803
G1 X-6.6859 Y-1.7636
G1 X-6.6885 Y-1.7555
G1 X-6.6967 Y-1.7346
G1 X-6.7071 Y-1.7131
G1 X-6.7136 Y-1.7013
G1 X-6.7754 Y-1.6033
G1 X-6.7904 Y-1.5839
G1 X-6.8055 Y-1.5678
G1 X-6.8234 Y-1.5520
G1 X-6.8379 Y-1.5414
G1 X-6.8576 Y-1.5290
G1 X-6.9584 Y-1.4739
G1 X-6.9741 Y-1.4669
G1 X-6.9816 Y-1.4641
G1 X-6.9959 Y-1.4594
G1 X-7.0036 Y-1.4575
G1 X-7.0350 Y-1.4511
G1 X-7.1667 Y-1.4352
G1 X-7.1748 Y-1.4347
G1 X-7.2075 Y-1.4346
G1 X-7.3265 Y-1.4440
G1 X-7.4702 Y-1.4666
G1 X-7.6381 Y-1.5010
G1 X-7.8270 Y-1.5458
G1 X-8.0342 Y-1.5995
G1 X-8.2553 Y-1.6604
G1 X-8.4860 Y-1.7278
G1 X-8.7214 Y-1.8001
G1 X-8.9578 Y-1.8759
G1 X-9.1903 Y-1.9537
G1 X-9.4145 Y-2.0322
G1 X-9.4952 Y-2.0620
G1 X-9.4939 Y-2.0556
G1 X-9.4915 Y-2.0360
G1 X-9.4907 Y-2.0112
G1 X-9.4924 Y-1.9899
G1 X-9.4959 Y-1.9669
G1 X-9.5006 Y-1.9475
G1 X-9.5087 Y-1.9245
G1 X-9.5178 Y-1.9044
G1 X-9.5302 Y-1.8832
G1 X-9.5419 Y-1.8672
G1 X-9.5576 Y-1.8487
G1 X-9.5724 Y-1.8344
G1 X-9.5918 Y-1.8188
G1 X-9.6053 Y-1.8097
G1 X-9.6127 Y-1.8053
G1 X-9.6177 Y-1.8027
G1 X-9.4204 Y-1.7317
G1 X-9.1049 Y-1.6327
G1 X-8.7639 Y-1.5385
G1 X-8.7615 Y-1.5381
G1 X-8.1491 Y-1.3787
G1 X-7.9041 Y-1.3141
G1 X-7.6964 Y-1.2581
G1 X-7.5221 Y-1.2089
G1 X-7.3774 Y-1.1647
G1 X-7.2578 Y-1.1225
G1 X-7.1726 Y-1.0856
G1 X-7.1529 Y-1.0751
G1 X-7.0929 Y-1.0385
G1 X-7.0742 Y-1.0243
G1 X-7.0615 Y-1.0130
G1 X-7.0475 Y-0.9985
G1 X-7.0157 Y-0.9619
G1 X-7.0012 Y-0.9421
G1 X-6.9900 Y-0.9229
G1 X-6.9826 Y-0.9073
G1 X-6.9796 Y-0.8998
G1 X-6.9740 Y-0.8841
G1 X-6.9714 Y-0.8758
G1 X-6.9649 Y-0.8464
G1 X-6.9627 Y-0.8303
G1 X-6.9600 Y-0.7912
G1 X-6.9603 Y-0.7670
G1 X-6.9625 Y-0.7461
G1 X-6.9673 Y-0.7223
G1 X-6.9737 Y-0.7014
G1 X-6.9820 Y-0.6808
G1 X-6.9890 Y-0.6667
G1 X-6.9971 Y-0.6524
G1 X-7.0221 Y-0.6137
G1 X-7.0362 Y-0.5956
G1 X-7.0475 Y-0.5835
G1 X-7.0636 Y-0.5684
G1 X-7.1064 Y-0.5328
G1 X-7.1226 Y-0.5213
G1 X-7.1807 Y-0.4839
G1 X-7.2444 Y-0.4463
G1 X-7.3065 Y-0.4107
G1 X-7.5013 Y-0.2669
G1 X-7.5771 Y-0.1563
G1 X-7.6082 Y-0.1043
G1 X-7.6217 Y-0.0858
G1 X-7.6289 Y-0.0772
G1 X-7.7211 Y0.0254
G1 X-7.8565 Y0.1609
G1 X-8.0323 Y0.3270
G1 X-8.2437 Y0.5199
G1 X-8.4851 Y0.7336
G1 X-8.7507 Y0.9636
G1 X-9.0343 Y1.2041
G1 X-9.4437 Y1.5474
G1 X-9.4454 Y1.5486
G1 X-9.8065 Y1.8529
G1 X-9.8083 Y1.8545
G1 X-9.9742 Y1.9950
G1 X-10.1315 Y2.1282
G1 X-10.1313 Y2.1284
G1 X-10.2766 Y2.2526
G1 X-10.4140 Y2.3705
G1 X-10.5413 Y2.4809
G1 X-10.6660 Y2.5896
G1 X-10.7729 Y2.6838
G1 X-10.8761 Y2.7761
G1 X-10.9719 Y2.8630
G1 X-11.0617 Y2.9457
G1 X-11.1430 Y3.0220
G1 X-11.2204 Y3.0958
G1 X-11.2887 Y3.1632
G1 X-11.3542 Y3.2294
G1 X-11.4134 Y3.2911
G1 X-11.4669 Y3.3487
G1 X-11.5178 Y3.4059
G1 X-11.5640 Y3.4600
G1 X-11.6068 Y3.5123
G1 X-11.6426 Y3.5582
G1 X-11.6818 Y3.6110
G1 X-11.7163 Y3.6598
G1 X-11.7514 Y3.7119
G1 X-11.7841 Y3.7625
G1 X-11.8151 Y3.8133
G1 X-11.8466 Y3.8666
G1 X-11.8759 Y3.9171
G1 X-11.8764 Y3.9185
G1 X-11.9084 Y3.9764
G1 X-12.0214 Y4.2123
G1 X-12.1232 Y4.4868
G1 X-12.2055 Y4.7724
G1 X-12.2569 Y5.0109
G1 X-12.2416 Y4.9996
G1 X-12.2212 Y4.9867
G1 X-12.2029 Y4.9775
G1 X-12.1808 Y4.9685
G1 X-12.1673 Y4.9643
G1 X-12.1598 Y4.9622
G1 X-12.1355 Y4.9576
G1 X-12.1153 Y4.9558
G1 X-12.0920 Y4.9555
G1 X-12.0715 Y4.9571
G1 X-12.0470 Y4.9614
G1 X-12.0268 Y4.9672
G1 X-12.0043 Y4.9755
G1 X-11.9854 Y4.9848
G1 X-11.9647 Y4.9974
G1 X-11.9486 Y5.0094
G1 X-11.9308 Y5.0252
G1 X-11.9165 Y5.0405
G1 X-11.9100 Y5.0488
G1 X-11.9080 Y5.0286
G1 X-11.8775 Y4.8478
G1 X-11.8337 Y4.6698
G1 X-11.7764 Y4.4949
G1 X-11.7051 Y4.3224
G1 X-11.6197 Y4.1512
G1 X-11.5201 Y3.9815
G1 X-11.4060 Y3.8123
G1 X-11.2769 Y3.6422
G1 X-11.1327 Y3.4700
G1 X-10.9727 Y3.2953
G1 X-10.7966 Y3.1162
G1 X-10.6034 Y2.9323
G1 X-10.3928 Y2.7419
G1 X-10.1667 Y2.5463
G1 X-9.9389 Y2.3520
G1 X-9.6841 Y2.1316
G1 X-9.4107 Y1.8932
G1 X-9.1252 Y1.6428
G1 X-9.1254 Y1.6427
G1 X-8.8432 Y1.3928
G1 X-8.5669 Y1.1465
G1 X-8.3068 Y0.9124
G1 X-8.0709 Y0.6979
G1 X-8.0709 Y0.6980
G1 X-7.8549 Y0.5010
G1 X-7.6521 Y0.3165
G1 X-7.4675 Y0.1494
G1 X-7.3053 Y0.0035
G1 X-7.1692 Y-0.1179
G1 X-7.0634 Y-0.2114
G1 X-6.9858 Y-0.2778
G1 X-6.9481 Y-0.3059
G1 X-6.9269 Y-0.3188
G1 X-6.9086 Y-0.3276
G1 X-6.8865 Y-0.3360
G1 X-6.8661 Y-0.3419
G1 X-6.8419 Y-0.3462
G1 X-6.8229 Y-0.3478
G1 X-6.7986 Y-0.3479
G1 X-6.7765 Y-0.3459
G1 X-6.7533 Y-0.3414
G1 X-6.7333 Y-0.3359
G1 X-6.7108 Y-0.3271
G1 X-6.6920 Y-0.3177
G1 X-6.6711 Y-0.3047
G1 X-6.6549 Y-0.2922
G1 X-6.6371 Y-0.2760
G1 X-6.6232 Y-0.2607
G1 X-6.6086 Y-0.2415
G1 X-6.5973 Y-0.2231
G1 X-6.5870 Y-0.2020
G1 X-6.5796 Y-0.1837
G1 X-6.5745 Y-0.1671
G1 X-6.5724 Y-0.1585
G1 X-6.5693 Y-0.1411
G1 X-6.5682 Y-0.1322
G1 X-6.5665 Y-0.1006
G1 X-6.5669 Y-0.0858
G1 X-6.5825 Y0.1177
G1 X-6.5852 Y0.1363
G1 X-6.6025 Y0.2272
G1 X-6.6227 Y0.3404
G1 X-6.6458 Y0.4764
G1 X-6.6458 Y0.4768
G1 X-6.6722 Y0.6358
G1 X-6.7004 Y0.8088
G1 X-6.7004 Y0.8106
G1 X-6.7308 Y1.0010
G1 X-6.7623 Y1.2007
G1 X-6.7623 Y1.2014
G1 X-6.8279 Y1.6284
G1 X-6.8610 Y1.8472
G1 X-6.8936 Y2.0663
G1 X-6.9246 Y2.2777
G1 X-6.9250 Y2.2821
G1 X-6.9555 Y2.4940
G1 X-6.9843 Y2.6972
G1 X-7.0111 Y2.8891
G1 X-7.0362 Y3.0733
G1 X-7.0824 Y3.3583
G1 X-7.1440 Y3.6386
G1 X-7.2197 Y3.9130
G1 X-7.3100 Y4.1816
G1 X-7.4137 Y4.4430
G1 X-7.5307 Y4.6974
G1 X-7.6605 Y4.9430
G1 X-7.8027 Y5.1796
G1 X-7.9567 Y5.4066
G1 X-8.1224 Y5.6230
G1 X-8.2991 Y5.8281
G1 X-8.4862 Y6.0210
G1 X-8.6839 Y6.2010
G1 X-8.8911 Y6.3675
G1 X-9.1080 Y6.5196
G1 X-9.3279 Y6.6530
G1 X-9.3457 Y6.6619
G1 X-9.5700 Y6.7621
G1 X-9.5942 Y6.7703
G1 X-9.8398 Y6.8366
G1 X-9.8617 Y6.8406
G1 X-10.1201 Y6.8742
G1 X-10.1401 Y6.8752
G1 X-10.4052 Y6.8769
G1 X-10.4240 Y6.8755
G1 X-10.6852 Y6.8454
G1 X-10.7054 Y6.8416
G1 X-10.9575 Y6.7795
G1 X-10.9781 Y6.7724
G1 X-11.2089 Y6.6796
G1 X-11.2348 Y6.6663
G1 X-11.4376 Y6.5422
G1 X-11.4572 Y6.5276
G1 X-11.6756 Y6.3433
G1 X-11.6913 Y6.3271
G1 X-11.7011 Y6.3153
G1 X-11.7105 Y6.3026
G1 X-11.8345 Y6.1179
G1 X-11.8458 Y6.0968
G1 X-11.8536 Y6.0780
G1 X-11.8605 Y6.0571
G1 X-11.8635 Y6.0458
G1 X-11.8878 Y5.9349
G1 X-11.8996 Y5.9542
G1 X-11.9117 Y5.9702
G1 X-11.9274 Y5.9881
G1 X-11.9427 Y6.0024
G1 X-11.9618 Y6.0173
G1 X-11.9795 Y6.0285
G1 X-12.0008 Y6.0395
G1 X-12.0212 Y6.0477
G1 X-12.0446 Y6.0546
G1 X-12.0638 Y6.0583
G1 X-12.0882 Y6.0608
G1 X-12.1086 Y6.0609
G1 X-12.1318 Y6.0594
G1 X-12.1526 Y6.0560
G1 X-12.1694 Y6.0519
G1 X-12.1770 Y6.0495
G1 X-12.1964 Y6.0420
G1 X-12.2182 Y6.0317
G1 X-12.2364 Y6.0207
G1 X-12.2553 Y6.0068
G1 X-12.2698 Y5.9941
G1 X-12.2870 Y5.9761
G1 X-12.3004 Y5.9589
G1 X-12.3037 Y5.9537
G1 X-12.2911 Y6.0258
G1 X-12.2506 Y6.1189
G1 X-12.1651 Y6.2475
G1 X-12.0451 Y6.3916
G1 X-11.8920 Y6.5470
G1 X-11.7317 Y6.6873
G1 X-11.5672 Y6.8107
G1 X-11.4107 Y6.9065
G1 X-11.2804 Y6.9645
G1 X-11.1296 Y6.9990
G1 X-10.8892 Y7.0305
G1 X-10.5909 Y7.0524
G1 X-10.2905 Y7.0607
G1 X-9.9679 Y7.0486
G1 X-9.6762 Y7.0115
G1 X-9.4101 Y6.9485
G1 X-9.1632 Y6.8573
G1 X-8.9258 Y6.7351
G1 X-8.6864 Y6.5752
G1 X-8.4417 Y6.3748
G1 X-8.1829 Y6.1272
G1 X-8.1036 Y6.0448
G1 X-8.0259 Y5.9616
G1 X-7.9494 Y5.8757
G1 X-7.8784 Y5.7920
G1 X-7.8034 Y5.6990
G1 X-7.8017 Y5.6973
G1 X-7.7353 Y5.6101
G1 X-7.6663 Y5.5151
G1 X-7.6650 Y5.5128
G1 X-7.5886 Y5.4024
G1 X-7.5873 Y5.4010
G1 X-7.5165 Y5.2935
G1 X-7.5152 Y5.2913
G1 X-7.4333 Y5.1627
G1 X-7.4335 Y5.1626
G1 X-7.3506 Y5.0276
G1 X-7.2600 Y4.8756
G1 X-7.1638 Y4.7106
G1 X-7.0610 Y4.5304
G1 X-7.0603 Y4.5285
G1 X-6.9481 Y4.3291
G1 X-6.8373 Y4.1297
G1 X-6.8007 Y4.0207
G1 X-6.7583 Y3.8023
G1 X-6.7195 Y3.5037
G1 X-6.6931 Y3.1781
G1 X-6.6796 Y2.9881
G1 X-6.6595 Y2.7757
G1 X-6.6339 Y2.5463
G1 X-6.6033 Y2.3074
G1 X-6.5690 Y2.0654
G1 X-6.5319 Y1.8276
G1 X-6.4925 Y1.6000
G1 X-6.4149 Y1.1979
G1 X-6.3775 Y0.9876
G1 X-6.3427 Y0.7718
G1 X-6.3105 Y0.5549
G1 X-6.2828 Y0.3470
G1 X-6.2826 Y0.3448
G1 X-6.2596 Y0.1489
G1 X-6.2420 Y-0.0277
G1 X-6.2317 Y-0.1753
G1 X-6.2090 Y-0.6016
G1 X-6.2152 Y-0.5943
G1 X-6.2247 Y-0.5846
G1 X-6.2308 Y-0.5790
G1 X-6.2548 Y-0.5597
G1 X-6.4591 Y-0.4194
G1 X-6.4808 Y-0.4078
G1 X-6.4991 Y-0.4001
G1 X-6.5219 Y-0.3926
G1 X-6.5416 Y-0.3882
G1 X-6.5656 Y-0.3849
G1 X-6.5879 Y-0.3840
G1 X-6.6118 Y-0.3855
G1 X-6.6313 Y-0.3884
G1 X-6.6554 Y-0.3943
G1 X-6.6749 Y-0.4011
G1 X-6.6966 Y-0.4107
G1 X-6.7143 Y-0.4207
G1 X-6.7343 Y-0.4345
G1 X-6.7509 Y-0.4483
G1 X-6.7679 Y-0.4656
G1 X-6.7805 Y-0.4810
G1 X-6.7904 Y-0.4950
G1 X-6.7946 Y-0.5018
G1 X-6.8026 Y-0.5162
G1 X-6.8063 Y-0.5236
G1 X-6.8169 Y-0.5494
G1 X-6.8212 Y-0.5625
G1 X-6.8830 Y-0.7856
G1 X-6.8869 Y-0.8095
G1 X-6.8882 Y-0.8290
G1 X-6.8879 Y-0.8531
G1 X-6.8857 Y-0.8739
G1 X-6.8812 Y-0.8970
G1 X-6.8753 Y-0.9171
G1 X-6.8667 Y-0.9387
G1 X-6.7668 Y-1.1577
G1 X-6.6915 Y-1.4532
G1 X-6.6832 Y-1.4752
G1 X-6.6748 Y-1.4930
G1 X-6.6624 Y-1.5140
G1 X-6.6499 Y-1.5309
G1 X-6.6344 Y-1.5487
G1 X-6.6194 Y-1.5631
G1 X-6.6059 Y-1.5740
G1 X-6.5995 Y-1.5787
G1 X-6.5820 Y-1.5896
G1 X-6.5631 Y-1.5998
G1 X-6.5481 Y-1.6063
G1 X-6.5328 Y-1.6117
G1 X-6.3199 Y-1.6789
G1 X-6.2967 Y-1.6837
G1 X-6.2773 Y-1.6857
G1 X-6.2538 Y-1.6864
G1 X-6.1399 Y-1.6837
G1 X-6.2982 Y-1.7591
G1 X-6.3059 Y-1.7777
G1 X-6.3162 Y-1.8100
G1 X-6.3937 Y-2.1191
G1 X-6.3955 Y-2.1243
G1 X-6.4458 Y-2.3196
G1 X-6.4464 Y-2.3233
G1 X-6.4953 Y-2.5039
G1 X-6.5461 Y-2.6836
G1 X-6.5976 Y-2.8570
G1 X-6.6503 Y-3.0248
G1 X-6.7043 Y-3.1882
G1 X-6.7041 Y-3.1882
G1 X-6.7580 Y-3.3436
G1 X-6.7586 Y-3.3450
G1 X-6.8123 Y-3.4903
G1 X-6.8686 Y-3.6339
G1 X-6.9254 Y-3.7714
G1 X-6.9853 Y-3.9077
G1 X-6.9852 Y-3.9077
G1 X-6.9982 Y-3.9358
G1 X-7.0160 Y-3.9243
G1 X-7.0400 Y-3.9120
G1 X-7.0684 Y-3.9006
G1 X-7.0962 Y-3.8922
G1 X-7.1260 Y-3.8861
G1 X-7.1523 Y-3.8832
G1 X-7.1677 Y-3.8828
G1 X-7.1580 Y-3.8611
G1 X-7.0628 Y-3.6308
G1 X-6.9652 Y-3.3798
G1 X-6.8650 Y-3.1052
G1 X-6.7423 Y-2.7449
G1 X-6.6527 Y-2.4361
G1 X-6.6006 Y-2.1918
G1 X-6.5971 Y-2.1657
G1 X-6.5820 Y-1.9776
G1 X-6.5818 Y-1.9606
G1 X-6.5833 Y-1.9302
G1 X-6.5850 Y-1.9129
G1 X-6.6088 Y-1.7621
G1 X-6.6142 Y-1.7411
G1 X-6.6186 Y-1.7278
G1 X-6.6289 Y-1.7020
G1 X-6.6414 Y-1.6766
G1 X-6.6499 Y-1.6612
G1 X-6.6883 Y-1.6009
G1 X-6.6864 Y-1.6030
G1 X-6.6669 Y-1.6214
G1 X-6.6499 Y-1.6348
G1 X-6.6395 Y-1.6423
G1 X-6.6177 Y-1.6558
G1 X-6.5932 Y-1.6687
G1 X-6.5732 Y-1.6771
G1 X-6.5555 Y-1.6835
G1 X-6.3350 Y-1.7526
G1 X-6.3046 Y-1.7585
G1 X-6.2982 Y-1.7591
G1 X-6.3944 Y-1.8127
G1 X-6.4660 Y-2.0984
G1 X-6.4684 Y-2.1056
G1 X-6.5190 Y-2.3037
G1 X-6.5677 Y-2.4835
G1 X-6.6181 Y-2.6621
G1 X-6.6694 Y-2.8345
G1 X-6.7217 Y-3.0013
G1 X-6.7757 Y-3.1647
G1 X-6.7760 Y-3.1664
G1 X-6.8279 Y-3.3159
G1 X-6.8291 Y-3.3189
G1 X-6.8823 Y-3.4628
G1 X-6.9382 Y-3.6052
G1 X-6.9944 Y-3.7411
G1 X-7.0348 Y-3.8333
G1 X-7.0466 Y-3.8287
G1 X-7.0613 Y-3.8244
G1 X-6.9928 Y-3.6580
G1 X-6.8945 Y-3.4057
G1 X-6.7939 Y-3.1293
G1 X-6.6700 Y-2.7659
G1 X-6.5791 Y-2.4517
G1 X-6.5261 Y-2.2018
G1 X-6.5222 Y-2.1718
G1 X-6.5069 Y-1.9783
G1 X-6.5067 Y-1.9571
G1 X-6.5085 Y-1.9227
G1 X-6.5107 Y-1.9012
G1 X-6.5317 Y-1.7698
G1 X-6.3944 Y-1.8127
G1 X-6.7548 Y-1.7984
G1 X-6.7590 Y-1.7817
G1 X-6.7644 Y-1.7672
G1 X-6.7734 Y-1.7485
G1 X-6.7773 Y-1.7412
G1 X-6.8355 Y-1.6483
G1 X-6.8459 Y-1.6345
G1 X-6.8558 Y-1.6236
G1 X-6.8686 Y-1.6120
G1 X-6.8783 Y-1.6047
G1 X-6.8938 Y-1.5949
G1 X-6.9890 Y-1.5427
G1 X-7.0047 Y-1.5357
G1 X-7.0190 Y-1.5310
G1 X-7.0440 Y-1.5258
G1 X-7.1758 Y-1.5099
G1 X-7.2018 Y-1.5095
G1 X-7.3149 Y-1.5183
G1 X-7.4551 Y-1.5402
G1 X-7.6207 Y-1.5741
G1 X-7.8083 Y-1.6186
G1 X-8.0142 Y-1.6719
G1 X-8.2343 Y-1.7327
G1 X-8.4639 Y-1.7997
G1 X-8.6985 Y-1.8718
G1 X-8.9339 Y-1.9472
G1 X-9.1655 Y-2.0247
G1 X-9.3886 Y-2.1027
G1 X-9.5993 Y-2.1802
G1 X-9.7933 Y-2.2555
G1 X-9.9661 Y-2.3282
G1 X-10.1154 Y-2.3973
G1 X-10.2284 Y-2.4578
G1 X-10.2402 Y-2.4651
G1 X-10.3694 Y-2.5536
G1 X-10.3816 Y-2.5629
G1 X-10.5193 Y-2.6817
G1 X-10.6539 Y-2.8193
G1 X-10.7850 Y-2.9739
G1 X-10.9113 Y-3.1431
G1 X-11.0324 Y-3.3246
G1 X-11.1478 Y-3.5167
G1 X-11.2559 Y-3.7174
G1 X-11.3556 Y-3.9240
G1 X-11.4465 Y-4.1352
G1 X-11.5268 Y-4.3483
G1 X-11.5956 Y-4.5617
G1 X-11.6515 Y-4.7732
G1 X-11.6932 Y-4.9810
G1 X-11.7198 Y-5.1835
G1 X-11.7290 Y-5.3705
G1 X-11.7306 Y-5.8704
G1 X-11.7290 Y-5.8875
G1 X-11.7266 Y-5.9008
G1 X-11.7220 Y-5.9173
G1 X-11.7170 Y-5.9302
G1 X-11.7095 Y-5.9458
G1 X-11.7021 Y-5.9577
G1 X-11.6918 Y-5.9716
G1 X-11.6827 Y-5.9818
G1 X-11.6700 Y-5.9936
G1 X-11.6588 Y-6.0020
G1 X-11.6444 Y-6.0110
G1 X-11.6327 Y-6.0171
G1 X-11.6167 Y-6.0236
G1 X-11.6022 Y-6.0278
G1 X-11.5852 Y-6.0310
G1 X-11.5727 Y-6.0322
G1 X-11.5496 Y-6.0323
G1 X-10.7508 Y-5.9753
G1 X-10.4148 Y-5.9423
G1 X-10.0995 Y-5.8963
G1 X-9.8469 Y-5.8439
G1 X-9.8321 Y-5.8400
G1 X-9.6703 Y-5.7864
G1 X-9.6558 Y-5.7806
G1 X-9.5156 Y-5.7155
G1 X-9.3219 Y-5.6320
G1 X-9.0878 Y-5.5357
G1 X-9.0878 Y-5.5355
G1 X-8.8470 Y-5.4407
G1 X-8.6839 Y-5.3732
G1 X-8.5301 Y-5.3005
G1 X-8.3857 Y-5.2207
G1 X-8.2492 Y-5.1325
G1 X-8.1213 Y-5.0352
G1 X-8.0005 Y-4.9271
G1 X-7.8870 Y-4.8079
G1 X-7.7796 Y-4.6766
G1 X-7.6774 Y-4.5324
G1 X-7.5792 Y-4.3744
G1 X-7.4841 Y-4.2012
G1 X-7.3900 Y-4.0110
G1 X-7.2969 Y-3.8035
G1 X-7.2028 Y-3.5764
G1 X-7.1066 Y-3.3283
G1 X-7.0073 Y-3.0568
G1 X-6.8868 Y-2.7028
G1 X-6.7997 Y-2.4046
G1 X-6.7496 Y-2.1709
G1 X-6.7471 Y-2.1533
G1 X-6.7323 Y-1.9754
G1 X-6.7321 Y-1.9665
G1 X-6.7329 Y-1.9445
G1 X-6.7336 Y-1.9359
G1 X-6.7548 Y-1.7984
G1 X-6.8279 Y-1.8166
G1 X-6.8320 Y-1.7998
G1 X-6.8411 Y-1.7810
G1 X-6.8957 Y-1.6934
G1 X-6.9060 Y-1.6795
G1 X-6.9189 Y-1.6679
G1 X-6.9301 Y-1.6607
G1 X-7.0195 Y-1.6114
G1 X-7.0353 Y-1.6044
G1 X-7.0533 Y-1.6005
G1 X-7.1777 Y-1.5850
G1 X-7.1960 Y-1.5845
G1 X-7.3033 Y-1.5926
G1 X-7.4400 Y-1.6139
G1 X-7.6034 Y-1.6474
G1 X-7.7895 Y-1.6913
G1 X-7.9941 Y-1.7443
G1 X-8.2131 Y-1.8048
G1 X-8.4418 Y-1.8716
G1 X-8.6756 Y-1.9434
G1 X-8.9100 Y-2.0185
G1 X-9.1406 Y-2.0957
G1 X-9.3627 Y-2.1734
G1 X-9.5721 Y-2.2502
G1 X-9.7642 Y-2.3249
G1 X-9.9346 Y-2.3965
G1 X-10.0801 Y-2.4637
G1 X-10.1889 Y-2.5218
G1 X-10.1977 Y-2.5271
G1 X-10.3245 Y-2.6139
G1 X-10.3326 Y-2.6199
G1 X-10.4657 Y-2.7344
G1 X-10.5967 Y-2.8681
G1 X-10.7248 Y-3.0189
G1 X-10.8487 Y-3.1847
G1 X-10.9680 Y-3.3633
G1 X-11.0816 Y-3.5524
G1 X-11.1882 Y-3.7500
G1 X-11.2866 Y-3.9538
G1 X-11.3762 Y-4.1617
G1 X-11.4551 Y-4.3713
G1 X-11.5229 Y-4.5810
G1 X-11.5778 Y-4.7880
G1 X-11.6187 Y-4.9909
G1 X-11.6447 Y-5.1873
G1 X-11.6539 Y-5.3708
G1 X-11.6558 Y-5.8634
G1 X-11.6542 Y-5.8805
G1 X-11.6496 Y-5.8971
G1 X-11.6420 Y-5.9127
G1 X-11.6316 Y-5.9265
G1 X-11.6189 Y-5.9383
G1 X-11.6044 Y-5.9474
G1 X-11.5883 Y-5.9539
G1 X-11.5713 Y-5.9571
G1 X-11.5551 Y-5.9574
G1 X-10.7580 Y-5.9005
G1 X-10.4256 Y-5.8680
G1 X-10.1148 Y-5.8226
G1 X-9.8660 Y-5.7712
G1 X-9.8557 Y-5.7685
G1 X-9.6976 Y-5.7163
G1 X-9.6875 Y-5.7124
G1 X-9.5472 Y-5.6473
G1 X-9.3506 Y-5.5624
G1 X-9.1164 Y-5.4661
G1 X-8.8756 Y-5.3711
G1 X-8.7160 Y-5.3052
G1 X-8.5664 Y-5.2345
G1 X-8.4264 Y-5.1575
G1 X-8.2947 Y-5.0727
G1 X-8.1712 Y-4.9790
G1 X-8.0549 Y-4.8752
G1 X-7.9451 Y-4.7602
G1 X-7.8409 Y-4.6332
G1 X-7.7412 Y-4.4928
G1 X-7.6451 Y-4.3381
G1 X-7.5514 Y-4.1678
G1 X-7.4586 Y-3.9803
G1 X-7.3663 Y-3.7747
G1 X-7.2729 Y-3.5492
G1 X-7.1772 Y-3.3025
G1 X-7.0784 Y-3.0326
G1 X-6.9589 Y-2.6817
G1 X-6.8732 Y-2.3889
G1 X-6.8239 Y-2.1590
G1 X-6.8220 Y-2.1471
G1 X-6.8072 Y-1.9692
G1 X-6.8080 Y-1.9472
G1 X-6.8279 Y-1.8166
G1 X-6.7424 Y-1.5251
G1 X-6.7560 Y-1.5113
G1 X-6.7789 Y-1.4916
G1 X-6.7978 Y-1.4777
G1 X-6.8216 Y-1.4629
G1 X-6.9278 Y-1.4052
G1 X-6.9472 Y-1.3967
G1 X-6.9585 Y-1.3924
G1 X-6.9776 Y-1.3865
G1 X-6.9887 Y-1.3839
G1 X-7.0259 Y-1.3765
G1 X-7.1623 Y-1.3601
G1 X-7.1745 Y-1.3597
G1 X-7.2133 Y-1.3597
G1 X-7.3381 Y-1.3697
G1 X-7.4853 Y-1.3929
G1 X-7.6555 Y-1.4278
G1 X-7.8458 Y-1.4731
G1 X-8.0543 Y-1.5271
G1 X-8.2763 Y-1.5882
G1 X-8.5081 Y-1.6558
G1 X-8.7444 Y-1.7285
G1 X-8.9816 Y-1.8046
G1 X-9.2151 Y-1.8828
G1 X-9.4219 Y-1.9552
G1 X-9.4228 Y-1.9490
G1 X-9.4296 Y-1.9226
G1 X-9.4403 Y-1.8934
G1 X-9.4494 Y-1.8734
G1 X-9.4529 Y-1.8664
G1 X-9.4693 Y-1.8392
G1 X-9.4750 Y-1.8313
G1 X-9.3949 Y-1.8025
G1 X-9.0825 Y-1.7045
G1 X-8.7459 Y-1.6115
G1 X-8.7426 Y-1.6108
G1 X-8.1300 Y-1.4515
G1 X-7.8845 Y-1.3867
G1 X-7.6760 Y-1.3305
G1 X-7.5001 Y-1.2808
G1 X-7.3524 Y-1.2357
G1 X-7.2278 Y-1.1914
G1 X-7.1373 Y-1.1520
G1 X-7.1137 Y-1.1392
G1 X-7.0474 Y-1.0983
G1 X-7.0243 Y-1.0805
G1 X-7.0074 Y-1.0652
G1 X-6.9907 Y-1.0479
G1 X-6.9549 Y-1.0062
G1 X-6.9363 Y-0.9799
G1 X-6.9331 Y-0.9743
G1 X-6.8381 Y-1.1827
G1 X-6.7644 Y-1.4718
G1 X-6.7618 Y-1.4798
G1 X-6.7512 Y-1.5073
G1 X-6.7424 Y-1.5251
G1 X-6.8731 Y-1.3496
G1 X-6.8979 Y-1.3362
G1 X-6.9205 Y-1.3264
G1 X-6.9364 Y-1.3206
G1 X-6.9596 Y-1.3135
G1 X-6.9741 Y-1.3100
G1 X-7.0170 Y-1.3019
G1 X-7.1594 Y-1.2850
G1 X-7.1745 Y-1.2845
G1 X-7.2194 Y-1.2847
G1 X-7.2800 Y-1.2896
G1 X-7.1977 Y-1.2604
G1 X-7.1014 Y-1.2181
G1 X-7.0742 Y-1.2032
G1 X-7.0079 Y-1.1623
G1 X-7.0014 Y-1.1578
G1 X-6.9738 Y-1.1362
G1 X-6.9533 Y-1.1174
G1 X-6.9514 Y-1.1154
G1 X-6.9094 Y-1.2077
G1 X-6.8731 Y-1.3496
G1 X-6.9199 Y-0.6371
G1 X-6.9236 Y-0.6297
G1 X-6.9339 Y-0.6117
G1 X-6.9628 Y-0.5674
G1 X-6.9813 Y-0.5442
G1 X-6.9959 Y-0.5287
G1 X-7.0155 Y-0.5104
G1 X-7.0627 Y-0.4718
G1 X-7.0819 Y-0.4580
G1 X-7.1425 Y-0.4191
G1 X-7.2070 Y-0.3810
G1 X-7.2659 Y-0.3471
G1 X-7.4462 Y-0.2141
G1 X-7.5140 Y-0.1156
G1 X-7.5476 Y-0.0599
G1 X-7.5640 Y-0.0377
G1 X-7.5729 Y-0.0270
G1 X-7.6679 Y0.0786
G1 X-7.8049 Y0.2155
G1 X-7.9817 Y0.3826
G1 X-8.1939 Y0.5762
G1 X-8.4359 Y0.7905
G1 X-8.7020 Y1.0209
G1 X-8.9860 Y1.2617
G1 X-9.3994 Y1.6081
G1 X-9.3999 Y1.6084
G1 X-9.7559 Y1.9086
G1 X-9.7597 Y1.9119
G1 X-9.9257 Y2.0525
G1 X-9.9257 Y2.0524
G1 X-10.0804 Y2.1834
G1 X-10.0825 Y2.1855
G1 X-10.2278 Y2.3097
G1 X-10.3647 Y2.4273
G1 X-10.4920 Y2.5378
G1 X-10.4920 Y2.5376
G1 X-10.6162 Y2.6460
G1 X-10.7231 Y2.7401
G1 X-10.8260 Y2.8322
G1 X-10.9210 Y2.9184
G1 X-11.0108 Y3.0010
G1 X-11.0110 Y3.0009
G1 X-11.0912 Y3.0764
G1 X-11.1685 Y3.1503
G1 X-11.2358 Y3.2166
G1 X-11.3008 Y3.2823
G1 X-11.3591 Y3.3432
G1 X-11.4107 Y3.3987
G1 X-11.4617 Y3.4559
G1 X-11.5068 Y3.5089
G1 X-11.5486 Y3.5599
G1 X-11.5821 Y3.6029
G1 X-11.6212 Y3.6557
G1 X-11.6539 Y3.7017
G1 X-11.6890 Y3.7539
G1 X-11.7209 Y3.8033
G1 X-11.7510 Y3.8524
G1 X-11.7818 Y3.9048
G1 X-11.8095 Y3.9527
G1 X-11.8105 Y3.9548
G1 X-11.8419 Y4.0116
G1 X-11.9520 Y4.2416
G1 X-12.0518 Y4.5104
G1 X-12.1325 Y4.7903
G1 X-12.1526 Y4.8845
G1 X-12.1420 Y4.8826
G1 X-12.1162 Y4.8807
G1 X-12.0862 Y4.8806
G1 X-12.0585 Y4.8831
G1 X-12.0264 Y4.8890
G1 X-12.0004 Y4.8968
G1 X-11.9714 Y4.9079
G1 X-11.9644 Y4.9114
G1 X-11.9506 Y4.8298
G1 X-11.9052 Y4.6465
G1 X-11.8460 Y4.4663
G1 X-11.7724 Y4.2888
G1 X-11.6845 Y4.1131
G1 X-11.5825 Y3.9395
G1 X-11.4658 Y3.7668
G1 X-11.3345 Y3.5940
G1 X-11.1881 Y3.4193
G1 X-11.0264 Y3.2426
G1 X-10.8484 Y3.0618
G1 X-10.6538 Y2.8765
G1 X-10.4420 Y2.6851
G1 X-10.2155 Y2.4892
G1 X-9.9881 Y2.2952
G1 X-9.7335 Y2.0749
G1 X-9.4602 Y1.8367
G1 X-9.1774 Y1.5888
G1 X-9.1752 Y1.5863
G1 X-8.8932 Y1.3366
G1 X-8.6172 Y1.0906
G1 X-8.3575 Y0.8566
G1 X-8.1214 Y0.6422
G1 X-8.1197 Y0.6408
G1 X-7.9055 Y0.4454
G1 X-7.7026 Y0.2608
G1 X-7.5178 Y0.0935
G1 X-7.3555 Y-0.0526
G1 X-7.2190 Y-0.1743
G1 X-7.1123 Y-0.2685
G1 X-7.0308 Y-0.3381
G1 X-6.9872 Y-0.3701
G1 X-6.9593 Y-0.3866
G1 X-6.9353 Y-0.3978
G1 X-6.9073 Y-0.4082
G1 X-6.8869 Y-0.4141
G1 X-6.8793 Y-0.4159
G1 X-6.8482 Y-0.4211
G1 X-6.8296 Y-0.4224
G1 X-6.8419 Y-0.4377
G1 X-6.8540 Y-0.4550
G1 X-6.8603 Y-0.4654
G1 X-6.8701 Y-0.4830
G1 X-6.8758 Y-0.4948
G1 X-6.8883 Y-0.5258
G1 X-6.8936 Y-0.5424
G1 X-6.9199 Y-0.6371
G1 X-6.8516 Y-0.2681
G1 X-6.8346 Y-0.2714
G1 X-6.8216 Y-0.2726
G1 X-6.8043 Y-0.2729
G1 X-6.7897 Y-0.2719
G1 X-6.7727 Y-0.2688
G1 X-6.7596 Y-0.2654
G1 X-6.7434 Y-0.2593
G1 X-6.7308 Y-0.2532
G1 X-6.7160 Y-0.2443
G1 X-6.7049 Y-0.2360
G1 X-6.6920 Y-0.2246
G1 X-6.6826 Y-0.2146
G1 X-6.6719 Y-0.2009
G1 X-6.6643 Y-0.1889
G1 X-6.6565 Y-0.1736
G1 X-6.6516 Y-0.1615
G1 X-6.6465 Y-0.1450
G1 X-6.6433 Y-0.1275
G1 X-6.6417 Y-0.1017
G1 X-6.6419 Y-0.0916
G1 X-6.6570 Y0.1074
G1 X-6.6590 Y0.1222
G1 X-6.6764 Y0.2131
G1 X-6.6967 Y0.3272
G1 X-6.7200 Y0.4639
G1 X-6.7200 Y0.4645
G1 X-6.7464 Y0.6235
G1 X-6.7749 Y0.7987
G1 X-6.7747 Y0.7987
G1 X-6.8051 Y0.9891
G1 X-6.8367 Y1.1890
G1 X-6.8367 Y1.1899
G1 X-6.9022 Y1.6169
G1 X-6.9353 Y1.8359
G1 X-6.9679 Y2.0552
G1 X-6.9994 Y2.2696
G1 X-6.9994 Y2.2715
G1 X-7.0300 Y2.4833
G1 X-7.0588 Y2.6867
G1 X-7.0855 Y2.8788
G1 X-7.1104 Y3.0613
G1 X-7.1558 Y3.3422
G1 X-7.2164 Y3.6185
G1 X-7.2910 Y3.8891
G1 X-7.3798 Y4.1539
G1 X-7.4820 Y4.4117
G1 X-7.5972 Y4.6622
G1 X-7.7250 Y4.9042
G1 X-7.8649 Y5.1374
G1 X-8.0164 Y5.3609
G1 X-8.1794 Y5.5740
G1 X-8.3530 Y5.7757
G1 X-8.5368 Y5.9655
G1 X-8.7310 Y6.1425
G1 X-8.9344 Y6.3059
G1 X-9.1470 Y6.4553
G1 X-9.3622 Y6.5859
G1 X-9.3765 Y6.5933
G1 X-9.5945 Y6.6910
G1 X-9.6139 Y6.6977
G1 X-9.8536 Y6.7628
G1 X-9.8714 Y6.7661
G1 X-10.1245 Y6.7991
G1 X-10.1405 Y6.8000
G1 X-10.3998 Y6.8019
G1 X-10.4154 Y6.8008
G1 X-10.6713 Y6.7715
G1 X-10.6875 Y6.7685
G1 X-10.9333 Y6.7084
G1 X-10.9501 Y6.7026
G1 X-11.1755 Y6.6123
G1 X-11.1957 Y6.6022
G1 X-11.3930 Y6.4817
G1 X-11.4088 Y6.4701
G1 X-11.6221 Y6.2905
G1 X-11.6341 Y6.2782
G1 X-11.6409 Y6.2704
G1 X-11.6482 Y6.2605
G1 X-11.7686 Y6.0818
G1 X-11.7769 Y6.0666
G1 X-11.7823 Y6.0542
G1 X-11.7880 Y6.0371
G1 X-11.7901 Y6.0296
G1 X-11.8428 Y5.7904
G1 X-11.8454 Y5.7665
G1 X-11.8568 Y5.4032
G1 X-11.8511 Y5.2200
G1 X-11.8339 Y5.0410
G1 X-11.8044 Y4.8656
G1 X-11.7623 Y4.6932
G1 X-11.7069 Y4.5236
G1 X-11.6378 Y4.3558
G1 X-11.5549 Y4.1892
G1 X-11.4576 Y4.0235
G1 X-11.3459 Y3.8577
G1 X-11.2192 Y3.6905
G1 X-11.0771 Y3.5208
G1 X-10.9191 Y3.3480
G1 X-10.7447 Y3.1707
G1 X-10.5529 Y2.9880
G1 X-10.3436 Y2.7987
G1 X-10.1178 Y2.6035
G1 X-9.8897 Y2.4088
G1 X-9.6346 Y2.1883
G1 X-9.3610 Y1.9497
G1 X-9.0773 Y1.7003
G1 X-9.0756 Y1.6990
G1 X-8.7932 Y1.4490
G1 X-8.5166 Y1.2023
G1 X-8.2563 Y0.9681
G1 X-8.0202 Y0.7536
G1 X-7.8043 Y0.5565
G1 X-7.6017 Y0.3722
G1 X-7.4172 Y0.2052
G1 X-7.2552 Y0.0595
G1 X-7.1196 Y-0.0616
G1 X-7.0146 Y-0.1543
G1 X-6.9404 Y-0.2177
G1 X-6.9080 Y-0.2422
G1 X-6.8933 Y-0.2515
G1 X-6.8809 Y-0.2577
G1 X-6.8648 Y-0.2641
G1 X-6.8516 Y-0.2681
G1 X-6.8371 Y-0.1942
G1 X-6.8201 Y-0.1975
G1 X-6.8029 Y-0.1979
G1 X-6.7859 Y-0.1948
G1 X-6.7696 Y-0.1888
G1 X-6.7548 Y-0.1799
G1 X-6.7420 Y-0.1684
G1 X-6.7313 Y-0.1547
G1 X-6.7235 Y-0.1394
G1 X-6.7184 Y-0.1229
G1 X-6.7168 Y-0.0971
G1 X-6.7315 Y0.0974
G1 X-6.7329 Y0.1080
G1 X-6.7503 Y0.1989
G1 X-6.7707 Y0.3140
G1 X-6.7943 Y0.4522
G1 X-6.7942 Y0.4522
G1 X-6.8206 Y0.6113
G1 X-6.8491 Y0.7868
G1 X-6.8794 Y0.9771
G1 X-6.9112 Y1.1784
G1 X-6.9110 Y1.1784
G1 X-6.9766 Y1.6054
G1 X-7.0096 Y1.8246
G1 X-7.0423 Y2.0442
G1 X-7.0741 Y2.2608
G1 X-7.0739 Y2.2608
G1 X-7.1045 Y2.4727
G1 X-7.1333 Y2.6762
G1 X-7.1600 Y2.8685
G1 X-7.1845 Y3.0494
G1 X-7.2293 Y3.3262
G1 X-7.2888 Y3.5985
G1 X-7.3623 Y3.8652
G1 X-7.4497 Y4.1262
G1 X-7.5503 Y4.3804
G1 X-7.6637 Y4.6272
G1 X-7.7895 Y4.8656
G1 X-7.9271 Y5.0952
G1 X-8.0761 Y5.3152
G1 X-8.2363 Y5.5249
G1 X-8.4070 Y5.7234
G1 X-8.5876 Y5.9099
G1 X-8.7781 Y6.0839
G1 X-8.9776 Y6.2445
G1 X-9.1860 Y6.3910
G1 X-9.3970 Y6.5193
G1 X-9.4073 Y6.5247
G1 X-9.6198 Y6.6202
G1 X-9.6336 Y6.6251
G1 X-9.8685 Y6.6891
G1 X-9.8811 Y6.6916
G1 X-10.1298 Y6.7241
G1 X-10.1412 Y6.7249
G1 X-10.3955 Y6.7268
G1 X-10.4068 Y6.7262
G1 X-10.6581 Y6.6975
G1 X-10.6697 Y6.6955
G1 X-10.9097 Y6.6369
G1 X-10.9223 Y6.6328
G1 X-11.1425 Y6.5448
G1 X-11.1566 Y6.5379
G1 X-11.3488 Y6.4210
G1 X-11.3604 Y6.4125
G1 X-11.5686 Y6.2376
G1 X-11.5807 Y6.2254
G1 X-11.5860 Y6.2183
G1 X-11.7028 Y6.0457
G1 X-11.7110 Y6.0306
G1 X-11.7167 Y6.0134
G1 X-11.7682 Y5.7815
G1 X-11.7702 Y5.7641
G1 X-11.7817 Y5.4054
G1 X-11.7763 Y5.2272
G1 X-11.7597 Y5.0534
G1 X-11.7314 Y4.8834
G1 X-11.6908 Y4.7165
G1 X-11.6373 Y4.5521
G1 X-11.5705 Y4.3893
G1 X-11.4900 Y4.2272
G1 X-11.3953 Y4.0656
G1 X-11.2860 Y3.9031
G1 X-11.1617 Y3.7386
G1 X-11.0216 Y3.5715
G1 X-10.8655 Y3.4006
G1 X-10.6928 Y3.2251
G1 X-10.5024 Y3.0437
G1 X-10.2944 Y2.8556
G1 X-10.0689 Y2.6606
G1 X-9.8405 Y2.4656
G1 X-9.5852 Y2.2449
G1 X-9.3114 Y2.0062
G1 X-9.0276 Y1.7568
G1 X-9.0274 Y1.7569
G1 X-8.7432 Y1.5052
G1 X-8.4663 Y1.2582
G1 X-8.2056 Y1.0237
G1 X-7.9695 Y0.8091
G1 X-7.7536 Y0.6121
G1 X-7.5512 Y0.4279
G1 X-7.3669 Y0.2611
G1 X-7.2051 Y0.1155
G1 X-7.0698 Y-0.0053
G1 X-6.9657 Y-0.0971
G1 X-6.8945 Y-0.1581
G1 X-6.8679 Y-0.1786
G1 X-6.8532 Y-0.1879
G1 X-6.8371 Y-0.1942
G1 X-6.5664 Y-0.3096
G1 X-6.5634 Y-0.3062
G1 X-6.5446 Y-0.2809
G1 X-6.5298 Y-0.2561
G1 X-6.5171 Y-0.2298
G1 X-6.5077 Y-0.2058
G1 X-6.5015 Y-0.1848
G1 X-6.4984 Y-0.1721
G1 X-6.4946 Y-0.1505
G1 X-6.4930 Y-0.1359
G1 X-6.4915 Y-0.0990
G1 X-6.4919 Y-0.0801
G1 X-6.5080 Y0.1286
G1 X-6.5113 Y0.1505
G1 X-6.5287 Y0.2414
G1 X-6.5487 Y0.3536
G1 X-6.5717 Y0.4890
G1 X-6.5981 Y0.6480
G1 X-6.6258 Y0.8180
G1 X-6.6261 Y0.8226
G1 X-6.6565 Y1.0130
G1 X-6.6880 Y1.2125
G1 X-6.6880 Y1.2128
G1 X-6.7536 Y1.6398
G1 X-6.7867 Y1.8585
G1 X-6.8193 Y2.0775
G1 X-6.8499 Y2.2859
G1 X-6.8505 Y2.2928
G1 X-6.8811 Y2.5046
G1 X-6.9098 Y2.7077
G1 X-6.9366 Y2.8995
G1 X-6.9620 Y3.0854
G1 X-7.0090 Y3.3744
G1 X-7.0716 Y3.6586
G1 X-7.1484 Y3.9368
G1 X-7.2401 Y4.2093
G1 X-7.3454 Y4.4744
G1 X-7.4642 Y4.7326
G1 X-7.5961 Y4.9816
G1 X-7.7405 Y5.2218
G1 X-7.8971 Y5.4522
G1 X-8.0654 Y5.6720
G1 X-8.2451 Y5.8805
G1 X-8.4356 Y6.0765
G1 X-8.6368 Y6.2596
G1 X-8.8479 Y6.4291
G1 X-9.0690 Y6.5839
G1 X-9.2944 Y6.7203
G1 X-9.3150 Y6.7305
G1 X-9.5461 Y6.8334
G1 X-9.5746 Y6.8428
G1 X-9.8264 Y6.9106
G1 X-9.8520 Y6.9151
G1 X-10.1165 Y6.9493
G1 X-10.1396 Y6.9503
G1 X-10.4110 Y6.9519
G1 X-10.4326 Y6.9501
G1 X-10.6992 Y6.9192
G1 X-10.7234 Y6.9146
G1 X-10.9821 Y6.8505
G1 X-11.0061 Y6.8420
G1 X-11.2430 Y6.7465
G1 X-11.2742 Y6.7305
G1 X-11.4826 Y6.6024
G1 X-11.5057 Y6.5850
G1 X-11.7295 Y6.3957
G1 X-11.7489 Y6.3753
G1 X-11.7617 Y6.3598
G1 X-11.7729 Y6.3444
G1 X-11.9009 Y6.1532
G1 X-11.9152 Y6.1255
G1 X-11.9251 Y6.1014
G1 X-11.9300 Y6.0861
G1 X-11.9451 Y6.0953
G1 X-11.9725 Y6.1092
G1 X-12.0001 Y6.1198
G1 X-12.0306 Y6.1284
G1 X-12.0561 Y6.1331
G1 X-12.0876 Y6.1359
G1 X-12.1137 Y6.1359
G1 X-12.1437 Y6.1335
G1 X-12.1514 Y6.1323
G1 X-12.1044 Y6.2029
G1 X-11.9895 Y6.3409
G1 X-11.8398 Y6.4929
G1 X-11.6848 Y6.6286
G1 X-11.5256 Y6.7480
G1 X-11.3757 Y6.8396
G1 X-11.2566 Y6.8927
G1 X-11.1145 Y6.9251
G1 X-10.8825 Y6.9557
G1 X-10.5868 Y6.9773
G1 X-10.2913 Y6.9856
G1 X-9.9749 Y6.9737
G1 X-9.6895 Y6.9374
G1 X-9.4314 Y6.8762
G1 X-9.1935 Y6.7884
G1 X-8.9640 Y6.6703
G1 X-8.7316 Y6.5150
G1 X-8.4913 Y6.3183
G1 X-8.2349 Y6.0729
G1 X-8.1577 Y5.9927
G1 X-8.0821 Y5.9117
G1 X-8.0067 Y5.8270
G1 X-7.9370 Y5.7447
G1 X-7.8620 Y5.6518
G1 X-7.8593 Y5.6487
G1 X-7.7962 Y5.5658
G1 X-7.7288 Y5.4730
G1 X-7.7269 Y5.4700
G1 X-7.6505 Y5.3596
G1 X-7.6478 Y5.3562
G1 X-7.5803 Y5.2537
G1 X-7.5786 Y5.2509
G1 X-7.4982 Y5.1249
G1 X-7.4976 Y5.1232
G1 X-7.4152 Y4.9891
G1 X-7.3249 Y4.8378
G1 X-7.2291 Y4.6734
G1 X-7.1281 Y4.4963
G1 X-7.1258 Y4.4916
G1 X-7.0136 Y4.2922
G1 X-7.0135 Y4.2922
G1 X-6.9063 Y4.0995
G1 X-6.8736 Y4.0017
G1 X-6.8322 Y3.7880
G1 X-6.7945 Y3.4977
G1 X-6.7680 Y3.1727
G1 X-6.7544 Y2.9811
G1 X-6.7343 Y2.7674
G1 X-6.7085 Y2.5368
G1 X-6.6778 Y2.2970
G1 X-6.6433 Y2.0537
G1 X-6.6060 Y1.8149
G1 X-6.5664 Y1.5857
G1 X-6.4889 Y1.1846
G1 X-6.4517 Y0.9757
G1 X-6.4170 Y0.7608
G1 X-6.3850 Y0.5450
G1 X-6.3576 Y0.3393
G1 X-6.3573 Y0.3361
G1 X-6.3344 Y0.1415
G1 X-6.3170 Y-0.0330
G1 X-6.3068 Y-0.1792
G1 X-6.2929 Y-0.4426
G1 X-6.4167 Y-0.3575
G1 X-6.4237 Y-0.3532
G1 X-6.4518 Y-0.3384
G1 X-6.4756 Y-0.3287
G1 X-6.5053 Y-0.3193
G1 X-6.5313 Y-0.3137
G1 X-6.5629 Y-0.3097
G1 X-6.5664 Y-0.3096
G1 X-6.4479 Y-0.2590
G1 X-6.4471 Y-0.2572
G1 X-6.4356 Y-0.2271
G1 X-6.4283 Y-0.2021
G1 X-6.4244 Y-0.1851
G1 X-6.4199 Y-0.1587
G1 X-6.4179 Y-0.1391
G1 X-6.4164 Y-0.0971
G1 X-6.4170 Y-0.0744
G1 X-6.4337 Y0.1398
G1 X-6.4375 Y0.1647
G1 X-6.4548 Y0.2556
G1 X-6.4747 Y0.3668
G1 X-6.4975 Y0.5016
G1 X-6.5239 Y0.6603
G1 X-6.5511 Y0.8274
G1 X-6.5518 Y0.8345
G1 X-6.5821 Y1.0249
G1 X-6.6137 Y1.2243
G1 X-6.6793 Y1.6513
G1 X-6.7123 Y1.8698
G1 X-6.7450 Y2.0886
G1 X-6.7752 Y2.2952
G1 X-6.7760 Y2.3035
G1 X-6.8066 Y2.5153
G1 X-6.8354 Y2.7182
G1 X-6.8621 Y2.9098
G1 X-6.8879 Y3.0975
G1 X-6.9357 Y3.3906
G1 X-6.9991 Y3.6787
G1 X-7.0771 Y3.9608
G1 X-7.1702 Y4.2369
G1 X-7.2772 Y4.5057
G1 X-7.3978 Y4.7677
G1 X-7.5316 Y5.0203
G1 X-7.6782 Y5.2641
G1 X-7.8038 Y5.4485
G1 X-7.7914 Y5.4314
G1 X-7.7888 Y5.4272
G1 X-7.7107 Y5.3149
G1 X-7.6432 Y5.2124
G1 X-7.6419 Y5.2104
G1 X-7.5635 Y5.0873
G1 X-7.5617 Y5.0839
G1 X-7.4798 Y4.9505
G1 X-7.3898 Y4.7999
G1 X-7.2944 Y4.6361
G1 X-7.1949 Y4.4620
G1 X-7.1914 Y4.4547
G1 X-7.0792 Y4.2552
G1 X-7.0779 Y4.2535
G1 X-6.9754 Y4.0692
G1 X-6.9464 Y3.9828
G1 X-6.9066 Y3.7767
G1 X-6.8691 Y3.4880
G1 X-6.8430 Y3.1673
G1 X-6.8291 Y2.9741
G1 X-6.8091 Y2.7591
G1 X-6.7831 Y2.5272
G1 X-6.7523 Y2.2864
G1 X-6.7176 Y2.0422
G1 X-6.6802 Y1.8022
G1 X-6.6402 Y1.5714
G1 X-6.5629 Y1.1715
G1 X-6.5258 Y0.9638
G1 X-6.4913 Y0.7499
G1 X-6.4595 Y0.5352
G1 X-6.4324 Y0.3318
G1 X-6.4320 Y0.3273
G1 X-6.4091 Y0.1339
G1 X-6.3920 Y-0.0382
G1 X-6.3820 Y-0.1832
G1 X-6.3761 Y-0.2943
G1 X-6.3773 Y-0.2934
G1 X-6.3887 Y-0.2867
G1 X-6.4233 Y-0.2688
G1 X-6.4479 Y-0.2590
G1 X-7.1772 Y-0.3115
G1 X-7.2242 Y-0.2844
G1 X-7.3914 Y-0.1609
G1 X-7.4502 Y-0.0756
G1 X-7.4598 Y-0.0597
G1 X-7.4056 Y-0.1086
G1 X-7.2689 Y-0.2307
G1 X-7.1772 Y-0.3115
; Retract
G1 Z3.0400 F2540

; Path 2
; Rapid to initial position
G1 X-8.3543 Y-2.8784 F2540
G1 Z0.5000
; plunge
G1 Z-2.6750 F127
; cut
G1 X-8.2758 Y-3.0859 F1016
G1 X-8.3232 Y-3.3783
G1 X-8.4989 Y-3.5446
G1 X-8.7467 Y-3.5728
G1 X-9.0226 Y-3.4208
G1 X-9.1269 Y-3.2911
G1 X-9.1777 Y-3.1688
G1 X-9.1812 Y-3.0639
G1 X-9.1462 Y-2.9743
G1 X-9.0714 Y-2.8965
G1 X-8.9527 Y-2.8356
G1 X-8.7894 Y-2.8010
G1 X-8.5903 Y-2.8026
G1 X-8.3543 Y-2.8784
G1 X-8.4117 Y-2.9389
G1 X-8.3531 Y-3.0939
G1 X-8.3933 Y-3.3411
G1 X-8.5325 Y-3.4728
G1 X-8.7313 Y-3.4954
G1 X-8.9734 Y-3.3620
G1 X-9.0617 Y-3.2522
G1 X-9.1031 Y-3.1528
G1 X-9.1056 Y-3.0770
G1 X-9.0816 Y-3.0156
G1 X-9.0259 Y-2.9577
G1 X-8.9272 Y-2.9070
G1 X-8.8179 Y-2.8840
G1 X-9.0068 Y-2.9963
G1 X-9.0208 Y-3.0065
G1 X-9.0311 Y-3.0156
G1 X-9.0430 Y-3.0282
G1 X-9.0515 Y-3.0390
G1 X-9.0609 Y-3.0535
G1 X-9.0674 Y-3.0659
G1 X-9.0739 Y-3.0818
G1 X-9.0779 Y-3.0944
G1 X-9.0816 Y-3.1112
G1 X-9.0831 Y-3.1257
G1 X-9.0835 Y-3.1431
G1 X-9.0827 Y-3.1563
G1 X-9.0800 Y-3.1733
G1 X-9.0763 Y-3.1871
G1 X-9.0704 Y-3.2033
G1 X-9.0647 Y-3.2158
G1 X-9.0560 Y-3.2307
G1 X-9.0479 Y-3.2419
G1 X-9.0365 Y-3.2549
G1 X-9.0254 Y-3.2654
G1 X-9.0084 Y-3.2785
G1 X-9.0011 Y-3.2834
G1 X-8.8056 Y-3.3993
G1 X-8.7900 Y-3.4066
G1 X-8.7774 Y-3.4110
G1 X-8.7607 Y-3.4155
G1 X-8.7469 Y-3.4179
G1 X-8.7297 Y-3.4192
G1 X-8.7165 Y-3.4190
G1 X-8.6993 Y-3.4172
G1 X-8.6848 Y-3.4144
G1 X-8.6683 Y-3.4093
G1 X-8.6578 Y-3.4052
G1 X-8.6392 Y-3.3958
G1 X-8.4442 Y-3.2796
G1 X-8.4302 Y-3.2694
G1 X-8.4195 Y-3.2600
G1 X-8.4078 Y-3.2474
G1 X-8.3996 Y-3.2369
G1 X-8.3902 Y-3.2224
G1 X-8.3837 Y-3.2100
G1 X-8.3772 Y-3.1941
G1 X-8.3732 Y-3.1814
G1 X-8.3695 Y-3.1644
G1 X-8.3680 Y-3.1501
G1 X-8.3677 Y-3.1328
G1 X-8.3684 Y-3.1196
G1 X-8.3712 Y-3.1026
G1 X-8.3746 Y-3.0889
G1 X-8.3805 Y-3.0726
G1 X-8.3866 Y-3.0598
G1 X-8.3954 Y-3.0450
G1 X-8.4033 Y-3.0340
G1 X-8.4146 Y-3.0210
G1 X-8.4259 Y-3.0103
G1 X-8.4431 Y-2.9973
G1 X-8.4503 Y-2.9925
G1 X-8.6447 Y-2.8773
G1 X-8.6026 Y-2.8776
G1 X-8.4117 Y-2.9389
G1 X-8.4886 Y-3.0571
G1 X-8.6777 Y-2.9449
G1 X-8.6932 Y-2.9376
G1 X-8.7100 Y-2.9332
G1 X-8.7272 Y-2.9318
G1 X-8.7444 Y-2.9336
G1 X-8.7609 Y-2.9387
G1 X-8.7735 Y-2.9449
G1 X-8.9625 Y-3.0571
G1 X-8.9766 Y-3.0673
G1 X-8.9885 Y-3.0798
G1 X-8.9979 Y-3.0944
G1 X-9.0044 Y-3.1103
G1 X-9.0081 Y-3.1271
G1 X-9.0084 Y-3.1445
G1 X-9.0056 Y-3.1615
G1 X-8.9998 Y-3.1777
G1 X-8.9910 Y-3.1927
G1 X-8.9797 Y-3.2058
G1 X-8.9627 Y-3.2188
G1 X-8.7736 Y-3.3312
G1 X-8.7580 Y-3.3385
G1 X-8.7414 Y-3.3429
G1 X-8.7241 Y-3.3442
G1 X-8.7070 Y-3.3424
G1 X-8.6904 Y-3.3374
G1 X-8.6775 Y-3.3312
G1 X-8.4885 Y-3.2188
G1 X-8.4744 Y-3.2086
G1 X-8.4627 Y-3.1961
G1 X-8.4533 Y-3.1815
G1 X-8.4467 Y-3.1656
G1 X-8.4431 Y-3.1486
G1 X-8.4428 Y-3.1314
G1 X-8.4455 Y-3.1144
G1 X-8.4514 Y-3.0980
G1 X-8.4601 Y-3.0832
G1 X-8.4714 Y-3.0701
G1 X-8.4886 Y-3.0571
; Retract
G1 Z3.0400 F2540

; Path 3
; Rapid to initial position
G1 X-9.6622 Y-2.0760 F2540
G1 Z0.5000
; plunge
G1 Z-2.6750 F127
; cut
G1 X-9.6524 Y-2.0616 F1016
G1 X-9.6456 Y-2.0459
G1 X-9.6418 Y-2.0290
G1 X-9.6410 Y-2.0118
G1 X-9.6435 Y-1.9946
G1 X-9.6489 Y-1.9783
G1 X-9.6574 Y-1.9633
G1 X-9.6685 Y-1.9499
G1 X-9.6817 Y-1.9389
G1 X-9.7021 Y-1.9285
G1 X-9.8207 Y-1.8842
G1 X-9.8372 Y-1.8796
G1 X-9.8546 Y-1.8782
G1 X-9.8717 Y-1.8800
G1 X-9.8883 Y-1.8849
G1 X-9.9036 Y-1.8928
G1 X-9.9173 Y-1.9033
G1 X-9.9289 Y-1.9162
G1 X-9.9377 Y-1.9303
G1 X-10.0147 Y-2.0855
G1 X-10.0209 Y-2.1018
G1 X-10.0241 Y-2.1186
G1 X-10.0241 Y-2.1360
G1 X-10.0209 Y-2.1530
G1 X-10.0147 Y-2.1691
G1 X-10.0056 Y-2.1837
G1 X-9.9940 Y-2.1966
G1 X-9.9803 Y-2.2071
G1 X-9.9648 Y-2.2149
G1 X-9.9483 Y-2.2197
G1 X-9.9311 Y-2.2214
G1 X-9.9139 Y-2.2198
G1 X-9.8972 Y-2.2152
G1 X-9.8841 Y-2.2092
G1 X-9.6886 Y-2.0983
G1 X-9.6744 Y-2.0884
G1 X-9.6622 Y-2.0760
; Retract
G1 Z3.0400 F2540

; Path 4
; Rapid to initial position
G1 X-10.1552 Y-2.0322 F2540
G1 Z0.5000
; plunge
G1 Z-2.6750 F127
; cut
G1 X-10.1633 Y-2.0543 F1016
G1 X-10.1668 Y-2.0672
G1 X-10.1791 Y-2.0594
G1 X-10.1947 Y-2.0515
G1 X-10.1552 Y-2.0322
G1 X-10.2497 Y-2.1921
G1 X-10.2650 Y-2.1840
G1 X-10.2816 Y-2.1788
G1 X-10.2976 Y-2.1768
G1 X-10.3742 Y-2.1740
G1 X-10.3914 Y-2.1750
G1 X-10.4083 Y-2.1789
G1 X-10.4197 Y-2.1839
G1 X-10.6005 Y-2.2743
G1 X-10.6105 Y-2.2800
G1 X-10.8230 Y-2.4211
G1 X-10.8327 Y-2.4285
G1 X-11.0036 Y-2.5771
G1 X-11.0155 Y-2.5897
G1 X-11.0249 Y-2.6042
G1 X-11.0316 Y-2.6201
G1 X-11.0352 Y-2.6370
G1 X-11.0356 Y-2.6543
G1 X-11.0329 Y-2.6713
G1 X-11.0272 Y-2.6875
G1 X-11.0184 Y-2.7025
G1 X-11.0073 Y-2.7156
G1 X-10.9937 Y-2.7264
G1 X-10.9784 Y-2.7347
G1 X-10.9621 Y-2.7399
G1 X-10.9449 Y-2.7420
G1 X-10.9277 Y-2.7411
G1 X-10.9142 Y-2.7379
G1 X-10.6831 Y-2.6667
G1 X-10.6672 Y-2.6602
G1 X-10.6573 Y-2.6543
G1 X-10.3680 Y-2.4541
G1 X-10.3594 Y-2.4473
G1 X-10.2391 Y-2.3412
G1 X-10.2271 Y-2.3287
G1 X-10.2177 Y-2.3142
G1 X-10.2112 Y-2.2981
G1 X-10.2077 Y-2.2813
G1 X-10.2074 Y-2.2641
G1 X-10.2103 Y-2.2469
G1 X-10.2162 Y-2.2307
G1 X-10.2249 Y-2.2159
G1 X-10.2362 Y-2.2028
G1 X-10.2497 Y-2.1921
; Retract
G1 Z3.0400 F2540

; Path 5
; Rapid to initial position
G1 X-10.7821 Y-2.8543 F2540
G1 Z0.5000
; plunge
G1 Z-2.6750 F127
; cut
G1 X-10.8452 Y-2.9288 F1016
G1 X-10.9739 Y-3.1013
G1 X-11.0969 Y-3.2860
G1 X-11.2140 Y-3.4811
G1 X-11.2209 Y-3.4938
G1 X-11.2274 Y-3.4795
G1 X-11.2393 Y-3.4578
G1 X-11.2521 Y-3.4394
G1 X-11.2675 Y-3.4211
G1 X-11.2821 Y-3.4066
G1 X-11.3008 Y-3.3913
G1 X-11.3176 Y-3.3798
G1 X-11.3385 Y-3.3683
G1 X-11.3574 Y-3.3598
G1 X-11.3736 Y-3.3541
G1 X-11.3811 Y-3.3518
G1 X-11.4016 Y-3.3474
G1 X-11.4252 Y-3.3441
G1 X-11.4449 Y-3.3433
G1 X-11.4687 Y-3.3442
G1 X-11.4898 Y-3.3469
G1 X-11.5132 Y-3.3523
G1 X-11.5320 Y-3.3585
G1 X-11.5393 Y-3.3615
G1 X-11.4419 Y-3.1884
G1 X-11.3070 Y-2.9834
G1 X-11.1659 Y-2.8015
G1 X-11.1467 Y-2.7805
G1 X-11.1443 Y-2.7845
G1 X-11.1327 Y-2.8003
G1 X-11.1168 Y-2.8184
G1 X-11.1012 Y-2.8330
G1 X-11.0819 Y-2.8480
G1 X-11.0654 Y-2.8585
G1 X-11.0440 Y-2.8698
G1 X-11.0243 Y-2.8779
G1 X-11.0009 Y-2.8850
G1 X-10.9799 Y-2.8892
G1 X-10.9565 Y-2.8917
G1 X-10.9366 Y-2.8922
G1 X-10.9127 Y-2.8905
G1 X-10.8929 Y-2.8873
G1 X-10.8698 Y-2.8816
G1 X-10.7821 Y-2.8543
G1 X-10.9667 Y-2.9661
G1 X-11.0364 Y-3.0597
G1 X-11.1613 Y-3.2473
G1 X-11.2266 Y-3.3560
G1 X-11.2344 Y-3.3485
G1 X-11.2586 Y-3.3291
G1 X-11.2810 Y-3.3141
G1 X-11.3079 Y-3.2995
G1 X-11.3324 Y-3.2888
G1 X-11.3521 Y-3.2820
G1 X-11.3652 Y-3.2783
G1 X-11.3912 Y-3.2729
G1 X-11.4023 Y-3.2715
G1 X-11.3776 Y-3.2277
G1 X-11.2441 Y-3.0248
G1 X-11.1435 Y-2.8953
G1 X-11.1222 Y-2.9115
G1 X-11.1006 Y-2.9248
G1 X-11.0727 Y-2.9394
G1 X-11.0462 Y-2.9498
G1 X-11.0154 Y-2.9589
G1 X-10.9880 Y-2.9640
G1 X-10.9667 Y-2.9661
G1 X-11.0942 Y-3.0116
G1 X-11.0989 Y-3.0179
G1 X-11.2258 Y-3.2086
G1 X-11.2484 Y-3.2463
G1 X-11.2780 Y-3.2306
G1 X-11.2869 Y-3.2268
G1 X-11.1823 Y-3.0679
G1 X-11.1265 Y-2.9960
G1 X-11.1006 Y-3.0092
G1 X-11.0942 Y-3.0116
G1 X-11.3550 Y-3.4451
G1 X-11.3700 Y-3.4365
G1 X-11.3824 Y-3.4308
G1 X-11.3986 Y-3.4251
G1 X-11.4126 Y-3.4217
G1 X-11.4298 Y-3.4192
G1 X-11.4429 Y-3.4184
G1 X-11.4600 Y-3.4189
G1 X-11.4739 Y-3.4204
G1 X-11.4908 Y-3.4241
G1 X-11.5030 Y-3.4279
G1 X-11.5202 Y-3.4351
G1 X-11.6417 Y-3.4943
G1 X-11.6565 Y-3.5032
G1 X-11.6676 Y-3.5115
G1 X-11.6805 Y-3.5229
G1 X-11.6902 Y-3.5333
G1 X-11.7007 Y-3.5469
G1 X-11.7078 Y-3.5584
G1 X-11.7158 Y-3.5739
G1 X-11.7211 Y-3.5867
G1 X-11.7260 Y-3.6033
G1 X-11.7287 Y-3.6170
G1 X-11.7306 Y-3.6355
G1 X-11.7309 Y-3.6433
G1 X-11.7306 Y-3.9310
G1 X-11.7290 Y-3.9482
G1 X-11.7264 Y-3.9619
G1 X-11.7217 Y-3.9786
G1 X-11.7167 Y-3.9913
G1 X-11.7091 Y-4.0067
G1 X-11.7019 Y-4.0184
G1 X-11.6916 Y-4.0322
G1 X-11.6821 Y-4.0427
G1 X-11.6693 Y-4.0543
G1 X-11.6585 Y-4.0626
G1 X-11.6437 Y-4.0718
G1 X-11.6310 Y-4.0782
G1 X-11.6149 Y-4.0844
G1 X-11.6025 Y-4.0879
G1 X-11.5856 Y-4.0912
G1 X-11.5710 Y-4.0927
G1 X-11.5536 Y-4.0927
G1 X-11.5404 Y-4.0916
G1 X-11.5234 Y-4.0886
G1 X-11.5102 Y-4.0849
G1 X-11.4941 Y-4.0788
G1 X-11.4812 Y-4.0726
G1 X-11.4664 Y-4.0636
G1 X-11.4558 Y-4.0556
G1 X-11.4429 Y-4.0441
G1 X-11.4331 Y-4.0338
G1 X-11.4226 Y-4.0201
G1 X-11.4145 Y-4.0067
G1 X-11.4050 Y-3.9869
G1 X-11.4016 Y-3.9787
G1 X-11.2842 Y-3.6350
G1 X-11.2802 Y-3.6183
G1 X-11.2783 Y-3.6050
G1 X-11.2773 Y-3.5879
G1 X-11.2778 Y-3.5740
G1 X-11.2801 Y-3.5568
G1 X-11.2832 Y-3.5430
G1 X-11.2887 Y-3.5266
G1 X-11.2937 Y-3.5148
G1 X-11.3019 Y-3.4995
G1 X-11.3102 Y-3.4871
G1 X-11.3211 Y-3.4738
G1 X-11.3306 Y-3.4641
G1 X-11.3439 Y-3.4529
G1 X-11.3550 Y-3.4451
G1 X-11.3924 Y-3.5104
G1 X-11.4074 Y-3.5018
G1 X-11.4236 Y-3.4961
G1 X-11.4408 Y-3.4935
G1 X-11.4580 Y-3.4939
G1 X-11.4749 Y-3.4976
G1 X-11.4874 Y-3.5027
G1 X-11.6028 Y-3.5587
G1 X-11.6176 Y-3.5677
G1 X-11.6305 Y-3.5791
G1 X-11.6410 Y-3.5928
G1 X-11.6489 Y-3.6082
G1 X-11.6539 Y-3.6248
G1 X-11.6558 Y-3.6433
G1 X-11.6558 Y-3.9240
G1 X-11.6542 Y-3.9412
G1 X-11.6494 Y-3.9579
G1 X-11.6418 Y-3.9733
G1 X-11.6315 Y-3.9872
G1 X-11.6187 Y-3.9988
G1 X-11.6039 Y-4.0080
G1 X-11.5878 Y-4.0142
G1 X-11.5710 Y-4.0176
G1 X-11.5536 Y-4.0176
G1 X-11.5366 Y-4.0146
G1 X-11.5206 Y-4.0085
G1 X-11.5057 Y-3.9995
G1 X-11.4929 Y-3.9880
G1 X-11.4823 Y-3.9743
G1 X-11.4728 Y-3.9544
G1 X-11.3574 Y-3.6176
G1 X-11.3534 Y-3.6009
G1 X-11.3524 Y-3.5837
G1 X-11.3547 Y-3.5666
G1 X-11.3601 Y-3.5501
G1 X-11.3682 Y-3.5349
G1 X-11.3792 Y-3.5215
G1 X-11.3924 Y-3.5104
; Retract
G1 Z3.0400 F2540

; Path 6
; Rapid to initial position
G1 X-11.8036 Y-3.9541 F2540
G1 Z0.5000
; plunge
G1 Z-2.6750 F127
; cut
G1 X-11.8029 Y-3.9619 F1016
G1 X-11.7987 Y-3.9825
G1 X-11.7919 Y-4.0058
G1 X-11.7841 Y-4.0247
G1 X-11.7731 Y-4.0462
G1 X-11.7621 Y-4.0634
G1 X-11.7473 Y-4.0828
G1 X-11.7326 Y-4.0983
G1 X-11.7150 Y-4.1140
G1 X-11.6983 Y-4.1264
G1 X-11.6773 Y-4.1392
G1 X-11.6580 Y-4.1484
G1 X-11.6353 Y-4.1568
G1 X-11.6171 Y-4.1616
G1 X-11.5929 Y-4.1661
G1 X-11.5710 Y-4.1678
G1 X-11.5472 Y-4.1676
G1 X-11.5387 Y-4.1667
G1 X-11.5984 Y-4.3252
G1 X-11.6684 Y-4.5424
G1 X-11.7252 Y-4.7584
G1 X-11.7677 Y-4.9713
G1 X-11.7949 Y-5.1798
G1 X-11.8041 Y-5.3702
G1 X-11.8054 Y-5.8774
G1 X-11.8030 Y-5.9009
G1 X-11.7991 Y-5.9209
G1 X-11.7922 Y-5.9442
G1 X-11.7845 Y-5.9633
G1 X-11.7736 Y-5.9851
G1 X-11.7623 Y-6.0028
G1 X-11.7479 Y-6.0216
G1 X-11.7338 Y-6.0370
G1 X-11.7154 Y-6.0535
G1 X-11.6987 Y-6.0656
G1 X-11.6790 Y-6.0777
G1 X-11.6610 Y-6.0868
G1 X-11.6450 Y-6.0933
G1 X-11.6373 Y-6.0959
G1 X-11.6160 Y-6.1016
G1 X-11.5928 Y-6.1057
G1 X-11.5732 Y-6.1073
G1 X-11.5442 Y-6.1073
G1 X-10.7434 Y-6.0500
G1 X-10.4039 Y-6.0166
G1 X-10.0842 Y-5.9700
G1 X-9.8274 Y-5.9165
G1 X-9.8084 Y-5.9113
G1 X-9.6426 Y-5.8562
G1 X-9.6241 Y-5.8489
G1 X-9.4839 Y-5.7838
G1 X-9.2932 Y-5.7015
G1 X-9.0591 Y-5.6052
G1 X-9.0583 Y-5.6048
G1 X-8.9374 Y-5.5572
G1 X-8.9395 Y-5.5743
G1 X-8.9403 Y-5.5985
G1 X-8.9390 Y-5.6197
G1 X-8.9353 Y-5.6433
G1 X-8.9306 Y-5.6629
G1 X-8.9226 Y-5.6859
G1 X-8.9137 Y-5.7053
G1 X-8.9053 Y-5.7204
G1 X-8.9008 Y-5.7275
G1 X-8.8871 Y-5.7459
G1 X-8.8691 Y-5.7664
G1 X-8.8585 Y-5.7770
G1 X-8.8227 Y-5.8086
G1 X-9.2993 Y-6.0223
G1 X-9.4425 Y-6.0870
G1 X-9.5024 Y-6.1072
G1 X-9.6047 Y-6.1293
G1 X-9.7459 Y-6.1514
G1 X-9.9163 Y-6.1719
G1 X-10.1060 Y-6.1898
G1 X-10.3152 Y-6.2052
G1 X-10.5380 Y-6.2179
G1 X-10.7611 Y-6.2275
G1 X-10.9766 Y-6.2335
G1 X-10.9793 Y-6.2334
G1 X-11.1962 Y-6.2359
G1 X-11.3996 Y-6.2345
G1 X-11.4010 Y-6.2347
G1 X-11.5734 Y-6.2299
G1 X-11.5759 Y-6.2294
G1 X-11.7405 Y-6.2199
G1 X-11.8589 Y-6.2079
G1 X-11.9179 Y-6.1973
G1 X-11.9440 Y-6.1664
G1 X-11.9962 Y-6.0223
G1 X-12.0382 Y-5.7855
G1 X-12.0588 Y-5.4867
G1 X-12.0541 Y-5.1623
G1 X-12.0540 Y-5.1612
G1 X-12.0231 Y-4.8154
G1 X-11.9669 Y-4.4835
G1 X-11.8852 Y-4.1813
G1 X-11.8036 Y-3.9541
G1 X-11.7920 Y-4.1448
G1 X-11.7826 Y-4.1544
G1 X-11.7599 Y-4.1743
G1 X-11.7373 Y-4.1907
G1 X-11.7098 Y-4.2070
G1 X-11.6841 Y-4.2189
G1 X-11.6544 Y-4.2295
G1 X-11.6437 Y-4.2323
G1 X-11.6700 Y-4.3021
G1 X-11.7411 Y-4.5233
G1 X-11.7989 Y-4.7438
G1 X-11.8422 Y-4.9616
G1 X-11.8700 Y-5.1761
G1 X-11.8793 Y-5.3700
G1 X-11.8805 Y-5.8772
G1 X-11.8802 Y-5.8850
G1 X-11.8767 Y-5.9156
G1 X-11.8711 Y-5.9421
G1 X-11.8620 Y-5.9721
G1 X-11.8517 Y-5.9972
G1 X-11.8369 Y-6.0257
G1 X-11.8221 Y-6.0485
G1 X-11.8033 Y-6.0723
G1 X-11.7839 Y-6.0930
G1 X-11.7597 Y-6.1142
G1 X-11.7381 Y-6.1298
G1 X-11.7129 Y-6.1449
G1 X-11.7102 Y-6.1462
G1 X-11.7362 Y-6.1448
G1 X-11.8481 Y-6.1334
G1 X-11.8779 Y-6.1280
G1 X-11.9233 Y-6.0030
G1 X-11.9636 Y-5.7760
G1 X-11.9836 Y-5.4835
G1 X-11.9790 Y-5.1679
G1 X-11.9483 Y-4.8240
G1 X-11.8932 Y-4.4990
G1 X-11.8135 Y-4.2044
G1 X-11.7920 Y-4.1448
G1 X-11.7531 Y-4.2684
G1 X-11.7414 Y-4.2751
G1 X-11.7403 Y-4.2755
G1 X-11.7416 Y-4.2790
G1 X-11.8138 Y-4.5042
G1 X-11.8253 Y-4.5480
G1 X-11.8195 Y-4.5146
G1 X-11.7531 Y-4.2684
; Retract
G1 Z3.0400 F2540

; Path 7
; Rapid to initial position
G1 X-11.2348 Y-6.1605 F2540
G1 Z0.5000
; plunge
G1 Z-2.6750 F127
; cut
G1 X-10.7361 Y-6.1248 F1016
G1 X-10.3931 Y-6.0909
G1 X-10.0689 Y-6.0437
G1 X-9.8073 Y-5.9889
G1 X-9.7847 Y-5.9825
G1 X-9.6149 Y-5.9261
G1 X-9.5924 Y-5.9172
G1 X-9.4523 Y-5.8521
G1 X-9.2646 Y-5.7711
G1 X-9.0305 Y-5.6748
G1 X-9.0294 Y-5.6743
G1 X-9.0073 Y-5.6656
G1 X-9.0017 Y-5.6874
G1 X-8.9909 Y-5.7172
G1 X-8.9794 Y-5.7419
G1 X-8.9687 Y-5.7609
G1 X-8.9613 Y-5.7722
G1 X-8.9521 Y-5.7843
G1 X-9.3302 Y-5.9538
G1 X-9.4699 Y-6.0168
G1 X-9.5226 Y-6.0346
G1 X-9.6185 Y-6.0553
G1 X-9.7576 Y-6.0771
G1 X-9.9253 Y-6.0973
G1 X-10.1116 Y-6.1148
G1 X-10.3194 Y-6.1301
G1 X-10.5422 Y-6.1428
G1 X-10.7643 Y-6.1524
G1 X-10.9759 Y-6.1584
G1 X-10.9802 Y-6.1583
G1 X-11.1967 Y-6.1608
G1 X-11.2348 Y-6.1605
G1 X-8.7877 Y-5.6157
G1 X-8.7822 Y-5.6321
G1 X-8.7738 Y-5.6473
G1 X-8.7586 Y-5.6646
G1 X-8.6882 Y-5.7275
G1 X-8.6743 Y-5.7376
G1 X-8.6587 Y-5.7453
G1 X-8.6420 Y-5.7497
G1 X-8.6248 Y-5.7513
G1 X-8.6076 Y-5.7496
G1 X-8.5911 Y-5.7446
G1 X-8.5756 Y-5.7369
G1 X-8.5629 Y-5.7271
G1 X-8.4075 Y-5.5875
G1 X-8.3957 Y-5.5750
G1 X-8.3864 Y-5.5604
G1 X-8.3801 Y-5.5443
G1 X-8.3767 Y-5.5274
G1 X-8.3764 Y-5.5100
G1 X-8.3794 Y-5.4930
G1 X-8.3855 Y-5.4768
G1 X-8.3944 Y-5.4620
G1 X-8.4058 Y-5.4491
G1 X-8.4195 Y-5.4386
G1 X-8.4348 Y-5.4307
G1 X-8.4514 Y-5.4255
G1 X-8.4685 Y-5.4238
G1 X-8.4857 Y-5.4251
G1 X-8.5004 Y-5.4287
G1 X-8.7264 Y-5.5055
G1 X-8.7421 Y-5.5124
G1 X-8.7563 Y-5.5223
G1 X-8.7685 Y-5.5345
G1 X-8.7783 Y-5.5487
G1 X-8.7853 Y-5.5645
G1 X-8.7892 Y-5.5813
G1 X-8.7900 Y-5.5987
G1 X-8.7877 Y-5.6157
; Retract
G1 Z3.0400 F2540

; Path 8
; Rapid to initial position
G1 X-8.3675 Y-5.2965 F2540
G1 Z0.5000
; plunge
G1 Z-2.6750 F127
; cut
G1 X-8.3449 Y-5.2839 F1016
G1 X-8.2929 Y-5.2501
G1 X-8.3071 Y-5.3363
G1 X-8.3142 Y-5.3297
G1 X-8.3338 Y-5.3152
G1 X-8.3501 Y-5.3052
G1 X-8.3675 Y-5.2965
G1 X-8.1588 Y-5.3570
G1 X-8.1601 Y-5.3741
G1 X-8.1584 Y-5.3913
G1 X-8.1534 Y-5.4079
G1 X-8.1455 Y-5.4233
G1 X-8.1350 Y-5.4370
G1 X-8.1221 Y-5.4485
G1 X-8.1073 Y-5.4573
G1 X-8.0910 Y-5.4634
G1 X-8.0742 Y-5.4664
G1 X-8.0568 Y-5.4664
G1 X-8.0398 Y-5.4631
G1 X-8.0237 Y-5.4567
G1 X-8.0127 Y-5.4502
G1 X-7.7960 Y-5.3005
G1 X-7.7783 Y-5.2845
G1 X-7.6523 Y-5.1389
G1 X-7.6422 Y-5.1249
G1 X-7.6349 Y-5.1093
G1 X-7.6306 Y-5.0926
G1 X-7.6295 Y-5.0753
G1 X-7.6315 Y-5.0582
G1 X-7.6365 Y-5.0417
G1 X-7.6445 Y-5.0264
G1 X-7.6553 Y-5.0127
G1 X-7.6682 Y-5.0014
G1 X-7.6831 Y-4.9927
G1 X-7.6994 Y-4.9866
G1 X-7.7164 Y-4.9837
G1 X-7.7336 Y-4.9841
G1 X-7.7506 Y-4.9875
G1 X-7.7640 Y-4.9928
G1 X-8.0823 Y-5.1454
G1 X-8.0971 Y-5.1542
G1 X-8.1102 Y-5.1657
G1 X-8.1208 Y-5.1793
G1 X-8.1288 Y-5.1946
G1 X-8.1343 Y-5.2142
G1 X-8.1588 Y-5.3570
; Retract
G1 Z3.0400 F2540

; Path 9
; Rapid to initial position
G1 X-7.8316 Y-4.8584 F2540
G1 Z0.5000
; plunge
G1 Z-2.6750 F127
; cut
G1 X-7.8288 Y-4.8555 F1016
G1 X-7.7183 Y-4.7201
G1 X-7.6136 Y-4.5720
G1 X-7.5437 Y-4.4597
G1 X-7.5316 Y-4.4793
G1 X-7.5189 Y-4.4956
G1 X-7.5025 Y-4.5138
G1 X-7.4931 Y-4.5229
G1 X-7.4120 Y-4.5946
G1 X-7.3920 Y-4.6088
G1 X-7.3752 Y-4.6185
G1 X-7.3528 Y-4.6292
G1 X-7.3322 Y-4.6364
G1 X-7.3093 Y-4.6422
G1 X-7.3042 Y-4.6430
G1 X-7.3623 Y-4.7272
G1 X-7.4276 Y-4.8154
G1 X-7.4972 Y-4.9029
G1 X-7.5249 Y-4.9354
G1 X-7.5264 Y-4.9332
G1 X-7.5423 Y-4.9137
G1 X-7.5563 Y-4.8997
G1 X-7.5741 Y-4.8844
G1 X-7.5856 Y-4.8760
G1 X-7.5921 Y-4.8716
G1 X-7.6130 Y-4.8598
G1 X-7.6306 Y-4.8516
G1 X-7.6539 Y-4.8434
G1 X-7.6746 Y-4.8383
G1 X-7.6987 Y-4.8346
G1 X-7.7193 Y-4.8335
G1 X-7.7429 Y-4.8342
G1 X-7.7638 Y-4.8367
G1 X-7.7871 Y-4.8418
G1 X-7.8066 Y-4.8480
G1 X-7.8291 Y-4.8572
G1 X-7.8316 Y-4.8584
G1 X-7.6581 Y-4.7651
G1 X-7.6569 Y-4.7635
G1 X-7.5498 Y-4.6117
G1 X-7.5343 Y-4.5869
G1 X-7.4618 Y-4.6510
G1 X-7.4556 Y-4.6559
G1 X-7.4296 Y-4.6739
G1 X-7.4204 Y-4.6792
G1 X-7.4228 Y-4.6825
G1 X-7.4865 Y-4.7686
G1 X-7.5302 Y-4.8235
G1 X-7.5432 Y-4.8139
G1 X-7.5552 Y-4.8062
G1 X-7.5816 Y-4.7915
G1 X-7.6053 Y-4.7808
G1 X-7.6359 Y-4.7703
G1 X-7.6581 Y-4.7651
G1 X-7.3934 Y-4.4105
G1 X-7.3229 Y-4.4734
G1 X-7.3090 Y-4.4835
G1 X-7.2934 Y-4.4912
G1 X-7.2767 Y-4.4956
G1 X-7.2595 Y-4.4973
G1 X-7.2423 Y-4.4955
G1 X-7.2258 Y-4.4906
G1 X-7.2103 Y-4.4828
G1 X-7.1966 Y-4.4723
G1 X-7.1850 Y-4.4595
G1 X-7.1739 Y-4.4401
G1 X-7.0878 Y-4.2386
G1 X-7.0825 Y-4.2223
G1 X-7.0803 Y-4.2050
G1 X-7.0813 Y-4.1879
G1 X-7.0854 Y-4.1710
G1 X-7.0925 Y-4.1552
G1 X-7.1024 Y-4.1411
G1 X-7.1147 Y-4.1290
G1 X-7.1290 Y-4.1193
G1 X-7.1447 Y-4.1124
G1 X-7.1617 Y-4.1086
G1 X-7.1789 Y-4.1078
G1 X-7.1960 Y-4.1104
G1 X-7.2124 Y-4.1157
G1 X-7.2275 Y-4.1242
G1 X-7.2364 Y-4.1313
G1 X-7.3930 Y-4.2700
G1 X-7.4049 Y-4.2825
G1 X-7.4142 Y-4.2970
G1 X-7.4207 Y-4.3131
G1 X-7.4242 Y-4.3300
G1 X-7.4246 Y-4.3473
G1 X-7.4217 Y-4.3644
G1 X-7.4158 Y-4.3806
G1 X-7.4069 Y-4.3954
G1 X-7.3934 Y-4.4105
; Retract
G1 Z3.0400 F2540

; Path 10
; Rapid to initial position
G1 X-2.9618 Y-4.0217 F2540
G1 Z0.5000
; plunge
G1 Z-2.6750 F127
; cut
G1 X-2.5903 Y-4.3556 F1016
G1 X-2.2094 Y-4.6959
G1 X-1.8613 Y-5.0046
G1 X-1.7022 Y-5.1451
G1 X-1.5545 Y-5.2748
G1 X-1.4197 Y-5.3924
G1 X-1.2978 Y-5.4981
G1 X-1.1915 Y-5.5892
G1 X-1.1624 Y-5.6138
G1 X-1.2313 Y-5.5659
G1 X-1.3804 Y-5.4555
G1 X-1.5265 Y-5.3412
G1 X-1.6883 Y-5.2078
G1 X-1.8450 Y-5.0729
G1 X-1.8478 Y-5.0700
G1 X-2.0187 Y-4.9166
G1 X-2.1948 Y-4.7532
G1 X-2.3767 Y-4.5787
G1 X-2.5318 Y-4.4288
G1 X-2.6945 Y-4.2733
G1 X-2.8626 Y-4.1146
G1 X-2.9618 Y-4.0217
; Retract
G1 Z3.0400 F2540

; Path 11
; Rapid to initial position
G1 X-2.6768 Y-1.6817 F2540
G1 Z0.5000
; plunge
G1 Z-2.6750 F127
; cut
G1 X-2.6635 Y-1.6704 F1016
G1 X-2.6493 Y-1.6562
G1 X-2.6339 Y-1.6372
G1 X-2.6222 Y-1.6200
G1 X-2.6103 Y-1.5984
G1 X-2.6022 Y-1.5791
G1 X-2.5947 Y-1.5563
G1 X-2.5903 Y-1.5366
G1 X-2.5869 Y-1.5127
G1 X-2.5862 Y-1.4919
G1 X-2.5872 Y-1.4680
G1 X-2.5903 Y-1.4470
G1 X-2.5960 Y-1.4235
G1 X-2.5990 Y-1.4147
G1 X-2.3997 Y-1.4320
G1 X-2.2008 Y-1.4472
G1 X-2.0143 Y-1.4588
G1 X-1.8456 Y-1.4664
G1 X-1.7140 Y-1.4696
G1 X-1.4396 Y-1.4823
G1 X-1.1621 Y-1.5161
G1 X-0.8748 Y-1.5699
G1 X-0.5683 Y-1.6450
G1 X-0.2672 Y-1.7355
G1 X0.0444 Y-1.8454
G1 X0.3543 Y-1.9704
G1 X0.6571 Y-2.1078
G1 X0.9543 Y-2.2584
G1 X1.2463 Y-2.4223
G1 X1.5220 Y-2.5937
G1 X1.7862 Y-2.7756
G1 X2.0311 Y-2.9632
G1 X2.2550 Y-3.1560
G1 X2.4546 Y-3.3506
G1 X2.6338 Y-3.5533
G1 X2.7321 Y-3.6789
G1 X2.8058 Y-3.7876
G1 X2.8571 Y-3.8847
G1 X2.8905 Y-3.9784
G1 X2.9155 Y-4.0983
G1 X2.9317 Y-4.2525
G1 X2.9398 Y-4.4552
G1 X2.9420 Y-4.7099
G1 X2.9401 Y-4.9724
G1 X2.9323 Y-5.1743
G1 X2.9283 Y-5.2131
G1 X2.9155 Y-5.2006
G1 X2.8961 Y-5.1852
G1 X2.8782 Y-5.1738
G1 X2.8575 Y-5.1628
G1 X2.8384 Y-5.1547
G1 X2.8221 Y-5.1493
G1 X2.8145 Y-5.1472
G1 X2.7944 Y-5.1432
G1 X2.7711 Y-5.1404
G1 X2.7496 Y-5.1397
G1 X2.7256 Y-5.1413
G1 X2.7059 Y-5.1445
G1 X2.6820 Y-5.1505
G1 X2.6633 Y-5.1574
G1 X2.6414 Y-5.1672
G1 X2.6287 Y-5.1743
G1 X2.6220 Y-5.1784
G1 X2.6028 Y-5.1922
G1 X2.6007 Y-5.1941
G1 X2.6412 Y-5.0555
G1 X2.6461 Y-5.0307
G1 X2.6782 Y-4.7858
G1 X2.6789 Y-4.7616
G1 X2.6741 Y-4.5156
G1 X2.6710 Y-4.4890
G1 X2.6276 Y-4.2463
G1 X2.6201 Y-4.2203
G1 X2.5377 Y-3.9924
G1 X2.5238 Y-3.9639
G1 X2.4048 Y-3.7631
G1 X2.3914 Y-3.7441
G1 X2.3101 Y-3.6420
G1 X2.2192 Y-3.5396
G1 X2.1191 Y-3.4375
G1 X2.0105 Y-3.3356
G1 X1.8939 Y-3.2339
G1 X1.7691 Y-3.1327
G1 X1.6370 Y-3.0323
G1 X1.4979 Y-2.9327
G1 X1.3521 Y-2.8340
G1 X1.2000 Y-2.7367
G1 X1.0420 Y-2.6411
G1 X0.8787 Y-2.5474
G1 X0.7105 Y-2.4558
G1 X0.5375 Y-2.3667
G1 X0.3607 Y-2.2808
G1 X0.1799 Y-2.1974
G1 X-0.0753 Y-2.0871
G1 X-0.3078 Y-1.9963
G1 X-0.5264 Y-1.9222
G1 X-0.7376 Y-1.8647
G1 X-0.9488 Y-1.8218
G1 X-1.1652 Y-1.7917
G1 X-1.3957 Y-1.7720
G1 X-1.6420 Y-1.7604
G1 X-1.8327 Y-1.7520
G1 X-2.0388 Y-1.7389
G1 X-2.0404 Y-1.7387
G1 X-2.2685 Y-1.7208
G1 X-2.5055 Y-1.6993
G1 X-2.6768 Y-1.6817
G1 X-2.7774 Y-1.5700
G1 X-2.7642 Y-1.5590
G1 X-2.7531 Y-1.5458
G1 X-2.7445 Y-1.5307
G1 X-2.7389 Y-1.5143
G1 X-2.7363 Y-1.4973
G1 X-2.7370 Y-1.4801
G1 X-2.7408 Y-1.4632
G1 X-2.7477 Y-1.4473
G1 X-2.7574 Y-1.4330
G1 X-2.7695 Y-1.4206
G1 X-2.7835 Y-1.4107
G1 X-2.7992 Y-1.4036
G1 X-2.8159 Y-1.3993
G1 X-2.8293 Y-1.3981
G1 X-3.2075 Y-1.3940
G1 X-3.2246 Y-1.3954
G1 X-3.2414 Y-1.4001
G1 X-3.2568 Y-1.4075
G1 X-3.2708 Y-1.4177
G1 X-3.2826 Y-1.4303
G1 X-3.2919 Y-1.4449
G1 X-3.2983 Y-1.4609
G1 X-3.3018 Y-1.4779
G1 X-3.3021 Y-1.4951
G1 X-3.2992 Y-1.5121
G1 X-3.2932 Y-1.5283
G1 X-3.2845 Y-1.5433
G1 X-3.2732 Y-1.5562
G1 X-3.2595 Y-1.5670
G1 X-3.2402 Y-1.5766
G1 X-3.0850 Y-1.6324
G1 X-3.0684 Y-1.6367
G1 X-3.0511 Y-1.6378
G1 X-3.0321 Y-1.6354
G1 X-2.8091 Y-1.5837
G1 X-2.7925 Y-1.5783
G1 X-2.7774 Y-1.5700
G1 X-2.5380 Y-1.6203
G1 X-2.5308 Y-1.6026
G1 X-2.5214 Y-1.5729
G1 X-2.5158 Y-1.5471
G1 X-2.5118 Y-1.5156
G1 X-2.5113 Y-1.4978
G1 X-2.4055 Y-1.5070
G1 X-2.2055 Y-1.5223
G1 X-2.0177 Y-1.5339
G1 X-1.8474 Y-1.5416
G1 X-1.7175 Y-1.5448
G1 X-1.4458 Y-1.5573
G1 X-1.1726 Y-1.5906
G1 X-0.8917 Y-1.6431
G1 X-0.5868 Y-1.7179
G1 X-0.2922 Y-1.8065
G1 X0.0194 Y-1.9163
G1 X0.3261 Y-2.0402
G1 X0.6241 Y-2.1753
G1 X0.9186 Y-2.3246
G1 X1.2095 Y-2.4879
G1 X1.4793 Y-2.6556
G1 X1.7424 Y-2.8367
G1 X1.9833 Y-3.0213
G1 X2.2039 Y-3.2112
G1 X2.3998 Y-3.4023
G1 X2.5763 Y-3.6019
G1 X2.6713 Y-3.7231
G1 X2.7409 Y-3.8258
G1 X2.7882 Y-3.9152
G1 X2.8182 Y-3.9996
G1 X2.8408 Y-4.1081
G1 X2.8567 Y-4.2584
G1 X2.8647 Y-4.4582
G1 X2.8669 Y-4.7094
G1 X2.8650 Y-4.9696
G1 X2.8607 Y-5.0827
G1 X2.8421 Y-5.0768
G1 X2.8291 Y-5.0733
G1 X2.8036 Y-5.0686
G1 X2.7734 Y-5.0652
G1 X2.7447 Y-5.0647
G1 X2.7156 Y-5.0670
G1 X2.7205 Y-5.0404
G1 X2.7533 Y-4.7883
G1 X2.7541 Y-4.7602
G1 X2.7487 Y-4.5071
G1 X2.7450 Y-4.4758
G1 X2.7016 Y-4.2330
G1 X2.6998 Y-4.2254
G1 X2.6907 Y-4.1947
G1 X2.6083 Y-3.9668
G1 X2.6053 Y-3.9595
G1 X2.5884 Y-3.9256
G1 X2.4662 Y-3.7198
G1 X2.4503 Y-3.6974
G1 X2.3662 Y-3.5920
G1 X2.2728 Y-3.4870
G1 X2.1705 Y-3.3825
G1 X2.0599 Y-3.2790
G1 X1.9413 Y-3.1755
G1 X1.8147 Y-3.0729
G1 X1.6808 Y-2.9712
G1 X1.5401 Y-2.8704
G1 X1.3925 Y-2.7706
G1 X1.2390 Y-2.6724
G1 X1.0794 Y-2.5758
G1 X0.9147 Y-2.4813
G1 X0.7449 Y-2.3890
G1 X0.5704 Y-2.2991
G1 X0.3922 Y-2.2125
G1 X0.2096 Y-2.1283
G1 X-0.0479 Y-2.0171
G1 X-0.2837 Y-1.9250
G1 X-0.5067 Y-1.8496
G1 X-0.7227 Y-1.7911
G1 X-0.9385 Y-1.7473
G1 X-1.1589 Y-1.7167
G1 X-1.3922 Y-1.6969
G1 X-1.6387 Y-1.6852
G1 X-1.8294 Y-1.6768
G1 X-2.0313 Y-1.6641
G1 X-2.0345 Y-1.6637
G1 X-2.2616 Y-1.6458
G1 X-2.4986 Y-1.6243
G1 X-2.5380 Y-1.6203
; Retract
G1 Z3.0400 F2540

; Path 12
; Rapid to initial position
G1 X-0.1962 Y-3.1988 F2540
G1 Z0.5000
; plunge
G1 Z-2.6750 F127
; cut
G1 X-0.1235 Y-3.1209 F1016
G1 X-0.0075 Y-3.0598
G1 X0.1512 Y-3.0255
G1 X0.3446 Y-3.0272
G1 X0.6003 Y-3.1133
G1 X0.7231 Y-3.2597
G1 X0.7291 Y-3.4351
G1 X0.5940 Y-3.6355
G1 X0.4033 Y-3.7724
G1 X0.2469 Y-3.8159
G1 X0.1013 Y-3.7800
G1 X-0.0685 Y-3.6506
G1 X-0.1757 Y-3.5172
G1 X-0.2266 Y-3.3943
G1 X-0.2306 Y-3.2893
G1 X-0.1962 Y-3.1988
G1 X-0.1311 Y-3.2392
G1 X-0.0771 Y-3.1814
G1 X0.0184 Y-3.1313
G1 X0.1595 Y-3.1007
G1 X0.2082 Y-3.1010
G1 X0.2029 Y-3.1037
G1 X0.1921 Y-3.1104
G1 X0.1746 Y-3.1240
G1 X0.0436 Y-3.2409
G1 X0.0318 Y-3.2535
G1 X0.0231 Y-3.2648
G1 X0.0138 Y-3.2795
G1 X0.0080 Y-3.2911
G1 X0.0014 Y-3.3070
G1 X-0.0028 Y-3.3209
G1 X-0.0062 Y-3.3380
G1 X-0.0075 Y-3.3511
G1 X-0.0078 Y-3.3683
G1 X-0.0068 Y-3.3821
G1 X-0.0039 Y-3.3991
G1 X-0.0003 Y-3.4130
G1 X0.0058 Y-3.4292
G1 X0.0117 Y-3.4414
G1 X0.0206 Y-3.4564
G1 X0.0293 Y-3.4684
G1 X0.0427 Y-3.4832
G1 X0.0486 Y-3.4889
G1 X0.1800 Y-3.6057
G1 X0.1939 Y-3.6159
G1 X0.2053 Y-3.6227
G1 X0.2209 Y-3.6303
G1 X0.2346 Y-3.6355
G1 X0.2513 Y-3.6399
G1 X0.2637 Y-3.6421
G1 X0.2810 Y-3.6438
G1 X0.2956 Y-3.6438
G1 X0.3128 Y-3.6420
G1 X0.3266 Y-3.6393
G1 X0.3432 Y-3.6344
G1 X0.3556 Y-3.6294
G1 X0.3710 Y-3.6216
G1 X0.3821 Y-3.6147
G1 X0.3996 Y-3.6012
G1 X0.5310 Y-3.4838
G1 X0.5427 Y-3.4711
G1 X0.5508 Y-3.4604
G1 X0.5601 Y-3.4459
G1 X0.5664 Y-3.4338
G1 X0.5729 Y-3.4177
G1 X0.5769 Y-3.4040
G1 X0.5803 Y-3.3872
G1 X0.5817 Y-3.3740
G1 X0.5820 Y-3.3566
G1 X0.5809 Y-3.3420
G1 X0.5779 Y-3.3250
G1 X0.5746 Y-3.3125
G1 X0.5687 Y-3.2963
G1 X0.5625 Y-3.2831
G1 X0.5536 Y-3.2683
G1 X0.5449 Y-3.2567
G1 X0.5316 Y-3.2419
G1 X0.5257 Y-3.2362
G1 X0.4011 Y-3.1255
G1 X0.5564 Y-3.1779
G1 X0.6489 Y-3.2881
G1 X0.6532 Y-3.4131
G1 X0.5392 Y-3.5822
G1 X0.3701 Y-3.7037
G1 X0.2459 Y-3.7382
G1 X0.1343 Y-3.7105
G1 X-0.0157 Y-3.5963
G1 X-0.1104 Y-3.4784
G1 X-0.1519 Y-3.3781
G1 X-0.1548 Y-3.3019
G1 X-0.1311 Y-3.2392
G1 X-0.0771 Y-3.3090
G1 X-0.0789 Y-3.3193
G1 X-0.0791 Y-3.3140
G1 X-0.0771 Y-3.3090
G1 X0.0710 Y-3.3355
G1 X0.0677 Y-3.3525
G1 X0.0674 Y-3.3697
G1 X0.0702 Y-3.3867
G1 X0.0763 Y-3.4030
G1 X0.0852 Y-3.4179
G1 X0.0986 Y-3.4327
G1 X0.2246 Y-3.5451
G1 X0.2384 Y-3.5552
G1 X0.2540 Y-3.5629
G1 X0.2707 Y-3.5673
G1 X0.2879 Y-3.5689
G1 X0.3051 Y-3.5672
G1 X0.3217 Y-3.5622
G1 X0.3371 Y-3.5545
G1 X0.3497 Y-3.5451
G1 X0.4758 Y-3.4327
G1 X0.4875 Y-3.4199
G1 X0.4967 Y-3.4055
G1 X0.5033 Y-3.3894
G1 X0.5066 Y-3.3725
G1 X0.5069 Y-3.3552
G1 X0.5039 Y-3.3382
G1 X0.4980 Y-3.3219
G1 X0.4891 Y-3.3072
G1 X0.4758 Y-3.2923
G1 X0.3497 Y-3.1802
G1 X0.3357 Y-3.1698
G1 X0.3202 Y-3.1623
G1 X0.3035 Y-3.1577
G1 X0.2863 Y-3.1563
G1 X0.2692 Y-3.1580
G1 X0.2524 Y-3.1629
G1 X0.2372 Y-3.1708
G1 X0.2246 Y-3.1802
G1 X0.0986 Y-3.2923
G1 X0.0868 Y-3.3049
G1 X0.0775 Y-3.3196
G1 X0.0710 Y-3.3355
; Retract
G1 Z3.0400 F2540

; Path 13
; Rapid to initial position
G1 X2.3363 Y-3.4454 F2540
G1 Z0.5000
; plunge
G1 Z-2.6750 F127
; cut
G1 X2.3446 Y-3.4534 F1016
G1 X2.5189 Y-3.6504
G1 X2.6105 Y-3.7674
G1 X2.6759 Y-3.8640
G1 X2.7192 Y-3.9459
G1 X2.7455 Y-4.0196
G1 X2.7665 Y-4.1201
G1 X2.7791 Y-4.2394
G1 X2.7749 Y-4.2162
G1 X2.7719 Y-4.2041
G1 X2.7614 Y-4.1691
G1 X2.6779 Y-3.9382
G1 X2.6726 Y-3.9261
G1 X2.6530 Y-3.8872
G1 X2.5274 Y-3.6763
G1 X2.5090 Y-3.6504
G1 X2.4224 Y-3.5421
G1 X2.3363 Y-3.4454
G1 X2.7232 Y-5.2177
G1 X2.7065 Y-5.2217
G1 X2.6936 Y-5.2261
G1 X2.6777 Y-5.2332
G1 X2.6650 Y-5.2401
G1 X2.6508 Y-5.2500
G1 X2.6414 Y-5.2578
G1 X2.6273 Y-5.2719
G1 X2.4248 Y-5.5020
G1 X2.4146 Y-5.5159
G1 X2.4068 Y-5.5295
G1 X2.3981 Y-5.5490
G1 X2.3951 Y-5.5568
G1 X2.3214 Y-5.7877
G1 X2.3175 Y-5.8047
G1 X2.3158 Y-5.8185
G1 X2.3152 Y-5.8357
G1 X2.3160 Y-5.8500
G1 X2.3187 Y-5.8672
G1 X2.3219 Y-5.8799
G1 X2.3274 Y-5.8961
G1 X2.3331 Y-5.9089
G1 X2.3417 Y-5.9240
G1 X2.3500 Y-5.9358
G1 X2.3612 Y-5.9488
G1 X2.3706 Y-5.9580
G1 X2.3839 Y-5.9691
G1 X2.3959 Y-5.9770
G1 X2.4111 Y-5.9853
G1 X2.4234 Y-5.9907
G1 X2.4398 Y-5.9961
G1 X2.4536 Y-5.9991
G1 X2.4706 Y-6.0013
G1 X2.4845 Y-6.0020
G1 X2.5018 Y-6.0010
G1 X2.5150 Y-5.9991
G1 X2.5318 Y-5.9951
G1 X2.5447 Y-5.9907
G1 X2.5606 Y-5.9837
G1 X2.5733 Y-5.9766
G1 X2.5875 Y-5.9668
G1 X2.5969 Y-5.9590
G1 X2.6110 Y-5.9448
G1 X2.8135 Y-5.7149
G1 X2.8236 Y-5.7009
G1 X2.8315 Y-5.6874
G1 X2.8402 Y-5.6677
G1 X2.8432 Y-5.6600
G1 X2.9169 Y-5.4290
G1 X2.9207 Y-5.4122
G1 X2.9224 Y-5.3983
G1 X2.9231 Y-5.3812
G1 X2.9223 Y-5.3668
G1 X2.9196 Y-5.3496
G1 X2.9164 Y-5.3369
G1 X2.9108 Y-5.3207
G1 X2.9051 Y-5.3079
G1 X2.8965 Y-5.2928
G1 X2.8882 Y-5.2810
G1 X2.8771 Y-5.2680
G1 X2.8677 Y-5.2588
G1 X2.8543 Y-5.2478
G1 X2.8424 Y-5.2398
G1 X2.8271 Y-5.2315
G1 X2.8148 Y-5.2261
G1 X2.7985 Y-5.2207
G1 X2.7846 Y-5.2177
G1 X2.7676 Y-5.2155
G1 X2.7538 Y-5.2148
G1 X2.7364 Y-5.2158
G1 X2.7232 Y-5.2177
G1 X2.7405 Y-5.2909
G1 X2.7239 Y-5.2949
G1 X2.7080 Y-5.3019
G1 X2.6938 Y-5.3117
G1 X2.6836 Y-5.3216
G1 X2.4856 Y-5.5462
G1 X2.4754 Y-5.5602
G1 X2.4667 Y-5.5798
G1 X2.3947 Y-5.8043
G1 X2.3909 Y-5.8212
G1 X2.3903 Y-5.8384
G1 X2.3930 Y-5.8556
G1 X2.3986 Y-5.8718
G1 X2.4071 Y-5.8869
G1 X2.4183 Y-5.9000
G1 X2.4316 Y-5.9109
G1 X2.4469 Y-5.9193
G1 X2.4633 Y-5.9246
G1 X2.4803 Y-5.9268
G1 X2.4977 Y-5.9259
G1 X2.5144 Y-5.9219
G1 X2.5303 Y-5.9149
G1 X2.5445 Y-5.9050
G1 X2.5547 Y-5.8952
G1 X2.7526 Y-5.6706
G1 X2.7628 Y-5.6567
G1 X2.7716 Y-5.6370
G1 X2.8435 Y-5.4125
G1 X2.8474 Y-5.3956
G1 X2.8480 Y-5.3785
G1 X2.8453 Y-5.3612
G1 X2.8397 Y-5.3450
G1 X2.8311 Y-5.3299
G1 X2.8200 Y-5.3169
G1 X2.8066 Y-5.3058
G1 X2.7914 Y-5.2976
G1 X2.7749 Y-5.2922
G1 X2.7579 Y-5.2899
G1 X2.7405 Y-5.2909
; Retract
G1 Z3.0400 F2540

; Path 14
; Rapid to initial position
G1 X2.2418 Y-5.8050 F2540
G1 Z0.5000
; plunge
G1 Z-2.6750 F127
; cut
G1 X2.2407 Y-5.8158 F1016
G1 X2.2400 Y-5.8398
G1 X2.2416 Y-5.8616
G1 X2.2457 Y-5.8855
G1 X2.2507 Y-5.9043
G1 X2.2588 Y-5.9270
G1 X2.2677 Y-5.9459
G1 X2.2801 Y-5.9673
G1 X2.2929 Y-5.9846
G1 X2.3085 Y-6.0025
G1 X2.3228 Y-6.0161
G1 X2.3422 Y-6.0316
G1 X2.3600 Y-6.0431
G1 X2.3807 Y-6.0540
G1 X2.3998 Y-6.0621
G1 X2.4103 Y-6.0656
G1 X2.3090 Y-6.1666
G1 X2.1613 Y-6.3015
G1 X2.0835 Y-6.3631
G1 X1.9854 Y-6.4043
G1 X1.7909 Y-6.4424
G1 X1.5241 Y-6.4656
G1 X1.2196 Y-6.4711
G1 X0.8796 Y-6.4575
G1 X0.5425 Y-6.4263
G1 X0.4051 Y-6.4054
G1 X0.4071 Y-6.4038
G1 X0.4229 Y-6.3897
G1 X0.4396 Y-6.3718
G1 X0.4517 Y-6.3559
G1 X0.4644 Y-6.3362
G1 X0.4740 Y-6.3182
G1 X0.4833 Y-6.2956
G1 X0.4897 Y-6.2746
G1 X0.4945 Y-6.2509
G1 X0.4966 Y-6.2313
G1 X0.4972 Y-6.2073
G1 X0.4956 Y-6.1855
G1 X0.4915 Y-6.1616
G1 X0.4862 Y-6.1416
G1 X0.4818 Y-6.1296
G1 X0.5914 Y-6.1468
G1 X0.8636 Y-6.1742
G1 X1.1325 Y-6.1844
G1 X1.5005 Y-6.1751
G1 X1.5271 Y-6.1718
G1 X1.7820 Y-6.1229
G1 X1.8043 Y-6.1162
G1 X1.8202 Y-6.1099
G1 X1.8412 Y-6.0998
G1 X2.0328 Y-5.9937
G1 X2.0446 Y-5.9859
G1 X2.0669 Y-5.9695
G1 X2.0779 Y-5.9601
G1 X2.2418 Y-5.8050
G1 X2.1902 Y-5.9573
G1 X2.1909 Y-5.9590
G1 X2.2028 Y-5.9839
G1 X2.2152 Y-6.0052
G1 X2.2195 Y-6.0119
G1 X2.2362 Y-6.0341
G1 X2.2566 Y-6.0569
G1 X2.2760 Y-6.0750
G1 X2.2863 Y-6.0830
G1 X2.2582 Y-6.1110
G1 X2.1110 Y-6.2455
G1 X2.0452 Y-6.2975
G1 X1.9633 Y-6.3319
G1 X1.7803 Y-6.3677
G1 X1.5185 Y-6.3904
G1 X1.2212 Y-6.3960
G1 X0.8836 Y-6.3823
G1 X0.5526 Y-6.3518
G1 X0.5418 Y-6.3500
G1 X0.5434 Y-6.3470
G1 X0.5553 Y-6.3174
G1 X0.5634 Y-6.2894
G1 X0.5693 Y-6.2589
G1 X0.5717 Y-6.2334
G1 X0.5719 Y-6.2197
G1 X0.5840 Y-6.2216
G1 X0.8607 Y-6.2493
G1 X1.1345 Y-6.2595
G1 X1.5098 Y-6.2498
G1 X1.5412 Y-6.2456
G1 X1.8036 Y-6.1950
G1 X1.8321 Y-6.1861
G1 X1.8525 Y-6.1777
G1 X1.8776 Y-6.1656
G1 X2.0744 Y-6.0564
G1 X2.0892 Y-6.0466
G1 X2.1157 Y-6.0266
G1 X2.1296 Y-6.0147
G1 X2.1902 Y-5.9573
G1 X2.1738 Y-6.0758
G1 X2.1784 Y-6.0818
G1 X2.0607 Y-6.1894
G1 X2.0070 Y-6.2320
G1 X1.9413 Y-6.2595
G1 X1.7696 Y-6.2931
G1 X1.6286 Y-6.3053
G1 X1.8178 Y-6.2689
G1 X1.8261 Y-6.2668
G1 X1.8610 Y-6.2557
G1 X1.8852 Y-6.2455
G1 X1.9141 Y-6.2313
G1 X2.1160 Y-6.1189
G1 X2.1342 Y-6.1067
G1 X2.1648 Y-6.0836
G1 X2.1738 Y-6.0758
G1 X0.3470 Y-6.2087
G1 X0.3442 Y-6.1915
G1 X0.3385 Y-6.1753
G1 X0.3299 Y-6.1604
G1 X0.3188 Y-6.1471
G1 X0.3055 Y-6.1363
G1 X0.2903 Y-6.1280
G1 X0.2737 Y-6.1226
G1 X0.2566 Y-6.1204
G1 X0.0150 Y-6.1115
G1 X-0.0024 Y-6.1124
G1 X-0.0190 Y-6.1166
G1 X-0.0348 Y-6.1236
G1 X-0.0490 Y-6.1334
G1 X-0.0612 Y-6.1457
G1 X-0.0708 Y-6.1600
G1 X-0.0778 Y-6.1760
G1 X-0.0816 Y-6.1928
G1 X-0.0824 Y-6.2100
G1 X-0.0800 Y-6.2271
G1 X-0.0744 Y-6.2434
G1 X-0.0660 Y-6.2585
G1 X-0.0511 Y-6.2756
G1 X0.0250 Y-6.3434
G1 X0.0388 Y-6.3535
G1 X0.0544 Y-6.3612
G1 X0.0712 Y-6.3656
G1 X0.0883 Y-6.3672
G1 X0.1055 Y-6.3655
G1 X0.1190 Y-6.3617
G1 X0.2846 Y-6.3028
G1 X0.3002 Y-6.2956
G1 X0.3143 Y-6.2856
G1 X0.3263 Y-6.2732
G1 X0.3358 Y-6.2587
G1 X0.3427 Y-6.2427
G1 X0.3464 Y-6.2259
G1 X0.3470 Y-6.2087
; Retract
G1 Z3.0400 F2540

; Path 15
; Rapid to initial position
G1 X0.2238 Y-9.7813 F2540
G1 Z0.5000
; plunge
G1 Z-2.6750 F127
; cut
G1 X0.4353 Y-9.8669 F1016
G1 X0.5308 Y-10.0201
G1 X0.5165 Y-10.1680
G1 X0.4098 Y-10.2874
G1 X0.2088 Y-10.3404
G1 X0.0131 Y-10.3001
G1 X-0.0800 Y-10.2223
G1 X-0.0930 Y-10.0066
G1 X0.0285 Y-9.8433
G1 X0.2238 Y-9.7813
G1 X0.2206 Y-9.8612
G1 X0.3844 Y-9.9273
G1 X0.4534 Y-10.0383
G1 X0.4440 Y-10.1362
G1 X0.3688 Y-10.2204
G1 X0.2068 Y-10.2632
G1 X0.0467 Y-10.2302
G1 X-0.0068 Y-10.1855
G1 X-0.0164 Y-10.0294
G1 X0.0744 Y-9.9076
G1 X0.2206 Y-9.8612
G1 X0.2174 Y-9.9411
G1 X0.3335 Y-9.9879
G1 X0.3763 Y-10.0566
G1 X0.3716 Y-10.1043
G1 X0.3279 Y-10.1533
G1 X0.2045 Y-10.1860
G1 X0.0803 Y-10.1604
G1 X0.0664 Y-10.1488
G1 X0.0605 Y-10.0521
G1 X0.1202 Y-9.9719
G1 X0.2174 Y-9.9411
G1 X0.2144 Y-10.0209
G1 X0.2825 Y-10.0483
G1 X0.2982 Y-10.0736
G1 X0.2870 Y-10.0864
G1 X0.2023 Y-10.1088
G1 X0.1385 Y-10.0956
G1 X0.1372 Y-10.0749
G1 X0.1660 Y-10.0362
G1 X0.2144 Y-10.0209
; Retract
G1 Z3.0400 F2540

; Path 16
; Rapid to initial position
G1 X0.4453 Y-10.7554 F2540
G1 Z0.5000
; plunge
G1 Z-2.6750 F127
; cut
G1 X0.4453 Y-11.8787 F1016
G1 X0.4434 Y-12.2304
G1 X0.4435 Y-12.2304
G1 X0.4370 Y-12.5084
G1 X0.4243 Y-12.7290
G1 X0.4048 Y-12.8956
G1 X0.3780 Y-13.0142
G1 X0.3439 Y-13.0987
G1 X0.3034 Y-13.1580
G1 X0.2536 Y-13.2057
G1 X0.0535 Y-13.3094
G1 X-0.2016 Y-13.3667
G1 X-0.4386 Y-13.3680
G1 X-0.4855 Y-13.3505
G1 X-0.3912 Y-13.2252
G1 X-0.3227 Y-13.1773
G1 X-0.3090 Y-13.1656
G1 X-0.2476 Y-13.1019
G1 X-0.2368 Y-13.0884
G1 X-0.2323 Y-13.0809
G1 X-0.1879 Y-12.9976
G1 X-0.1798 Y-12.9766
G1 X-0.1507 Y-12.8622
G1 X-0.1481 Y-12.8484
G1 X-0.1319 Y-12.6832
G1 X-0.1273 Y-12.4664
G1 X-0.1318 Y-12.1841
G1 X-0.1435 Y-11.8236
G1 X-0.1826 Y-10.7553
G1 X0.4453 Y-10.7554
G1 X0.3702 Y-10.8305
G1 X0.3702 Y-11.8782
G1 X0.3683 Y-12.2299
G1 X0.3685 Y-12.2310
G1 X0.3619 Y-12.5042
G1 X0.3492 Y-12.7239
G1 X0.3306 Y-12.8824
G1 X0.3059 Y-12.9919
G1 X0.2773 Y-13.0629
G1 X0.2456 Y-13.1092
G1 X0.2093 Y-13.1439
G1 X0.0277 Y-13.2381
G1 X-0.2105 Y-13.2916
G1 X-0.3477 Y-13.2924
G1 X-0.3383 Y-13.2800
G1 X-0.2737 Y-13.2343
G1 X-0.2549 Y-13.2177
G1 X-0.1888 Y-13.1488
G1 X-0.1781 Y-13.1353
G1 X-0.1722 Y-13.1269
G1 X-0.1660 Y-13.1162
G1 X-0.1216 Y-13.0330
G1 X-0.1177 Y-13.0247
G1 X-0.1096 Y-13.0037
G1 X-0.1069 Y-12.9953
G1 X-0.0767 Y-12.8757
G1 X-0.0733 Y-12.8557
G1 X-0.0568 Y-12.6847
G1 X-0.0522 Y-12.4653
G1 X-0.0566 Y-12.1817
G1 X-0.0684 Y-11.8209
G1 X-0.1047 Y-10.8303
G1 X0.3702 Y-10.8305
G1 X0.2951 Y-10.9057
G1 X0.2951 Y-11.8777
G1 X0.2932 Y-12.2295
G1 X0.2934 Y-12.2310
G1 X0.2868 Y-12.4998
G1 X0.2741 Y-12.7188
G1 X0.2564 Y-12.8692
G1 X0.2338 Y-12.9696
G1 X0.2109 Y-13.0266
G1 X0.1875 Y-13.0608
G1 X0.1654 Y-13.0820
G1 X0.0018 Y-13.1668
G1 X-0.1310 Y-13.1968
G1 X-0.1301 Y-13.1958
G1 X-0.1165 Y-13.1783
G1 X-0.1072 Y-13.1647
G1 X-0.0996 Y-13.1515
G1 X-0.0533 Y-13.0645
G1 X-0.0476 Y-13.0518
G1 X-0.0380 Y-13.0266
G1 X-0.0340 Y-13.0137
G1 X-0.0025 Y-12.8882
G1 X0.0014 Y-12.8630
G1 X0.0184 Y-12.6864
G1 X0.0229 Y-12.4642
G1 X0.0185 Y-12.1793
G1 X0.0067 Y-11.8182
G1 X-0.0267 Y-10.9055
G1 X0.2951 Y-10.9057
G1 X0.2200 Y-10.9808
G1 X0.2200 Y-11.8773
G1 X0.2180 Y-12.2290
G1 X0.2182 Y-12.2310
G1 X0.2117 Y-12.4955
G1 X0.1989 Y-12.7137
G1 X0.1823 Y-12.8560
G1 X0.1617 Y-12.9477
G1 X0.1444 Y-12.9905
G1 X0.1298 Y-13.0120
G1 X0.1210 Y-13.0204
G1 X0.0261 Y-13.0696
G1 X0.0338 Y-13.0487
G1 X0.0388 Y-13.0320
G1 X0.0718 Y-12.9000
G1 X0.0763 Y-12.8702
G1 X0.0934 Y-12.6879
G1 X0.0981 Y-12.4631
G1 X0.0936 Y-12.1769
G1 X0.0818 Y-11.8155
G1 X0.0513 Y-10.9806
G1 X0.2200 Y-10.9808
G1 X0.1449 Y-11.0559
G1 X0.1449 Y-11.4822
G1 X0.1293 Y-11.0557
G1 X0.1449 Y-11.0559
; Retract
G1 Z3.0400 F2540

; Path 17
; Rapid to initial position
G1 X1.1623 Y-11.4022 F2540
G1 Z0.5000
; plunge
G1 Z-2.6750 F127
; cut
G1 X1.2619 Y-11.1418 F1016
G1 X1.3396 Y-11.0500
G1 X1.4640 Y-10.9537
G1 X1.6222 Y-10.8633
G1 X1.7947 Y-10.7879
G1 X1.9668 Y-10.7333
G1 X2.1199 Y-10.7053
G1 X2.2306 Y-10.7070
G1 X2.3160 Y-10.7428
G1 X2.6754 Y-10.8636
G1 X2.8333 Y-10.9120
G1 X2.9605 Y-11.0304
G1 X3.0550 Y-11.2078
G1 X3.0907 Y-11.4115
G1 X3.0810 Y-11.4600
G1 X3.0491 Y-11.4807
G1 X2.8978 Y-11.4926
G1 X2.5952 Y-11.4749
G1 X2.3976 Y-11.4483
G1 X2.4289 Y-11.4227
G1 X2.4412 Y-11.4106
G1 X2.4513 Y-11.3964
G1 X2.4584 Y-11.3807
G1 X2.4619 Y-11.3678
G1 X2.5044 Y-11.1490
G1 X2.5061 Y-11.1318
G1 X2.5045 Y-11.1144
G1 X2.5020 Y-11.1038
G1 X2.4392 Y-10.8954
G1 X2.4328 Y-10.8795
G1 X2.4234 Y-10.8649
G1 X2.4116 Y-10.8523
G1 X2.3957 Y-10.8411
G1 X2.2324 Y-10.7483
G1 X2.2167 Y-10.7411
G1 X2.1997 Y-10.7369
G1 X2.1826 Y-10.7360
G1 X2.1654 Y-10.7382
G1 X2.1490 Y-10.7435
G1 X2.1366 Y-10.7498
G1 X1.9556 Y-10.8614
G1 X1.9418 Y-10.8719
G1 X1.9302 Y-10.8847
G1 X1.9181 Y-10.9057
G1 X1.8056 Y-11.1787
G1 X1.8004 Y-11.1953
G1 X1.7987 Y-11.2082
G1 X1.7755 Y-11.5496
G1 X1.7758 Y-11.5667
G1 X1.7785 Y-11.5807
G1 X1.8651 Y-11.8973
G1 X1.8713 Y-11.9134
G1 X1.8776 Y-11.9246
G1 X1.9800 Y-12.0781
G1 X1.9908 Y-12.0914
G1 X2.0010 Y-12.1005
G1 X2.1224 Y-12.1934
G1 X2.1371 Y-12.2027
G1 X2.1548 Y-12.2095
G1 X2.3229 Y-12.2557
G1 X2.3430 Y-12.2589
G1 X2.5860 Y-12.2711
G1 X2.9008 Y-12.2936
G1 X2.9117 Y-12.2980
G1 X2.7211 Y-12.3830
G1 X2.4202 Y-12.4502
G1 X2.0686 Y-12.4761
G1 X1.8261 Y-12.4632
G1 X1.6506 Y-12.4209
G1 X1.5118 Y-12.3424
G1 X1.3781 Y-12.2145
G1 X1.2221 Y-11.9662
G1 X1.1497 Y-11.6861
G1 X1.1623 Y-11.4022
G1 X1.2369 Y-11.4173
G1 X1.3275 Y-11.1808
G1 X1.3918 Y-11.1046
G1 X1.5064 Y-11.0159
G1 X1.6555 Y-10.9308
G1 X1.8216 Y-10.8582
G1 X1.8676 Y-10.8436
G1 X1.8651 Y-10.8471
G1 X1.8530 Y-10.8681
G1 X1.8486 Y-10.8770
G1 X1.7336 Y-11.1566
G1 X1.7285 Y-11.1732
G1 X1.7260 Y-11.1851
G1 X1.7237 Y-11.2031
G1 X1.7004 Y-11.5510
G1 X1.7007 Y-11.5682
G1 X1.7019 Y-11.5811
G1 X1.7060 Y-11.6006
G1 X1.7949 Y-11.9243
G1 X1.8011 Y-11.9404
G1 X1.8057 Y-11.9503
G1 X1.8151 Y-11.9664
G1 X1.9216 Y-12.1253
G1 X1.9324 Y-12.1387
G1 X1.9409 Y-12.1476
G1 X1.9553 Y-12.1602
G1 X2.0823 Y-12.2572
G1 X2.0970 Y-12.2664
G1 X2.1098 Y-12.2729
G1 X2.1348 Y-12.2821
G1 X2.3031 Y-12.3283
G1 X2.3112 Y-12.3300
G1 X2.3312 Y-12.3332
G1 X2.3392 Y-12.3340
G1 X2.5483 Y-12.3445
G1 X2.4090 Y-12.3757
G1 X2.0683 Y-12.4008
G1 X1.8366 Y-12.3884
G1 X1.6786 Y-12.3504
G1 X1.5568 Y-12.2815
G1 X1.4367 Y-12.1666
G1 X1.2919 Y-11.9358
G1 X1.2253 Y-11.6785
G1 X1.2369 Y-11.4173
G1 X1.3116 Y-11.4327
G1 X1.3930 Y-11.2196
G1 X1.4441 Y-11.1592
G1 X1.5489 Y-11.0782
G1 X1.6887 Y-10.9983
G1 X1.7237 Y-10.9830
G1 X1.6617 Y-11.1345
G1 X1.6550 Y-11.1574
G1 X1.6514 Y-11.1759
G1 X1.6488 Y-11.1980
G1 X1.6253 Y-11.5524
G1 X1.6259 Y-11.5755
G1 X1.6283 Y-11.5960
G1 X1.6333 Y-11.6205
G1 X1.7247 Y-11.9514
G1 X1.7330 Y-11.9723
G1 X1.7408 Y-11.9882
G1 X1.7526 Y-12.0082
G1 X1.8632 Y-12.1726
G1 X1.8778 Y-12.1904
G1 X1.8915 Y-12.2045
G1 X1.9096 Y-12.2201
G1 X2.0422 Y-12.3208
G1 X2.0481 Y-12.3245
G1 X1.8471 Y-12.3136
G1 X1.7066 Y-12.2799
G1 X1.6020 Y-12.2207
G1 X1.4952 Y-12.1187
G1 X1.3615 Y-11.9056
G1 X1.3009 Y-11.6708
G1 X1.3116 Y-11.4327
G1 X1.3862 Y-11.4482
G1 X1.4586 Y-11.2585
G1 X1.4967 Y-11.2136
G1 X1.5802 Y-11.1491
G1 X1.5767 Y-11.1673
G1 X1.5739 Y-11.1931
G1 X1.5501 Y-11.5545
G1 X1.5513 Y-11.5842
G1 X1.5546 Y-11.6113
G1 X1.5610 Y-11.6406
G1 X1.6523 Y-11.9714
G1 X1.6548 Y-11.9791
G1 X1.6655 Y-12.0053
G1 X1.6760 Y-12.0262
G1 X1.6902 Y-12.0502
G1 X1.8051 Y-12.2204
G1 X1.8113 Y-12.2278
G1 X1.7346 Y-12.2094
G1 X1.6472 Y-12.1599
G1 X1.5538 Y-12.0706
G1 X1.4313 Y-11.8753
G1 X1.3765 Y-11.6632
G1 X1.3862 Y-11.4482
G1 X1.4608 Y-11.4635
G1 X1.4850 Y-11.4000
G1 X1.4752 Y-11.5496
G1 X1.4750 Y-11.5573
G1 X1.4766 Y-11.5935
G1 X1.4811 Y-11.6272
G1 X1.4885 Y-11.6607
G1 X1.5699 Y-11.9547
G1 X1.5011 Y-11.8451
G1 X1.4521 Y-11.6555
G1 X1.4608 Y-11.4635
; Retract
G1 Z3.0400 F2540

; Path 18
; Rapid to initial position
G1 X2.5335 Y-11.3907 F2540
G1 Z0.5000
; plunge
G1 Z-2.6750 F127
; cut
G1 X2.5357 Y-11.3822 F1016
G1 X2.5792 Y-11.1566
G1 X2.5810 Y-11.1394
G1 X2.5810 Y-11.1250
G1 X2.5793 Y-11.1076
G1 X2.5778 Y-11.0969
G1 X2.5739 Y-11.0822
G1 X2.5155 Y-10.8892
G1 X2.6535 Y-10.9355
G1 X2.7947 Y-10.9788
G1 X2.9002 Y-11.0770
G1 X2.9831 Y-11.2328
G1 X3.0138 Y-11.4081
G1 X2.8975 Y-11.4171
G1 X2.6011 Y-11.4000
G1 X2.5335 Y-11.3907
G1 X2.6231 Y-11.3258
G1 X2.6540 Y-11.1642
G1 X2.6561 Y-11.1394
G1 X2.6557 Y-11.1181
G1 X2.6536 Y-11.0964
G1 X2.6521 Y-11.0858
G1 X2.6505 Y-11.0782
G1 X2.6459 Y-11.0604
G1 X2.6296 Y-11.0068
G1 X2.6314 Y-11.0075
G1 X2.7561 Y-11.0457
G1 X2.8398 Y-11.1237
G1 X2.9112 Y-11.2577
G1 X2.9255 Y-11.3395
G1 X2.8972 Y-11.3417
G1 X2.6231 Y-11.3258
G1 X2.7130 Y-11.2556
G1 X2.7278 Y-11.1784
G1 X2.7289 Y-11.1704
G1 X2.7311 Y-11.1383
G1 X2.7308 Y-11.1250
G1 X2.7794 Y-11.1701
G1 X2.8286 Y-11.2623
G1 X2.7130 Y-11.2556
; Retract
G1 Z3.0400 F2540

; Path 19
; Rapid to initial position
G1 X3.6111 Y-11.1302 F2540
G1 Z0.5000
; plunge
G1 Z-2.6750 F127
; cut
G1 X3.6359 Y-11.0365 F1016
G1 X3.6986 Y-10.9494
G1 X3.8920 Y-10.8076
G1 X4.0484 Y-10.7411
G1 X4.1471 Y-10.8611
G1 X4.1339 Y-10.9642
G1 X4.1333 Y-10.9814
G1 X4.1358 Y-10.9985
G1 X4.1419 Y-11.0154
G1 X4.1942 Y-11.1293
G1 X4.2028 Y-11.1442
G1 X4.2140 Y-11.1573
G1 X4.2230 Y-11.1651
G1 X4.3679 Y-11.2742
G1 X4.3825 Y-11.2833
G1 X4.6402 Y-11.4115
G1 X4.8886 Y-11.5400
G1 X5.0740 Y-11.6679
G1 X5.2004 Y-11.7937
G1 X5.2683 Y-11.9099
G1 X5.2869 Y-12.0159
G1 X5.2613 Y-12.1212
G1 X5.1846 Y-12.2340
G1 X5.0506 Y-12.3499
G1 X4.9420 Y-12.3993
G1 X4.7707 Y-12.4386
G1 X4.5898 Y-12.4595
G1 X4.5980 Y-12.4481
G1 X4.6063 Y-12.4297
G1 X4.6624 Y-12.2567
G1 X4.6662 Y-12.2399
G1 X4.6669 Y-12.2226
G1 X4.6643 Y-12.2056
G1 X4.6573 Y-12.1863
G1 X4.5537 Y-11.9746
G1 X4.5448 Y-11.9600
G1 X4.5332 Y-11.9471
G1 X4.5149 Y-11.9337
G1 X4.1952 Y-11.7569
G1 X4.0110 Y-11.6719
G1 X3.8611 Y-11.5715
G1 X3.7451 Y-11.4606
G1 X3.6646 Y-11.3460
G1 X3.6199 Y-11.2332
G1 X3.6111 Y-11.1302
G1 X3.6872 Y-11.1369
G1 X3.7051 Y-11.0689
G1 X3.7528 Y-11.0029
G1 X3.9291 Y-10.8735
G1 X4.0261 Y-10.8323
G1 X4.0685 Y-10.8839
G1 X4.0588 Y-10.9615
G1 X4.0581 Y-10.9787
G1 X4.0590 Y-10.9926
G1 X4.0615 Y-11.0095
G1 X4.0650 Y-11.0236
G1 X4.0736 Y-11.0468
G1 X4.1289 Y-11.1666
G1 X4.1375 Y-11.1816
G1 X4.1457 Y-11.1931
G1 X4.1568 Y-11.2061
G1 X4.1649 Y-11.2142
G1 X4.1778 Y-11.2251
G1 X4.3282 Y-11.3382
G1 X4.3489 Y-11.3506
G1 X4.6056 Y-11.4784
G1 X4.8503 Y-11.6048
G1 X5.0258 Y-11.7261
G1 X5.1402 Y-11.8399
G1 X5.1967 Y-11.9364
G1 X5.2102 Y-12.0133
G1 X5.1914 Y-12.0901
G1 X5.1276 Y-12.1839
G1 X5.0097 Y-12.2859
G1 X4.9179 Y-12.3278
G1 X4.7581 Y-12.3644
G1 X4.7043 Y-12.3706
G1 X4.7358 Y-12.2734
G1 X4.7396 Y-12.2567
G1 X4.7414 Y-12.2426
G1 X4.7420 Y-12.2253
G1 X4.7412 Y-12.2115
G1 X4.7387 Y-12.1944
G1 X4.7350 Y-12.1800
G1 X4.7280 Y-12.1607
G1 X4.7248 Y-12.1532
G1 X4.6180 Y-11.9355
G1 X4.6091 Y-11.9208
G1 X4.6007 Y-11.9097
G1 X4.5890 Y-11.8968
G1 X4.5776 Y-11.8863
G1 X4.5593 Y-11.8729
G1 X4.5513 Y-11.8680
G1 X4.2267 Y-11.6887
G1 X4.0482 Y-11.6063
G1 X3.9076 Y-11.5120
G1 X3.8027 Y-11.4117
G1 X3.7310 Y-11.3095
G1 X3.6939 Y-11.2160
G1 X3.6872 Y-11.1369
G1 X3.7632 Y-11.1436
G1 X3.7744 Y-11.1014
G1 X3.8067 Y-11.0565
G1 X3.9662 Y-10.9394
G1 X3.9870 Y-10.9307
G1 X3.9836 Y-10.9588
G1 X3.9830 Y-10.9830
G1 X3.9846 Y-11.0037
G1 X3.9886 Y-11.0279
G1 X3.9921 Y-11.0419
G1 X3.9945 Y-11.0497
G1 X4.0053 Y-11.0783
G1 X4.0637 Y-11.2040
G1 X4.0761 Y-11.2251
G1 X4.0885 Y-11.2419
G1 X4.1036 Y-11.2593
G1 X4.1165 Y-11.2718
G1 X4.1326 Y-11.2852
G1 X4.2830 Y-11.3984
G1 X4.2895 Y-11.4026
G1 X4.3154 Y-11.4179
G1 X4.5711 Y-11.5453
G1 X4.8112 Y-11.6693
G1 X4.9779 Y-11.7845
G1 X5.0800 Y-11.8860
G1 X5.1251 Y-11.9631
G1 X5.1335 Y-12.0106
G1 X5.1217 Y-12.0589
G1 X5.0706 Y-12.1338
G1 X4.9689 Y-12.2219
G1 X4.8938 Y-12.2562
G1 X4.8123 Y-12.2748
G1 X4.8142 Y-12.2661
G1 X4.8165 Y-12.2454
G1 X4.8171 Y-12.2210
G1 X4.8155 Y-12.2003
G1 X4.8115 Y-12.1760
G1 X4.8056 Y-12.1543
G1 X4.7972 Y-12.1312
G1 X4.7923 Y-12.1201
G1 X4.6823 Y-11.8963
G1 X4.6691 Y-11.8755
G1 X4.6565 Y-11.8594
G1 X4.6398 Y-11.8414
G1 X4.6284 Y-11.8309
G1 X4.6220 Y-11.8255
G1 X4.5989 Y-11.8090
G1 X4.5877 Y-11.8021
G1 X4.2582 Y-11.6204
G1 X4.0847 Y-11.5405
G1 X3.9545 Y-11.4531
G1 X3.8607 Y-11.3632
G1 X3.7973 Y-11.2731
G1 X3.7679 Y-11.1988
G1 X3.7632 Y-11.1436
G1 X3.8393 Y-11.1503
G1 X3.8436 Y-11.1337
G1 X3.8605 Y-11.1103
G1 X3.9208 Y-11.0661
G1 X3.9241 Y-11.0763
G1 X3.9372 Y-11.1100
G1 X3.9989 Y-11.2422
G1 X4.0155 Y-11.2696
G1 X4.0319 Y-11.2912
G1 X4.0511 Y-11.3131
G1 X4.0685 Y-11.3296
G1 X4.0874 Y-11.3454
G1 X4.2417 Y-11.4612
G1 X4.2512 Y-11.4672
G1 X4.2818 Y-11.4852
G1 X4.5365 Y-11.6121
G1 X4.7722 Y-11.7337
G1 X4.9299 Y-11.8429
G1 X5.0201 Y-11.9325
G1 X5.0534 Y-11.9894
G1 X5.0568 Y-12.0080
G1 X5.0519 Y-12.0280
G1 X5.0142 Y-12.0834
G1 X4.9281 Y-12.1580
G1 X4.8878 Y-12.1763
G1 X4.8857 Y-12.1639
G1 X4.8841 Y-12.1562
G1 X4.8763 Y-12.1285
G1 X4.8660 Y-12.1008
G1 X4.8598 Y-12.0870
G1 X4.7498 Y-11.8632
G1 X4.7458 Y-11.8561
G1 X4.7283 Y-11.8292
G1 X4.7116 Y-11.8082
G1 X4.6906 Y-11.7860
G1 X4.6771 Y-11.7736
G1 X4.6658 Y-11.7644
G1 X4.6379 Y-11.7447
G1 X4.6239 Y-11.7362
G1 X4.2897 Y-11.5521
G1 X4.1212 Y-11.4745
G1 X4.0021 Y-11.3946
G1 X3.9178 Y-11.3139
G1 X3.8638 Y-11.2372
G1 X3.8419 Y-11.1816
G1 X3.8393 Y-11.1503
; Retract
G1 Z3.0400 F2540

; Path 20
; Rapid to initial position
G1 X3.5571 Y-12.0453 F2540
G1 Z0.5000
; plunge
G1 Z-2.6750 F127
; cut
G1 X3.5740 Y-12.0558 F1016
G1 X3.8132 Y-12.2535
G1 X4.0853 Y-12.4500
G1 X4.1003 Y-12.4588
G1 X4.1107 Y-12.4629
G1 X4.1194 Y-12.4657
G1 X4.0964 Y-12.4651
G1 X3.8907 Y-12.4419
G1 X3.7343 Y-12.4048
G1 X3.6615 Y-12.3669
G1 X3.5424 Y-12.1084
G1 X3.5571 Y-12.0453
G1 X3.6900 Y-12.2491
G1 X3.7691 Y-12.3144
G1 X3.8132 Y-12.3463
G1 X3.7605 Y-12.3337
G1 X3.7192 Y-12.3122
G1 X3.6900 Y-12.2491
; Retract
G1 Z3.0400 F2540

; Path 21
; Rapid to initial position
G1 X4.8365 Y-11.8696 F2540
G1 Z0.5000
; plunge
G1 Z-2.6750 F127
; cut
G1 X4.8816 Y-11.9008 F1016
G1 X4.9599 Y-11.9786
G1 X4.9759 Y-12.0060
G1 X4.9576 Y-12.0329
G1 X4.9290 Y-12.0577
G1 X4.9273 Y-12.0539
G1 X4.8365 Y-11.8696
; Retract
G1 Z3.0400 F2540

; Path 22
; Rapid to initial position
G1 X5.0357 Y-10.9448 F2540
G1 Z0.5000
; plunge
G1 Z-2.6750 F127
; cut
G1 X4.8249 Y-10.8073 F1016
G1 X4.8105 Y-10.7996
G1 X4.7605 Y-10.7783
G1 X4.8118 Y-10.7587
G1 X5.0504 Y-10.8022
G1 X5.1068 Y-10.9052
G1 X5.0357 Y-10.9448
; Retract
G1 Z3.0400 F2540

; Path 23
; Rapid to initial position
G1 X5.9071 Y-11.0008 F2540
G1 Z0.5000
; plunge
G1 Z-2.6750 F127
; cut
G1 X5.8996 Y-10.7716 F1016
G1 X5.8944 Y-10.5705
G1 X5.8920 Y-10.3975
G1 X5.8922 Y-10.3975
G1 X5.8934 Y-10.2453
G1 X5.8989 Y-10.1199
G1 X5.9089 Y-10.0168
G1 X5.9232 Y-9.9370
G1 X5.9421 Y-9.8751
G1 X5.9633 Y-9.8336
G1 X5.9864 Y-9.8058
G1 X6.0144 Y-9.7854
G1 X6.0521 Y-9.7692
G1 X6.1030 Y-9.7574
G1 X6.1712 Y-9.7495
G1 X6.2506 Y-9.7458
G1 X6.3489 Y-9.7448
G1 X6.3790 Y-9.7459
G1 X6.4014 Y-9.7491
G1 X6.4135 Y-9.7530
G1 X6.4199 Y-9.7569
G1 X6.4272 Y-9.7649
G1 X6.4375 Y-9.7828
G1 X6.4490 Y-9.8146
G1 X6.4605 Y-9.8634
G1 X6.4707 Y-9.9298
G1 X6.4788 Y-10.0138
G1 X6.4850 Y-10.1121
G1 X6.4896 Y-10.2331
G1 X6.4928 Y-10.3743
G1 X6.4926 Y-10.3743
G1 X6.4945 Y-10.5369
G1 X6.4955 Y-10.7228
G1 X6.4958 Y-10.9334
G1 X6.4974 Y-11.1959
G1 X6.5020 Y-11.4477
G1 X6.5090 Y-11.6831
G1 X6.5185 Y-11.8963
G1 X6.5300 Y-12.0820
G1 X6.5435 Y-12.2349
G1 X6.5579 Y-12.3431
G1 X6.5598 Y-12.3533
G1 X6.5738 Y-12.4099
G1 X6.5794 Y-12.4438
G1 X6.5747 Y-12.4476
G1 X6.4358 Y-12.4694
G1 X6.1463 Y-12.4765
G1 X5.8529 Y-12.4707
G1 X5.7805 Y-12.4599
G1 X5.7828 Y-12.4564
G1 X5.8191 Y-12.3986
G1 X5.8286 Y-12.3782
G1 X5.8583 Y-12.2893
G1 X5.8615 Y-12.2772
G1 X5.8857 Y-12.1485
G1 X5.9028 Y-11.9885
G1 X5.9132 Y-11.7954
G1 X5.9175 Y-11.5672
G1 X5.9152 Y-11.3026
G1 X5.9071 Y-11.0008
G1 X5.9823 Y-10.9985
G1 X5.9747 Y-10.7693
G1 X5.9695 Y-10.5686
G1 X5.9671 Y-10.3997
G1 X5.9673 Y-10.3981
G1 X5.9685 Y-10.2485
G1 X5.9739 Y-10.1247
G1 X5.9833 Y-10.0276
G1 X5.9964 Y-9.9549
G1 X6.0122 Y-9.9035
G1 X6.0268 Y-9.8748
G1 X6.0383 Y-9.8610
G1 X6.0518 Y-9.8511
G1 X6.0760 Y-9.8408
G1 X6.1156 Y-9.8315
G1 X6.1766 Y-9.8244
G1 X6.2541 Y-9.8209
G1 X6.3470 Y-9.8199
G1 X6.3718 Y-9.8209
G1 X6.3714 Y-9.8209
G1 X6.3766 Y-9.8352
G1 X6.3867 Y-9.8777
G1 X6.3964 Y-9.9412
G1 X6.4038 Y-10.0186
G1 X6.4036 Y-10.0186
G1 X6.4099 Y-10.1169
G1 X6.4145 Y-10.2349
G1 X6.4177 Y-10.3735
G1 X6.4175 Y-10.3752
G1 X6.4194 Y-10.5372
G1 X6.4204 Y-10.7229
G1 X6.4207 Y-10.9338
G1 X6.4223 Y-11.1974
G1 X6.4269 Y-11.4500
G1 X6.4339 Y-11.6864
G1 X6.4434 Y-11.9010
G1 X6.4551 Y-12.0887
G1 X6.4690 Y-12.2447
G1 X6.4840 Y-12.3569
G1 X6.4867 Y-12.3713
G1 X6.4901 Y-12.3848
G1 X6.4283 Y-12.3945
G1 X6.1460 Y-12.4013
G1 X5.9017 Y-12.3966
G1 X5.9310 Y-12.3084
G1 X5.9353 Y-12.2911
G1 X5.9605 Y-12.1564
G1 X5.9779 Y-11.9924
G1 X5.9883 Y-11.7969
G1 X5.9926 Y-11.5666
G1 X5.9904 Y-11.3005
G1 X5.9823 Y-10.9985
G1 X6.0573 Y-10.9961
G1 X6.0499 Y-10.7669
G1 X6.0446 Y-10.5667
G1 X6.0422 Y-10.4010
G1 X6.0424 Y-10.3988
G1 X6.0437 Y-10.2518
G1 X6.0491 Y-10.1280
G1 X6.0578 Y-10.0383
G1 X6.0696 Y-9.9729
G1 X6.0820 Y-9.9320
G1 X6.0900 Y-9.9166
G1 X6.0994 Y-9.9125
G1 X6.1286 Y-9.9057
G1 X6.1821 Y-9.8993
G1 X6.2574 Y-9.8960
G1 X6.3133 Y-9.8954
G1 X6.3220 Y-9.9525
G1 X6.3286 Y-10.0216
G1 X6.3286 Y-10.0233
G1 X6.3348 Y-10.1217
G1 X6.3393 Y-10.2366
G1 X6.3425 Y-10.3729
G1 X6.3424 Y-10.3761
G1 X6.3443 Y-10.5375
G1 X6.3452 Y-10.7231
G1 X6.3456 Y-10.9343
G1 X6.3472 Y-11.1988
G1 X6.3518 Y-11.4521
G1 X6.3588 Y-11.6897
G1 X6.3684 Y-11.9056
G1 X6.3801 Y-12.0954
G1 X6.3946 Y-12.2546
G1 X6.4033 Y-12.3200
G1 X6.1457 Y-12.3262
G1 X6.0048 Y-12.3233
G1 X6.0091 Y-12.3049
G1 X6.0352 Y-12.1644
G1 X6.0531 Y-11.9964
G1 X6.0634 Y-11.7983
G1 X6.0677 Y-11.5659
G1 X6.0655 Y-11.2985
G1 X6.0573 Y-10.9961
G1 X6.1325 Y-10.9936
G1 X6.1250 Y-10.7645
G1 X6.1197 Y-10.5647
G1 X6.1174 Y-10.4021
G1 X6.1175 Y-10.3994
G1 X6.1188 Y-10.2552
G1 X6.1242 Y-10.1314
G1 X6.1323 Y-10.0491
G1 X6.1428 Y-9.9902
G1 X6.1462 Y-9.9794
G1 X6.1880 Y-9.9743
G1 X6.2483 Y-9.9716
G1 X6.2534 Y-10.0253
G1 X6.2534 Y-10.0281
G1 X6.2596 Y-10.1265
G1 X6.2642 Y-10.2384
G1 X6.2674 Y-10.3722
G1 X6.2673 Y-10.3771
G1 X6.2692 Y-10.5379
G1 X6.2701 Y-10.7233
G1 X6.2704 Y-10.9348
G1 X6.2721 Y-11.2002
G1 X6.2767 Y-11.4544
G1 X6.2836 Y-11.6931
G1 X6.2932 Y-11.9102
G1 X6.3053 Y-12.1023
G1 X6.3185 Y-12.2469
G1 X6.1456 Y-12.2511
G1 X6.0957 Y-12.2500
G1 X6.1100 Y-12.1723
G1 X6.1282 Y-12.0004
G1 X6.1385 Y-11.7998
G1 X6.1428 Y-11.5653
G1 X6.1406 Y-11.2964
G1 X6.1325 Y-10.9936
G1 X6.2133 Y-11.8066
G1 X6.2181 Y-11.9149
G1 X6.2305 Y-12.1091
G1 X6.2364 Y-12.1738
G1 X6.1853 Y-12.1750
G1 X6.2033 Y-12.0042
G1 X6.2133 Y-11.8066
; Retract
G1 Z3.0400 F2540

; Path 24
; Rapid to initial position
G1 X7.3140 Y-11.7679 F2540
G1 Z0.5000
; plunge
G1 Z-2.6750 F127
; cut
G1 X7.3033 Y-11.4504 F1016
G1 X7.3022 Y-11.4383
G1 X7.2661 Y-11.2192
G1 X7.2617 Y-11.2025
G1 X7.2581 Y-11.1940
G1 X7.1902 Y-11.0514
G1 X7.1814 Y-11.0366
G1 X7.1654 Y-11.0196
G1 X7.0972 Y-10.9631
G1 X7.1132 Y-10.7728
G1 X7.2532 Y-10.6859
G1 X7.3576 Y-10.6596
G1 X7.4640 Y-10.6951
G1 X7.6420 Y-10.8191
G1 X7.7031 Y-10.8730
G1 X7.7512 Y-10.9317
G1 X7.7903 Y-11.0021
G1 X7.8242 Y-11.0936
G1 X7.8524 Y-11.2102
G1 X7.8751 Y-11.3568
G1 X7.8937 Y-11.5427
G1 X7.9084 Y-11.7612
G1 X7.9227 Y-12.0297
G1 X7.9293 Y-12.2270
G1 X7.9254 Y-12.3609
G1 X7.9116 Y-12.4338
G1 X7.8979 Y-12.4564
G1 X7.8785 Y-12.4666
G1 X7.8188 Y-12.4750
G1 X7.7212 Y-12.4765
G1 X7.4795 Y-12.4557
G1 X7.3749 Y-12.4204
G1 X7.3625 Y-12.3897
G1 X7.3382 Y-12.2409
G1 X7.3204 Y-12.0216
G1 X7.3140 Y-11.7679
G1 X7.3891 Y-11.7654
G1 X7.3781 Y-11.4436
G1 X7.3764 Y-11.4261
G1 X7.3387 Y-11.1998
G1 X7.3342 Y-11.1830
G1 X7.3310 Y-11.1736
G1 X7.3259 Y-11.1617
G1 X7.2549 Y-11.0132
G1 X7.2462 Y-10.9985
G1 X7.2362 Y-10.9850
G1 X7.2201 Y-10.9681
G1 X7.2134 Y-10.9617
G1 X7.1755 Y-10.9302
G1 X7.1849 Y-10.8167
G1 X7.2828 Y-10.7559
G1 X7.3548 Y-10.7379
G1 X7.4297 Y-10.7629
G1 X7.5957 Y-10.8784
G1 X7.6487 Y-10.9254
G1 X7.6886 Y-10.9741
G1 X7.7219 Y-11.0339
G1 X7.7523 Y-11.1157
G1 X7.7782 Y-11.2231
G1 X7.8008 Y-11.3683
G1 X7.8190 Y-11.5502
G1 X7.8335 Y-11.7652
G1 X7.8333 Y-11.7652
G1 X7.8476 Y-12.0322
G1 X7.8541 Y-12.2274
G1 X7.8505 Y-12.3526
G1 X7.8424 Y-12.3958
G1 X7.8123 Y-12.4000
G1 X7.7249 Y-12.4013
G1 X7.4949 Y-12.3816
G1 X7.4340 Y-12.3609
G1 X7.4130 Y-12.2325
G1 X7.3953 Y-12.0156
G1 X7.3891 Y-11.7654
G1 X7.4642 Y-11.7628
G1 X7.4529 Y-11.4361
G1 X7.4506 Y-11.4136
G1 X7.4112 Y-11.1803
G1 X7.4053 Y-11.1589
G1 X7.4003 Y-11.1442
G1 X7.3937 Y-11.1293
G1 X7.3197 Y-10.9750
G1 X7.3110 Y-10.9602
G1 X7.3063 Y-10.9534
G1 X7.2963 Y-10.9400
G1 X7.2909 Y-10.9335
G1 X7.2720 Y-10.9136
G1 X7.2615 Y-10.9039
G1 X7.2537 Y-10.8974
G1 X7.2567 Y-10.8604
G1 X7.3124 Y-10.8259
G1 X7.3517 Y-10.8161
G1 X7.3953 Y-10.8307
G1 X7.5492 Y-10.9378
G1 X7.5944 Y-10.9777
G1 X7.6258 Y-11.0159
G1 X7.6533 Y-11.0654
G1 X7.6805 Y-11.1383
G1 X7.7041 Y-11.2359
G1 X7.7265 Y-11.3799
G1 X7.7440 Y-11.5553
G1 X7.7583 Y-11.7671
G1 X7.7581 Y-11.7692
G1 X7.7725 Y-12.0348
G1 X7.7790 Y-12.2277
G1 X7.7761 Y-12.3254
G1 X7.7286 Y-12.3262
G1 X7.5101 Y-12.3074
G1 X7.5008 Y-12.3042
G1 X7.4878 Y-12.2240
G1 X7.4703 Y-12.0095
G1 X7.4642 Y-11.7628
G1 X7.5393 Y-11.7603
G1 X7.5277 Y-11.4282
G1 X7.5247 Y-11.4012
G1 X7.4838 Y-11.1604
G1 X7.4763 Y-11.1342
G1 X7.4692 Y-11.1141
G1 X7.4615 Y-11.0968
G1 X7.3845 Y-10.9369
G1 X7.3734 Y-10.9182
G1 X7.3665 Y-10.9084
G1 X7.3585 Y-10.8977
G1 X7.3611 Y-10.8985
G1 X7.5029 Y-10.9971
G1 X7.5402 Y-11.0301
G1 X7.5632 Y-11.0583
G1 X7.5847 Y-11.0968
G1 X7.6087 Y-11.1611
G1 X7.6301 Y-11.2497
G1 X7.6522 Y-11.3915
G1 X7.6690 Y-11.5604
G1 X7.6831 Y-11.7686
G1 X7.6831 Y-11.7731
G1 X7.6974 Y-12.0374
G1 X7.7039 Y-12.2280
G1 X7.7033 Y-12.2485
G1 X7.5659 Y-12.2367
G1 X7.5626 Y-12.2156
G1 X7.5452 Y-12.0035
G1 X7.5393 Y-11.7603
; Retract
G1 Z3.0400 F2540

; Path 25
; Rapid to initial position
G1 X7.6758 Y-6.6337 F2540
G1 Z0.5000
; plunge
G1 Z-2.6750 F127
; cut
G1 X7.4808 Y-6.6223 F1016
G1 X7.3046 Y-6.6001
G1 X7.1482 Y-6.5669
G1 X7.0160 Y-6.5235
G1 X6.9107 Y-6.4707
G1 X6.7791 Y-6.3720
G1 X6.6136 Y-6.2224
G1 X6.4371 Y-6.0422
G1 X6.2768 Y-5.8587
G1 X6.0952 Y-5.6103
G1 X5.9918 Y-5.3927
G1 X5.9412 Y-5.1413
G1 X5.9275 Y-4.7956
G1 X5.9428 Y-4.5039
G1 X5.9850 Y-4.2202
G1 X6.0487 Y-3.9692
G1 X6.1291 Y-3.7717
G1 X6.1860 Y-3.6770
G1 X6.2600 Y-3.5723
G1 X6.3494 Y-3.4607
G1 X6.4565 Y-3.3388
G1 X6.5727 Y-3.2162
G1 X6.6970 Y-3.0937
G1 X6.8318 Y-2.9684
G1 X6.9747 Y-2.8429
G1 X7.1184 Y-2.7231
G1 X7.2667 Y-2.6061
G1 X7.4180 Y-2.4934
G1 X7.5638 Y-2.3914
G1 X7.7120 Y-2.2948
G1 X7.8500 Y-2.2120
G1 X7.9838 Y-2.1399
G1 X8.1124 Y-2.0796
G1 X8.3292 Y-1.9811
G1 X8.5200 Y-1.8839
G1 X8.6573 Y-1.8028
G1 X8.6693 Y-1.7946
G1 X8.7234 Y-1.7502
G1 X9.0496 Y-1.6580
G1 X9.2841 Y-1.6227
G1 X9.3008 Y-1.6186
G1 X9.3108 Y-1.6144
G1 X9.4900 Y-1.5283
G1 X9.5403 Y-1.5051
G1 X9.6430 Y-1.4787
G1 X9.7980 Y-1.4494
G1 X10.0008 Y-1.4182
G1 X10.2370 Y-1.3880
G1 X10.5004 Y-1.3590
G1 X10.7872 Y-1.3323
G1 X11.0901 Y-1.3085
G1 X11.3999 Y-1.2850
G1 X11.7068 Y-1.2590
G1 X12.0023 Y-1.2310
G1 X12.2788 Y-1.2021
G1 X12.5283 Y-1.1729
G1 X12.7435 Y-1.1446
G1 X12.9177 Y-1.1176
G1 X13.0370 Y-1.0937
G1 X13.2652 Y-1.0526
G1 X13.5707 Y-1.0186
G1 X13.9116 Y-0.9955
G1 X14.2474 Y-0.9867
G1 X14.2474 Y-0.9869
G1 X15.0353 Y-0.9863
G1 X15.0527 Y-0.9845
G1 X15.0692 Y-0.9799
G1 X15.0847 Y-0.9723
G1 X15.0986 Y-0.9618
G1 X15.1102 Y-0.9490
G1 X15.1194 Y-0.9344
G1 X15.1256 Y-0.9183
G1 X15.1289 Y-0.9013
G1 X15.1294 Y-0.8924
G1 X15.1301 Y-0.4713
G1 X15.1405 Y-0.2591
G1 X15.1684 Y0.0113
G1 X15.2101 Y0.3128
G1 X15.2612 Y0.6068
G1 X15.2913 Y0.7717
G1 X15.3259 Y0.9792
G1 X15.3642 Y1.2216
G1 X15.4046 Y1.4904
G1 X15.4457 Y1.7772
G1 X15.4865 Y2.0738
G1 X15.5260 Y2.3716
G1 X15.5885 Y2.8675
G1 X15.6138 Y3.0562
G1 X15.6392 Y3.2292
G1 X15.6647 Y3.3884
G1 X15.6909 Y3.5354
G1 X15.7181 Y3.6715
G1 X15.7471 Y3.7985
G1 X15.7779 Y3.9182
G1 X15.8113 Y4.0323
G1 X15.8486 Y4.1455
G1 X15.8873 Y4.2505
G1 X15.9320 Y4.3608
G1 X15.9788 Y4.4671
G1 X15.9789 Y4.4671
G1 X16.0320 Y4.5791
G1 X16.0904 Y4.6958
G1 X16.1553 Y4.8196
G1 X16.3199 Y5.1137
G1 X16.4922 Y5.3933
G1 X16.6645 Y5.6453
G1 X16.8455 Y5.8829
G1 X17.0303 Y6.0992
G1 X17.2181 Y6.2935
G1 X17.4156 Y6.4725
G1 X17.6122 Y6.6272
G1 X17.8177 Y6.7656
G1 X18.0270 Y6.8841
G1 X18.2447 Y6.9851
G1 X18.4654 Y7.0663
G1 X18.6940 Y7.1298
G1 X18.9284 Y7.1747
G1 X19.1714 Y7.2019
G1 X19.4210 Y7.2109
G1 X19.7337 Y7.2030
G1 X20.0100 Y7.1774
G1 X20.2532 Y7.1326
G1 X20.4689 Y7.0671
G1 X20.6643 Y6.9789
G1 X20.8484 Y6.8648
G1 X21.0262 Y6.7224
G1 X21.2052 Y6.5473
G1 X21.3113 Y6.4314
G1 X21.3863 Y6.3350
G1 X21.4369 Y6.2437
G1 X21.4695 Y6.1413
G1 X21.4877 Y6.0093
G1 X21.4926 Y5.8321
G1 X21.4858 Y5.5983
G1 X21.4701 Y5.2950
G1 X21.4525 Y5.0464
G1 X21.4303 Y4.8284
G1 X21.4018 Y4.6333
G1 X21.3658 Y4.4551
G1 X21.3231 Y4.2970
G1 X21.2730 Y4.1544
G1 X21.2120 Y4.0156
G1 X21.1433 Y3.8868
G1 X21.1055 Y3.8297
G1 X21.0457 Y3.7532
G1 X20.9687 Y3.6623
G1 X20.8692 Y3.5518
G1 X20.7546 Y3.4299
G1 X20.6216 Y3.2927
G1 X20.4728 Y3.1432
G1 X20.3087 Y2.9816
G1 X20.1300 Y2.8091
G1 X19.9375 Y2.6257
G1 X19.7331 Y2.4336
G1 X19.5162 Y2.2326
G1 X19.2883 Y2.0237
G1 X19.2881 Y2.0239
G1 X19.0494 Y1.8076
G1 X18.8021 Y1.5856
G1 X18.3078 Y1.1466
G1 X18.0779 Y0.9405
G1 X17.8566 Y0.7403
G1 X17.6449 Y0.5471
G1 X17.4442 Y0.3619
G1 X17.2556 Y0.1857
G1 X17.0801 Y0.0198
G1 X16.9190 Y-0.1347
G1 X16.7732 Y-0.2770
G1 X16.6442 Y-0.4055
G1 X16.5323 Y-0.5198
G1 X16.4392 Y-0.6188
G1 X16.3647 Y-0.7026
G1 X16.3148 Y-0.7647
G1 X16.3089 Y-0.7729
G1 X16.2813 Y-0.8157
G1 X16.2734 Y-0.8310
G1 X16.2680 Y-0.8500
G1 X16.2640 Y-0.8725
G1 X16.2624 Y-0.8897
G1 X16.2642 Y-0.9068
G1 X16.2691 Y-0.9234
G1 X16.2769 Y-0.9389
G1 X16.2874 Y-0.9525
G1 X16.3003 Y-0.9642
G1 X16.3149 Y-0.9732
G1 X16.3275 Y-0.9783
G1 X16.6835 Y-1.0939
G1 X16.7066 Y-1.0981
G1 X16.8098 Y-1.1047
G1 X16.9346 Y-1.1226
G1 X17.0914 Y-1.1532
G1 X17.2623 Y-1.1929
G1 X17.4551 Y-1.2428
G1 X17.4551 Y-1.2427
G1 X17.6568 Y-1.2996
G1 X17.8701 Y-1.3639
G1 X17.8701 Y-1.3641
G1 X18.0904 Y-1.4344
G1 X18.3102 Y-1.5083
G1 X18.5299 Y-1.5859
G1 X18.7461 Y-1.6662
G1 X18.9523 Y-1.7468
G1 X19.1444 Y-1.8266
G1 X19.3249 Y-1.9065
G1 X19.4818 Y-1.9817
G1 X19.6145 Y-2.0523
G1 X19.9308 Y-2.2516
G1 X20.1787 Y-2.4552
G1 X20.3827 Y-2.6840
G1 X20.5608 Y-2.9562
G1 X20.6730 Y-3.1566
G1 X20.6729 Y-3.1566
G1 X20.7771 Y-3.3495
G1 X20.7773 Y-3.3495
G1 X20.8692 Y-3.5285
G1 X20.9525 Y-3.6993
G1 X21.0274 Y-3.8642
G1 X21.0908 Y-4.0163
G1 X21.1481 Y-4.1683
G1 X21.1945 Y-4.3082
G1 X21.2345 Y-4.4484
G1 X21.2667 Y-4.5845
G1 X21.2926 Y-4.7243
G1 X21.3107 Y-4.8577
G1 X21.3228 Y-4.9919
G1 X21.3290 Y-5.1310
G1 X21.3295 Y-5.2772
G1 X21.3247 Y-5.4222
G1 X21.3141 Y-5.6067
G1 X21.3142 Y-5.6067
G1 X21.3007 Y-5.7622
G1 X21.2818 Y-5.9005
G1 X21.2568 Y-6.0158
G1 X21.2251 Y-6.1092
G1 X21.1860 Y-6.1832
G1 X21.1382 Y-6.2418
G1 X21.0790 Y-6.2884
G1 X21.0028 Y-6.3268
G1 X20.9048 Y-6.3573
G1 X20.7836 Y-6.3792
G1 X20.6356 Y-6.3930
G1 X20.4640 Y-6.3989
G1 X20.2592 Y-6.3981
G1 X20.2592 Y-6.3983
G1 X20.0298 Y-6.3917
G1 X19.7673 Y-6.3806
G1 X19.4240 Y-6.3620
G1 X19.1387 Y-6.3392
G1 X18.8974 Y-6.3087
G1 X18.6797 Y-6.2663
G1 X18.4734 Y-6.2095
G1 X18.2541 Y-6.1320
G1 X18.0078 Y-6.0302
G1 X17.7208 Y-5.9011
G1 X17.4526 Y-5.7741
G1 X17.2315 Y-5.6604
G1 X17.0437 Y-5.5508
G1 X16.8852 Y-5.4424
G1 X16.7470 Y-5.3287
G1 X16.6159 Y-5.1993
G1 X16.4893 Y-5.0535
G1 X16.3538 Y-4.8781
G1 X16.2777 Y-4.7702
G1 X16.2003 Y-4.6488
G1 X16.1203 Y-4.5122
G1 X16.0417 Y-4.3677
G1 X15.9635 Y-4.2136
G1 X15.8862 Y-4.0511
G1 X15.8103 Y-3.8815
G1 X15.7372 Y-3.7077
G1 X15.6650 Y-3.5253
G1 X15.5962 Y-3.3412
G1 X15.5308 Y-3.1545
G1 X15.4695 Y-2.9667
G1 X15.4121 Y-2.7780
G1 X15.3597 Y-2.5906
G1 X15.3129 Y-2.4073
G1 X15.2707 Y-2.2230
G1 X15.2706 Y-2.2230
G1 X15.1873 Y-1.8355
G1 X15.1823 Y-1.8189
G1 X15.1741 Y-1.8037
G1 X15.1633 Y-1.7901
G1 X15.1503 Y-1.7788
G1 X15.1355 Y-1.7701
G1 X15.1192 Y-1.7642
G1 X15.1022 Y-1.7615
G1 X15.0848 Y-1.7618
G1 X15.0680 Y-1.7653
G1 X15.0519 Y-1.7720
G1 X15.0374 Y-1.7814
G1 X15.0250 Y-1.7930
G1 X14.7586 Y-2.0948
G1 X14.5444 Y-2.2981
G1 X14.3957 Y-2.3780
G1 X14.3591 Y-2.3916
G1 X14.3421 Y-2.4000
G1 X14.2657 Y-2.4481
G1 X14.1663 Y-2.5201
G1 X14.0462 Y-2.6144
G1 X13.9088 Y-2.7278
G1 X13.7576 Y-2.8575
G1 X13.5965 Y-3.0006
G1 X13.4294 Y-3.1532
G1 X13.2489 Y-3.3208
G1 X12.9021 Y-3.6415
G1 X12.5751 Y-3.9429
G1 X12.4188 Y-4.0863
G1 X12.1206 Y-4.3586
G1 X11.9788 Y-4.4875
G1 X11.8417 Y-4.6117
G1 X11.7096 Y-4.7308
G1 X11.5825 Y-4.8451
G1 X11.4601 Y-4.9547
G1 X11.3424 Y-5.0595
G1 X11.1222 Y-5.2542
G1 X11.0193 Y-5.3443
G1 X10.9214 Y-5.4293
G1 X10.8284 Y-5.5097
G1 X10.7400 Y-5.5854
G1 X10.6570 Y-5.6557
G1 X10.5786 Y-5.7214
G1 X10.5054 Y-5.7820
G1 X10.4370 Y-5.8379
G1 X10.3734 Y-5.8888
G1 X10.3152 Y-5.9347
G1 X10.2608 Y-5.9763
G1 X10.2137 Y-6.0115
G1 X10.1691 Y-6.0435
G1 X10.1335 Y-6.0677
G1 X10.0994 Y-6.0894
G1 X10.0747 Y-6.1038
G1 X9.8900 Y-6.1960
G1 X9.6929 Y-6.2790
G1 X9.4813 Y-6.3550
G1 X9.2572 Y-6.4234
G1 X9.0280 Y-6.4826
G1 X8.7984 Y-6.5318
G1 X8.5608 Y-6.5730
G1 X8.3321 Y-6.6032
G1 X8.1044 Y-6.6240
G1 X7.8855 Y-6.6341
G1 X7.6758 Y-6.6337
G1 X7.6800 Y-6.5585
G1 X7.4875 Y-6.5474
G1 X7.3164 Y-6.5257
G1 X7.1684 Y-6.4944
G1 X7.0444 Y-6.4537
G1 X6.9503 Y-6.4065
G1 X6.8267 Y-6.3137
G1 X6.6659 Y-6.1684
G1 X6.4928 Y-5.9916
G1 X6.3351 Y-5.8110
G1 X6.1603 Y-5.5719
G1 X6.0635 Y-5.3686
G1 X6.0162 Y-5.1325
G1 X6.0028 Y-4.7956
G1 X6.0177 Y-4.5101
G1 X6.0586 Y-4.2356
G1 X6.1202 Y-3.9931
G1 X6.1967 Y-3.8050
G1 X6.2491 Y-3.7179
G1 X6.3196 Y-3.6181
G1 X6.4081 Y-3.5078
G1 X6.5123 Y-3.3892
G1 X6.6273 Y-3.2680
G1 X6.7482 Y-3.1488
G1 X6.8815 Y-3.0250
G1 X7.0229 Y-2.9006
G1 X7.1650 Y-2.7821
G1 X7.3133 Y-2.6651
G1 X7.4612 Y-2.5550
G1 X7.6049 Y-2.4544
G1 X7.7531 Y-2.3578
G1 X7.8866 Y-2.2778
G1 X8.0168 Y-2.2076
G1 X8.1444 Y-2.1478
G1 X8.1444 Y-2.1476
G1 X8.3634 Y-2.0481
G1 X8.5582 Y-1.9486
G1 X8.7002 Y-1.8646
G1 X8.7170 Y-1.8526
G1 X8.7589 Y-1.8183
G1 X9.0660 Y-1.7316
G1 X9.3022 Y-1.6958
G1 X9.3189 Y-1.6916
G1 X9.3294 Y-1.6881
G1 X9.3434 Y-1.6822
G1 X9.5226 Y-1.5961
G1 X9.5653 Y-1.5764
G1 X9.6610 Y-1.5517
G1 X9.8094 Y-1.5237
G1 X10.0103 Y-1.4929
G1 X10.2454 Y-1.4627
G1 X10.5087 Y-1.4338
G1 X10.5087 Y-1.4337
G1 X10.7931 Y-1.4072
G1 X11.0960 Y-1.3835
G1 X11.4063 Y-1.3600
G1 X11.7140 Y-1.3339
G1 X12.0102 Y-1.3058
G1 X12.2875 Y-1.2767
G1 X12.5382 Y-1.2474
G1 X12.7549 Y-1.2189
G1 X12.9325 Y-1.1912
G1 X13.0503 Y-1.1677
G1 X13.2752 Y-1.1273
G1 X13.5790 Y-1.0934
G1 X13.9150 Y-1.0706
G1 X14.2463 Y-1.0620
G1 X14.2474 Y-1.0620
G1 X15.0073 Y-1.0610
G1 X14.9765 Y-1.0719
G1 X14.9607 Y-1.0791
G1 X14.9512 Y-1.0842
G1 X14.9402 Y-1.0913
G1 X14.6793 Y-1.2778
G1 X14.6663 Y-1.2891
G1 X14.6568 Y-1.2990
G1 X14.6459 Y-1.3125
G1 X14.6383 Y-1.3241
G1 X14.6302 Y-1.3394
G1 X14.6249 Y-1.3518
G1 X14.6197 Y-1.3683
G1 X14.6167 Y-1.3822
G1 X14.6146 Y-1.3995
G1 X14.6141 Y-1.4125
G1 X14.6150 Y-1.4297
G1 X14.6173 Y-1.4443
G1 X14.6216 Y-1.4610
G1 X14.6261 Y-1.4733
G1 X14.6332 Y-1.4891
G1 X14.6399 Y-1.5010
G1 X14.6497 Y-1.5151
G1 X14.6590 Y-1.5260
G1 X14.6714 Y-1.5381
G1 X14.6822 Y-1.5468
G1 X14.6966 Y-1.5563
G1 X14.7101 Y-1.5635
G1 X14.7301 Y-1.5716
G1 X14.7384 Y-1.5745
G1 X14.9257 Y-1.6254
G1 X14.9427 Y-1.6283
G1 X14.9551 Y-1.6292
G1 X14.9724 Y-1.6292
G1 X14.9868 Y-1.6280
G1 X15.0039 Y-1.6246
G1 X15.0147 Y-1.6216
G1 X15.0298 Y-1.6160
G1 X15.1982 Y-1.5436
G1 X15.3906 Y-1.5307
G1 X15.4076 Y-1.5280
G1 X15.4207 Y-1.5247
G1 X15.4370 Y-1.5189
G1 X15.4523 Y-1.5116
G1 X15.4726 Y-1.4989
G1 X15.4803 Y-1.4932
G1 X15.7155 Y-1.2987
G1 X15.7278 Y-1.2864
G1 X15.7364 Y-1.2763
G1 X15.7463 Y-1.2621
G1 X15.7541 Y-1.2478
G1 X15.7627 Y-1.2269
G1 X15.7655 Y-1.2185
G1 X15.8691 Y-0.8466
G1 X15.8722 Y-0.8295
G1 X15.8733 Y-0.8163
G1 X15.8733 Y-0.7991
G1 X15.8722 Y-0.7862
G1 X15.8688 Y-0.7674
G1 X15.8322 Y-0.6207
G1 X15.8266 Y-0.6045
G1 X15.8209 Y-0.5917
G1 X15.8123 Y-0.5766
G1 X15.8041 Y-0.5649
G1 X15.7929 Y-0.5518
G1 X15.7835 Y-0.5426
G1 X15.7702 Y-0.5316
G1 X15.7582 Y-0.5236
G1 X15.7429 Y-0.5154
G1 X15.7307 Y-0.5099
G1 X15.7143 Y-0.5045
G1 X15.7004 Y-0.5015
G1 X15.6834 Y-0.4993
G1 X15.6695 Y-0.4986
G1 X15.6522 Y-0.4996
G1 X15.6390 Y-0.5015
G1 X15.6223 Y-0.5055
G1 X15.6094 Y-0.5099
G1 X15.5935 Y-0.5169
G1 X15.5808 Y-0.5240
G1 X15.5666 Y-0.5338
G1 X15.5574 Y-0.5414
G1 X15.5450 Y-0.5537
G1 X15.2790 Y-0.8458
G1 X15.1875 Y-0.9657
G1 X15.1896 Y-0.9614
G1 X15.1958 Y-0.9454
G1 X15.1994 Y-0.9328
G1 X15.2028 Y-0.9157
G1 X15.2041 Y-0.9053
G1 X15.2045 Y-0.8926
G1 X15.2052 Y-0.4750
G1 X15.2157 Y-0.2641
G1 X15.2429 Y0.0009
G1 X15.2846 Y0.3025
G1 X15.3350 Y0.5933
G1 X15.3352 Y0.5933
G1 X15.3654 Y0.7593
G1 X15.4003 Y0.9674
G1 X15.4385 Y1.2104
G1 X15.4791 Y1.4797
G1 X15.5201 Y1.7668
G1 X15.5610 Y2.0640
G1 X15.6007 Y2.3622
G1 X15.6630 Y2.8574
G1 X15.6632 Y2.8581
G1 X15.6882 Y3.0454
G1 X15.7133 Y3.2173
G1 X15.7135 Y3.2173
G1 X15.7390 Y3.3764
G1 X15.7388 Y3.3764
G1 X15.7646 Y3.5207
G1 X15.7915 Y3.6548
G1 X15.8204 Y3.7818
G1 X15.8203 Y3.7818
G1 X15.8501 Y3.8970
G1 X15.8828 Y4.0088
G1 X15.9201 Y4.1219
G1 X15.9570 Y4.2222
G1 X16.0017 Y4.3324
G1 X16.0016 Y4.3324
G1 X16.0463 Y4.4340
G1 X16.0469 Y4.4349
G1 X16.0991 Y4.5454
G1 X16.1569 Y4.6609
G1 X16.2209 Y4.7828
G1 X16.3838 Y5.0742
G1 X16.5543 Y5.3509
G1 X16.7266 Y5.6027
G1 X16.9041 Y5.8358
G1 X17.0858 Y6.0484
G1 X17.2707 Y6.2398
G1 X17.4643 Y6.4152
G1 X17.6556 Y6.5658
G1 X17.8575 Y6.7019
G1 X18.0606 Y6.8168
G1 X18.2751 Y6.9162
G1 X18.4882 Y6.9947
G1 X18.7106 Y7.0564
G1 X18.9386 Y7.1000
G1 X19.1784 Y7.1269
G1 X19.4218 Y7.1358
G1 X19.7296 Y7.1279
G1 X19.9986 Y7.1031
G1 X20.2360 Y7.0593
G1 X20.4419 Y6.9967
G1 X20.6286 Y6.9126
G1 X20.8055 Y6.8029
G1 X20.9764 Y6.6660
G1 X21.1518 Y6.4945
G1 X21.2534 Y6.3836
G1 X21.3234 Y6.2933
G1 X21.3675 Y6.2139
G1 X21.3961 Y6.1246
G1 X21.4127 Y6.0029
G1 X21.4159 Y5.8846
G1 X21.4105 Y5.8897
G1 X21.3968 Y5.9002
G1 X21.3849 Y5.9077
G1 X21.3694 Y5.9155
G1 X21.3570 Y5.9204
G1 X21.3405 Y5.9254
G1 X21.3266 Y5.9281
G1 X21.3095 Y5.9298
G1 X21.2956 Y5.9300
G1 X21.2783 Y5.9286
G1 X21.2643 Y5.9260
G1 X21.2477 Y5.9213
G1 X21.2355 Y5.9168
G1 X21.2199 Y5.9093
G1 X21.2073 Y5.9016
G1 X21.1934 Y5.8913
G1 X21.1839 Y5.8829
G1 X21.1719 Y5.8703
G1 X21.1629 Y5.8587
G1 X21.1536 Y5.8440
G1 X21.1465 Y5.8292
G1 X21.1382 Y5.8061
G1 X21.1355 Y5.7968
G1 X21.0796 Y5.5372
G1 X21.0776 Y5.5200
G1 X21.0774 Y5.5042
G1 X21.0795 Y5.4816
G1 X21.0808 Y5.4726
G1 X21.1371 Y5.2136
G1 X21.1422 Y5.1971
G1 X21.1482 Y5.1831
G1 X21.1565 Y5.1680
G1 X21.1633 Y5.1576
G1 X21.1740 Y5.1441
G1 X21.1839 Y5.1338
G1 X21.1969 Y5.1225
G1 X21.2081 Y5.1143
G1 X21.2231 Y5.1056
G1 X21.2355 Y5.0999
G1 X21.2517 Y5.0940
G1 X21.2655 Y5.0903
G1 X21.2826 Y5.0876
G1 X21.2957 Y5.0868
G1 X21.3131 Y5.0871
G1 X21.3276 Y5.0887
G1 X21.3445 Y5.0924
G1 X21.3569 Y5.0962
G1 X21.3729 Y5.1027
G1 X21.3815 Y5.1073
G1 X21.3778 Y5.0540
G1 X21.3556 Y4.8368
G1 X21.3281 Y4.6482
G1 X21.2927 Y4.4731
G1 X21.2515 Y4.3203
G1 X21.2030 Y4.1821
G1 X21.1444 Y4.0485
G1 X21.0784 Y3.9250
G1 X21.0442 Y3.8735
G1 X20.9864 Y3.7993
G1 X20.9128 Y3.7126
G1 X20.8145 Y3.6034
G1 X20.7007 Y3.4823
G1 X20.5683 Y3.3457
G1 X20.4201 Y3.1968
G1 X20.2565 Y3.0357
G1 X20.0781 Y2.8635
G1 X19.8859 Y2.6805
G1 X19.6820 Y2.4889
G1 X19.4651 Y2.2879
G1 X19.2389 Y2.0805
G1 X19.2377 Y2.0796
G1 X18.9992 Y1.8635
G1 X18.9991 Y1.8636
G1 X18.7518 Y1.6416
G1 X18.2576 Y1.2026
G1 X18.0275 Y0.9962
G1 X17.8058 Y0.7958
G1 X17.5940 Y0.6024
G1 X17.3928 Y0.4168
G1 X17.2041 Y0.2403
G1 X17.0281 Y0.0741
G1 X16.8665 Y-0.0809
G1 X16.7202 Y-0.2236
G1 X16.5904 Y-0.3528
G1 X16.4776 Y-0.4683
G1 X16.3830 Y-0.5688
G1 X16.3061 Y-0.6556
G1 X16.2539 Y-0.7206
G1 X16.2457 Y-0.7321
G1 X16.2147 Y-0.7810
G1 X16.2067 Y-0.7963
G1 X16.2009 Y-0.8104
G1 X16.1940 Y-0.8370
G1 X16.1892 Y-0.8655
G1 X16.1876 Y-0.8827
G1 X16.1876 Y-0.8973
G1 X16.1893 Y-0.9145
G1 X16.1920 Y-0.9283
G1 X16.1970 Y-0.9449
G1 X16.2019 Y-0.9573
G1 X16.2097 Y-0.9728
G1 X16.2172 Y-0.9847
G1 X16.2277 Y-0.9984
G1 X16.2371 Y-1.0084
G1 X16.2500 Y-1.0200
G1 X16.2607 Y-1.0282
G1 X16.2753 Y-1.0372
G1 X16.2867 Y-1.0429
G1 X16.3043 Y-1.0498
G1 X16.6603 Y-1.1653
G1 X16.6698 Y-1.1677
G1 X16.6929 Y-1.1720
G1 X16.7018 Y-1.1733
G1 X16.8026 Y-1.1797
G1 X16.9224 Y-1.1970
G1 X17.0771 Y-1.2271
G1 X17.2453 Y-1.2661
G1 X17.4361 Y-1.3156
G1 X17.4367 Y-1.3157
G1 X17.6365 Y-1.3721
G1 X17.6365 Y-1.3719
G1 X17.8456 Y-1.4350
G1 X17.8472 Y-1.4357
G1 X18.0665 Y-1.5057
G1 X18.2863 Y-1.5796
G1 X18.5038 Y-1.6565
G1 X18.7187 Y-1.7362
G1 X18.9249 Y-1.8169
G1 X19.1140 Y-1.8953
G1 X19.2945 Y-1.9752
G1 X19.4476 Y-2.0488
G1 X19.5754 Y-2.1166
G1 X19.8606 Y-2.2964
G1 X19.8601 Y-2.2964
G1 X19.8430 Y-2.2993
G1 X19.8298 Y-2.3028
G1 X19.8136 Y-2.3087
G1 X19.8011 Y-2.3146
G1 X19.7863 Y-2.3233
G1 X19.7753 Y-2.3312
G1 X19.7622 Y-2.3426
G1 X19.7527 Y-2.3524
G1 X19.7419 Y-2.3659
G1 X19.7339 Y-2.3782
G1 X19.7259 Y-2.3934
G1 X19.7210 Y-2.4054
G1 X19.7157 Y-2.4219
G1 X19.7126 Y-2.4364
G1 X19.7107 Y-2.4537
G1 X19.7105 Y-2.4668
G1 X19.7116 Y-2.4840
G1 X19.7135 Y-2.4968
G1 X19.7183 Y-2.5159
G1 X19.7925 Y-2.7466
G1 X19.7991 Y-2.7625
G1 X19.8068 Y-2.7762
G1 X19.8190 Y-2.7939
G1 X19.8244 Y-2.8007
G1 X20.0274 Y-3.0305
G1 X20.0399 Y-3.0423
G1 X20.0504 Y-3.0504
G1 X20.0649 Y-3.0598
G1 X20.0775 Y-3.0665
G1 X20.0935 Y-3.0730
G1 X20.1066 Y-3.0770
G1 X20.1235 Y-3.0805
G1 X20.1373 Y-3.0819
G1 X20.1547 Y-3.0822
G1 X20.1685 Y-3.0813
G1 X20.1855 Y-3.0785
G1 X20.1987 Y-3.0750
G1 X20.2150 Y-3.0691
G1 X20.2276 Y-3.0632
G1 X20.2424 Y-3.0544
G1 X20.2533 Y-3.0464
G1 X20.2664 Y-3.0352
G1 X20.2759 Y-3.0253
G1 X20.2868 Y-3.0117
G1 X20.2947 Y-2.9995
G1 X20.3027 Y-2.9842
G1 X20.3076 Y-2.9723
G1 X20.3128 Y-2.9557
G1 X20.3160 Y-2.9412
G1 X20.3180 Y-2.9241
G1 X20.3181 Y-2.9109
G1 X20.3170 Y-2.8937
G1 X20.3151 Y-2.8809
G1 X20.3103 Y-2.8619
G1 X20.2370 Y-2.6335
G1 X20.3227 Y-2.7297
G1 X20.4964 Y-2.9949
G1 X20.6060 Y-3.1906
G1 X20.6066 Y-3.1924
G1 X20.7109 Y-3.3853
G1 X20.7118 Y-3.3867
G1 X20.8016 Y-3.5614
G1 X20.8840 Y-3.7305
G1 X20.9581 Y-3.8931
G1 X21.0207 Y-4.0438
G1 X21.0778 Y-4.1949
G1 X21.1229 Y-4.3309
G1 X21.1232 Y-4.3319
G1 X21.1613 Y-4.4657
G1 X21.1927 Y-4.5981
G1 X21.2186 Y-4.7381
G1 X21.2358 Y-4.8644
G1 X21.2479 Y-4.9986
G1 X21.2539 Y-5.1343
G1 X21.2544 Y-5.2747
G1 X21.2496 Y-5.4179
G1 X21.2390 Y-5.6023
G1 X21.2390 Y-5.6033
G1 X21.2258 Y-5.7552
G1 X21.2079 Y-5.8860
G1 X21.1840 Y-5.9966
G1 X21.1560 Y-6.0788
G1 X21.1227 Y-6.1417
G1 X21.0849 Y-6.1882
G1 X21.0386 Y-6.2246
G1 X20.9747 Y-6.2568
G1 X20.8868 Y-6.2842
G1 X20.7726 Y-6.3047
G1 X20.6315 Y-6.3179
G1 X20.4618 Y-6.3238
G1 X20.2595 Y-6.3230
G1 X20.2586 Y-6.3231
G1 X20.0330 Y-6.3166
G1 X19.7714 Y-6.3055
G1 X19.4282 Y-6.2869
G1 X19.1469 Y-6.2644
G1 X18.9092 Y-6.2344
G1 X18.6953 Y-6.1928
G1 X18.4961 Y-6.1379
G1 X18.2830 Y-6.0625
G1 X18.0366 Y-5.9606
G1 X17.7517 Y-5.8325
G1 X17.4848 Y-5.7061
G1 X17.3635 Y-5.6438
G1 X17.3680 Y-5.6433
G1 X17.3842 Y-5.6399
G1 X17.4797 Y-5.6144
G1 X17.4959 Y-5.6085
G1 X17.5083 Y-5.6028
G1 X17.5233 Y-5.5941
G1 X17.5353 Y-5.5854
G1 X17.5481 Y-5.5739
G1 X17.5569 Y-5.5646
G1 X17.5677 Y-5.5511
G1 X17.5757 Y-5.5389
G1 X17.5836 Y-5.5236
G1 X17.5886 Y-5.5118
G1 X17.5938 Y-5.4954
G1 X17.5970 Y-5.4808
G1 X17.5989 Y-5.4636
G1 X17.5991 Y-5.4505
G1 X17.5980 Y-5.4332
G1 X17.5959 Y-5.4192
G1 X17.5916 Y-5.4025
G1 X17.5868 Y-5.3892
G1 X17.5795 Y-5.3736
G1 X17.5728 Y-5.3622
G1 X17.5628 Y-5.3480
G1 X17.5542 Y-5.3379
G1 X17.5394 Y-5.3237
G1 X17.4331 Y-5.2344
G1 X17.4150 Y-5.2217
G1 X17.1643 Y-5.0730
G1 X16.8116 Y-4.8819
G1 X16.7957 Y-4.8751
G1 X16.7825 Y-4.8708
G1 X16.7656 Y-4.8669
G1 X16.7518 Y-4.8652
G1 X16.7346 Y-4.8646
G1 X16.7209 Y-4.8654
G1 X16.7037 Y-4.8679
G1 X16.6898 Y-4.8713
G1 X16.6735 Y-4.8770
G1 X16.6614 Y-4.8823
G1 X16.6464 Y-4.8908
G1 X16.6348 Y-4.8990
G1 X16.6216 Y-4.9100
G1 X16.6120 Y-4.9198
G1 X16.6011 Y-4.9332
G1 X16.5932 Y-4.9448
G1 X16.5850 Y-4.9599
G1 X16.5794 Y-4.9724
G1 X16.5740 Y-4.9889
G1 X16.5710 Y-5.0021
G1 X16.5686 Y-5.0193
G1 X16.5681 Y-5.0294
G1 X16.5472 Y-5.0054
G1 X16.4133 Y-4.8321
G1 X16.3400 Y-4.7282
G1 X16.2653 Y-4.6107
G1 X16.1852 Y-4.4741
G1 X16.1077 Y-4.3317
G1 X16.0315 Y-4.1813
G1 X15.9541 Y-4.0188
G1 X15.8796 Y-3.8524
G1 X15.8066 Y-3.6786
G1 X15.7355 Y-3.4991
G1 X15.6667 Y-3.3149
G1 X15.6018 Y-3.1297
G1 X15.5410 Y-2.9433
G1 X15.4840 Y-2.7560
G1 X15.4321 Y-2.5704
G1 X15.3858 Y-2.3887
G1 X15.3441 Y-2.2063
G1 X15.3436 Y-2.2047
G1 X15.2593 Y-1.8134
G1 X15.2542 Y-1.7968
G1 X15.2486 Y-1.7836
G1 X15.2405 Y-1.7683
G1 X15.2329 Y-1.7567
G1 X15.2221 Y-1.7432
G1 X15.2125 Y-1.7333
G1 X15.1994 Y-1.7220
G1 X15.1885 Y-1.7141
G1 X15.1737 Y-1.7053
G1 X15.1611 Y-1.6994
G1 X15.1449 Y-1.6935
G1 X15.1310 Y-1.6899
G1 X15.1140 Y-1.6872
G1 X15.1008 Y-1.6864
G1 X15.0835 Y-1.6867
G1 X15.0696 Y-1.6881
G1 X15.0527 Y-1.6916
G1 X15.0392 Y-1.6959
G1 X15.0231 Y-1.7026
G1 X15.0110 Y-1.7090
G1 X14.9966 Y-1.7184
G1 X14.9860 Y-1.7265
G1 X14.9687 Y-1.7432
G1 X14.7043 Y-2.0426
G1 X14.4998 Y-2.2367
G1 X14.3647 Y-2.3094
G1 X14.3330 Y-2.3211
G1 X14.3258 Y-2.3242
G1 X14.3020 Y-2.3364
G1 X14.2216 Y-2.3871
G1 X14.1198 Y-2.4609
G1 X13.9984 Y-2.5564
G1 X13.8597 Y-2.6707
G1 X13.7076 Y-2.8013
G1 X13.5457 Y-2.9451
G1 X13.3783 Y-3.0981
G1 X13.1979 Y-3.2657
G1 X13.1979 Y-3.2656
G1 X12.8511 Y-3.5863
G1 X12.5243 Y-3.8875
G1 X12.3680 Y-4.0309
G1 X12.3680 Y-4.0308
G1 X12.0700 Y-4.3029
G1 X11.9281 Y-4.4318
G1 X11.7913 Y-4.5560
G1 X11.7913 Y-4.5558
G1 X11.6592 Y-4.6750
G1 X11.5323 Y-4.7891
G1 X11.4102 Y-4.8985
G1 X11.2925 Y-5.0032
G1 X11.0727 Y-5.1975
G1 X10.9698 Y-5.2875
G1 X10.8722 Y-5.3726
G1 X10.7796 Y-5.4526
G1 X10.6913 Y-5.5280
G1 X10.6083 Y-5.5984
G1 X10.5307 Y-5.6635
G1 X10.4578 Y-5.7238
G1 X10.3898 Y-5.7792
G1 X10.3263 Y-5.8301
G1 X10.3265 Y-5.8303
G1 X10.2695 Y-5.8750
G1 X10.2157 Y-5.9162
G1 X10.2157 Y-5.9161
G1 X10.1697 Y-5.9504
G1 X10.1252 Y-5.9824
G1 X10.0932 Y-6.0042
G1 X10.0591 Y-6.0258
G1 X10.0404 Y-6.0369
G1 X10.0079 Y-6.0531
G1 X10.2216 Y-5.9033
G1 X10.2348 Y-5.8922
G1 X10.2444 Y-5.8825
G1 X10.2554 Y-5.8691
G1 X10.2633 Y-5.8572
G1 X10.2716 Y-5.8419
G1 X10.2770 Y-5.8297
G1 X10.2824 Y-5.8132
G1 X10.2855 Y-5.7994
G1 X10.2877 Y-5.7823
G1 X10.2883 Y-5.7685
G1 X10.2873 Y-5.7511
G1 X10.2855 Y-5.7379
G1 X10.2815 Y-5.7213
G1 X10.2770 Y-5.7084
G1 X10.2700 Y-5.6924
G1 X10.2630 Y-5.6797
G1 X10.2531 Y-5.6656
G1 X10.2442 Y-5.6550
G1 X10.2320 Y-5.6429
G1 X10.2218 Y-5.6345
G1 X10.2075 Y-5.6246
G1 X10.1947 Y-5.6176
G1 X10.1789 Y-5.6108
G1 X10.1662 Y-5.6065
G1 X10.1494 Y-5.6025
G1 X10.1357 Y-5.6006
G1 X10.1185 Y-5.5998
G1 X10.1037 Y-5.6006
G1 X10.0776 Y-5.6049
G1 X9.8190 Y-5.6709
G1 X9.8028 Y-5.6767
G1 X9.7902 Y-5.6826
G1 X9.7703 Y-5.6944
G1 X9.5128 Y-5.8748
G1 X9.4996 Y-5.8860
G1 X9.4900 Y-5.8957
G1 X9.4790 Y-5.9090
G1 X9.4711 Y-5.9209
G1 X9.4628 Y-5.9362
G1 X9.4574 Y-5.9485
G1 X9.4520 Y-5.9649
G1 X9.4489 Y-5.9787
G1 X9.4467 Y-5.9958
G1 X9.4461 Y-6.0096
G1 X9.4471 Y-6.0270
G1 X9.4489 Y-6.0402
G1 X9.4529 Y-6.0569
G1 X9.4574 Y-6.0698
G1 X9.4644 Y-6.0857
G1 X9.4714 Y-6.0985
G1 X9.4813 Y-6.1126
G1 X9.4902 Y-6.1231
G1 X9.5024 Y-6.1352
G1 X9.5126 Y-6.1436
G1 X9.5269 Y-6.1535
G1 X9.5397 Y-6.1605
G1 X9.5555 Y-6.1673
G1 X9.5682 Y-6.1716
G1 X9.5850 Y-6.1756
G1 X9.5987 Y-6.1775
G1 X9.6159 Y-6.1783
G1 X9.6307 Y-6.1775
G1 X9.6568 Y-6.1732
G1 X9.8826 Y-6.1156
G1 X9.8576 Y-6.1280
G1 X9.6662 Y-6.2087
G1 X9.4582 Y-6.2834
G1 X9.2352 Y-6.3515
G1 X9.2278 Y-6.3534
G1 X9.2335 Y-6.3500
G1 X9.2475 Y-6.3400
G1 X9.2578 Y-6.3311
G1 X9.2699 Y-6.3185
G1 X9.2787 Y-6.3075
G1 X9.2880 Y-6.2933
G1 X9.2946 Y-6.2808
G1 X9.3013 Y-6.2647
G1 X9.3054 Y-6.2518
G1 X9.3091 Y-6.2350
G1 X9.3107 Y-6.2211
G1 X9.3112 Y-6.2040
G1 X9.3103 Y-6.1907
G1 X9.3078 Y-6.1737
G1 X9.3043 Y-6.1594
G1 X9.2984 Y-6.1430
G1 X9.2929 Y-6.1310
G1 X9.2842 Y-6.1161
G1 X9.2761 Y-6.1047
G1 X9.2650 Y-6.0916
G1 X9.2553 Y-6.0820
G1 X9.2417 Y-6.0711
G1 X9.2298 Y-6.0632
G1 X9.2147 Y-6.0552
G1 X9.2019 Y-6.0497
G1 X9.1854 Y-6.0445
G1 X9.1714 Y-6.0414
G1 X9.1510 Y-6.0391
G1 X9.1423 Y-6.0386
G1 X8.8202 Y-6.0389
G1 X8.8029 Y-6.0405
G1 X8.7893 Y-6.0431
G1 X8.7726 Y-6.0478
G1 X8.7598 Y-6.0528
G1 X8.7444 Y-6.0604
G1 X8.7328 Y-6.0676
G1 X8.7189 Y-6.0779
G1 X8.7085 Y-6.0874
G1 X8.6968 Y-6.1002
G1 X8.6885 Y-6.1110
G1 X8.6793 Y-6.1258
G1 X8.6729 Y-6.1386
G1 X8.6667 Y-6.1546
G1 X8.6632 Y-6.1670
G1 X8.6599 Y-6.1839
G1 X8.6585 Y-6.1985
G1 X8.6585 Y-6.2159
G1 X8.6596 Y-6.2291
G1 X8.6626 Y-6.2461
G1 X8.6663 Y-6.2594
G1 X8.6723 Y-6.2754
G1 X8.6785 Y-6.2883
G1 X8.6876 Y-6.3031
G1 X8.6956 Y-6.3137
G1 X8.7070 Y-6.3266
G1 X8.7174 Y-6.3364
G1 X8.7310 Y-6.3469
G1 X8.7438 Y-6.3547
G1 X8.7622 Y-6.3637
G1 X8.7699 Y-6.3671
G1 X8.9341 Y-6.4258
G1 X8.7826 Y-6.4583
G1 X8.5497 Y-6.4987
G1 X8.3252 Y-6.5283
G1 X8.0978 Y-6.5490
G1 X7.8821 Y-6.5590
G1 X7.6800 Y-6.5585
G1 X7.6843 Y-6.4834
G1 X7.4942 Y-6.4724
G1 X7.3281 Y-6.4514
G1 X7.1883 Y-6.4218
G1 X7.0729 Y-6.3839
G1 X6.9904 Y-6.3426
G1 X6.8738 Y-6.2550
G1 X6.7195 Y-6.1156
G1 X6.5474 Y-5.9397
G1 X6.4242 Y-5.7986
G1 X6.4352 Y-5.7994
G1 X6.4571 Y-5.7989
G1 X6.4811 Y-5.7959
G1 X6.5008 Y-5.7916
G1 X6.5235 Y-5.7844
G1 X6.5421 Y-5.7768
G1 X6.5636 Y-5.7655
G1 X6.5815 Y-5.7540
G1 X6.6007 Y-5.7386
G1 X6.6158 Y-5.7241
G1 X6.6314 Y-5.7063
G1 X6.6432 Y-5.6899
G1 X6.6558 Y-5.6688
G1 X6.6650 Y-5.6490
G1 X6.6680 Y-5.6406
G1 X6.7275 Y-5.7154
G1 X6.7407 Y-5.7297
G1 X6.8890 Y-5.8753
G1 X7.0075 Y-5.9746
G1 X7.1102 Y-6.0472
G1 X7.1323 Y-6.0600
G1 X7.2326 Y-6.1105
G1 X7.2398 Y-6.1137
G1 X7.2672 Y-6.1237
G1 X7.3841 Y-6.1578
G1 X7.4090 Y-6.1625
G1 X7.5420 Y-6.1799
G1 X7.5595 Y-6.1810
G1 X7.7283 Y-6.1849
G1 X7.9283 Y-6.1773
G1 X8.1806 Y-6.1611
G1 X8.5356 Y-6.1224
G1 X8.6029 Y-6.1110
G1 X8.6028 Y-6.1115
G1 X8.5944 Y-6.1342
G1 X8.5895 Y-6.1524
G1 X8.5851 Y-6.1766
G1 X8.5833 Y-6.1985
G1 X8.5835 Y-6.2223
G1 X8.5856 Y-6.2423
G1 X8.5902 Y-6.2662
G1 X8.5959 Y-6.2857
G1 X8.6045 Y-6.3080
G1 X8.6144 Y-6.3276
G1 X8.6273 Y-6.3481
G1 X8.6393 Y-6.3637
G1 X8.6556 Y-6.3814
G1 X8.6715 Y-6.3960
G1 X8.6771 Y-6.4003
G1 X8.5388 Y-6.4244
G1 X8.3165 Y-6.4537
G1 X8.0943 Y-6.4738
G1 X7.8788 Y-6.4839
G1 X7.6843 Y-6.4834
G1 X7.6886 Y-6.4083
G1 X7.5008 Y-6.3974
G1 X7.3399 Y-6.3771
G1 X7.2080 Y-6.3493
G1 X7.1014 Y-6.3142
G1 X7.0306 Y-6.2786
G1 X6.9209 Y-6.1963
G1 X6.7734 Y-6.0629
G1 X6.6019 Y-5.8879
G1 X6.5668 Y-5.8476
G1 X6.5771 Y-5.8433
G1 X6.6042 Y-5.8287
G1 X6.6220 Y-5.8172
G1 X6.6285 Y-5.8127
G1 X6.6528 Y-5.7929
G1 X6.6725 Y-5.7736
G1 X6.6756 Y-5.7699
G1 X6.6880 Y-5.7833
G1 X6.8407 Y-5.9329
G1 X6.9640 Y-6.0360
G1 X7.0722 Y-6.1121
G1 X7.0985 Y-6.1272
G1 X7.2021 Y-6.1793
G1 X7.2140 Y-6.1844
G1 X7.2462 Y-6.1960
G1 X7.3700 Y-6.2317
G1 X7.3993 Y-6.2370
G1 X7.5373 Y-6.2548
G1 X7.5578 Y-6.2562
G1 X7.7311 Y-6.2600
G1 X7.9331 Y-6.2523
G1 X8.1887 Y-6.2359
G1 X8.5082 Y-6.2009
G1 X8.5087 Y-6.2299
G1 X8.5117 Y-6.2566
G1 X8.5181 Y-6.2874
G1 X8.5258 Y-6.3128
G1 X8.5373 Y-6.3419
G1 X8.5404 Y-6.3478
G1 X8.5278 Y-6.3500
G1 X8.3077 Y-6.3790
G1 X8.0908 Y-6.3988
G1 X7.8754 Y-6.4088
G1 X7.6886 Y-6.4083
G1 X7.7779 Y-6.3334
G1 X7.9378 Y-6.3273
G1 X8.1968 Y-6.3107
G1 X8.4406 Y-6.2840
G1 X8.4411 Y-6.2857
G1 X8.2989 Y-6.3043
G1 X8.0873 Y-6.3236
G1 X7.8721 Y-6.3337
G1 X7.7779 Y-6.3334
G1 X7.7256 Y-6.1097
G1 X7.9235 Y-6.1024
G1 X8.1724 Y-6.0864
G1 X8.5231 Y-6.0483
G1 X8.8789 Y-5.9880
G1 X9.2043 Y-5.9119
G1 X9.4534 Y-5.8292
G1 X9.5026 Y-5.8077
G1 X9.5519 Y-5.7850
G1 X9.6016 Y-5.7610
G1 X9.6519 Y-5.7352
G1 X9.7028 Y-5.7075
G1 X9.7542 Y-5.6780
G1 X9.8078 Y-5.6458
G1 X9.8621 Y-5.6113
G1 X9.9187 Y-5.5739
G1 X9.9773 Y-5.5336
G1 X10.0383 Y-5.4900
G1 X10.1023 Y-5.4429
G1 X10.1691 Y-5.3920
G1 X10.2391 Y-5.3372
G1 X10.3136 Y-5.2780
G1 X10.3917 Y-5.2144
G1 X10.4745 Y-5.1456
G1 X10.5614 Y-5.0723
G1 X10.6542 Y-4.9931
G1 X10.7521 Y-4.9087
G1 X10.8556 Y-4.8181
G1 X10.9657 Y-4.7213
G1 X11.0816 Y-4.6184
G1 X11.2048 Y-4.5084
G1 X11.4722 Y-4.2677
G1 X11.7701 Y-3.9970
G1 X11.9316 Y-3.8498
G1 X12.2807 Y-3.5303
G1 X12.4675 Y-3.3587
G1 X12.4689 Y-3.3577
G1 X12.6146 Y-3.2245
G1 X12.7585 Y-3.0937
G1 X12.9006 Y-2.9654
G1 X13.0398 Y-2.8405
G1 X13.1756 Y-2.7194
G1 X13.3043 Y-2.6052
G1 X13.3058 Y-2.6042
G1 X13.4311 Y-2.4941
G1 X13.5492 Y-2.3909
G1 X13.6612 Y-2.2943
G1 X13.7635 Y-2.2069
G1 X13.8567 Y-2.1282
G1 X13.9410 Y-2.0585
G1 X14.0120 Y-2.0007
G1 X14.0714 Y-1.9542
G1 X14.1202 Y-1.9177
G1 X14.1569 Y-1.8926
G1 X14.1702 Y-1.8817
G1 X14.1799 Y-1.8721
G1 X14.1911 Y-1.8589
G1 X14.1992 Y-1.8473
G1 X14.2076 Y-1.8323
G1 X14.2130 Y-1.8202
G1 X14.2188 Y-1.8038
G1 X14.2221 Y-1.7901
G1 X14.2247 Y-1.7731
G1 X14.2254 Y-1.7592
G1 X14.2248 Y-1.7419
G1 X14.2231 Y-1.7281
G1 X14.2192 Y-1.7112
G1 X14.2150 Y-1.6980
G1 X14.2081 Y-1.6821
G1 X14.2016 Y-1.6701
G1 X14.1920 Y-1.6558
G1 X14.1833 Y-1.6450
G1 X14.1712 Y-1.6326
G1 X14.1599 Y-1.6230
G1 X14.1381 Y-1.6085
G1 X13.9133 Y-1.4852
G1 X13.8974 Y-1.4782
G1 X13.8840 Y-1.4736
G1 X13.8672 Y-1.4698
G1 X13.8510 Y-1.4680
G1 X13.8265 Y-1.4679
G1 X13.8166 Y-1.4683
G1 X13.5746 Y-1.4991
G1 X13.2951 Y-1.5402
G1 X13.0112 Y-1.5874
G1 X12.7618 Y-1.6337
G1 X12.6350 Y-1.6558
G1 X12.4662 Y-1.6797
G1 X12.2719 Y-1.7032
G1 X12.0518 Y-1.7265
G1 X12.0518 Y-1.7266
G1 X11.8163 Y-1.7488
G1 X11.8163 Y-1.7486
G1 X11.5693 Y-1.7691
G1 X11.3242 Y-1.7868
G1 X11.3242 Y-1.7866
G1 X11.0798 Y-1.8013
G1 X10.8375 Y-1.8162
G1 X10.5991 Y-1.8349
G1 X10.3701 Y-1.8562
G1 X10.1562 Y-1.8799
G1 X9.9633 Y-1.9052
G1 X9.7956 Y-1.9318
G1 X9.6561 Y-1.9602
G1 X9.5659 Y-1.9859
G1 X9.5538 Y-1.9900
G1 X9.2664 Y-2.1018
G1 X8.9857 Y-2.2227
G1 X8.7129 Y-2.3521
G1 X8.4489 Y-2.4886
G1 X8.1957 Y-2.6314
G1 X7.9541 Y-2.7795
G1 X7.7257 Y-2.9318
G1 X7.5113 Y-3.0874
G1 X7.3128 Y-3.2456
G1 X7.1315 Y-3.4055
G1 X6.9683 Y-3.5662
G1 X6.8241 Y-3.7279
G1 X6.7080 Y-3.8805
G1 X6.7016 Y-3.8901
G1 X6.6088 Y-4.0391
G1 X6.6015 Y-4.0529
G1 X6.5330 Y-4.1984
G1 X6.5261 Y-4.2171
G1 X6.4845 Y-4.3573
G1 X6.4808 Y-4.3741
G1 X6.4489 Y-4.5775
G1 X6.4474 Y-4.5921
G1 X6.4383 Y-4.7823
G1 X6.4387 Y-4.7993
G1 X6.4530 Y-4.9778
G1 X6.4560 Y-4.9965
G1 X6.4944 Y-5.1641
G1 X6.5006 Y-5.1834
G1 X6.5635 Y-5.3414
G1 X6.5724 Y-5.3590
G1 X6.6597 Y-5.5075
G1 X6.6704 Y-5.5228
G1 X6.7829 Y-5.6646
G1 X6.7934 Y-5.6760
G1 X6.9375 Y-5.8179
G1 X7.0509 Y-5.9134
G1 X7.1486 Y-5.9825
G1 X7.1660 Y-5.9929
G1 X7.2664 Y-6.0434
G1 X7.2883 Y-6.0516
G1 X7.3988 Y-6.0841
G1 X7.4189 Y-6.0881
G1 X7.5471 Y-6.1050
G1 X7.5613 Y-6.1059
G1 X7.7256 Y-6.1097
G1 X7.7229 Y-6.0346
G1 X7.9186 Y-6.0275
G1 X8.1643 Y-6.0115
G1 X8.5105 Y-5.9741
G1 X8.8618 Y-5.9147
G1 X9.1806 Y-5.8406
G1 X9.4233 Y-5.7602
G1 X9.4712 Y-5.7394
G1 X9.5192 Y-5.7174
G1 X9.5674 Y-5.6940
G1 X9.6159 Y-5.6692
G1 X9.6654 Y-5.6423
G1 X9.7155 Y-5.6135
G1 X9.7675 Y-5.5823
G1 X9.8207 Y-5.5486
G1 X9.8761 Y-5.5120
G1 X9.9336 Y-5.4725
G1 X9.9937 Y-5.4295
G1 X10.0568 Y-5.3830
G1 X10.1228 Y-5.3328
G1 X10.1924 Y-5.2785
G1 X10.2660 Y-5.2198
G1 X10.3437 Y-5.1564
G1 X10.4259 Y-5.0882
G1 X10.5127 Y-5.0149
G1 X10.6050 Y-4.9364
G1 X10.7026 Y-4.8520
G1 X10.8060 Y-4.7616
G1 X10.9157 Y-4.6651
G1 X11.0315 Y-4.5623
G1 X11.1546 Y-4.4525
G1 X11.4216 Y-4.2120
G1 X11.7195 Y-3.9415
G1 X11.8809 Y-3.7944
G1 X12.2299 Y-3.4749
G1 X12.4182 Y-3.3020
G1 X12.4182 Y-3.3022
G1 X12.5640 Y-3.1688
G1 X12.7080 Y-3.0379
G1 X12.8503 Y-2.9094
G1 X12.9897 Y-2.7844
G1 X13.1254 Y-2.6632
G1 X13.2560 Y-2.5475
G1 X13.2561 Y-2.5477
G1 X13.3816 Y-2.4374
G1 X13.5001 Y-2.3339
G1 X13.6120 Y-2.2374
G1 X13.7149 Y-2.1495
G1 X13.8088 Y-2.0703
G1 X13.8932 Y-2.0005
G1 X13.9657 Y-1.9415
G1 X14.0265 Y-1.8939
G1 X14.0754 Y-1.8575
G1 X14.1091 Y-1.8345
G1 X14.1225 Y-1.8236
G1 X14.1336 Y-1.8104
G1 X14.1420 Y-1.7954
G1 X14.1478 Y-1.7790
G1 X14.1503 Y-1.7620
G1 X14.1497 Y-1.7446
G1 X14.1459 Y-1.7278
G1 X14.1390 Y-1.7119
G1 X14.1295 Y-1.6975
G1 X14.1174 Y-1.6851
G1 X14.1018 Y-1.6745
G1 X13.8831 Y-1.5540
G1 X13.8672 Y-1.5469
G1 X13.8505 Y-1.5431
G1 X13.8260 Y-1.5430
G1 X13.5855 Y-1.5734
G1 X13.3073 Y-1.6144
G1 X13.0249 Y-1.6612
G1 X12.7747 Y-1.7077
G1 X12.6454 Y-1.7303
G1 X12.4768 Y-1.7542
G1 X12.2799 Y-1.7780
G1 X12.0598 Y-1.8013
G1 X11.8225 Y-1.8236
G1 X11.5755 Y-1.8441
G1 X11.3286 Y-1.8617
G1 X11.0843 Y-1.8764
G1 X10.8434 Y-1.8912
G1 X10.6061 Y-1.9097
G1 X10.3784 Y-1.9310
G1 X10.1661 Y-1.9544
G1 X9.9751 Y-1.9795
G1 X9.8105 Y-2.0055
G1 X9.6766 Y-2.0327
G1 X9.5897 Y-2.0572
G1 X9.5811 Y-2.0600
G1 X9.2962 Y-2.1708
G1 X9.0179 Y-2.2907
G1 X8.7474 Y-2.4189
G1 X8.4858 Y-2.5542
G1 X8.2350 Y-2.6955
G1 X7.9958 Y-2.8421
G1 X7.7698 Y-2.9926
G1 X7.5581 Y-3.1463
G1 X7.3625 Y-3.3020
G1 X7.1841 Y-3.4591
G1 X7.0243 Y-3.6164
G1 X6.8840 Y-3.7736
G1 X6.7704 Y-3.9226
G1 X6.7654 Y-3.9299
G1 X6.6747 Y-4.0753
G1 X6.6694 Y-4.0849
G1 X6.6033 Y-4.2254
G1 X6.5981 Y-4.2386
G1 X6.5579 Y-4.3736
G1 X6.5552 Y-4.3859
G1 X6.5237 Y-4.5857
G1 X6.5226 Y-4.5958
G1 X6.5135 Y-4.7813
G1 X6.5137 Y-4.7934
G1 X6.5273 Y-4.9664
G1 X6.5294 Y-4.9798
G1 X6.5662 Y-5.1418
G1 X6.5704 Y-5.1557
G1 X6.6310 Y-5.3081
G1 X6.6373 Y-5.3210
G1 X6.7219 Y-5.4653
G1 X6.7293 Y-5.4761
G1 X6.8386 Y-5.6141
G1 X6.8462 Y-5.6226
G1 X6.9860 Y-5.7604
G1 X7.0945 Y-5.8521
G1 X7.1880 Y-5.9184
G1 X7.1999 Y-5.9258
G1 X7.2939 Y-5.9733
G1 X7.3097 Y-5.9795
G1 X7.4142 Y-6.0106
G1 X7.4288 Y-6.0136
G1 X7.5532 Y-6.0300
G1 X7.5630 Y-6.0308
G1 X7.7229 Y-6.0346
G1 X7.3309 Y-6.2983
G1 X7.2278 Y-6.2766
G1 X7.1300 Y-6.2445
G1 X7.0708 Y-6.2146
G1 X6.9680 Y-6.1375
G1 X6.9338 Y-6.1067
G1 X7.0347 Y-6.1772
G1 X7.0648 Y-6.1944
G1 X7.1727 Y-6.2485
G1 X7.1884 Y-6.2550
G1 X7.2253 Y-6.2683
G1 X7.3309 Y-6.2983
G1 X6.5711 Y-5.6612
G1 X6.5791 Y-5.6506
G1 X6.5881 Y-5.6358
G1 X6.5945 Y-5.6228
G1 X6.6005 Y-5.6065
G1 X6.6040 Y-5.5934
G1 X6.6071 Y-5.5766
G1 X6.6081 Y-5.5634
G1 X6.6081 Y-5.5460
G1 X6.6069 Y-5.5315
G1 X6.6036 Y-5.5145
G1 X6.6005 Y-5.5037
G1 X6.5950 Y-5.4887
G1 X6.5058 Y-5.2810
G1 X6.4976 Y-5.2657
G1 X6.4899 Y-5.2543
G1 X6.4791 Y-5.2409
G1 X6.4695 Y-5.2311
G1 X6.4565 Y-5.2199
G1 X6.4454 Y-5.2120
G1 X6.4303 Y-5.2032
G1 X6.4175 Y-5.1973
G1 X6.4013 Y-5.1916
G1 X6.3874 Y-5.1882
G1 X6.3704 Y-5.1857
G1 X6.3572 Y-5.1849
G1 X6.3398 Y-5.1854
G1 X6.3260 Y-5.1870
G1 X6.3091 Y-5.1906
G1 X6.2959 Y-5.1948
G1 X6.2800 Y-5.2015
G1 X6.2662 Y-5.2091
G1 X6.2479 Y-5.2218
G1 X6.2409 Y-5.2274
G1 X6.1653 Y-5.2951
G1 X6.1535 Y-5.3076
G1 X6.1447 Y-5.3189
G1 X6.1355 Y-5.3335
G1 X6.1296 Y-5.3452
G1 X6.1231 Y-5.3611
G1 X6.1188 Y-5.3751
G1 X6.1155 Y-5.3921
G1 X6.1142 Y-5.4052
G1 X6.1138 Y-5.4224
G1 X6.1148 Y-5.4362
G1 X6.1177 Y-5.4532
G1 X6.1214 Y-5.4671
G1 X6.1274 Y-5.4833
G1 X6.1331 Y-5.4953
G1 X6.1419 Y-5.5100
G1 X6.1513 Y-5.5226
G1 X6.1651 Y-5.5377
G1 X6.1707 Y-5.5433
G1 X6.3322 Y-5.6857
G1 X6.3461 Y-5.6961
G1 X6.3586 Y-5.7037
G1 X6.3742 Y-5.7112
G1 X6.3873 Y-5.7160
G1 X6.4040 Y-5.7204
G1 X6.4172 Y-5.7228
G1 X6.4344 Y-5.7243
G1 X6.4489 Y-5.7241
G1 X6.4660 Y-5.7222
G1 X6.4793 Y-5.7195
G1 X6.4958 Y-5.7146
G1 X6.5082 Y-5.7096
G1 X6.5237 Y-5.7018
G1 X6.5356 Y-5.6944
G1 X6.5493 Y-5.6839
G1 X6.5596 Y-5.6741
G1 X6.5711 Y-5.6612
G1 X6.5149 Y-5.6113
G1 X6.5240 Y-5.5964
G1 X6.5300 Y-5.5802
G1 X6.5330 Y-5.5634
G1 X6.5330 Y-5.5460
G1 X6.5297 Y-5.5290
G1 X6.5259 Y-5.5183
G1 X6.4398 Y-5.3169
G1 X6.4315 Y-5.3016
G1 X6.4207 Y-5.2882
G1 X6.4076 Y-5.2771
G1 X6.3925 Y-5.2683
G1 X6.3763 Y-5.2625
G1 X6.3593 Y-5.2600
G1 X6.3419 Y-5.2605
G1 X6.3251 Y-5.2642
G1 X6.3091 Y-5.2709
G1 X6.2909 Y-5.2836
G1 X6.2202 Y-5.3464
G1 X6.2084 Y-5.3590
G1 X6.1992 Y-5.3736
G1 X6.1926 Y-5.3896
G1 X6.1893 Y-5.4066
G1 X6.1890 Y-5.4238
G1 X6.1919 Y-5.4408
G1 X6.1979 Y-5.4570
G1 X6.2066 Y-5.4719
G1 X6.2205 Y-5.4870
G1 X6.3773 Y-5.6256
G1 X6.3911 Y-5.6359
G1 X6.4067 Y-5.6434
G1 X6.4234 Y-5.6479
G1 X6.4406 Y-5.6493
G1 X6.4578 Y-5.6474
G1 X6.4743 Y-5.6424
G1 X6.4898 Y-5.6347
G1 X6.5034 Y-5.6241
G1 X6.5149 Y-5.6113
; Retract
G1 Z3.0400 F2540

; Path 26
; Rapid to initial position
G1 X6.4062 Y-5.1157 F2540
G1 Z0.5000
; plunge
G1 Z-2.6750 F127
; cut
G1 X6.3986 Y-5.1139 F1016
G1 X6.3749 Y-5.1106
G1 X6.3551 Y-5.1098
G1 X6.3313 Y-5.1107
G1 X6.3101 Y-5.1135
G1 X6.2867 Y-5.1189
G1 X6.2668 Y-5.1254
G1 X6.2509 Y-5.1321
G1 X6.2437 Y-5.1356
G1 X6.2299 Y-5.1432
G1 X6.2232 Y-5.1474
G1 X6.2011 Y-5.1629
G1 X6.1907 Y-5.1714
G1 X6.1143 Y-5.2400
G1 X6.0911 Y-5.1238
G1 X6.0781 Y-4.7956
G1 X6.0929 Y-4.5156
G1 X6.1323 Y-4.2509
G1 X6.1917 Y-4.0169
G1 X6.2642 Y-3.8387
G1 X6.3122 Y-3.7590
G1 X6.3811 Y-3.6615
G1 X6.4646 Y-3.5575
G1 X6.5689 Y-3.4389
G1 X6.6818 Y-3.3197
G1 X6.7994 Y-3.2038
G1 X6.9311 Y-3.0815
G1 X6.9320 Y-3.0807
G1 X6.9326 Y-3.0800
G1 X7.0711 Y-2.9584
G1 X7.2117 Y-2.8411
G1 X7.3600 Y-2.7241
G1 X7.5043 Y-2.6166
G1 X7.6460 Y-2.5174
G1 X7.7941 Y-2.4208
G1 X7.9232 Y-2.3435
G1 X8.0497 Y-2.2752
G1 X8.1764 Y-2.2159
G1 X8.1783 Y-2.2147
G1 X8.3976 Y-2.1151
G1 X8.5966 Y-2.0134
G1 X8.7436 Y-1.9260
G1 X8.7648 Y-1.9108
G1 X8.7944 Y-1.8864
G1 X9.0825 Y-1.8051
G1 X9.3204 Y-1.7688
G1 X9.3427 Y-1.7629
G1 X9.3586 Y-1.7575
G1 X9.3761 Y-1.7500
G1 X9.5553 Y-1.6639
G1 X9.5911 Y-1.6474
G1 X9.6767 Y-1.6253
G1 X9.8209 Y-1.5980
G1 X10.0198 Y-1.5675
G1 X10.2536 Y-1.5375
G1 X10.5170 Y-1.5086
G1 X10.5192 Y-1.5081
G1 X10.7990 Y-1.4822
G1 X11.1019 Y-1.4585
G1 X11.4127 Y-1.4349
G1 X11.6837 Y-1.4119
G1 X11.6834 Y-1.4128
G1 X11.6770 Y-1.4362
G1 X11.6735 Y-1.4561
G1 X11.6714 Y-1.4809
G1 X11.6718 Y-1.5024
G1 X11.6742 Y-1.5261
G1 X11.6784 Y-1.5473
G1 X11.6853 Y-1.5699
G1 X11.6922 Y-1.5870
G1 X11.7031 Y-1.6092
G1 X11.7149 Y-1.6278
G1 X11.7297 Y-1.6472
G1 X11.7444 Y-1.6627
G1 X11.7610 Y-1.6778
G1 X11.5631 Y-1.6942
G1 X11.3218 Y-1.7117
G1 X11.3197 Y-1.7115
G1 X11.0751 Y-1.7261
G1 X10.8316 Y-1.7412
G1 X10.5921 Y-1.7600
G1 X10.3618 Y-1.7814
G1 X10.1465 Y-1.8054
G1 X9.9516 Y-1.8308
G1 X9.7805 Y-1.8581
G1 X9.6357 Y-1.8880
G1 X9.5416 Y-1.9147
G1 X9.5266 Y-1.9200
G1 X9.2367 Y-2.0327
G1 X8.9535 Y-2.1547
G1 X8.6784 Y-2.2852
G1 X8.4120 Y-2.4231
G1 X8.1563 Y-2.5672
G1 X7.9124 Y-2.7170
G1 X7.6816 Y-2.8711
G1 X7.4645 Y-3.0287
G1 X7.2632 Y-3.1892
G1 X7.0786 Y-3.3518
G1 X6.9122 Y-3.5162
G1 X6.7643 Y-3.6824
G1 X6.6454 Y-3.8389
G1 X6.6378 Y-3.8503
G1 X6.5423 Y-4.0039
G1 X6.5335 Y-4.0209
G1 X6.4625 Y-4.1721
G1 X6.4539 Y-4.1958
G1 X6.4112 Y-4.3412
G1 X6.4065 Y-4.3624
G1 X6.3741 Y-4.5701
G1 X6.3723 Y-4.5884
G1 X6.3632 Y-4.7837
G1 X6.3637 Y-4.8053
G1 X6.3788 Y-4.9899
G1 X6.3826 Y-5.0132
G1 X6.4062 Y-5.1157
G1 X6.3112 Y-5.0377
G1 X6.2932 Y-5.0402
G1 X6.2633 Y-5.0474
G1 X6.2377 Y-5.0560
G1 X6.2178 Y-5.0646
G1 X6.2075 Y-5.0697
G1 X6.1902 Y-5.0792
G1 X6.1799 Y-5.0859
G1 X6.1653 Y-5.0963
G1 X6.1533 Y-4.7956
G1 X6.1678 Y-4.5224
G1 X6.2060 Y-4.2662
G1 X6.2632 Y-4.0408
G1 X6.3319 Y-3.8719
G1 X6.3746 Y-3.8010
G1 X6.4425 Y-3.7050
G1 X6.5211 Y-3.6071
G1 X6.6254 Y-3.4886
G1 X6.7347 Y-3.3733
G1 X6.8523 Y-3.2575
G1 X6.9823 Y-3.1365
G1 X7.1194 Y-3.0162
G1 X7.2583 Y-2.9002
G1 X7.4066 Y-2.7832
G1 X7.5474 Y-2.6782
G1 X7.6870 Y-2.5805
G1 X7.8352 Y-2.4839
G1 X7.9598 Y-2.4092
G1 X8.0838 Y-2.3422
G1 X8.2093 Y-2.2832
G1 X8.4318 Y-2.1821
G1 X8.6349 Y-2.0780
G1 X8.7877 Y-1.9870
G1 X8.8125 Y-1.9689
G1 X8.8299 Y-1.9545
G1 X9.0988 Y-1.8786
G1 X9.3316 Y-1.8431
G1 X9.3396 Y-1.8416
G1 X9.3669 Y-1.8340
G1 X9.3882 Y-1.8266
G1 X9.4087 Y-1.8178
G1 X9.5879 Y-1.7317
G1 X9.6169 Y-1.7184
G1 X9.6925 Y-1.6988
G1 X9.8323 Y-1.6724
G1 X10.0294 Y-1.6421
G1 X10.2619 Y-1.6124
G1 X10.5263 Y-1.5829
G1 X10.8049 Y-1.5572
G1 X11.1078 Y-1.5334
G1 X11.4190 Y-1.5099
G1 X11.5967 Y-1.4948
G1 X11.5970 Y-1.5099
G1 X11.6005 Y-1.5411
G1 X11.6065 Y-1.5691
G1 X11.6154 Y-1.5977
G1 X11.6221 Y-1.6138
G1 X11.5569 Y-1.6192
G1 X11.3197 Y-1.6364
G1 X11.3153 Y-1.6364
G1 X11.0705 Y-1.6510
G1 X10.8258 Y-1.6663
G1 X10.5851 Y-1.6852
G1 X10.3536 Y-1.7066
G1 X10.1368 Y-1.7309
G1 X9.9398 Y-1.7565
G1 X9.7652 Y-1.7844
G1 X9.6151 Y-1.8157
G1 X9.5167 Y-1.8438
G1 X9.4994 Y-1.8500
G1 X9.2069 Y-1.9636
G1 X8.9214 Y-2.0868
G1 X8.6439 Y-2.2184
G1 X8.3750 Y-2.3577
G1 X8.1170 Y-2.5031
G1 X7.8707 Y-2.6545
G1 X7.6374 Y-2.8103
G1 X7.4176 Y-2.9699
G1 X7.2136 Y-3.1328
G1 X7.0258 Y-3.2984
G1 X6.8560 Y-3.4663
G1 X6.7044 Y-3.6369
G1 X6.5828 Y-3.7971
G1 X6.5739 Y-3.8107
G1 X6.4754 Y-3.9695
G1 X6.4654 Y-3.9889
G1 X6.3919 Y-4.1464
G1 X6.3818 Y-4.1746
G1 X6.3376 Y-4.3252
G1 X6.3322 Y-4.3508
G1 X6.2992 Y-4.5630
G1 X6.2972 Y-4.5849
G1 X6.2881 Y-4.7853
G1 X6.2888 Y-4.8115
G1 X6.3047 Y-5.0022
G1 X6.3095 Y-5.0301
G1 X6.3112 Y-5.0377
G1 X6.3182 Y-4.1293
G1 X6.3346 Y-4.0647
G1 X6.3995 Y-3.9052
G1 X6.4374 Y-3.8424
G1 X6.5039 Y-3.7485
G1 X6.5776 Y-3.6568
G1 X6.6818 Y-3.5382
G1 X6.7875 Y-3.4270
G1 X6.9051 Y-3.3111
G1 X6.9219 Y-3.2955
G1 X6.7998 Y-3.4163
G1 X6.6446 Y-3.5914
G1 X6.5200 Y-3.7558
G1 X6.5102 Y-3.7711
G1 X6.4086 Y-3.9350
G1 X6.3973 Y-3.9571
G1 X6.3211 Y-4.1213
G1 X6.3182 Y-4.1293
G1 X7.1784 Y-3.0649
G1 X7.3049 Y-2.9592
G1 X7.4533 Y-2.8422
G1 X7.5906 Y-2.7397
G1 X7.7281 Y-2.6435
G1 X7.8763 Y-2.5469
G1 X7.9956 Y-2.4754
G1 X8.1182 Y-2.4092
G1 X8.1924 Y-2.3744
G1 X8.0778 Y-2.4390
G1 X7.8290 Y-2.5919
G1 X7.5931 Y-2.7495
G1 X7.3706 Y-2.9112
G1 X7.1784 Y-3.0649
; Retract
G1 Z3.0400 F2540

; Path 27
; Rapid to initial position
G1 X8.3284 Y-3.3214 F2540
G1 Z0.5000
; plunge
G1 Z-2.6750 F127
; cut
G1 X8.3674 Y-3.2233 F1016
G1 X8.4481 Y-3.1359
G1 X8.5708 Y-3.0676
G1 X8.7347 Y-3.0280
G1 X8.9314 Y-3.0273
G1 X9.1669 Y-3.1030
G1 X9.2452 Y-3.3103
G1 X9.1971 Y-3.5966
G1 X9.0180 Y-3.7680
G1 X8.7646 Y-3.8063
G1 X8.4850 Y-3.6713
G1 X8.3799 Y-3.5495
G1 X8.3303 Y-3.4298
G1 X8.3284 Y-3.3214
G1 X8.4038 Y-3.3353
G1 X8.4320 Y-3.2642
G1 X8.4952 Y-3.1958
G1 X8.5986 Y-3.1381
G1 X8.7439 Y-3.1031
G1 X8.7759 Y-3.1030
G1 X8.7745 Y-3.1037
G1 X8.7637 Y-3.1104
G1 X8.7462 Y-3.1240
G1 X8.6152 Y-3.2409
G1 X8.6034 Y-3.2535
G1 X8.5947 Y-3.2648
G1 X8.5854 Y-3.2795
G1 X8.5795 Y-3.2911
G1 X8.5730 Y-3.3070
G1 X8.5687 Y-3.3209
G1 X8.5654 Y-3.3380
G1 X8.5641 Y-3.3511
G1 X8.5638 Y-3.3683
G1 X8.5647 Y-3.3821
G1 X8.5676 Y-3.3991
G1 X8.5712 Y-3.4130
G1 X8.5773 Y-3.4292
G1 X8.5832 Y-3.4414
G1 X8.5921 Y-3.4564
G1 X8.6009 Y-3.4684
G1 X8.6142 Y-3.4832
G1 X8.6201 Y-3.4889
G1 X8.7516 Y-3.6057
G1 X8.7654 Y-3.6159
G1 X8.7769 Y-3.6227
G1 X8.7925 Y-3.6303
G1 X8.8061 Y-3.6355
G1 X8.8229 Y-3.6399
G1 X8.8353 Y-3.6421
G1 X8.8524 Y-3.6438
G1 X8.8671 Y-3.6438
G1 X8.8843 Y-3.6420
G1 X8.8981 Y-3.6393
G1 X8.9147 Y-3.6344
G1 X8.9271 Y-3.6294
G1 X8.9425 Y-3.6216
G1 X8.9537 Y-3.6147
G1 X8.9712 Y-3.6012
G1 X9.1025 Y-3.4838
G1 X9.1143 Y-3.4711
G1 X9.1224 Y-3.4604
G1 X9.1316 Y-3.4459
G1 X9.1380 Y-3.4338
G1 X9.1445 Y-3.4177
G1 X9.1485 Y-3.4040
G1 X9.1518 Y-3.3872
G1 X9.1533 Y-3.3740
G1 X9.1536 Y-3.3566
G1 X9.1524 Y-3.3420
G1 X9.1494 Y-3.3250
G1 X9.1461 Y-3.3125
G1 X9.1402 Y-3.2963
G1 X9.1340 Y-3.2831
G1 X9.1251 Y-3.2683
G1 X9.1165 Y-3.2567
G1 X9.1031 Y-3.2419
G1 X9.0972 Y-3.2362
G1 X8.9659 Y-3.1196
G1 X8.9605 Y-3.1157
G1 X9.1095 Y-3.1634
G1 X9.1677 Y-3.3178
G1 X9.1270 Y-3.5595
G1 X8.9831 Y-3.6972
G1 X8.7764 Y-3.7285
G1 X8.5320 Y-3.6105
G1 X8.4445 Y-3.5092
G1 X8.4051 Y-3.4142
G1 X8.4038 Y-3.3353
G1 X8.4793 Y-3.3491
G1 X8.4939 Y-3.3120
G1 X8.4905 Y-3.3307
G1 X8.4890 Y-3.3496
G1 X8.4888 Y-3.3735
G1 X8.4905 Y-3.3945
G1 X8.4949 Y-3.4184
G1 X8.5008 Y-3.4392
G1 X8.5095 Y-3.4618
G1 X8.5182 Y-3.4795
G1 X8.5092 Y-3.4688
G1 X8.4801 Y-3.3986
G1 X8.4793 Y-3.3491
G1 X8.6392 Y-3.3525
G1 X8.6389 Y-3.3697
G1 X8.6417 Y-3.3867
G1 X8.6478 Y-3.4030
G1 X8.6567 Y-3.4179
G1 X8.6701 Y-3.4327
G1 X8.7961 Y-3.5451
G1 X8.8100 Y-3.5552
G1 X8.8256 Y-3.5629
G1 X8.8423 Y-3.5673
G1 X8.8595 Y-3.5689
G1 X8.8767 Y-3.5672
G1 X8.8932 Y-3.5622
G1 X8.9086 Y-3.5545
G1 X8.9212 Y-3.5451
G1 X9.0472 Y-3.4327
G1 X9.0590 Y-3.4199
G1 X9.0683 Y-3.4055
G1 X9.0748 Y-3.3894
G1 X9.0781 Y-3.3725
G1 X9.0784 Y-3.3552
G1 X9.0754 Y-3.3382
G1 X9.0695 Y-3.3219
G1 X9.0607 Y-3.3072
G1 X9.0472 Y-3.2923
G1 X8.9212 Y-3.1802
G1 X8.9072 Y-3.1698
G1 X8.8918 Y-3.1623
G1 X8.8751 Y-3.1577
G1 X8.8579 Y-3.1563
G1 X8.8407 Y-3.1580
G1 X8.8240 Y-3.1629
G1 X8.8087 Y-3.1708
G1 X8.7961 Y-3.1802
G1 X8.6701 Y-3.2923
G1 X8.6583 Y-3.3049
G1 X8.6491 Y-3.3196
G1 X8.6425 Y-3.3355
G1 X8.6392 Y-3.3525
; Retract
G1 Z3.0400 F2540

; Path 28
; Rapid to initial position
G1 X8.8386 Y-2.0429 F2540
G1 Z0.5000
; plunge
G1 Z-2.6750 F127
; cut
G1 X8.8604 Y-2.0268 F1016
G1 X8.8654 Y-2.0226
G1 X8.9085 Y-2.0105
G1 X8.8892 Y-2.0188
G1 X8.8386 Y-2.0429
G1 X11.7482 Y-1.5125
G1 X11.7507 Y-1.5264
G1 X11.7555 Y-1.5430
G1 X11.7600 Y-1.5546
G1 X11.7674 Y-1.5702
G1 X11.7751 Y-1.5828
G1 X11.7854 Y-1.5966
G1 X11.7949 Y-1.6071
G1 X11.8077 Y-1.6188
G1 X11.8182 Y-1.6268
G1 X11.8328 Y-1.6361
G1 X11.8475 Y-1.6431
G1 X11.8687 Y-1.6507
G1 X11.8771 Y-1.6533
G1 X12.1045 Y-1.7060
G1 X12.1217 Y-1.7084
G1 X12.1390 Y-1.7087
G1 X12.1645 Y-1.7063
G1 X12.1745 Y-1.7047
G1 X12.4016 Y-1.6515
G1 X12.4180 Y-1.6461
G1 X12.4311 Y-1.6404
G1 X12.4462 Y-1.6319
G1 X12.4573 Y-1.6243
G1 X12.4707 Y-1.6133
G1 X12.4804 Y-1.6038
G1 X12.4915 Y-1.5906
G1 X12.4997 Y-1.5790
G1 X12.5081 Y-1.5640
G1 X12.5137 Y-1.5513
G1 X12.5192 Y-1.5349
G1 X12.5224 Y-1.5216
G1 X12.5249 Y-1.5045
G1 X12.5258 Y-1.4900
G1 X12.5249 Y-1.4728
G1 X12.5232 Y-1.4597
G1 X12.5194 Y-1.4429
G1 X12.5154 Y-1.4303
G1 X12.5087 Y-1.4144
G1 X12.5016 Y-1.4013
G1 X12.4919 Y-1.3870
G1 X12.4831 Y-1.3763
G1 X12.4710 Y-1.3641
G1 X12.4610 Y-1.3555
G1 X12.4468 Y-1.3454
G1 X12.4344 Y-1.3385
G1 X12.4187 Y-1.3313
G1 X12.4035 Y-1.3262
G1 X12.3816 Y-1.3214
G1 X12.3728 Y-1.3202
G1 X12.1451 Y-1.2987
G1 X12.1201 Y-1.2990
G1 X11.8927 Y-1.3211
G1 X11.8756 Y-1.3243
G1 X11.8618 Y-1.3283
G1 X11.8457 Y-1.3347
G1 X11.8338 Y-1.3406
G1 X11.8192 Y-1.3496
G1 X11.8085 Y-1.3577
G1 X11.7956 Y-1.3693
G1 X11.7857 Y-1.3802
G1 X11.7754 Y-1.3940
G1 X11.7682 Y-1.4057
G1 X11.7606 Y-1.4211
G1 X11.7556 Y-1.4337
G1 X11.7509 Y-1.4502
G1 X11.7483 Y-1.4636
G1 X11.7466 Y-1.4809
G1 X11.7466 Y-1.4954
G1 X11.7482 Y-1.5125
G1 X11.8230 Y-1.5056
G1 X11.8278 Y-1.5221
G1 X11.8352 Y-1.5377
G1 X11.8456 Y-1.5516
G1 X11.8583 Y-1.5632
G1 X11.8729 Y-1.5724
G1 X11.8941 Y-1.5800
G1 X12.1148 Y-1.6315
G1 X12.1320 Y-1.6339
G1 X12.1575 Y-1.6315
G1 X12.3781 Y-1.5800
G1 X12.3945 Y-1.5746
G1 X12.4096 Y-1.5662
G1 X12.4229 Y-1.5552
G1 X12.4341 Y-1.5420
G1 X12.4425 Y-1.5271
G1 X12.4481 Y-1.5107
G1 X12.4506 Y-1.4935
G1 X12.4499 Y-1.4763
G1 X12.4461 Y-1.4594
G1 X12.4393 Y-1.4435
G1 X12.4296 Y-1.4292
G1 X12.4175 Y-1.4169
G1 X12.4034 Y-1.4069
G1 X12.3876 Y-1.3998
G1 X12.3657 Y-1.3949
G1 X12.1451 Y-1.3738
G1 X12.1273 Y-1.3738
G1 X11.9065 Y-1.3949
G1 X11.8895 Y-1.3981
G1 X11.8734 Y-1.4045
G1 X11.8588 Y-1.4136
G1 X11.8459 Y-1.4252
G1 X11.8355 Y-1.4391
G1 X11.8279 Y-1.4545
G1 X11.8231 Y-1.4711
G1 X11.8214 Y-1.4884
G1 X11.8230 Y-1.5056
; Retract
G1 Z3.0400 F2540

; Path 29
; Rapid to initial position
G1 X12.5364 Y-1.3233 F2540
G1 Z0.5000
; plunge
G1 Z-2.6750 F127
; cut
G1 X12.5481 Y-1.3219 F1016
G1 X12.7665 Y-1.2933
G1 X12.9474 Y-1.2649
G1 X13.0637 Y-1.2417
G1 X13.2852 Y-1.2019
G1 X13.5873 Y-1.1682
G1 X13.9182 Y-1.1458
G1 X14.2482 Y-1.1372
G1 X14.7481 Y-1.1365
G1 X14.6302 Y-1.2210
G1 X14.6123 Y-1.2368
G1 X14.5981 Y-1.2520
G1 X14.5831 Y-1.2711
G1 X14.5719 Y-1.2888
G1 X14.5610 Y-1.3102
G1 X14.5533 Y-1.3289
G1 X14.5461 Y-1.3523
G1 X14.5420 Y-1.3733
G1 X14.5395 Y-1.3967
G1 X14.5390 Y-1.4166
G1 X14.5407 Y-1.4409
G1 X14.5444 Y-1.4631
G1 X14.5509 Y-1.4866
G1 X14.5576 Y-1.5043
G1 X14.5676 Y-1.5258
G1 X14.5781 Y-1.5439
G1 X14.5926 Y-1.5640
G1 X14.6065 Y-1.5797
G1 X14.6241 Y-1.5964
G1 X14.6405 Y-1.6094
G1 X14.6613 Y-1.6229
G1 X14.6819 Y-1.6332
G1 X14.7055 Y-1.6426
G1 X14.7187 Y-1.6471
G1 X14.9080 Y-1.6981
G1 X14.6506 Y-1.9899
G1 X14.4553 Y-2.1753
G1 X14.3340 Y-2.2405
G1 X14.3031 Y-2.2521
G1 X14.2915 Y-2.2572
G1 X14.2619 Y-2.2728
G1 X14.1776 Y-2.3263
G1 X14.0733 Y-2.4019
G1 X13.9504 Y-2.4983
G1 X13.8107 Y-2.6137
G1 X13.6576 Y-2.7452
G1 X13.4950 Y-2.8896
G1 X13.3273 Y-3.0431
G1 X13.1482 Y-3.2094
G1 X13.1467 Y-3.2104
G1 X12.8000 Y-3.5310
G1 X12.4736 Y-3.8322
G1 X12.3187 Y-3.9743
G1 X12.3173 Y-3.9752
G1 X12.0194 Y-4.2472
G1 X11.8776 Y-4.3761
G1 X11.7423 Y-4.4990
G1 X11.7409 Y-4.5000
G1 X11.6088 Y-4.6191
G1 X11.4822 Y-4.7331
G1 X11.3602 Y-4.8422
G1 X11.2427 Y-4.9468
G1 X11.0232 Y-5.1408
G1 X10.9203 Y-5.2309
G1 X10.8231 Y-5.3157
G1 X10.7308 Y-5.3954
G1 X10.6425 Y-5.4708
G1 X10.5596 Y-5.5411
G1 X10.4828 Y-5.6055
G1 X10.4099 Y-5.6659
G1 X10.3560 Y-5.7099
G1 X10.3526 Y-5.6968
G1 X10.3457 Y-5.6781
G1 X10.3359 Y-5.6562
G1 X10.3289 Y-5.6434
G1 X10.3247 Y-5.6367
G1 X10.3104 Y-5.6169
G1 X10.2971 Y-5.6016
G1 X10.2799 Y-5.5850
G1 X10.2644 Y-5.5726
G1 X10.2437 Y-5.5587
G1 X10.2246 Y-5.5487
G1 X10.2030 Y-5.5395
G1 X10.1834 Y-5.5333
G1 X10.1597 Y-5.5280
G1 X10.1392 Y-5.5255
G1 X10.1177 Y-5.5248
G1 X10.1477 Y-5.5027
G1 X10.2154 Y-5.4511
G1 X10.2859 Y-5.3961
G1 X10.3610 Y-5.3363
G1 X10.4398 Y-5.2721
G1 X10.5231 Y-5.2031
G1 X10.6101 Y-5.1295
G1 X10.7034 Y-5.0501
G1 X10.8016 Y-4.9653
G1 X10.9053 Y-4.8746
G1 X11.0156 Y-4.7775
G1 X11.1318 Y-4.6744
G1 X11.2551 Y-4.5642
G1 X11.5228 Y-4.3235
G1 X11.8207 Y-4.0526
G1 X11.9825 Y-3.9052
G1 X12.3316 Y-3.5857
G1 X12.5172 Y-3.4152
G1 X12.5197 Y-3.4133
G1 X12.6652 Y-3.2802
G1 X12.8089 Y-3.1496
G1 X12.9510 Y-3.0213
G1 X13.0899 Y-2.8965
G1 X13.0899 Y-2.8967
G1 X13.2257 Y-2.7756
G1 X13.3527 Y-2.6627
G1 X13.3554 Y-2.6607
G1 X13.4806 Y-2.5507
G1 X13.5984 Y-2.4479
G1 X13.7103 Y-2.3513
G1 X13.8120 Y-2.2644
G1 X13.9046 Y-2.1861
G1 X13.9890 Y-2.1164
G1 X14.0583 Y-2.0599
G1 X14.1163 Y-2.0146
G1 X14.1652 Y-1.9781
G1 X14.2046 Y-1.9507
G1 X14.2229 Y-1.9353
G1 X14.2374 Y-1.9206
G1 X14.2527 Y-1.9020
G1 X14.2648 Y-1.8842
G1 X14.2763 Y-1.8631
G1 X14.2840 Y-1.8451
G1 X14.2919 Y-1.8216
G1 X14.2964 Y-1.8013
G1 X14.2998 Y-1.7774
G1 X14.3006 Y-1.7565
G1 X14.2994 Y-1.7325
G1 X14.2964 Y-1.7115
G1 X14.2907 Y-1.6880
G1 X14.2840 Y-1.6683
G1 X14.2742 Y-1.6459
G1 X14.2642 Y-1.6285
G1 X14.2504 Y-1.6085
G1 X14.2371 Y-1.5925
G1 X14.2197 Y-1.5751
G1 X14.2085 Y-1.5656
G1 X14.2014 Y-1.5603
G1 X14.1742 Y-1.5427
G1 X13.9436 Y-1.4164
G1 X13.9218 Y-1.4070
G1 X13.9083 Y-1.4025
G1 X13.9006 Y-1.4002
G1 X13.8840 Y-1.3964
G1 X13.8753 Y-1.3949
G1 X13.8514 Y-1.3929
G1 X13.8228 Y-1.3927
G1 X13.8072 Y-1.3937
G1 X13.5636 Y-1.4247
G1 X13.2828 Y-1.4661
G1 X12.9975 Y-1.5136
G1 X12.7489 Y-1.5597
G1 X12.6244 Y-1.5813
G1 X12.5797 Y-1.5877
G1 X12.5848 Y-1.5755
G1 X12.5923 Y-1.5525
G1 X12.5967 Y-1.5327
G1 X12.6001 Y-1.5086
G1 X12.6009 Y-1.4865
G1 X12.5994 Y-1.4627
G1 X12.5966 Y-1.4432
G1 X12.5910 Y-1.4201
G1 X12.5848 Y-1.4011
G1 X12.5781 Y-1.3852
G1 X12.5746 Y-1.3783
G1 X12.5638 Y-1.3592
G1 X12.5499 Y-1.3392
G1 X12.5366 Y-1.3235
G1 X12.5364 Y-1.3233
G1 X12.6580 Y-1.3834
G1 X12.7782 Y-1.3676
G1 X12.9622 Y-1.3386
G1 X13.0771 Y-1.3157
G1 X13.2952 Y-1.2766
G1 X13.5956 Y-1.2430
G1 X13.9215 Y-1.2209
G1 X14.2501 Y-1.2123
G1 X14.5340 Y-1.2119
G1 X14.5194 Y-1.2310
G1 X14.5051 Y-1.2545
G1 X14.4912 Y-1.2818
G1 X14.4814 Y-1.3070
G1 X14.4723 Y-1.3379
G1 X14.4672 Y-1.3652
G1 X14.4643 Y-1.3949
G1 X14.4640 Y-1.4220
G1 X14.4665 Y-1.4532
G1 X14.4702 Y-1.4753
G1 X14.4720 Y-1.4832
G1 X14.4806 Y-1.5132
G1 X14.4895 Y-1.5361
G1 X14.5026 Y-1.5635
G1 X14.5172 Y-1.5880
G1 X14.5361 Y-1.6136
G1 X14.5548 Y-1.6344
G1 X14.5776 Y-1.6555
G1 X14.5996 Y-1.6724
G1 X14.6205 Y-1.6859
G1 X14.6274 Y-1.6901
G1 X14.6541 Y-1.7031
G1 X14.6814 Y-1.7139
G1 X14.6991 Y-1.7196
G1 X14.7715 Y-1.7392
G1 X14.5963 Y-1.9377
G1 X14.4107 Y-2.1139
G1 X14.3025 Y-2.1721
G1 X14.2729 Y-2.1832
G1 X14.2565 Y-2.1907
G1 X14.2216 Y-2.2094
G1 X14.1335 Y-2.2655
G1 X14.0268 Y-2.3427
G1 X13.9026 Y-2.4404
G1 X13.7617 Y-2.5567
G1 X13.6076 Y-2.6890
G1 X13.4442 Y-2.8342
G1 X13.2760 Y-2.9881
G1 X13.0982 Y-3.1531
G1 X13.0957 Y-3.1552
G1 X12.7489 Y-3.4758
G1 X12.4228 Y-3.7768
G1 X12.2700 Y-3.9170
G1 X12.2665 Y-3.9197
G1 X11.9687 Y-4.1915
G1 X11.8269 Y-4.3204
G1 X11.6929 Y-4.4422
G1 X11.6904 Y-4.4441
G1 X11.5583 Y-4.5633
G1 X11.4321 Y-4.6771
G1 X11.3102 Y-4.7861
G1 X11.1929 Y-4.8905
G1 X10.9737 Y-5.0842
G1 X10.8708 Y-5.1743
G1 X10.7739 Y-5.2588
G1 X10.6816 Y-5.3385
G1 X10.5939 Y-5.4134
G1 X10.5113 Y-5.4835
G1 X10.4344 Y-5.5479
G1 X10.3836 Y-5.5899
G1 X10.3671 Y-5.5674
G1 X10.3492 Y-5.5474
G1 X10.3270 Y-5.5265
G1 X10.3063 Y-5.5100
G1 X10.2856 Y-5.4962
G1 X10.2823 Y-5.4943
G1 X10.3327 Y-5.4550
G1 X10.4085 Y-5.3945
G1 X10.4878 Y-5.3300
G1 X10.5716 Y-5.2605
G1 X10.6588 Y-5.1868
G1 X10.7525 Y-5.1071
G1 X10.8511 Y-5.0219
G1 X10.9549 Y-4.9311
G1 X11.0656 Y-4.8337
G1 X11.1819 Y-4.7304
G1 X11.3054 Y-4.6201
G1 X11.5734 Y-4.3792
G1 X11.8714 Y-4.1081
G1 X12.0332 Y-3.9607
G1 X12.3825 Y-3.6410
G1 X12.5676 Y-3.4711
G1 X12.5705 Y-3.4688
G1 X12.7158 Y-3.3359
G1 X12.8593 Y-3.2054
G1 X13.0013 Y-3.0773
G1 X13.1393 Y-2.9533
G1 X13.1401 Y-2.9528
G1 X13.2758 Y-2.8318
G1 X13.4014 Y-2.7200
G1 X13.4051 Y-2.7172
G1 X13.5301 Y-2.6073
G1 X13.6476 Y-2.5048
G1 X13.7595 Y-2.4083
G1 X13.8605 Y-2.3218
G1 X13.9525 Y-2.2440
G1 X14.0368 Y-2.1743
G1 X14.1047 Y-2.1191
G1 X14.1612 Y-2.0748
G1 X14.2100 Y-2.0384
G1 X14.2531 Y-2.0082
G1 X14.2764 Y-1.9881
G1 X14.2955 Y-1.9684
G1 X14.3149 Y-1.9442
G1 X14.3308 Y-1.9200
G1 X14.3451 Y-1.8929
G1 X14.3553 Y-1.8688
G1 X14.3652 Y-1.8382
G1 X14.3709 Y-1.8118
G1 X14.3749 Y-1.7803
G1 X14.3757 Y-1.7530
G1 X14.3739 Y-1.7219
G1 X14.3695 Y-1.6937
G1 X14.3618 Y-1.6637
G1 X14.3528 Y-1.6378
G1 X14.3429 Y-1.6156
G1 X14.3394 Y-1.6085
G1 X14.3261 Y-1.5858
G1 X14.3082 Y-1.5605
G1 X14.2902 Y-1.5393
G1 X14.2683 Y-1.5177
G1 X14.2534 Y-1.5054
G1 X14.2424 Y-1.4973
G1 X14.2103 Y-1.4768
G1 X13.9734 Y-1.3474
G1 X13.9462 Y-1.3359
G1 X13.9293 Y-1.3302
G1 X13.9174 Y-1.3268
G1 X13.8964 Y-1.3223
G1 X13.8819 Y-1.3200
G1 X13.8519 Y-1.3178
G1 X13.8182 Y-1.3176
G1 X13.7977 Y-1.3191
G1 X13.5526 Y-1.3504
G1 X13.2706 Y-1.3919
G1 X12.9838 Y-1.4396
G1 X12.7352 Y-1.4857
G1 X12.7352 Y-1.4859
G1 X12.6757 Y-1.4962
G1 X12.6760 Y-1.4820
G1 X12.6737 Y-1.4520
G1 X12.6696 Y-1.4255
G1 X12.6625 Y-1.3967
G1 X12.6580 Y-1.3834
G1 X14.0302 Y-1.2931
G1 X14.2521 Y-1.2874
G1 X14.4088 Y-1.2872
G1 X14.3984 Y-1.3241
G1 X14.3924 Y-1.3580
G1 X14.3892 Y-1.3940
G1 X14.3890 Y-1.4281
G1 X14.3924 Y-1.4655
G1 X14.3969 Y-1.4917
G1 X14.3997 Y-1.5038
G1 X14.4105 Y-1.5404
G1 X14.4217 Y-1.5684
G1 X14.4379 Y-1.6020
G1 X14.4567 Y-1.6327
G1 X14.4803 Y-1.6639
G1 X14.5036 Y-1.6896
G1 X14.5318 Y-1.7152
G1 X14.5587 Y-1.7354
G1 X14.5823 Y-1.7506
G1 X14.5944 Y-1.7575
G1 X14.6264 Y-1.7729
G1 X14.6375 Y-1.7772
G1 X14.5420 Y-1.8855
G1 X14.3662 Y-2.0524
G1 X14.2708 Y-2.1037
G1 X14.2417 Y-2.1148
G1 X14.2210 Y-2.1243
G1 X14.2194 Y-2.1253
G1 X14.2531 Y-2.1000
G1 X14.3023 Y-2.0651
G1 X14.3303 Y-2.0405
G1 X14.3541 Y-2.0155
G1 X14.3778 Y-1.9855
G1 X14.3974 Y-1.9552
G1 X14.4143 Y-1.9221
G1 X14.4269 Y-1.8918
G1 X14.4387 Y-1.8541
G1 X14.4456 Y-1.8212
G1 X14.4500 Y-1.7825
G1 X14.4508 Y-1.7489
G1 X14.4482 Y-1.7101
G1 X14.4424 Y-1.6751
G1 X14.4328 Y-1.6389
G1 X14.4216 Y-1.6074
G1 X14.4102 Y-1.5820
G1 X14.4042 Y-1.5705
G1 X14.3875 Y-1.5425
G1 X14.3655 Y-1.5118
G1 X14.3430 Y-1.4859
G1 X14.3162 Y-1.4597
G1 X14.2977 Y-1.4446
G1 X14.2829 Y-1.4340
G1 X14.2463 Y-1.4107
G1 X14.0302 Y-1.2931
G1 X14.3105 Y-1.3625
G1 X14.3167 Y-1.3625
G1 X14.3164 Y-1.3662
G1 X14.3105 Y-1.3625
G1 X14.6892 Y-1.4084
G1 X14.6902 Y-1.4255
G1 X14.6945 Y-1.4422
G1 X14.7016 Y-1.4580
G1 X14.7115 Y-1.4721
G1 X14.7239 Y-1.4842
G1 X14.7382 Y-1.4938
G1 X14.7583 Y-1.5019
G1 X14.9381 Y-1.5513
G1 X14.9551 Y-1.5541
G1 X14.9724 Y-1.5541
G1 X14.9893 Y-1.5508
G1 X15.0001 Y-1.5469
G1 X15.1800 Y-1.4696
G1 X15.3788 Y-1.4564
G1 X15.3959 Y-1.4537
G1 X15.4122 Y-1.4479
G1 X15.4325 Y-1.4352
G1 X15.6624 Y-1.2455
G1 X15.6747 Y-1.2333
G1 X15.6845 Y-1.2191
G1 X15.6931 Y-1.1983
G1 X15.7951 Y-0.8334
G1 X15.7982 Y-0.8163
G1 X15.7982 Y-0.7991
G1 X15.7958 Y-0.7854
G1 X15.7611 Y-0.6451
G1 X15.7555 Y-0.6288
G1 X15.7469 Y-0.6137
G1 X15.7358 Y-0.6006
G1 X15.7224 Y-0.5897
G1 X15.7071 Y-0.5814
G1 X15.6907 Y-0.5760
G1 X15.6737 Y-0.5738
G1 X15.6564 Y-0.5747
G1 X15.6397 Y-0.5787
G1 X15.6237 Y-0.5857
G1 X15.6096 Y-0.5956
G1 X15.6005 Y-0.6043
G1 X15.3388 Y-0.8914
G1 X15.1997 Y-1.0736
G1 X15.0075 Y-1.1403
G1 X14.9917 Y-1.1475
G1 X14.9838 Y-1.1526
G1 X14.7285 Y-1.3347
G1 X14.7155 Y-1.3459
G1 X14.7046 Y-1.3595
G1 X14.6966 Y-1.3748
G1 X14.6913 Y-1.3911
G1 X14.6892 Y-1.4084
; Retract
G1 Z3.0400 F2540

; Path 30
; Rapid to initial position
G1 X15.1886 Y-1.6295 F2540
G1 Z0.5000
; plunge
G1 Z-2.6750 F127
; cut
G1 X15.2163 Y-1.6176 F1016
G1 X15.4024 Y-1.6050
G1 X15.4263 Y-1.6009
G1 X15.4455 Y-1.5956
G1 X15.4619 Y-1.5899
G1 X15.4695 Y-1.5867
G1 X15.4848 Y-1.5794
G1 X15.4924 Y-1.5753
G1 X15.5171 Y-1.5595
G1 X15.5283 Y-1.5511
G1 X15.7687 Y-1.3518
G1 X15.7853 Y-1.3350
G1 X15.7982 Y-1.3192
G1 X15.8080 Y-1.3050
G1 X15.8123 Y-1.2981
G1 X15.8201 Y-1.2837
G1 X15.8236 Y-1.2764
G1 X15.8338 Y-1.2511
G1 X15.8380 Y-1.2387
G1 X15.9432 Y-0.8597
G1 X15.9471 Y-0.8359
G1 X15.9484 Y-0.8163
G1 X15.9482 Y-0.7926
G1 X15.9462 Y-0.7730
G1 X15.9417 Y-0.7493
G1 X15.9034 Y-0.5964
G1 X15.8952 Y-0.5736
G1 X15.8863 Y-0.5547
G1 X15.8739 Y-0.5334
G1 X15.8612 Y-0.5160
G1 X15.8456 Y-0.4982
G1 X15.8313 Y-0.4845
G1 X15.8118 Y-0.4691
G1 X15.7940 Y-0.4576
G1 X15.7733 Y-0.4466
G1 X15.7543 Y-0.4385
G1 X15.7378 Y-0.4331
G1 X15.7304 Y-0.4310
G1 X15.7102 Y-0.4270
G1 X15.6869 Y-0.4241
G1 X15.6654 Y-0.4235
G1 X15.6414 Y-0.4251
G1 X15.6217 Y-0.4283
G1 X15.5978 Y-0.4344
G1 X15.5792 Y-0.4412
G1 X15.5572 Y-0.4511
G1 X15.5445 Y-0.4580
G1 X15.5378 Y-0.4622
G1 X15.5187 Y-0.4759
G1 X15.5045 Y-0.4880
G1 X15.4894 Y-0.5031
G1 X15.2799 Y-0.7335
G1 X15.2803 Y-0.4788
G1 X15.2908 Y-0.2679
G1 X15.3174 Y-0.0094
G1 X15.3591 Y0.2922
G1 X15.4084 Y0.5769
G1 X15.4092 Y0.5797
G1 X15.4396 Y0.7468
G1 X15.4746 Y0.9558
G1 X15.5128 Y1.1993
G1 X15.5536 Y1.4690
G1 X15.5946 Y1.7566
G1 X15.6355 Y2.0541
G1 X15.6753 Y2.3528
G1 X15.7377 Y2.8481
G1 X15.7377 Y2.8482
G1 X15.7556 Y2.9830
G1 X15.7702 Y2.8992
G1 X15.7764 Y2.8767
G1 X15.7835 Y2.8573
G1 X15.7944 Y2.8352
G1 X15.8055 Y2.8172
G1 X15.8200 Y2.7978
G1 X15.8345 Y2.7819
G1 X15.8524 Y2.7655
G1 X15.8680 Y2.7539
G1 X15.8884 Y2.7410
G1 X15.9067 Y2.7317
G1 X15.9288 Y2.7229
G1 X15.9424 Y2.7185
G1 X15.9498 Y2.7165
G1 X15.9742 Y2.7118
G1 X15.9944 Y2.7101
G1 X16.0176 Y2.7098
G1 X16.0382 Y2.7114
G1 X16.0627 Y2.7156
G1 X16.0829 Y2.7214
G1 X16.0838 Y2.7217
G1 X16.0553 Y2.5178
G1 X16.0235 Y2.2955
G1 X16.0232 Y2.2903
G1 X15.9917 Y2.0775
G1 X15.9597 Y1.8665
G1 X15.9597 Y1.8661
G1 X15.9291 Y1.6728
G1 X15.9290 Y1.6700
G1 X15.8987 Y1.4831
G1 X15.8679 Y1.2878
G1 X15.8080 Y0.9052
G1 X15.7565 Y0.5685
G1 X15.7360 Y0.4311
G1 X15.7195 Y0.3216
G1 X15.6538 Y-0.1420
G1 X15.6530 Y-0.1665
G1 X15.6543 Y-0.1857
G1 X15.6575 Y-0.2092
G1 X15.6605 Y-0.2230
G1 X15.6626 Y-0.2305
G1 X15.6706 Y-0.2536
G1 X15.6794 Y-0.2729
G1 X15.6917 Y-0.2940
G1 X15.7025 Y-0.3094
G1 X15.7178 Y-0.3279
G1 X15.7331 Y-0.3432
G1 X15.7520 Y-0.3586
G1 X15.7692 Y-0.3702
G1 X15.7899 Y-0.3817
G1 X15.8085 Y-0.3899
G1 X15.8247 Y-0.3957
G1 X15.8322 Y-0.3979
G1 X15.8528 Y-0.4023
G1 X15.8766 Y-0.4057
G1 X15.8973 Y-0.4065
G1 X15.9212 Y-0.4054
G1 X15.9422 Y-0.4023
G1 X15.9657 Y-0.3966
G1 X15.9855 Y-0.3899
G1 X16.0078 Y-0.3801
G1 X16.0253 Y-0.3701
G1 X16.0452 Y-0.3563
G1 X16.0560 Y-0.3476
G1 X16.0618 Y-0.3424
G1 X16.0832 Y-0.3207
G1 X16.3682 Y0.0138
G1 X16.3969 Y0.0453
G1 X16.4466 Y0.0953
G1 X16.5150 Y0.1610
G1 X16.5993 Y0.2401
G1 X16.6939 Y0.3270
G1 X16.6951 Y0.3278
G1 X16.8054 Y0.4274
G1 X16.9262 Y0.5352
G1 X17.0581 Y0.6517
G1 X17.1993 Y0.7750
G1 X17.3492 Y0.9051
G1 X17.5052 Y1.0397
G1 X17.5056 Y1.0400
G1 X17.6691 Y1.1796
G1 X17.8375 Y1.3227
G1 X18.0102 Y1.4683
G1 X18.1854 Y1.6151
G1 X18.5465 Y1.9158
G1 X18.7207 Y2.0624
G1 X18.8864 Y2.2034
G1 X19.0446 Y2.3396
G1 X19.1945 Y2.4707
G1 X19.3370 Y2.5974
G1 X19.4719 Y2.7197
G1 X19.5999 Y2.8381
G1 X19.7207 Y2.9526
G1 X19.8353 Y3.0643
G1 X19.9429 Y3.1726
G1 X20.0445 Y3.2782
G1 X20.1398 Y3.3816
G1 X20.2293 Y3.4826
G1 X20.3128 Y3.5817
G1 X20.3912 Y3.6794
G1 X20.4645 Y3.7760
G1 X20.5325 Y3.8717
G1 X20.5954 Y3.9667
G1 X20.6529 Y4.0611
G1 X20.7063 Y4.1555
G1 X20.7546 Y4.2495
G1 X20.7986 Y4.3437
G1 X20.8382 Y4.4385
G1 X20.8734 Y4.5331
G1 X20.9046 Y4.6286
G1 X20.9320 Y4.7243
G1 X20.9556 Y4.8213
G1 X20.9764 Y4.9197
G1 X20.9932 Y5.0177
G1 X21.0075 Y5.1187
G1 X21.0195 Y5.2245
G1 X21.0287 Y5.3581
G1 X21.0652 Y5.1915
G1 X21.0702 Y5.1750
G1 X21.0731 Y5.1673
G1 X21.0823 Y5.1470
G1 X21.0938 Y5.1264
G1 X21.1043 Y5.1111
G1 X21.1196 Y5.0922
G1 X21.1347 Y5.0769
G1 X21.1527 Y5.0616
G1 X21.1701 Y5.0494
G1 X21.1915 Y5.0373
G1 X21.2098 Y5.0292
G1 X21.2324 Y5.0212
G1 X21.2538 Y5.0160
G1 X21.2781 Y5.0125
G1 X21.2972 Y5.0117
G1 X21.2978 Y5.0117
G1 X21.2808 Y4.8444
G1 X21.2544 Y4.6630
G1 X21.2197 Y4.4908
G1 X21.1799 Y4.3436
G1 X21.1333 Y4.2104
G1 X21.0768 Y4.0815
G1 X21.0134 Y3.9632
G1 X20.9829 Y3.9172
G1 X20.9270 Y3.8455
G1 X20.8570 Y3.7628
G1 X20.7586 Y3.6537
G1 X20.6467 Y3.5346
G1 X20.5150 Y3.3987
G1 X20.3675 Y3.2504
G1 X20.2043 Y3.0898
G1 X20.0263 Y2.9180
G1 X19.8343 Y2.7353
G1 X19.6309 Y2.5441
G1 X19.4140 Y2.3431
G1 X19.1895 Y2.1370
G1 X19.1872 Y2.1353
G1 X18.9508 Y1.9208
G1 X18.9488 Y1.9196
G1 X18.7015 Y1.6976
G1 X18.2075 Y1.2587
G1 X17.9771 Y1.0519
G1 X17.7551 Y0.8514
G1 X17.5430 Y0.6576
G1 X17.3414 Y0.4717
G1 X17.1525 Y0.2950
G1 X16.9760 Y0.1284
G1 X16.8140 Y-0.0271
G1 X16.6673 Y-0.1703
G1 X16.5366 Y-0.3003
G1 X16.4228 Y-0.4167
G1 X16.3267 Y-0.5190
G1 X16.2474 Y-0.6085
G1 X16.1930 Y-0.6766
G1 X16.1822 Y-0.6919
G1 X16.1480 Y-0.7463
G1 X16.1370 Y-0.7681
G1 X16.1313 Y-0.7822
G1 X16.1283 Y-0.7913
G1 X16.1198 Y-0.8246
G1 X16.1144 Y-0.8585
G1 X16.1125 Y-0.8827
G1 X16.1128 Y-0.9050
G1 X16.1155 Y-0.9290
G1 X16.1200 Y-0.9498
G1 X16.1271 Y-0.9726
G1 X16.1348 Y-0.9912
G1 X16.1461 Y-1.0127
G1 X16.1575 Y-1.0305
G1 X16.1728 Y-1.0498
G1 X16.1868 Y-1.0642
G1 X16.2044 Y-1.0798
G1 X16.2210 Y-1.0921
G1 X16.2417 Y-1.1045
G1 X16.2594 Y-1.1130
G1 X16.2810 Y-1.1213
G1 X16.6420 Y-1.2382
G1 X16.6561 Y-1.2416
G1 X16.6822 Y-1.2465
G1 X16.6971 Y-1.2484
G1 X16.7949 Y-1.2546
G1 X16.9106 Y-1.2713
G1 X17.0628 Y-1.3009
G1 X17.2283 Y-1.3392
G1 X17.4164 Y-1.3881
G1 X17.6161 Y-1.4444
G1 X17.6177 Y-1.4448
G1 X17.8216 Y-1.5063
G1 X17.8242 Y-1.5073
G1 X18.0426 Y-1.5770
G1 X18.2624 Y-1.6509
G1 X18.4778 Y-1.7270
G1 X18.6913 Y-1.8062
G1 X18.8976 Y-1.8869
G1 X19.0836 Y-1.9641
G1 X19.2618 Y-2.0430
G1 X19.4150 Y-2.1166
G1 X19.5362 Y-2.1807
G1 X19.7089 Y-2.2897
G1 X19.7083 Y-2.2902
G1 X19.6939 Y-2.3055
G1 X19.6788 Y-2.3250
G1 X19.6672 Y-2.3435
G1 X19.6564 Y-2.3648
G1 X19.6494 Y-2.3827
G1 X19.6424 Y-2.4059
G1 X19.6392 Y-2.4204
G1 X19.6378 Y-2.4282
G1 X19.6355 Y-2.4526
G1 X19.6355 Y-2.4718
G1 X19.6373 Y-2.4951
G1 X19.6406 Y-2.5151
G1 X19.6467 Y-2.5389
G1 X19.6880 Y-2.6674
G1 X19.5020 Y-2.5198
G1 X19.2612 Y-2.3602
G1 X19.2483 Y-2.3529
G1 X19.0009 Y-2.2218
G1 X18.8586 Y-2.1605
G1 X18.6983 Y-2.0969
G1 X18.5231 Y-2.0322
G1 X18.3359 Y-1.9666
G1 X18.1387 Y-1.9009
G1 X17.9358 Y-1.8363
G1 X17.7298 Y-1.7736
G1 X17.5232 Y-1.7131
G1 X17.3196 Y-1.6563
G1 X17.1221 Y-1.6043
G1 X16.9337 Y-1.5573
G1 X16.7567 Y-1.5162
G1 X16.5942 Y-1.4827
G1 X16.4472 Y-1.4567
G1 X16.3151 Y-1.4394
G1 X16.2096 Y-1.4340
G1 X16.1360 Y-1.4352
G1 X16.0762 Y-1.4396
G1 X16.0561 Y-1.4422
G1 X16.0102 Y-1.4508
G1 X15.9971 Y-1.4538
G1 X15.9736 Y-1.4612
G1 X15.9629 Y-1.4652
G1 X15.9156 Y-1.4857
G1 X15.8954 Y-1.4966
G1 X15.8796 Y-1.5070
G1 X15.8607 Y-1.5219
G1 X15.8244 Y-1.5548
G1 X15.8080 Y-1.5728
G1 X15.7959 Y-1.5890
G1 X15.7794 Y-1.6156
G1 X15.7565 Y-1.6610
G1 X15.7482 Y-1.6817
G1 X15.7428 Y-1.6991
G1 X15.7387 Y-1.7169
G1 X15.7283 Y-1.7756
G1 X15.7263 Y-1.7979
G1 X15.7259 Y-1.8095
G1 X15.7267 Y-1.8794
G1 X15.7284 Y-1.8985
G1 X15.7409 Y-1.9913
G1 X15.7623 Y-2.0963
G1 X15.7929 Y-2.2165
G1 X15.8324 Y-2.3554
G1 X15.8809 Y-2.5171
G1 X15.9393 Y-2.7025
G1 X16.0076 Y-2.9150
G1 X16.0864 Y-3.1582
G1 X16.1661 Y-3.3954
G1 X16.2454 Y-3.6151
G1 X16.3251 Y-3.8201
G1 X16.4069 Y-4.0095
G1 X16.4911 Y-4.1859
G1 X16.5794 Y-4.3506
G1 X16.6725 Y-4.5032
G1 X16.7715 Y-4.6449
G1 X16.8769 Y-4.7767
G1 X16.9778 Y-4.8867
G1 X16.8414 Y-4.8128
G1 X16.8189 Y-4.8036
G1 X16.7991 Y-4.7974
G1 X16.7750 Y-4.7923
G1 X16.7545 Y-4.7901
G1 X16.7303 Y-4.7894
G1 X16.7099 Y-4.7910
G1 X16.6860 Y-4.7948
G1 X16.6650 Y-4.8003
G1 X16.6427 Y-4.8084
G1 X16.6244 Y-4.8168
G1 X16.6033 Y-4.8292
G1 X16.5863 Y-4.8415
G1 X16.5680 Y-4.8574
G1 X16.5539 Y-4.8720
G1 X16.5465 Y-4.8814
G1 X16.4728 Y-4.7861
G1 X16.4024 Y-4.6862
G1 X16.3302 Y-4.5727
G1 X16.2501 Y-4.4361
G1 X16.1737 Y-4.2958
G1 X16.0991 Y-4.1484
G1 X16.0221 Y-3.9865
G1 X15.9491 Y-3.8233
G1 X15.8760 Y-3.6495
G1 X15.8060 Y-3.4728
G1 X15.7372 Y-3.2887
G1 X15.6727 Y-3.1048
G1 X15.6124 Y-2.9199
G1 X15.5560 Y-2.7342
G1 X15.5045 Y-2.5502
G1 X15.4587 Y-2.3701
G1 X15.4167 Y-2.1869
G1 X15.3312 Y-1.7912
G1 X15.3234 Y-1.7676
G1 X15.3150 Y-1.7483
G1 X15.3034 Y-1.7270
G1 X15.2916 Y-1.7098
G1 X15.2760 Y-1.6908
G1 X15.2617 Y-1.6765
G1 X15.2435 Y-1.6610
G1 X15.2267 Y-1.6493
G1 X15.2055 Y-1.6372
G1 X15.1886 Y-1.6295
G1 X15.3643 Y-1.6828
G1 X15.4075 Y-1.6800
G1 X15.4152 Y-1.6790
G1 X15.4460 Y-1.6735
G1 X15.4703 Y-1.6666
G1 X15.4909 Y-1.6593
G1 X15.5020 Y-1.6545
G1 X15.5206 Y-1.6454
G1 X15.5328 Y-1.6386
G1 X15.5625 Y-1.6195
G1 X15.5761 Y-1.6090
G1 X15.8166 Y-1.4098
G1 X15.8224 Y-1.4045
G1 X15.8435 Y-1.3825
G1 X15.8599 Y-1.3622
G1 X15.8722 Y-1.3444
G1 X15.8784 Y-1.3340
G1 X15.8879 Y-1.3162
G1 X15.8934 Y-1.3044
G1 X15.9051 Y-1.2748
G1 X15.9103 Y-1.2587
G1 X16.0155 Y-0.8798
G1 X16.0173 Y-0.8722
G1 X16.0221 Y-0.8408
G1 X16.0235 Y-0.8158
G1 X16.0231 Y-0.7847
G1 X16.0200 Y-0.7592
G1 X16.0146 Y-0.7310
G1 X15.9742 Y-0.5711
G1 X15.9632 Y-0.5416
G1 X15.9513 Y-0.5168
G1 X15.9388 Y-0.4954
G1 X15.9345 Y-0.4888
G1 X15.9280 Y-0.4800
G1 X15.9318 Y-0.4798
G1 X15.9600 Y-0.4754
G1 X15.9899 Y-0.4677
G1 X16.0159 Y-0.4587
G1 X16.0382 Y-0.4488
G1 X16.0452 Y-0.4453
G1 X16.0679 Y-0.4320
G1 X16.0924 Y-0.4148
G1 X16.1060 Y-0.4038
G1 X16.1155 Y-0.3952
G1 X16.1405 Y-0.3694
G1 X16.4239 Y-0.0368
G1 X16.4526 Y-0.0053
G1 X16.4986 Y0.0410
G1 X16.5664 Y0.1061
G1 X16.6503 Y0.1848
G1 X16.7432 Y0.2702
G1 X16.7456 Y0.2720
G1 X16.8558 Y0.3716
G1 X16.9760 Y0.4789
G1 X17.1076 Y0.5950
G1 X17.2486 Y0.7182
G1 X17.3984 Y0.8480
G1 X17.5544 Y0.9827
G1 X17.5545 Y0.9829
G1 X17.7178 Y1.1223
G1 X17.8860 Y1.2652
G1 X18.0585 Y1.4106
G1 X18.2338 Y1.5576
G1 X18.5949 Y1.8582
G1 X18.7694 Y2.0051
G1 X18.9355 Y2.1464
G1 X19.0941 Y2.2829
G1 X19.2445 Y2.4146
G1 X19.3874 Y2.5417
G1 X19.5230 Y2.6644
G1 X19.6516 Y2.7834
G1 X19.7732 Y2.8989
G1 X19.8886 Y3.0114
G1 X19.9969 Y3.1203
G1 X20.0997 Y3.2273
G1 X20.1962 Y3.3317
G1 X20.2868 Y3.4342
G1 X20.3716 Y3.5348
G1 X20.4510 Y3.6339
G1 X20.5258 Y3.7324
G1 X20.5952 Y3.8302
G1 X20.6595 Y3.9276
G1 X20.7184 Y4.0242
G1 X20.7731 Y4.1211
G1 X20.8228 Y4.2177
G1 X20.8680 Y4.3148
G1 X20.9087 Y4.4123
G1 X20.9449 Y4.5098
G1 X20.9768 Y4.6079
G1 X21.0050 Y4.7064
G1 X21.0292 Y4.8059
G1 X21.0505 Y4.9070
G1 X21.0677 Y5.0073
G1 X21.0716 Y5.0341
G1 X21.0860 Y5.0197
G1 X21.1093 Y5.0002
G1 X21.1331 Y4.9838
G1 X21.1610 Y4.9685
G1 X21.1848 Y4.9582
G1 X21.2144 Y4.9482
G1 X21.2157 Y4.9479
G1 X21.2063 Y4.8552
G1 X21.1799 Y4.6740
G1 X21.1465 Y4.5081
G1 X21.1081 Y4.3662
G1 X21.0636 Y4.2387
G1 X21.0085 Y4.1131
G1 X20.9494 Y4.0027
G1 X20.9221 Y3.9616
G1 X20.8686 Y3.8929
G1 X20.7997 Y3.8116
G1 X20.7039 Y3.7052
G1 X20.5928 Y3.5870
G1 X20.4617 Y3.4517
G1 X20.3148 Y3.3041
G1 X20.1521 Y3.1439
G1 X19.9744 Y2.9724
G1 X19.7828 Y2.7900
G1 X19.5798 Y2.5994
G1 X19.3629 Y2.3983
G1 X19.1401 Y2.1937
G1 X19.1368 Y2.1910
G1 X18.9028 Y1.9788
G1 X18.8985 Y1.9756
G1 X18.6512 Y1.7536
G1 X18.1574 Y1.3147
G1 X17.9266 Y1.1078
G1 X17.7043 Y0.9069
G1 X17.4921 Y0.7128
G1 X17.2900 Y0.5266
G1 X17.1009 Y0.3498
G1 X16.9240 Y0.1827
G1 X16.7615 Y0.0267
G1 X16.6143 Y-0.1170
G1 X16.4828 Y-0.2478
G1 X16.3680 Y-0.3653
G1 X16.2704 Y-0.4692
G1 X16.1887 Y-0.5615
G1 X16.1316 Y-0.6331
G1 X16.1185 Y-0.6519
G1 X16.0808 Y-0.7124
G1 X16.0673 Y-0.7399
G1 X16.0600 Y-0.7585
G1 X16.0553 Y-0.7729
G1 X16.0455 Y-0.8128
G1 X16.0394 Y-0.8526
G1 X16.0373 Y-0.8838
G1 X16.0382 Y-0.9134
G1 X16.0420 Y-0.9448
G1 X16.0482 Y-0.9724
G1 X16.0576 Y-1.0011
G1 X16.0682 Y-1.0262
G1 X16.0829 Y-1.0533
G1 X16.0986 Y-1.0773
G1 X16.1187 Y-1.1020
G1 X16.1370 Y-1.1206
G1 X16.1598 Y-1.1403
G1 X16.1823 Y-1.1565
G1 X16.2092 Y-1.1723
G1 X16.2325 Y-1.1832
G1 X16.2578 Y-1.1927
G1 X16.6247 Y-1.3114
G1 X16.6421 Y-1.3154
G1 X16.6727 Y-1.3211
G1 X16.6922 Y-1.3233
G1 X16.7852 Y-1.3292
G1 X16.8988 Y-1.3456
G1 X17.0484 Y-1.3748
G1 X17.2112 Y-1.4125
G1 X17.3960 Y-1.4605
G1 X17.5959 Y-1.5167
G1 X17.7966 Y-1.5773
G1 X17.8014 Y-1.5790
G1 X18.0187 Y-1.6483
G1 X18.2385 Y-1.7222
G1 X18.4516 Y-1.7974
G1 X18.6639 Y-1.8762
G1 X18.8702 Y-1.9569
G1 X19.0532 Y-2.0328
G1 X19.2293 Y-2.1108
G1 X19.3808 Y-2.1835
G1 X19.5001 Y-2.2467
G1 X19.6001 Y-2.3097
G1 X19.5863 Y-2.3373
G1 X19.5774 Y-2.3610
G1 X19.5690 Y-2.3898
G1 X19.5652 Y-2.4068
G1 X19.5628 Y-2.4213
G1 X19.5604 Y-2.4526
G1 X19.5606 Y-2.4705
G1 X19.5435 Y-2.4571
G1 X19.2983 Y-2.2948
G1 X19.2835 Y-2.2865
G1 X19.0306 Y-2.1526
G1 X18.8863 Y-2.0906
G1 X18.7244 Y-2.0265
G1 X18.5479 Y-1.9612
G1 X18.3596 Y-1.8953
G1 X18.1615 Y-1.8293
G1 X17.9578 Y-1.7644
G1 X17.7509 Y-1.7015
G1 X17.5434 Y-1.6407
G1 X17.3387 Y-1.5835
G1 X17.1402 Y-1.5313
G1 X16.9507 Y-1.4841
G1 X16.7720 Y-1.4426
G1 X16.6073 Y-1.4087
G1 X16.4570 Y-1.3822
G1 X16.3189 Y-1.3642
G1 X16.2083 Y-1.3589
G1 X16.1306 Y-1.3603
G1 X16.0662 Y-1.3651
G1 X16.0423 Y-1.3684
G1 X15.9931 Y-1.3776
G1 X15.9748 Y-1.3821
G1 X15.9473 Y-1.3907
G1 X15.9330 Y-1.3963
G1 X15.8796 Y-1.4196
G1 X15.8542 Y-1.4338
G1 X15.8330 Y-1.4479
G1 X15.8103 Y-1.4661
G1 X15.7689 Y-1.5042
G1 X15.7477 Y-1.5278
G1 X15.7321 Y-1.5492
G1 X15.7122 Y-1.5818
G1 X15.6866 Y-1.6332
G1 X15.6764 Y-1.6593
G1 X15.6695 Y-1.6821
G1 X15.6647 Y-1.7039
G1 X15.6535 Y-1.7686
G1 X15.6511 Y-1.7959
G1 X15.6508 Y-1.8104
G1 X15.6519 Y-1.8862
G1 X15.6539 Y-1.9085
G1 X15.6672 Y-2.0064
G1 X15.6895 Y-2.1148
G1 X15.7207 Y-2.2370
G1 X15.7605 Y-2.3771
G1 X15.8091 Y-2.5397
G1 X15.8677 Y-2.7256
G1 X15.9362 Y-2.9382
G1 X16.0151 Y-3.1820
G1 X16.0954 Y-3.4209
G1 X16.1753 Y-3.6423
G1 X16.2560 Y-3.8498
G1 X16.3391 Y-4.0417
G1 X16.4249 Y-4.2214
G1 X16.5153 Y-4.3898
G1 X16.6109 Y-4.5461
G1 X16.7128 Y-4.6919
G1 X16.7308 Y-4.7143
G1 X16.7244 Y-4.7145
G1 X16.6980 Y-4.7167
G1 X16.6673 Y-4.7219
G1 X16.6393 Y-4.7296
G1 X16.6113 Y-4.7401
G1 X16.5864 Y-4.7519
G1 X16.5593 Y-4.7683
G1 X16.5560 Y-4.7706
G1 X16.5323 Y-4.7401
G1 X16.4660 Y-4.6457
G1 X16.3937 Y-4.5322
G1 X16.3151 Y-4.3981
G1 X16.2398 Y-4.2598
G1 X16.1669 Y-4.1161
G1 X16.1670 Y-4.1161
G1 X16.0900 Y-3.9542
G1 X16.0184 Y-3.7941
G1 X15.9454 Y-3.6203
G1 X15.8760 Y-3.4454
G1 X15.8077 Y-3.2624
G1 X15.7437 Y-3.0800
G1 X15.6839 Y-2.8967
G1 X15.6279 Y-2.7124
G1 X15.5769 Y-2.5300
G1 X15.5316 Y-2.3516
G1 X15.4900 Y-2.1709
G1 X15.4902 Y-2.1709
G1 X15.4048 Y-1.7753
G1 X15.4027 Y-1.7677
G1 X15.3924 Y-1.7373
G1 X15.3810 Y-1.7123
G1 X15.3654 Y-1.6845
G1 X15.3643 Y-1.6828
G1 X15.4738 Y-1.7437
G1 X15.4956 Y-1.7375
G1 X15.5204 Y-1.7284
G1 X15.5349 Y-1.7222
G1 X15.5572 Y-1.7110
G1 X15.5736 Y-1.7018
G1 X15.5906 Y-1.6908
G1 X15.5905 Y-1.6911
G1 X15.5785 Y-1.7621
G1 X15.5760 Y-1.7943
G1 X15.5757 Y-1.8115
G1 X15.5771 Y-1.8933
G1 X15.5795 Y-1.9186
G1 X15.5935 Y-2.0215
G1 X15.6166 Y-2.1334
G1 X15.6484 Y-2.2575
G1 X15.6883 Y-2.3987
G1 X15.7373 Y-2.5623
G1 X15.7961 Y-2.7487
G1 X15.8647 Y-2.9615
G1 X15.9438 Y-3.2061
G1 X16.0248 Y-3.4464
G1 X16.1053 Y-3.6695
G1 X16.1870 Y-3.8797
G1 X16.2713 Y-4.0742
G1 X16.3587 Y-4.2569
G1 X16.4511 Y-4.4292
G1 X16.5493 Y-4.5892
G1 X16.6014 Y-4.6636
G1 X16.5791 Y-4.6721
G1 X16.5770 Y-4.6731
G1 X16.5294 Y-4.6053
G1 X16.4572 Y-4.4918
G1 X16.3800 Y-4.3600
G1 X16.3058 Y-4.2238
G1 X16.2357 Y-4.0855
G1 X16.2350 Y-4.0838
G1 X16.1580 Y-3.9219
G1 X16.0878 Y-3.7650
G1 X16.0148 Y-3.5912
G1 X15.9465 Y-3.4192
G1 X15.8782 Y-3.2362
G1 X15.8147 Y-3.0552
G1 X15.7553 Y-2.8733
G1 X15.6998 Y-2.6906
G1 X15.6494 Y-2.5098
G1 X15.6044 Y-2.3332
G1 X15.5640 Y-2.1575
G1 X15.5637 Y-2.1550
G1 X15.4773 Y-1.7556
G1 X15.4738 Y-1.7437
G1 X15.8031 Y-1.7828
G1 X15.8013 Y-1.8010
G1 X15.8010 Y-1.8087
G1 X15.8017 Y-1.8732
G1 X15.8029 Y-1.8886
G1 X15.8145 Y-1.9763
G1 X15.8352 Y-2.0779
G1 X15.8652 Y-2.1959
G1 X15.9043 Y-2.3338
G1 X15.9527 Y-2.4945
G1 X16.0110 Y-2.6796
G1 X16.0791 Y-2.8917
G1 X16.1577 Y-3.1343
G1 X16.2368 Y-3.3700
G1 X16.3154 Y-3.5879
G1 X16.3942 Y-3.7903
G1 X16.4747 Y-3.9771
G1 X16.5573 Y-4.1505
G1 X16.6435 Y-4.3115
G1 X16.7343 Y-4.4602
G1 X16.8303 Y-4.5979
G1 X16.9323 Y-4.7260
G1 X17.0408 Y-4.8443
G1 X17.1565 Y-4.9547
G1 X17.2798 Y-5.0567
G1 X17.4110 Y-5.1525
G1 X17.5510 Y-5.2433
G1 X17.7006 Y-5.3299
G1 X17.8627 Y-5.4149
G1 X18.1290 Y-5.5377
G1 X18.4138 Y-5.6490
G1 X18.7093 Y-5.7473
G1 X19.0081 Y-5.8306
G1 X19.3029 Y-5.8968
G1 X19.5868 Y-5.9442
G1 X19.8531 Y-5.9701
G1 X20.0896 Y-5.9722
G1 X20.4080 Y-5.9491
G1 X20.4160 Y-5.9482
G1 X20.4362 Y-5.9445
G1 X20.4445 Y-5.9424
G1 X20.6254 Y-5.8879
G1 X20.6415 Y-5.8813
G1 X20.6536 Y-5.8750
G1 X20.6681 Y-5.8657
G1 X20.6794 Y-5.8570
G1 X20.6920 Y-5.8451
G1 X20.6986 Y-5.8379
G1 X20.7086 Y-5.8251
G1 X20.7925 Y-5.7050
G1 X20.8010 Y-5.6901
G1 X20.8072 Y-5.6754
G1 X20.8145 Y-5.6518
G1 X20.8169 Y-5.6420
G1 X20.8516 Y-5.4339
G1 X20.8526 Y-5.4257
G1 X20.8536 Y-5.3985
G1 X20.8439 Y-5.1860
G1 X20.8409 Y-5.1647
G1 X20.7798 Y-4.8763
G1 X20.6792 Y-4.5459
G1 X20.5474 Y-4.1923
G1 X20.3926 Y-3.8347
G1 X20.2220 Y-3.4932
G1 X20.0496 Y-3.1974
G1 X20.0425 Y-3.1867
G1 X19.8714 Y-2.9494
G1 X19.8577 Y-2.9336
G1 X19.6945 Y-2.7695
G1 X19.6830 Y-2.7592
G1 X19.4605 Y-2.5825
G1 X19.2238 Y-2.4255
G1 X19.2130 Y-2.4193
G1 X18.9711 Y-2.2908
G1 X18.8309 Y-2.2303
G1 X18.6722 Y-2.1675
G1 X18.4982 Y-2.1032
G1 X18.3120 Y-2.0379
G1 X18.1160 Y-1.9725
G1 X17.9138 Y-1.9082
G1 X17.7086 Y-1.8457
G1 X17.5029 Y-1.7855
G1 X17.3004 Y-1.7290
G1 X17.1039 Y-1.6771
G1 X16.9167 Y-1.6305
G1 X16.7414 Y-1.5899
G1 X16.5811 Y-1.5567
G1 X16.4373 Y-1.5312
G1 X16.3110 Y-1.5145
G1 X16.2108 Y-1.5091
G1 X16.1413 Y-1.5102
G1 X16.0859 Y-1.5140
G1 X16.0700 Y-1.5161
G1 X16.0266 Y-1.5242
G1 X16.0187 Y-1.5260
G1 X15.9996 Y-1.5317
G1 X15.9923 Y-1.5344
G1 X15.9509 Y-1.5520
G1 X15.9357 Y-1.5602
G1 X15.9256 Y-1.5666
G1 X15.9108 Y-1.5780
G1 X15.8793 Y-1.6062
G1 X15.8675 Y-1.6188
G1 X15.8595 Y-1.6292
G1 X15.8464 Y-1.6498
G1 X15.8260 Y-1.6896
G1 X15.8195 Y-1.7055
G1 X15.8160 Y-1.7160
G1 X15.8127 Y-1.7305
G1 X15.8031 Y-1.7828
G1 X15.8779 Y-1.7900
G1 X15.8761 Y-1.8081
G1 X15.8766 Y-1.8678
G1 X15.8774 Y-1.8790
G1 X15.8882 Y-1.9614
G1 X15.9081 Y-2.0594
G1 X15.9376 Y-2.1755
G1 X15.9763 Y-2.3121
G1 X16.0245 Y-2.4719
G1 X16.0826 Y-2.6567
G1 X16.1505 Y-2.8685
G1 X16.2289 Y-3.1104
G1 X16.3075 Y-3.3445
G1 X16.3854 Y-3.5607
G1 X16.4632 Y-3.7605
G1 X16.5425 Y-3.9448
G1 X16.6237 Y-4.1150
G1 X16.7078 Y-4.2724
G1 X16.7960 Y-4.4172
G1 X16.8891 Y-4.5512
G1 X16.9878 Y-4.6751
G1 X17.0927 Y-4.7899
G1 X17.2046 Y-4.8967
G1 X17.3242 Y-4.9960
G1 X17.4519 Y-5.0894
G1 X17.5887 Y-5.1782
G1 X17.7355 Y-5.2634
G1 X17.8941 Y-5.3466
G1 X18.1564 Y-5.4677
G1 X18.4375 Y-5.5777
G1 X18.7295 Y-5.6750
G1 X19.0247 Y-5.7572
G1 X19.3154 Y-5.8226
G1 X19.5942 Y-5.8694
G1 X19.8539 Y-5.8950
G1 X20.0841 Y-5.8973
G1 X20.4026 Y-5.8742
G1 X20.4229 Y-5.8705
G1 X20.5971 Y-5.8182
G1 X20.6132 Y-5.8116
G1 X20.6276 Y-5.8024
G1 X20.6402 Y-5.7905
G1 X20.6471 Y-5.7820
G1 X20.7269 Y-5.6681
G1 X20.7354 Y-5.6532
G1 X20.7427 Y-5.6296
G1 X20.7774 Y-5.4214
G1 X20.7785 Y-5.4018
G1 X20.7693 Y-5.1954
G1 X20.7674 Y-5.1803
G1 X20.7079 Y-4.8981
G1 X20.6087 Y-4.5722
G1 X20.4784 Y-4.2223
G1 X20.3253 Y-3.8683
G1 X20.1571 Y-3.5310
G1 X19.9865 Y-3.2382
G1 X19.9815 Y-3.2306
G1 X19.8139 Y-2.9979
G1 X19.8044 Y-2.9866
G1 X19.6443 Y-2.8254
G1 X19.6362 Y-2.8181
G1 X19.4189 Y-2.6453
G1 X19.1855 Y-2.4902
G1 X19.1777 Y-2.4856
G1 X18.9414 Y-2.3599
G1 X18.8032 Y-2.3002
G1 X18.6461 Y-2.2380
G1 X18.4734 Y-2.1741
G1 X18.2882 Y-2.1092
G1 X18.0932 Y-2.0441
G1 X17.8919 Y-1.9802
G1 X17.6874 Y-1.9177
G1 X17.4828 Y-1.8579
G1 X17.2811 Y-1.8018
G1 X17.0858 Y-1.7500
G1 X16.8998 Y-1.7037
G1 X16.7261 Y-1.6636
G1 X16.5680 Y-1.6307
G1 X16.4274 Y-1.6057
G1 X16.3066 Y-1.5896
G1 X16.2120 Y-1.5842
G1 X16.1464 Y-1.5852
G1 X16.0947 Y-1.5887
G1 X16.0838 Y-1.5899
G1 X16.0404 Y-1.5980
G1 X16.0213 Y-1.6038
G1 X15.9863 Y-1.6184
G1 X15.9710 Y-1.6265
G1 X15.9605 Y-1.6345
G1 X15.9342 Y-1.6575
G1 X15.9224 Y-1.6701
G1 X15.9131 Y-1.6846
G1 X15.8956 Y-1.7181
G1 X15.8890 Y-1.7340
G1 X15.8865 Y-1.7443
G1 X15.8779 Y-1.7900
; Retract
G1 Z3.0400 F2540

; Path 31
; Rapid to initial position
G1 X15.9739 Y-1.3049 F2540
G1 Z0.5000
; plunge
G1 Z-2.6750 F127
; cut
G1 X15.9766 Y-1.2982 F1016
G1 X15.9828 Y-1.2788
G1 X16.0299 Y-1.1093
G1 X16.0402 Y-1.1247
G1 X16.0650 Y-1.1547
G1 X16.0877 Y-1.1774
G1 X16.1158 Y-1.2015
G1 X16.1443 Y-1.2215
G1 X16.1776 Y-1.2404
G1 X16.2059 Y-1.2535
G1 X16.2347 Y-1.2643
G1 X16.3098 Y-1.2885
G1 X16.2068 Y-1.2837
G1 X16.1251 Y-1.2853
G1 X16.0556 Y-1.2906
G1 X16.0284 Y-1.2946
G1 X15.9753 Y-1.3046
G1 X15.9739 Y-1.3049
G1 X16.0601 Y-0.6043
G1 X16.0471 Y-0.5526
G1 X16.0447 Y-0.5448
G1 X16.0391 Y-0.5300
G1 X16.0463 Y-0.5275
G1 X16.0717 Y-0.5162
G1 X16.0832 Y-0.5101
G1 X16.1110 Y-0.4936
G1 X16.1398 Y-0.4732
G1 X16.1563 Y-0.4597
G1 X16.1694 Y-0.4476
G1 X16.1978 Y-0.4181
G1 X16.4796 Y-0.0874
G1 X16.5083 Y-0.0559
G1 X16.5506 Y-0.0132
G1 X16.6178 Y0.0512
G1 X16.7012 Y0.1294
G1 X16.7927 Y0.2135
G1 X16.7960 Y0.2161
G1 X16.9063 Y0.3157
G1 X17.0258 Y0.4225
G1 X17.1571 Y0.5384
G1 X17.2980 Y0.6614
G1 X17.4476 Y0.7911
G1 X17.6032 Y0.9259
G1 X17.6034 Y0.9257
G1 X17.7665 Y1.0650
G1 X17.7740 Y1.0713
G1 X17.6535 Y0.9625
G1 X17.4412 Y0.7680
G1 X17.2386 Y0.5815
G1 X17.0494 Y0.4045
G1 X16.8719 Y0.2369
G1 X16.7090 Y0.0805
G1 X16.5613 Y-0.0637
G1 X16.4290 Y-0.1953
G1 X16.3133 Y-0.3137
G1 X16.2140 Y-0.4194
G1 X16.1300 Y-0.5146
G1 X16.0698 Y-0.5902
G1 X16.0601 Y-0.6043
G1 X15.9557 Y-0.3209
G1 X15.9716 Y-0.3141
G1 X15.9836 Y-0.3075
G1 X15.9979 Y-0.2979
G1 X16.0087 Y-0.2892
G1 X16.0259 Y-0.2720
G1 X16.3110 Y0.0625
G1 X16.3435 Y0.0983
G1 X16.3945 Y0.1495
G1 X16.4635 Y0.2159
G1 X16.5484 Y0.2955
G1 X16.6445 Y0.3838
G1 X16.6447 Y0.3837
G1 X16.7549 Y0.4833
G1 X16.8764 Y0.5915
G1 X17.0086 Y0.7083
G1 X17.1499 Y0.8318
G1 X17.3001 Y0.9620
G1 X17.4560 Y1.0967
G1 X17.4568 Y1.0971
G1 X17.6204 Y1.2369
G1 X17.7890 Y1.3801
G1 X17.9616 Y1.5257
G1 X18.1373 Y1.6729
G1 X18.4981 Y1.9734
G1 X18.6721 Y2.1197
G1 X18.8374 Y2.2603
G1 X18.9951 Y2.3961
G1 X19.1445 Y2.5269
G1 X19.2865 Y2.6531
G1 X19.4209 Y2.7749
G1 X19.5482 Y2.8927
G1 X19.6682 Y3.0066
G1 X19.7820 Y3.1173
G1 X19.8887 Y3.2248
G1 X19.9893 Y3.3293
G1 X20.0835 Y3.4314
G1 X20.1719 Y3.5311
G1 X20.2543 Y3.6289
G1 X20.3313 Y3.7248
G1 X20.4033 Y3.8197
G1 X20.4698 Y3.9133
G1 X20.5312 Y4.0061
G1 X20.5875 Y4.0980
G1 X20.6394 Y4.1898
G1 X20.6865 Y4.2814
G1 X20.7292 Y4.3727
G1 X20.7677 Y4.4647
G1 X20.8019 Y4.5565
G1 X20.8323 Y4.6493
G1 X20.8589 Y4.7423
G1 X20.8821 Y4.8368
G1 X20.9022 Y4.9324
G1 X20.9187 Y5.0284
G1 X20.9329 Y5.1271
G1 X20.9445 Y5.2297
G1 X20.9687 Y5.5743
G1 X20.9687 Y5.5913
G1 X20.9541 Y5.8291
G1 X20.9528 Y5.8390
G1 X20.9479 Y5.8641
G1 X20.9450 Y5.8743
G1 X20.8823 Y6.0538
G1 X20.8751 Y6.0695
G1 X20.8694 Y6.0801
G1 X20.8591 Y6.0953
G1 X20.7467 Y6.2410
G1 X20.7416 Y6.2468
G1 X20.7230 Y6.2658
G1 X20.5153 Y6.4437
G1 X20.4973 Y6.4562
G1 X20.2630 Y6.5968
G1 X20.2441 Y6.6061
G1 X19.9883 Y6.7088
G1 X19.9694 Y6.7147
G1 X19.6982 Y6.7789
G1 X19.6799 Y6.7816
G1 X19.4008 Y6.8057
G1 X19.3812 Y6.8061
G1 X19.0977 Y6.7897
G1 X19.0793 Y6.7870
G1 X18.7996 Y6.7292
G1 X18.7799 Y6.7235
G1 X18.5094 Y6.6234
G1 X18.4938 Y6.6162
G1 X18.3075 Y6.5177
G1 X18.2963 Y6.5112
G1 X18.1012 Y6.3824
G1 X17.9091 Y6.2322
G1 X17.7208 Y6.0629
G1 X17.5377 Y5.8765
G1 X17.3608 Y5.6752
G1 X17.1910 Y5.4606
G1 X17.0303 Y5.2351
G1 X16.8801 Y5.0009
G1 X16.7410 Y4.7598
G1 X16.6146 Y4.5134
G1 X16.5030 Y4.2643
G1 X16.4071 Y4.0140
G1 X16.3288 Y3.7643
G1 X16.2695 Y3.5173
G1 X16.2320 Y3.2829
G1 X16.2120 Y3.1191
G1 X16.1878 Y2.9304
G1 X16.1879 Y2.9304
G1 X16.1601 Y2.7244
G1 X16.1298 Y2.5072
G1 X16.0980 Y2.2848
G1 X16.0980 Y2.2824
G1 X16.0660 Y2.0661
G1 X16.0340 Y1.8551
G1 X16.0340 Y1.8544
G1 X16.0034 Y1.6610
G1 X16.0036 Y1.6610
G1 X15.9731 Y1.4713
G1 X15.9422 Y1.2762
G1 X15.8823 Y0.8937
G1 X15.8308 Y0.5573
G1 X15.8103 Y0.4201
G1 X15.7940 Y0.3109
G1 X15.7289 Y-0.1455
G1 X15.7281 Y-0.1629
G1 X15.7288 Y-0.1761
G1 X15.7310 Y-0.1931
G1 X15.7340 Y-0.2069
G1 X15.7394 Y-0.2233
G1 X15.7452 Y-0.2364
G1 X15.7536 Y-0.2515
G1 X15.7609 Y-0.2622
G1 X15.7717 Y-0.2755
G1 X15.7816 Y-0.2857
G1 X15.7948 Y-0.2968
G1 X15.8063 Y-0.3048
G1 X15.8214 Y-0.3134
G1 X15.8335 Y-0.3189
G1 X15.8497 Y-0.3247
G1 X15.8637 Y-0.3280
G1 X15.8809 Y-0.3306
G1 X15.8946 Y-0.3314
G1 X15.9118 Y-0.3307
G1 X15.9256 Y-0.3290
G1 X15.9425 Y-0.3252
G1 X15.9557 Y-0.3209
G1 X15.9259 Y-0.2518
G1 X15.9419 Y-0.2449
G1 X15.9562 Y-0.2354
G1 X15.9686 Y-0.2233
G1 X16.2536 Y0.1112
G1 X16.2902 Y0.1513
G1 X16.3424 Y0.2038
G1 X16.4122 Y0.2708
G1 X16.4970 Y0.3504
G1 X16.5942 Y0.4395
G1 X16.7045 Y0.5391
G1 X16.8266 Y0.6479
G1 X16.9591 Y0.7650
G1 X17.1006 Y0.8886
G1 X17.2509 Y1.0190
G1 X17.4078 Y1.1544
G1 X17.4080 Y1.1542
G1 X17.5717 Y1.2942
G1 X17.7402 Y1.4374
G1 X17.9134 Y1.5833
G1 X18.0893 Y1.7307
G1 X18.4497 Y2.0310
G1 X18.6234 Y2.1769
G1 X18.7884 Y2.3173
G1 X18.9456 Y2.4526
G1 X19.0946 Y2.5831
G1 X19.2361 Y2.7088
G1 X19.3697 Y2.8301
G1 X19.4964 Y2.9472
G1 X19.6158 Y3.0605
G1 X19.7286 Y3.1703
G1 X19.8345 Y3.2768
G1 X19.9341 Y3.3804
G1 X20.0272 Y3.4812
G1 X20.1144 Y3.5797
G1 X20.1957 Y3.6760
G1 X20.2715 Y3.7703
G1 X20.3420 Y3.8633
G1 X20.4071 Y3.9548
G1 X20.4671 Y4.0453
G1 X20.5221 Y4.1349
G1 X20.5726 Y4.2242
G1 X20.6184 Y4.3132
G1 X20.6598 Y4.4019
G1 X20.6972 Y4.4910
G1 X20.7305 Y4.5801
G1 X20.7601 Y4.6700
G1 X20.7858 Y4.7604
G1 X20.8086 Y4.8522
G1 X20.8280 Y4.9452
G1 X20.8442 Y5.0392
G1 X20.8583 Y5.1355
G1 X20.8695 Y5.2349
G1 X20.8936 Y5.5743
G1 X20.8936 Y5.5867
G1 X20.8789 Y5.8245
G1 X20.8740 Y5.8496
G1 X20.8138 Y6.0227
G1 X20.8067 Y6.0385
G1 X20.7996 Y6.0494
G1 X20.6872 Y6.1950
G1 X20.6740 Y6.2088
G1 X20.4716 Y6.3826
G1 X20.4586 Y6.3918
G1 X20.2291 Y6.5296
G1 X20.2160 Y6.5363
G1 X19.9656 Y6.6372
G1 X19.9521 Y6.6415
G1 X19.6868 Y6.7046
G1 X19.6734 Y6.7066
G1 X19.3991 Y6.7306
G1 X19.3855 Y6.7309
G1 X19.1081 Y6.7152
G1 X19.0944 Y6.7133
G1 X18.8197 Y6.6568
G1 X18.8061 Y6.6530
G1 X18.5403 Y6.5548
G1 X18.5290 Y6.5497
G1 X18.3453 Y6.4528
G1 X18.3377 Y6.4483
G1 X18.1475 Y6.3230
G1 X17.9594 Y6.1764
G1 X17.7744 Y6.0102
G1 X17.5942 Y5.8269
G1 X17.4197 Y5.6286
G1 X17.2523 Y5.4170
G1 X17.0936 Y5.1945
G1 X16.9451 Y4.9633
G1 X16.8078 Y4.7254
G1 X16.6832 Y4.4827
G1 X16.5732 Y4.2375
G1 X16.4788 Y3.9914
G1 X16.4018 Y3.7466
G1 X16.3437 Y3.5054
G1 X16.3066 Y3.2738
G1 X16.2866 Y3.1096
G1 X16.2624 Y2.9208
G1 X16.2345 Y2.7141
G1 X16.2043 Y2.4965
G1 X16.1725 Y2.2742
G1 X16.1726 Y2.2742
G1 X16.1404 Y2.0549
G1 X16.1083 Y1.8438
G1 X16.1085 Y1.8438
G1 X16.0778 Y1.6492
G1 X16.0474 Y1.4595
G1 X16.0165 Y1.2646
G1 X15.9567 Y0.8823
G1 X15.9051 Y0.5462
G1 X15.8846 Y0.4091
G1 X15.8685 Y0.3003
G1 X15.8041 Y-0.1490
G1 X15.8033 Y-0.1664
G1 X15.8055 Y-0.1834
G1 X15.8109 Y-0.1998
G1 X15.8193 Y-0.2149
G1 X15.8301 Y-0.2283
G1 X15.8434 Y-0.2394
G1 X15.8585 Y-0.2480
G1 X15.8747 Y-0.2537
G1 X15.8919 Y-0.2563
G1 X15.9091 Y-0.2557
G1 X15.9259 Y-0.2518
G1 X15.6395 Y-0.3501
G1 X15.6294 Y-0.3510
G1 X15.6032 Y-0.3554
G1 X15.5793 Y-0.3615
G1 X15.5719 Y-0.3639
G1 X15.5483 Y-0.3726
G1 X15.5209 Y-0.3852
G1 X15.5048 Y-0.3941
G1 X15.4940 Y-0.4011
G1 X15.4699 Y-0.4188
G1 X15.4514 Y-0.4349
G1 X15.4337 Y-0.4525
G1 X15.3554 Y-0.5387
G1 X15.3554 Y-0.4826
G1 X15.3659 Y-0.2717
G1 X15.3919 Y-0.0198
G1 X15.4332 Y0.2792
G1 X15.4826 Y0.5640
G1 X15.4832 Y0.5662
G1 X15.5138 Y0.7344
G1 X15.5489 Y0.9442
G1 X15.5872 Y1.1880
G1 X15.6280 Y1.4584
G1 X15.6691 Y1.7465
G1 X15.7100 Y2.0442
G1 X15.7499 Y2.3434
G1 X15.7967 Y2.7149
G1 X15.8076 Y2.7052
G1 X15.8278 Y2.6903
G1 X15.8545 Y2.6738
G1 X15.8785 Y2.6620
G1 X15.9061 Y2.6512
G1 X15.9223 Y2.6461
G1 X15.9358 Y2.6426
G1 X15.9677 Y2.6369
G1 X15.9934 Y2.6349
G1 X15.9958 Y2.6349
G1 X15.9809 Y2.5285
G1 X15.9484 Y2.3001
G1 X15.9482 Y2.2970
G1 X15.9174 Y2.0888
G1 X15.8854 Y1.8779
G1 X15.8548 Y1.6820
G1 X15.8244 Y1.4948
G1 X15.7935 Y1.2994
G1 X15.7337 Y0.9166
G1 X15.6821 Y0.5796
G1 X15.6616 Y0.4422
G1 X15.6451 Y0.3321
G1 X15.5793 Y-0.1315
G1 X15.5787 Y-0.1396
G1 X15.5781 Y-0.1714
G1 X15.5798 Y-0.1959
G1 X15.5840 Y-0.2252
G1 X15.5881 Y-0.2431
G1 X15.5914 Y-0.2550
G1 X15.6023 Y-0.2849
G1 X15.6145 Y-0.3109
G1 X15.6301 Y-0.3371
G1 X15.6395 Y-0.3501
G1 X15.5279 Y-0.3000
G1 X15.5169 Y-0.3043
G1 X15.4845 Y-0.3194
G1 X15.4640 Y-0.3309
G1 X15.4496 Y-0.3403
G1 X15.4373 Y-0.3495
G1 X15.4410 Y-0.2755
G1 X15.4664 Y-0.0301
G1 X15.5074 Y0.2664
G1 X15.5567 Y0.5511
G1 X15.5572 Y0.5529
G1 X15.5879 Y0.7220
G1 X15.6232 Y0.9326
G1 X15.6615 Y1.1767
G1 X15.7025 Y1.4477
G1 X15.7435 Y1.7363
G1 X15.7845 Y2.0342
G1 X15.8246 Y2.3340
G1 X15.8567 Y2.5898
G1 X15.8836 Y2.5794
G1 X15.9035 Y2.5734
G1 X15.9110 Y2.5715
G1 X15.9064 Y2.5390
G1 X15.8739 Y2.3079
G1 X15.8430 Y2.1001
G1 X15.8110 Y1.8895
G1 X15.7805 Y1.6936
G1 X15.7501 Y1.5066
G1 X15.7192 Y1.3110
G1 X15.6594 Y0.9279
G1 X15.6078 Y0.5907
G1 X15.5873 Y0.4534
G1 X15.5706 Y0.3426
G1 X15.5044 Y-0.1256
G1 X15.5036 Y-0.1382
G1 X15.5031 Y-0.1768
G1 X15.5053 Y-0.2065
G1 X15.5107 Y-0.2422
G1 X15.5157 Y-0.2632
G1 X15.5207 Y-0.2806
G1 X15.5279 Y-0.3000
G1 X15.9820 Y2.7866
G1 X15.9958 Y2.7852
G1 X16.0132 Y2.7849
G1 X16.0264 Y2.7857
G1 X16.0434 Y2.7884
G1 X16.0573 Y2.7920
G1 X16.0735 Y2.7979
G1 X16.0861 Y2.8038
G1 X16.1009 Y2.8126
G1 X16.1118 Y2.8205
G1 X16.1249 Y2.8318
G1 X16.1345 Y2.8417
G1 X16.1452 Y2.8552
G1 X16.1529 Y2.8668
G1 X16.1610 Y2.8821
G1 X16.1666 Y2.8953
G1 X16.1717 Y2.9119
G1 X16.1742 Y2.9232
G1 X16.1766 Y2.9420
G1 X16.1984 Y3.2560
G1 X16.1982 Y3.2743
G1 X16.1760 Y3.5897
G1 X16.1732 Y3.6067
G1 X16.1698 Y3.6204
G1 X16.1639 Y3.6368
G1 X16.1578 Y3.6495
G1 X16.1491 Y3.6643
G1 X16.1411 Y3.6753
G1 X16.1298 Y3.6884
G1 X16.1200 Y3.6979
G1 X16.1065 Y3.7088
G1 X16.0948 Y3.7164
G1 X16.0795 Y3.7245
G1 X16.0664 Y3.7301
G1 X16.0497 Y3.7351
G1 X16.0367 Y3.7379
G1 X16.0197 Y3.7400
G1 X16.0058 Y3.7403
G1 X15.9885 Y3.7391
G1 X15.9751 Y3.7372
G1 X15.9584 Y3.7331
G1 X15.9449 Y3.7282
G1 X15.9291 Y3.7208
G1 X15.9175 Y3.7141
G1 X15.9035 Y3.7043
G1 X15.8930 Y3.6953
G1 X15.8809 Y3.6829
G1 X15.8720 Y3.6718
G1 X15.8625 Y3.6573
G1 X15.8558 Y3.6451
G1 X15.8491 Y3.6292
G1 X15.8454 Y3.6180
G1 X15.8411 Y3.5997
G1 X15.7878 Y3.2838
G1 X15.7865 Y3.2666
G1 X15.7865 Y3.2544
G1 X15.7886 Y3.2342
G1 X15.8427 Y2.9186
G1 X15.8472 Y2.9019
G1 X15.8516 Y2.8893
G1 X15.8590 Y2.8737
G1 X15.8663 Y2.8614
G1 X15.8764 Y2.8474
G1 X15.8858 Y2.8368
G1 X15.8984 Y2.8250
G1 X15.9090 Y2.8169
G1 X15.9234 Y2.8075
G1 X15.9355 Y2.8011
G1 X15.9516 Y2.7945
G1 X15.9651 Y2.7901
G1 X15.9820 Y2.7866
G1 X15.9972 Y2.8603
G1 X16.0146 Y2.8600
G1 X16.0316 Y2.8627
G1 X16.0479 Y2.8686
G1 X16.0627 Y2.8774
G1 X16.0757 Y2.8886
G1 X16.0865 Y2.9022
G1 X16.0947 Y2.9175
G1 X16.0997 Y2.9340
G1 X16.1016 Y2.9472
G1 X16.1233 Y3.2560
G1 X16.1233 Y3.2690
G1 X16.1016 Y3.5779
G1 X16.0989 Y3.5950
G1 X16.0930 Y3.6113
G1 X16.0843 Y3.6262
G1 X16.0730 Y3.6392
G1 X16.0595 Y3.6500
G1 X16.0442 Y3.6581
G1 X16.0276 Y3.6632
G1 X16.0107 Y3.6653
G1 X15.9933 Y3.6642
G1 X15.9766 Y3.6601
G1 X15.9608 Y3.6527
G1 X15.9468 Y3.6428
G1 X15.9347 Y3.6304
G1 X15.9252 Y3.6160
G1 X15.9185 Y3.6000
G1 X15.9153 Y3.5871
G1 X15.8628 Y3.2782
G1 X15.8615 Y3.2611
G1 X15.8628 Y3.2467
G1 X15.9153 Y2.9380
G1 X15.9197 Y2.9213
G1 X15.9271 Y2.9057
G1 X15.9373 Y2.8916
G1 X15.9498 Y2.8799
G1 X15.9643 Y2.8705
G1 X15.9804 Y2.8638
G1 X15.9972 Y2.8603
; Retract
G1 Z3.0400 F2540

; Path 32
; Rapid to initial position
G1 X16.2298 Y3.6732 F2540
G1 Z0.5000
; plunge
G1 Z-2.6750 F127
; cut
G1 X16.2226 Y3.6878 F1016
G1 X16.2100 Y3.7084
G1 X16.1979 Y3.7245
G1 X16.1822 Y3.7423
G1 X16.1669 Y3.7566
G1 X16.1478 Y3.7716
G1 X16.1301 Y3.7828
G1 X16.1088 Y3.7937
G1 X16.0885 Y3.8020
G1 X16.0650 Y3.8088
G1 X16.0458 Y3.8125
G1 X16.0214 Y3.8151
G1 X16.0011 Y3.8152
G1 X15.9778 Y3.8136
G1 X15.9570 Y3.8103
G1 X15.9403 Y3.8061
G1 X15.9326 Y3.8037
G1 X15.9132 Y3.7963
G1 X15.9000 Y3.7901
G1 X15.9221 Y3.8759
G1 X15.9543 Y3.9852
G1 X15.9915 Y4.0984
G1 X16.0267 Y4.1938
G1 X16.0714 Y4.3041
G1 X16.0722 Y4.3067
G1 X16.1137 Y4.4007
G1 X16.1148 Y4.4028
G1 X16.1664 Y4.5118
G1 X16.2242 Y4.6274
G1 X16.2864 Y4.7461
G1 X16.4478 Y5.0348
G1 X16.4486 Y5.0362
G1 X16.4489 Y5.0365
G1 X16.6164 Y5.3083
G1 X16.7887 Y5.5603
G1 X16.9627 Y5.7886
G1 X17.1414 Y5.9976
G1 X17.3234 Y6.1862
G1 X17.5130 Y6.3579
G1 X17.6990 Y6.5043
G1 X17.8973 Y6.6380
G1 X18.0942 Y6.7494
G1 X18.3055 Y6.8473
G1 X18.5112 Y6.9230
G1 X18.7271 Y6.9831
G1 X18.9509 Y7.0259
G1 X19.1834 Y7.0520
G1 X19.4226 Y7.0607
G1 X19.7256 Y7.0527
G1 X19.9866 Y7.0287
G1 X20.2190 Y6.9859
G1 X20.4150 Y6.9264
G1 X20.5939 Y6.8457
G1 X20.7615 Y6.7418
G1 X20.9266 Y6.6097
G1 X21.0975 Y6.4424
G1 X21.1955 Y6.3356
G1 X21.2606 Y6.2516
G1 X21.2982 Y6.1841
G1 X21.3225 Y6.1079
G1 X21.3370 Y6.0024
G1 X21.3343 Y6.0029
G1 X21.3103 Y6.0049
G1 X21.2894 Y6.0049
G1 X21.2647 Y6.0026
G1 X21.2440 Y5.9984
G1 X21.2211 Y5.9917
G1 X21.2030 Y5.9846
G1 X21.1809 Y5.9736
G1 X21.1622 Y5.9618
G1 X21.1436 Y5.9477
G1 X21.1293 Y5.9346
G1 X21.1127 Y5.9166
G1 X21.0992 Y5.8988
G1 X21.0900 Y5.8841
G1 X21.0860 Y5.8768
G1 X21.0788 Y5.8620
G1 X21.0757 Y5.8546
G1 X21.0660 Y5.8270
G1 X21.0620 Y5.8125
G1 X21.0375 Y5.6982
G1 X21.0287 Y5.8386
G1 X21.0266 Y5.8534
G1 X21.0203 Y5.8844
G1 X21.0160 Y5.8991
G1 X20.9508 Y6.0848
G1 X20.9412 Y6.1055
G1 X20.9316 Y6.1222
G1 X20.9186 Y6.1413
G1 X20.8035 Y6.2901
G1 X20.7952 Y6.2995
G1 X20.7719 Y6.3229
G1 X20.5585 Y6.5053
G1 X20.5360 Y6.5207
G1 X20.2960 Y6.6645
G1 X20.2721 Y6.6757
G1 X20.0107 Y6.7806
G1 X19.9868 Y6.7880
G1 X19.7092 Y6.8532
G1 X19.6865 Y6.8566
G1 X19.4021 Y6.8809
G1 X19.3769 Y6.8812
G1 X19.0868 Y6.8640
G1 X19.0640 Y6.8607
G1 X18.7784 Y6.8013
G1 X18.7539 Y6.7940
G1 X18.4781 Y6.6916
G1 X18.4586 Y6.6828
G1 X18.2694 Y6.5826
G1 X18.2549 Y6.5739
G1 X18.0549 Y6.4416
G1 X17.8588 Y6.2881
G1 X17.6672 Y6.1155
G1 X17.4811 Y5.9262
G1 X17.3019 Y5.7218
G1 X17.1298 Y5.5042
G1 X16.9669 Y5.2757
G1 X16.8150 Y5.0385
G1 X16.6741 Y4.7942
G1 X16.5460 Y4.5441
G1 X16.4328 Y4.2912
G1 X16.3353 Y4.0364
G1 X16.2557 Y3.7818
G1 X16.2298 Y3.6732
G1 X16.1927 Y3.8316
G1 X16.1879 Y3.8353
G1 X16.1645 Y3.8496
G1 X16.1372 Y3.8635
G1 X16.1096 Y3.8741
G1 X16.0791 Y3.8827
G1 X16.0536 Y3.8873
G1 X16.0221 Y3.8901
G1 X16.0048 Y3.8901
G1 X16.0258 Y3.9616
G1 X16.0630 Y4.0748
G1 X16.0964 Y4.1655
G1 X16.1410 Y4.2762
G1 X16.1414 Y4.2776
G1 X16.1817 Y4.3684
G1 X16.1828 Y4.3707
G1 X16.2338 Y4.4782
G1 X16.2915 Y4.5938
G1 X16.2914 Y4.5938
G1 X16.3520 Y4.7093
G1 X16.5129 Y4.9970
G1 X16.6784 Y5.2658
G1 X16.8508 Y5.5178
G1 X17.0222 Y5.7427
G1 X17.1969 Y5.9468
G1 X17.3761 Y6.1326
G1 X17.5617 Y6.3006
G1 X17.7425 Y6.4429
G1 X17.9373 Y6.5742
G1 X18.1278 Y6.6821
G1 X18.3359 Y6.7784
G1 X18.5341 Y6.8514
G1 X18.7437 Y6.9097
G1 X18.9632 Y6.9517
G1 X19.1883 Y6.9770
G1 X19.4234 Y6.9856
G1 X19.7216 Y6.9776
G1 X19.9747 Y6.9544
G1 X20.2019 Y6.9126
G1 X20.3882 Y6.8561
G1 X20.5583 Y6.7794
G1 X20.7185 Y6.6799
G1 X20.8768 Y6.5534
G1 X21.0442 Y6.3895
G1 X21.1383 Y6.2868
G1 X21.1972 Y6.2109
G1 X21.2288 Y6.1542
G1 X21.2490 Y6.0912
G1 X21.2509 Y6.0764
G1 X21.2499 Y6.0762
G1 X21.2231 Y6.0707
G1 X21.1936 Y6.0616
G1 X21.1695 Y6.0519
G1 X21.1474 Y6.0409
G1 X21.1406 Y6.0371
G1 X21.1167 Y6.0217
G1 X21.0930 Y6.0032
G1 X21.0739 Y5.9855
G1 X21.0677 Y5.9785
G1 X21.0190 Y6.1163
G1 X21.0065 Y6.1428
G1 X20.9937 Y6.1647
G1 X20.9781 Y6.1873
G1 X20.8598 Y6.3398
G1 X20.8484 Y6.3527
G1 X20.8207 Y6.3801
G1 X20.6073 Y6.5625
G1 X20.6011 Y6.5672
G1 X20.5747 Y6.5852
G1 X20.3281 Y6.7324
G1 X20.3001 Y6.7455
G1 X20.0328 Y6.8526
G1 X20.0039 Y6.8611
G1 X19.7202 Y6.9275
G1 X19.6929 Y6.9315
G1 X19.4030 Y6.9560
G1 X19.3725 Y6.9563
G1 X19.0758 Y6.9383
G1 X19.0487 Y6.9344
G1 X18.7569 Y6.8734
G1 X18.7278 Y6.8645
G1 X18.4467 Y6.7599
G1 X18.4235 Y6.7493
G1 X18.2306 Y6.6469
G1 X18.2134 Y6.6366
G1 X18.0086 Y6.5009
G1 X17.8085 Y6.3439
G1 X17.6135 Y6.1682
G1 X17.4246 Y5.9757
G1 X17.2430 Y5.7685
G1 X17.0685 Y5.5479
G1 X16.9036 Y5.3163
G1 X16.7499 Y5.0760
G1 X16.6073 Y4.8284
G1 X16.4774 Y4.5749
G1 X16.3627 Y4.3182
G1 X16.2635 Y4.0589
G1 X16.1927 Y3.8316
G1 X16.1477 Y3.9398
G1 X16.1300 Y3.9465
G1 X16.1024 Y3.9540
G1 X16.1345 Y4.0512
G1 X16.1661 Y4.1375
G1 X16.2102 Y4.2472
G1 X16.2490 Y4.3348
G1 X16.2508 Y4.3385
G1 X16.3011 Y4.4447
G1 X16.3588 Y4.5602
G1 X16.3593 Y4.5614
G1 X16.4175 Y4.6725
G1 X16.5769 Y4.9576
G1 X16.7405 Y5.2234
G1 X16.9128 Y5.4753
G1 X17.0808 Y5.6955
G1 X17.2524 Y5.8961
G1 X17.2819 Y5.9266
G1 X17.1842 Y5.8151
G1 X17.0072 Y5.5915
G1 X16.8403 Y5.3569
G1 X16.6848 Y5.1135
G1 X16.5404 Y4.8626
G1 X16.4088 Y4.6056
G1 X16.2925 Y4.3450
G1 X16.1917 Y4.0813
G1 X16.1477 Y3.9398
; Retract
G1 Z3.0400 F2540

; Path 33
; Rapid to initial position
G1 X17.3981 Y4.5839 F2540
G1 Z0.5000
; plunge
G1 Z-2.6750 F127
; cut
G1 X17.4310 Y4.8101 F1016
G1 X17.5966 Y4.9959
G1 X17.8771 Y5.0755
G1 X18.0705 Y5.0448
G1 X18.2175 Y4.9603
G1 X18.3093 Y4.8334
G1 X18.3429 Y4.6661
G1 X18.3093 Y4.4989
G1 X18.2175 Y4.3721
G1 X18.0705 Y4.2876
G1 X17.8720 Y4.2561
G1 X17.6706 Y4.2905
G1 X17.5232 Y4.3665
G1 X17.3981 Y4.5839
G1 X17.4762 Y4.5987
G1 X17.5023 Y4.7771
G1 X17.6381 Y4.9294
G1 X17.8817 Y4.9987
G1 X17.8893 Y4.9974
G1 X17.8782 Y4.9940
G1 X17.8658 Y4.9891
G1 X17.8504 Y4.9813
G1 X17.8389 Y4.9741
G1 X17.8219 Y4.9609
G1 X17.6909 Y4.8440
G1 X17.6791 Y4.8314
G1 X17.6704 Y4.8201
G1 X17.6612 Y4.8054
G1 X17.6553 Y4.7938
G1 X17.6487 Y4.7779
G1 X17.6444 Y4.7639
G1 X17.6411 Y4.7468
G1 X17.6398 Y4.7338
G1 X17.6395 Y4.7166
G1 X17.6405 Y4.7028
G1 X17.6433 Y4.6858
G1 X17.6470 Y4.6719
G1 X17.6530 Y4.6557
G1 X17.6589 Y4.6434
G1 X17.6679 Y4.6285
G1 X17.6766 Y4.6165
G1 X17.6900 Y4.6017
G1 X17.6959 Y4.5960
G1 X17.8273 Y4.4792
G1 X17.8412 Y4.4690
G1 X17.8526 Y4.4621
G1 X17.8682 Y4.4545
G1 X17.8819 Y4.4494
G1 X17.8986 Y4.4450
G1 X17.9110 Y4.4427
G1 X17.9282 Y4.4411
G1 X17.9429 Y4.4411
G1 X17.9600 Y4.4429
G1 X17.9739 Y4.4456
G1 X17.9904 Y4.4505
G1 X18.0028 Y4.4555
G1 X18.0183 Y4.4633
G1 X18.0294 Y4.4701
G1 X18.0469 Y4.4836
G1 X18.1781 Y4.6008
G1 X18.1898 Y4.6133
G1 X18.1986 Y4.6247
G1 X18.2078 Y4.6393
G1 X18.2138 Y4.6510
G1 X18.2204 Y4.6672
G1 X18.2244 Y4.6808
G1 X18.2277 Y4.6977
G1 X18.2291 Y4.7109
G1 X18.2294 Y4.7281
G1 X18.2285 Y4.7420
G1 X18.2256 Y4.7589
G1 X18.2220 Y4.7728
G1 X18.2159 Y4.7890
G1 X18.2100 Y4.8013
G1 X18.2011 Y4.8163
G1 X18.1920 Y4.8285
G1 X18.1785 Y4.8433
G1 X18.1730 Y4.8487
G1 X18.0419 Y4.9649
G1 X18.0280 Y4.9752
G1 X18.0278 Y4.9754
G1 X18.0452 Y4.9727
G1 X18.1660 Y4.9032
G1 X18.2388 Y4.8024
G1 X18.2662 Y4.6661
G1 X18.2388 Y4.5299
G1 X18.1660 Y4.4292
G1 X18.0452 Y4.3596
G1 X17.8723 Y4.3323
G1 X17.6947 Y4.3627
G1 X17.5773 Y4.4233
G1 X17.4762 Y4.5987
G1 X17.5544 Y4.6136
G1 X17.5660 Y4.6938
G1 X17.5663 Y4.6904
G1 X17.5706 Y4.6665
G1 X17.5765 Y4.6457
G1 X17.5852 Y4.6230
G1 X17.5943 Y4.6049
G1 X17.6072 Y4.5841
G1 X17.6207 Y4.5661
G1 X17.6376 Y4.5478
G1 X17.6459 Y4.5398
G1 X17.7751 Y4.4252
G1 X17.7189 Y4.4349
G1 X17.6312 Y4.4801
G1 X17.5544 Y4.6136
G1 X17.7236 Y4.6819
G1 X17.7325 Y4.6670
G1 X17.7458 Y4.6522
G1 X17.8719 Y4.5398
G1 X17.8857 Y4.5296
G1 X17.9013 Y4.5220
G1 X17.9180 Y4.5175
G1 X17.9352 Y4.5160
G1 X17.9524 Y4.5177
G1 X17.9689 Y4.5226
G1 X17.9844 Y4.5304
G1 X17.9969 Y4.5398
G1 X18.1232 Y4.6522
G1 X18.1349 Y4.6648
G1 X18.1442 Y4.6794
G1 X18.1507 Y4.6955
G1 X18.1540 Y4.7123
G1 X18.1543 Y4.7295
G1 X18.1515 Y4.7465
G1 X18.1454 Y4.7628
G1 X18.1365 Y4.7777
G1 X18.1230 Y4.7925
G1 X17.9968 Y4.9047
G1 X17.9830 Y4.9151
G1 X17.9674 Y4.9225
G1 X17.9506 Y4.9272
G1 X17.9335 Y4.9286
G1 X17.9163 Y4.9269
G1 X17.8997 Y4.9219
G1 X17.8843 Y4.9141
G1 X17.8719 Y4.9047
G1 X17.7458 Y4.7925
G1 X17.7340 Y4.7800
G1 X17.7248 Y4.7653
G1 X17.7183 Y4.7494
G1 X17.7149 Y4.7324
G1 X17.7146 Y4.7152
G1 X17.7175 Y4.6982
G1 X17.7236 Y4.6819
; Retract
G1 Z3.0400 F2540

; Path 34
; Rapid to initial position
G1 X20.5920 Y3.6958 F2540
G1 Z0.5000
; plunge
G1 Z-2.6750 F127
; cut
G1 X20.6579 Y3.7888 F1016
G1 X20.7236 Y3.8885
G1 X20.7838 Y3.9873
G1 X20.8400 Y4.0867
G1 X20.8909 Y4.1860
G1 X20.9373 Y4.2858
G1 X20.9792 Y4.3863
G1 X21.0163 Y4.4865
G1 X21.0491 Y4.5873
G1 X21.0781 Y4.6886
G1 X21.1027 Y4.7903
G1 X21.1247 Y4.8942
G1 X21.1261 Y4.9024
G1 X21.1311 Y4.8997
G1 X21.1350 Y4.8979
G1 X21.1318 Y4.8661
G1 X21.1055 Y4.6849
G1 X21.0733 Y4.5255
G1 X21.0363 Y4.3888
G1 X20.9940 Y4.2677
G1 X20.9407 Y4.1461
G1 X20.8844 Y4.0406
G1 X20.8613 Y4.0059
G1 X20.8093 Y3.9390
G1 X20.7439 Y3.8618
G1 X20.6481 Y3.7556
G1 X20.5920 Y3.6958
G1 X21.2611 Y5.1705
G1 X21.2773 Y5.1646
G1 X21.2944 Y5.1619
G1 X21.3117 Y5.1623
G1 X21.3286 Y5.1659
G1 X21.3446 Y5.1724
G1 X21.3591 Y5.1818
G1 X21.3715 Y5.1938
G1 X21.3817 Y5.2078
G1 X21.3892 Y5.2234
G1 X21.3944 Y5.2474
G1 X21.4169 Y5.5001
G1 X21.4169 Y5.5166
G1 X21.3944 Y5.7692
G1 X21.3914 Y5.7863
G1 X21.3852 Y5.8024
G1 X21.3761 Y5.8172
G1 X21.3647 Y5.8300
G1 X21.3510 Y5.8405
G1 X21.3355 Y5.8484
G1 X21.3190 Y5.8532
G1 X21.3018 Y5.8550
G1 X21.2845 Y5.8536
G1 X21.2679 Y5.8490
G1 X21.2523 Y5.8415
G1 X21.2385 Y5.8311
G1 X21.2266 Y5.8186
G1 X21.2173 Y5.8039
G1 X21.2090 Y5.7809
G1 X21.1543 Y5.5283
G1 X21.1522 Y5.5111
G1 X21.1543 Y5.4885
G1 X21.2090 Y5.2358
G1 X21.2141 Y5.2192
G1 X21.2224 Y5.2041
G1 X21.2331 Y5.1906
G1 X21.2461 Y5.1792
G1 X21.2611 Y5.1705
; Retract
G1 Z3.0400 F2540

; Path 35
; Rapid to initial position
G1 X21.1035 Y6.1025 F2540
G1 Z0.5000
; plunge
G1 Z-2.6750 F127
; cut
G1 X21.0898 Y6.1413 F1016
G1 X21.0870 Y6.1487
G1 X21.0716 Y6.1805
G1 X21.0556 Y6.2074
G1 X21.0375 Y6.2334
G1 X20.9160 Y6.3898
G1 X20.9013 Y6.4061
G1 X20.8695 Y6.4372
G1 X20.6531 Y6.6220
G1 X20.6434 Y6.6294
G1 X20.6132 Y6.6498
G1 X20.4588 Y6.7416
G1 X20.5236 Y6.7125
G1 X20.6746 Y6.6188
G1 X20.8259 Y6.4977
G1 X20.9915 Y6.3356
G1 X21.0805 Y6.2389
G1 X21.1342 Y6.1695
G1 X21.1573 Y6.1279
G1 X21.1362 Y6.1192
G1 X21.1108 Y6.1066
G1 X21.1035 Y6.1025
; Retract
G1 Z3.0400 F2540

; Path 36
; Rapid to initial position
G1 X20.2799 Y9.8623 F2540
G1 Z0.5000
; plunge
G1 Z-2.6750 F127
; cut
G1 X20.0039 Y9.8081 F1016
G1 X19.6947 Y9.7748
G1 X19.3707 Y9.7640
G1 X19.0479 Y9.7750
G1 X18.7419 Y9.8083
G1 X18.4709 Y9.8627
G1 X18.2470 Y9.9383
G1 X18.1333 Y9.9948
G1 X18.0075 Y10.0705
G1 X17.8771 Y10.1604
G1 X17.7395 Y10.2665
G1 X17.5962 Y10.3869
G1 X17.4536 Y10.5165
G1 X17.3070 Y10.6594
G1 X17.1617 Y10.8101
G1 X17.0196 Y10.9667
G1 X16.8766 Y11.1334
G1 X16.7411 Y11.3010
G1 X16.6075 Y11.4767
G1 X16.4822 Y11.6523
G1 X16.3659 Y11.8271
G1 X16.2563 Y12.0048
G1 X16.1588 Y12.1775
G1 X16.0343 Y12.4178
G1 X15.9315 Y12.6369
G1 X15.8489 Y12.8413
G1 X15.7816 Y13.0455
G1 X15.7281 Y13.2549
G1 X15.6839 Y13.4852
G1 X15.6460 Y13.7500
G1 X15.6126 Y14.0517
G1 X15.5873 Y14.2875
G1 X15.5564 Y14.5472
G1 X15.5207 Y14.8218
G1 X15.4818 Y15.1036
G1 X15.4409 Y15.3835
G1 X15.3989 Y15.6534
G1 X15.3568 Y15.9049
G1 X15.3167 Y16.1283
G1 X15.2787 Y16.3369
G1 X15.2435 Y16.5445
G1 X15.2115 Y16.7466
G1 X15.1838 Y16.9364
G1 X15.1840 Y16.9364
G1 X15.1609 Y17.1120
G1 X15.1436 Y17.2637
G1 X15.1331 Y17.3837
G1 X15.1294 Y17.4709
G1 X15.1294 Y17.8279
G1 X15.1278 Y17.8450
G1 X15.1231 Y17.8618
G1 X15.1154 Y17.8772
G1 X15.1051 Y17.8910
G1 X15.0924 Y17.9027
G1 X15.0776 Y17.9119
G1 X15.0615 Y17.9181
G1 X15.0424 Y17.9216
G1 X14.0061 Y17.9986
G1 X13.7877 Y18.0163
G1 X13.5647 Y18.0368
G1 X13.3436 Y18.0596
G1 X13.3436 Y18.0598
G1 X13.1280 Y18.0843
G1 X12.9284 Y18.1093
G1 X12.7464 Y18.1347
G1 X12.5931 Y18.1588
G1 X12.3429 Y18.2057
G1 X12.1761 Y18.2323
G1 X11.9781 Y18.2603
G1 X11.7555 Y18.2889
G1 X11.5152 Y18.3177
G1 X11.2640 Y18.3456
G1 X11.0091 Y18.3713
G1 X10.7578 Y18.3944
G1 X10.4771 Y18.4194
G1 X10.2243 Y18.4435
G1 X9.9994 Y18.4667
G1 X9.9994 Y18.4668
G1 X9.7954 Y18.4907
G1 X9.7954 Y18.4906
G1 X9.6148 Y18.5151
G1 X9.4512 Y18.5411
G1 X9.3032 Y18.5693
G1 X9.1652 Y18.6009
G1 X9.0366 Y18.6360
G1 X8.9179 Y18.6745
G1 X8.7990 Y18.7191
G1 X8.6847 Y18.7680
G1 X8.5622 Y18.8259
G1 X8.4371 Y18.8900
G1 X8.3050 Y18.9614
G1 X8.1592 Y19.0435
G1 X7.8702 Y19.2133
G1 X7.6003 Y19.3823
G1 X7.3533 Y19.5487
G1 X7.1302 Y19.7117
G1 X6.9273 Y19.8744
G1 X6.7441 Y20.0370
G1 X6.5806 Y20.1997
G1 X6.4380 Y20.3613
G1 X6.3134 Y20.5249
G1 X6.2085 Y20.6875
G1 X6.1206 Y20.8539
G1 X6.0502 Y21.0213
G1 X5.9957 Y21.1933
G1 X5.9577 Y21.3683
G1 X5.9350 Y21.5495
G1 X5.9275 Y21.7353
G1 X5.9385 Y21.9840
G1 X5.9716 Y22.2138
G1 X6.0274 Y22.4242
G1 X6.1075 Y22.6206
G1 X6.2125 Y22.8054
G1 X6.3451 Y22.9825
G1 X6.5068 Y23.1539
G1 X6.7011 Y23.3247
G1 X6.8237 Y23.4202
G1 X6.9292 Y23.4902
G1 X7.0294 Y23.5376
G1 X7.1454 Y23.5692
G1 X7.2947 Y23.5873
G1 X7.4951 Y23.5933
G1 X7.7572 Y23.5893
G1 X8.0986 Y23.5781
G1 X8.2515 Y23.5717
G1 X8.3986 Y23.5639
G1 X8.5380 Y23.5546
G1 X8.6690 Y23.5435
G1 X8.7979 Y23.5297
G1 X8.9187 Y23.5133
G1 X9.0404 Y23.4930
G1 X9.1556 Y23.4698
G1 X9.2666 Y23.4432
G1 X9.3759 Y23.4122
G1 X9.4863 Y23.3757
G1 X9.5970 Y23.3341
G1 X9.7053 Y23.2876
G1 X9.8139 Y23.2359
G1 X9.9294 Y23.1750
G1 X10.0440 Y23.1092
G1 X10.1616 Y23.0360
G1 X10.2810 Y22.9564
G1 X10.4073 Y22.8670
G1 X10.5404 Y22.7680
G1 X10.6760 Y22.6625
G1 X10.8207 Y22.5453
G1 X10.9701 Y22.4202
G1 X11.1293 Y22.2834
G1 X11.2949 Y22.1376
G1 X11.4704 Y21.9801
G1 X11.6555 Y21.8110
G1 X11.8513 Y21.6301
G1 X11.8514 Y21.6302
G1 X12.0571 Y21.4378
G1 X12.2751 Y21.2325
G1 X12.2753 Y21.2327
G1 X12.5048 Y21.0146
G1 X12.8883 Y20.6499
G1 X13.0263 Y20.5202
G1 X13.1609 Y20.3949
G1 X13.2916 Y20.2744
G1 X13.4173 Y20.1600
G1 X13.5373 Y20.0520
G1 X13.6511 Y19.9507
G1 X13.7577 Y19.8572
G1 X13.8566 Y19.7722
G1 X13.9468 Y19.6960
G1 X14.0279 Y19.6294
G1 X14.0991 Y19.5728
G1 X14.1608 Y19.5261
G1 X14.2137 Y19.4900
G1 X14.2477 Y19.4701
G1 X14.2662 Y19.4618
G1 X14.2869 Y19.4552
G1 X14.3533 Y19.4313
G1 X14.4569 Y19.3622
G1 X14.5904 Y19.2517
G1 X14.7338 Y19.1133
G1 X15.0833 Y18.7495
G1 X15.0963 Y18.7382
G1 X15.1113 Y18.7294
G1 X15.1275 Y18.7235
G1 X15.1445 Y18.7208
G1 X15.1619 Y18.7212
G1 X15.1788 Y18.7248
G1 X15.1947 Y18.7314
G1 X15.2091 Y18.7407
G1 X15.2217 Y18.7527
G1 X15.2319 Y18.7666
G1 X15.2392 Y18.7823
G1 X15.2437 Y18.7990
G1 X15.2450 Y18.8130
G1 X15.2501 Y19.1095
G1 X15.2588 Y19.2037
G1 X15.2819 Y19.3250
G1 X15.3179 Y19.4688
G1 X15.3677 Y19.6390
G1 X15.4267 Y19.8201
G1 X15.4959 Y20.0166
G1 X15.5733 Y20.2227
G1 X15.6571 Y20.4346
G1 X15.6578 Y20.4360
G1 X15.7461 Y20.6486
G1 X15.7467 Y20.6500
G1 X15.8389 Y20.8616
G1 X15.9341 Y21.0698
G1 X16.0302 Y21.2701
G1 X16.1257 Y21.4587
G1 X16.2206 Y21.6347
G1 X16.3108 Y21.7897
G1 X16.3935 Y21.9188
G1 X16.5174 Y22.0933
G1 X16.6332 Y22.2378
G1 X16.7487 Y22.3580
G1 X16.8766 Y22.4650
G1 X17.0271 Y22.5665
G1 X17.2095 Y22.6688
G1 X17.4375 Y22.7810
G1 X17.7137 Y22.9059
G1 X17.8693 Y22.9742
G1 X18.0119 Y23.0350
G1 X18.1419 Y23.0883
G1 X18.2600 Y23.1336
G1 X18.3761 Y23.1744
G1 X18.4820 Y23.2077
G1 X18.5917 Y23.2376
G1 X18.6983 Y23.2619
G1 X18.8130 Y23.2833
G1 X18.9283 Y23.3003
G1 X19.0588 Y23.3153
G1 X19.1966 Y23.3274
G1 X19.3499 Y23.3377
G1 X19.5212 Y23.3468
G1 X19.7103 Y23.3547
G1 X19.9209 Y23.3624
G1 X21.1462 Y23.4039
G1 X21.2477 Y23.1658
G1 X21.2975 Y23.0250
G1 X21.3327 Y22.8730
G1 X21.3549 Y22.7062
G1 X21.3643 Y22.5222
G1 X21.3610 Y22.3336
G1 X21.3443 Y22.1260
G1 X21.3154 Y21.9151
G1 X21.2738 Y21.6958
G1 X21.2208 Y21.4743
G1 X21.1543 Y21.2421
G1 X21.0787 Y21.0151
G1 X20.9902 Y20.7824
G1 X20.8919 Y20.5525
G1 X20.7825 Y20.3235
G1 X20.6611 Y20.0945
G1 X20.5339 Y19.8779
G1 X20.3442 Y19.6091
G1 X20.1330 Y19.3854
G1 X19.8801 Y19.1871
G1 X19.5697 Y19.0016
G1 X19.4251 Y18.9293
G1 X19.2566 Y18.8532
G1 X19.0672 Y18.7745
G1 X19.0672 Y18.7746
G1 X18.8602 Y18.6943
G1 X18.6431 Y18.6150
G1 X18.4185 Y18.5373
G1 X18.1875 Y18.4618
G1 X17.9551 Y18.3896
G1 X17.7232 Y18.3217
G1 X17.4999 Y18.2601
G1 X17.2845 Y18.2049
G1 X17.0798 Y18.1570
G1 X16.8964 Y18.1190
G1 X16.7289 Y18.0900
G1 X16.5895 Y18.0725
G1 X16.4755 Y18.0664
G1 X16.1068 Y18.0663
G1 X16.0895 Y18.0647
G1 X16.0729 Y18.0599
G1 X16.0574 Y18.0522
G1 X16.0435 Y18.0418
G1 X16.0320 Y18.0291
G1 X16.0227 Y18.0144
G1 X16.0165 Y17.9983
G1 X16.0132 Y17.9814
G1 X16.0132 Y17.9641
G1 X16.0162 Y17.9470
G1 X16.0222 Y17.9310
G1 X16.0313 Y17.9162
G1 X16.0425 Y17.9036
G1 X16.3712 Y17.5948
G1 X16.5283 Y17.4482
G1 X16.7001 Y17.2895
G1 X16.8850 Y17.1203
G1 X17.0809 Y16.9420
G1 X17.2867 Y16.7562
G1 X17.5004 Y16.5641
G1 X17.7207 Y16.3672
G1 X17.9459 Y16.1670
G1 X18.1739 Y15.9650
G1 X18.4036 Y15.7630
G1 X18.6329 Y15.5618
G1 X18.8603 Y15.3633
G1 X19.0844 Y15.1688
G1 X19.3034 Y14.9799
G1 X19.5155 Y14.7980
G1 X19.7186 Y14.6249
G1 X19.9630 Y14.4146
G1 X20.1833 Y14.2185
G1 X20.3803 Y14.0348
G1 X20.5583 Y13.8586
G1 X20.7118 Y13.6945
G1 X20.8482 Y13.5342
G1 X20.9668 Y13.3784
G1 X21.0696 Y13.2235
G1 X21.1566 Y13.0705
G1 X21.2315 Y12.9132
G1 X21.2945 Y12.7505
G1 X21.3475 Y12.5806
G1 X21.3927 Y12.3955
G1 X21.4291 Y12.2022
G1 X21.4587 Y11.9972
G1 X21.4837 Y11.7707
G1 X21.5102 Y11.4828
G1 X21.5249 Y11.2606
G1 X21.5261 Y11.0864
G1 X21.5122 Y10.9576
G1 X21.4823 Y10.8531
G1 X21.4325 Y10.7531
G1 X21.3576 Y10.6439
G1 X21.2565 Y10.5158
G1 X21.0962 Y10.3458
G1 X20.9009 Y10.1797
G1 X20.6942 Y10.0357
G1 X20.5091 Y9.9373
G1 X20.2799 Y9.8623
G1 X20.2615 Y9.9354
G1 X19.9925 Y9.8826
G1 X19.6883 Y9.8498
G1 X19.3707 Y9.8393
G1 X19.0543 Y9.8499
G1 X18.7526 Y9.8828
G1 X18.4909 Y9.9353
G1 X18.2753 Y10.0081
G1 X18.1706 Y10.0602
G1 X18.0472 Y10.1343
G1 X17.9206 Y10.2218
G1 X17.7878 Y10.3240
G1 X17.6464 Y10.4431
G1 X17.5042 Y10.5722
G1 X17.3596 Y10.7131
G1 X17.2159 Y10.8623
G1 X17.0768 Y11.0157
G1 X16.9337 Y11.1825
G1 X16.9335 Y11.1825
G1 X16.8009 Y11.3466
G1 X16.6673 Y11.5223
G1 X16.5434 Y11.6959
G1 X16.4284 Y11.8687
G1 X16.3203 Y12.0443
G1 X16.2256 Y12.2120
G1 X16.1012 Y12.4523
G1 X15.9996 Y12.6689
G1 X15.9199 Y12.8665
G1 X15.8536 Y13.0678
G1 X15.8015 Y13.2719
G1 X15.7582 Y13.4967
G1 X15.7205 Y13.7607
G1 X15.6874 Y14.0601
G1 X15.6619 Y14.2963
G1 X15.6311 Y14.5569
G1 X15.5952 Y14.8323
G1 X15.5561 Y15.1144
G1 X15.5152 Y15.3952
G1 X15.4730 Y15.6658
G1 X15.4308 Y15.9181
G1 X15.3907 Y16.1418
G1 X15.3527 Y16.3505
G1 X15.3177 Y16.5571
G1 X15.2858 Y16.7584
G1 X15.2857 Y16.7584
G1 X15.2585 Y16.9451
G1 X15.2585 Y16.9463
G1 X15.2354 Y17.1219
G1 X15.2184 Y17.2702
G1 X15.2185 Y17.2702
G1 X15.2080 Y17.3902
G1 X15.2045 Y17.4741
G1 X15.2042 Y17.8349
G1 X15.2026 Y17.8521
G1 X15.2001 Y17.8658
G1 X15.1953 Y17.8824
G1 X15.1904 Y17.8952
G1 X15.1827 Y17.9106
G1 X15.1756 Y17.9222
G1 X15.1652 Y17.9361
G1 X15.1557 Y17.9466
G1 X15.1429 Y17.9582
G1 X15.1321 Y17.9665
G1 X15.1174 Y17.9757
G1 X15.1046 Y17.9821
G1 X15.0885 Y17.9883
G1 X15.0750 Y17.9921
G1 X15.0559 Y17.9956
G1 X15.0479 Y17.9965
G1 X14.0122 Y18.0736
G1 X13.7937 Y18.0913
G1 X13.7937 Y18.0911
G1 X13.5723 Y18.1116
G1 X13.3527 Y18.1343
G1 X13.3521 Y18.1344
G1 X13.1373 Y18.1588
G1 X13.1373 Y18.1589
G1 X12.9378 Y18.1839
G1 X12.7580 Y18.2090
G1 X12.6047 Y18.2331
G1 X12.3547 Y18.2800
G1 X12.1866 Y18.3067
G1 X11.9877 Y18.3349
G1 X11.7644 Y18.3636
G1 X11.5234 Y18.3925
G1 X11.2717 Y18.4203
G1 X11.0159 Y18.4462
G1 X10.7645 Y18.4694
G1 X10.4837 Y18.4944
G1 X10.4837 Y18.4942
G1 X10.2321 Y18.5183
G1 X10.0090 Y18.5413
G1 X10.0082 Y18.5415
G1 X9.8042 Y18.5653
G1 X9.8031 Y18.5653
G1 X9.6266 Y18.5894
G1 X9.4630 Y18.6155
G1 X9.3199 Y18.6427
G1 X9.1835 Y18.6739
G1 X9.0565 Y18.7086
G1 X8.9427 Y18.7455
G1 X8.8270 Y18.7888
G1 X8.7162 Y18.8362
G1 X8.5944 Y18.8938
G1 X8.4729 Y18.9562
G1 X8.3408 Y19.0277
G1 X8.1961 Y19.1090
G1 X8.1961 Y19.1088
G1 X7.9096 Y19.2772
G1 X7.6423 Y19.4447
G1 X7.3977 Y19.6095
G1 X7.1746 Y19.7725
G1 X6.9758 Y19.9318
G1 X6.7953 Y20.0919
G1 X6.6346 Y20.2520
G1 X6.4969 Y20.4081
G1 X6.3750 Y20.5682
G1 X6.2735 Y20.7255
G1 X6.1883 Y20.8867
G1 X6.1204 Y21.0484
G1 X6.0687 Y21.2118
G1 X6.0319 Y21.3810
G1 X6.0099 Y21.5564
G1 X6.0028 Y21.7353
G1 X6.0134 Y21.9769
G1 X6.0454 Y22.1989
G1 X6.0992 Y22.4013
G1 X6.1749 Y22.5870
G1 X6.2757 Y22.7643
G1 X6.4026 Y22.9338
G1 X6.5590 Y23.0997
G1 X6.7493 Y23.2669
G1 X6.8674 Y23.3589
G1 X6.9664 Y23.4246
G1 X7.0554 Y23.4668
G1 X7.1601 Y23.4951
G1 X7.3008 Y23.5123
G1 X7.4962 Y23.5182
G1 X7.7547 Y23.5142
G1 X8.0954 Y23.5029
G1 X8.2476 Y23.4965
G1 X8.3946 Y23.4888
G1 X8.3946 Y23.4889
G1 X8.5316 Y23.4799
G1 X8.5316 Y23.4797
G1 X8.6622 Y23.4685
G1 X8.7899 Y23.4549
G1 X8.9077 Y23.4390
G1 X9.0272 Y23.4190
G1 X9.1409 Y23.3962
G1 X9.2476 Y23.3705
G1 X9.3524 Y23.3408
G1 X9.4628 Y23.3043
G1 X9.5704 Y23.2637
G1 X9.6758 Y23.2185
G1 X9.7789 Y23.1693
G1 X9.8920 Y23.1098
G1 X10.0055 Y23.0446
G1 X10.1218 Y22.9722
G1 X10.2375 Y22.8950
G1 X10.3639 Y22.8056
G1 X10.4942 Y22.7086
G1 X10.6298 Y22.6031
G1 X10.7724 Y22.4877
G1 X10.9211 Y22.3633
G1 X11.0796 Y22.2269
G1 X11.2446 Y22.0816
G1 X11.4197 Y21.9245
G1 X11.6044 Y21.7558
G1 X11.8002 Y21.5749
G1 X11.8019 Y21.5735
G1 X12.0055 Y21.3831
G1 X12.2236 Y21.1777
G1 X12.2253 Y21.1765
G1 X12.4529 Y20.9602
G1 X12.8367 Y20.5952
G1 X12.9751 Y20.4651
G1 X13.1100 Y20.3397
G1 X13.2410 Y20.2189
G1 X13.3670 Y20.1042
G1 X13.4873 Y19.9958
G1 X13.6014 Y19.8942
G1 X13.7087 Y19.8002
G1 X13.8080 Y19.7147
G1 X13.8992 Y19.6378
G1 X13.9811 Y19.5705
G1 X14.0538 Y19.5128
G1 X14.1184 Y19.4641
G1 X14.1758 Y19.4250
G1 X14.2098 Y19.4052
G1 X14.2170 Y19.4015
G1 X14.2355 Y19.3932
G1 X14.2431 Y19.3902
G1 X14.2614 Y19.3843
G1 X14.3195 Y19.3635
G1 X14.4120 Y19.3019
G1 X14.5401 Y19.1957
G1 X14.6795 Y19.0613
G1 X15.0341 Y18.6927
G1 X15.0471 Y18.6814
G1 X15.0583 Y18.6733
G1 X15.0732 Y18.6645
G1 X15.0857 Y18.6588
G1 X15.1019 Y18.6529
G1 X15.1157 Y18.6492
G1 X15.1328 Y18.6465
G1 X15.1460 Y18.6457
G1 X15.1633 Y18.6460
G1 X15.1778 Y18.6477
G1 X15.1947 Y18.6513
G1 X15.2073 Y18.6552
G1 X15.2232 Y18.6618
G1 X15.2356 Y18.6683
G1 X15.2501 Y18.6777
G1 X15.2609 Y18.6861
G1 X15.2734 Y18.6981
G1 X15.2825 Y18.7084
G1 X15.2927 Y18.7224
G1 X15.3000 Y18.7347
G1 X15.3073 Y18.7503
G1 X15.3118 Y18.7629
G1 X15.3163 Y18.7796
G1 X15.3187 Y18.7922
G1 X15.3201 Y18.8117
G1 X15.3252 Y19.1066
G1 X15.3333 Y19.1929
G1 X15.3554 Y19.3091
G1 X15.3907 Y19.4505
G1 X15.4391 Y19.6157
G1 X15.4976 Y19.7951
G1 X15.4977 Y19.7951
G1 X15.5669 Y19.9916
G1 X15.5667 Y19.9916
G1 X15.6432 Y20.1950
G1 X15.7259 Y20.4040
G1 X15.7272 Y20.4072
G1 X15.8148 Y20.6180
G1 X15.8157 Y20.6200
G1 X15.9073 Y20.8304
G1 X16.0019 Y21.0374
G1 X16.0980 Y21.2376
G1 X16.1919 Y21.4230
G1 X16.2855 Y21.5968
G1 X16.3741 Y21.7491
G1 X16.4569 Y21.8782
G1 X16.5761 Y22.0462
G1 X16.6905 Y22.1890
G1 X16.8005 Y22.3034
G1 X16.9211 Y22.4043
G1 X17.0670 Y22.5027
G1 X17.2435 Y22.6017
G1 X17.4708 Y22.7135
G1 X17.7439 Y22.8372
G1 X17.7439 Y22.8371
G1 X17.8987 Y22.9050
G1 X17.8996 Y22.9053
G1 X18.0414 Y22.9658
G1 X18.1688 Y23.0182
G1 X18.2850 Y23.0626
G1 X18.4010 Y23.1034
G1 X18.5030 Y23.1354
G1 X18.6090 Y23.1644
G1 X18.7150 Y23.1886
G1 X18.7150 Y23.1888
G1 X18.8247 Y23.2091
G1 X18.9380 Y23.2259
G1 X19.0653 Y23.2405
G1 X19.0653 Y23.2403
G1 X19.2031 Y23.2524
G1 X19.2031 Y23.2526
G1 X19.3538 Y23.2628
G1 X19.3538 Y23.2626
G1 X19.5253 Y23.2717
G1 X19.7135 Y23.2796
G1 X19.9236 Y23.2873
G1 X21.0972 Y23.3271
G1 X21.1784 Y23.1364
G1 X21.2251 Y23.0045
G1 X21.2587 Y22.8595
G1 X21.2800 Y22.7000
G1 X21.2892 Y22.5198
G1 X21.2860 Y22.3397
G1 X21.2695 Y22.1336
G1 X21.2410 Y21.9269
G1 X21.2003 Y21.7111
G1 X21.1486 Y21.4950
G1 X21.0823 Y21.2639
G1 X21.0083 Y21.0418
G1 X20.9199 Y20.8092
G1 X20.8750 Y20.7040
G1 X20.8742 Y20.7097
G1 X20.8704 Y20.7264
G1 X20.8660 Y20.7395
G1 X20.8592 Y20.7554
G1 X20.8524 Y20.7678
G1 X20.8427 Y20.7821
G1 X20.8342 Y20.7925
G1 X20.8221 Y20.8049
G1 X20.8117 Y20.8138
G1 X20.7976 Y20.8237
G1 X20.7854 Y20.8308
G1 X20.7620 Y20.8408
G1 X20.6289 Y20.8858
G1 X20.6121 Y20.8897
G1 X20.5990 Y20.8916
G1 X20.5818 Y20.8926
G1 X20.5680 Y20.8921
G1 X20.5508 Y20.8899
G1 X20.5370 Y20.8867
G1 X20.5206 Y20.8812
G1 X20.5080 Y20.8757
G1 X20.4929 Y20.8674
G1 X20.4813 Y20.8596
G1 X20.4679 Y20.8487
G1 X20.4581 Y20.8391
G1 X20.4425 Y20.8200
G1 X20.3128 Y20.6327
G1 X20.3043 Y20.6176
G1 X20.2986 Y20.6048
G1 X20.2930 Y20.5886
G1 X20.2898 Y20.5752
G1 X20.2872 Y20.5581
G1 X20.2865 Y20.5443
G1 X20.2871 Y20.5272
G1 X20.2888 Y20.5133
G1 X20.2927 Y20.4965
G1 X20.2969 Y20.4833
G1 X20.3038 Y20.4673
G1 X20.3107 Y20.4549
G1 X20.3204 Y20.4406
G1 X20.3283 Y20.4307
G1 X20.3402 Y20.4183
G1 X20.3516 Y20.4086
G1 X20.3657 Y20.3987
G1 X20.3775 Y20.3920
G1 X20.4009 Y20.3819
G1 X20.5339 Y20.3368
G1 X20.5508 Y20.3329
G1 X20.5638 Y20.3309
G1 X20.5810 Y20.3300
G1 X20.5949 Y20.3305
G1 X20.6121 Y20.3327
G1 X20.6259 Y20.3359
G1 X20.6423 Y20.3413
G1 X20.6549 Y20.3468
G1 X20.6700 Y20.3551
G1 X20.6813 Y20.3626
G1 X20.6948 Y20.3736
G1 X20.7048 Y20.3834
G1 X20.7204 Y20.4026
G1 X20.7737 Y20.4796
G1 X20.7147 Y20.3559
G1 X20.5963 Y20.1325
G1 X20.4709 Y19.9189
G1 X20.2857 Y19.6565
G1 X20.0831 Y19.4420
G1 X19.8372 Y19.2490
G1 X19.5335 Y19.0677
G1 X19.3927 Y18.9971
G1 X19.2258 Y18.9218
G1 X19.0408 Y18.8448
G1 X19.0400 Y18.8447
G1 X18.8344 Y18.7650
G1 X18.6173 Y18.6857
G1 X18.6173 Y18.6855
G1 X18.3951 Y18.6086
G1 X18.3951 Y18.6088
G1 X18.1640 Y18.5332
G1 X17.9328 Y18.4614
G1 X17.7031 Y18.3941
G1 X17.4813 Y18.3330
G1 X17.2659 Y18.2778
G1 X17.0645 Y18.2307
G1 X16.8823 Y18.1928
G1 X16.7174 Y18.1643
G1 X16.5826 Y18.1474
G1 X16.4715 Y18.1415
G1 X16.0997 Y18.1411
G1 X16.0826 Y18.1395
G1 X16.0689 Y18.1369
G1 X16.0522 Y18.1321
G1 X16.0394 Y18.1272
G1 X16.0240 Y18.1196
G1 X16.0119 Y18.1121
G1 X15.9981 Y18.1016
G1 X15.9880 Y18.0924
G1 X15.9764 Y18.0796
G1 X15.9683 Y18.0692
G1 X15.9591 Y18.0545
G1 X15.9525 Y18.0415
G1 X15.9463 Y18.0254
G1 X15.9429 Y18.0130
G1 X15.9395 Y17.9961
G1 X15.9380 Y17.9814
G1 X15.9380 Y17.9641
G1 X15.9392 Y17.9509
G1 X15.9422 Y17.9339
G1 X15.9459 Y17.9207
G1 X15.9519 Y17.9046
G1 X15.9581 Y17.8917
G1 X15.9672 Y17.8769
G1 X15.9750 Y17.8664
G1 X15.9910 Y17.8489
G1 X16.3199 Y17.5400
G1 X16.4773 Y17.3929
G1 X16.6493 Y17.2339
G1 X16.8344 Y17.0648
G1 X17.0305 Y16.8862
G1 X17.2364 Y16.7003
G1 X17.4503 Y16.5081
G1 X17.6707 Y16.3110
G1 X17.8961 Y16.1106
G1 X18.1242 Y15.9086
G1 X18.3539 Y15.7064
G1 X18.5834 Y15.5051
G1 X18.8110 Y15.3065
G1 X19.0352 Y15.1118
G1 X19.2544 Y14.9228
G1 X19.4667 Y14.7409
G1 X19.6696 Y14.5679
G1 X19.9131 Y14.3584
G1 X20.1333 Y14.1624
G1 X20.3275 Y13.9812
G1 X20.5034 Y13.8071
G1 X20.6560 Y13.6440
G1 X20.7898 Y13.4869
G1 X20.9052 Y13.3351
G1 X21.0051 Y13.1848
G1 X21.0900 Y13.0353
G1 X21.1621 Y12.8838
G1 X21.2238 Y12.7248
G1 X21.2751 Y12.5604
G1 X21.3189 Y12.3812
G1 X21.3193 Y12.3791
G1 X21.3196 Y12.3777
G1 X21.3480 Y12.2271
G1 X21.3395 Y12.2314
G1 X21.3268 Y12.2365
G1 X21.3103 Y12.2415
G1 X21.2964 Y12.2442
G1 X21.2792 Y12.2459
G1 X21.2660 Y12.2461
G1 X21.2488 Y12.2448
G1 X21.2350 Y12.2424
G1 X21.2182 Y12.2380
G1 X21.2052 Y12.2332
G1 X21.1896 Y12.2257
G1 X21.1778 Y12.2187
G1 X21.1638 Y12.2085
G1 X21.1532 Y12.1991
G1 X21.1414 Y12.1866
G1 X21.1330 Y12.1757
G1 X21.1236 Y12.1611
G1 X21.1174 Y12.1490
G1 X21.1108 Y12.1331
G1 X21.1067 Y12.1192
G1 X21.1021 Y12.0947
G1 X21.0408 Y11.5047
G1 X21.0251 Y11.2708
G1 X21.0281 Y11.0983
G1 X21.0310 Y11.0738
G1 X21.0523 Y10.9703
G1 X21.0573 Y10.9538
G1 X21.0623 Y10.9417
G1 X21.0701 Y10.9264
G1 X21.0778 Y10.9145
G1 X21.0884 Y10.9008
G1 X21.0978 Y10.8908
G1 X21.1107 Y10.8793
G1 X21.1218 Y10.8710
G1 X21.1366 Y10.8621
G1 X21.1481 Y10.8566
G1 X21.1677 Y10.8490
G1 X21.2098 Y10.8368
G1 X21.2269 Y10.8335
G1 X21.2399 Y10.8322
G1 X21.2571 Y10.8319
G1 X21.2709 Y10.8328
G1 X21.2880 Y10.8357
G1 X21.3018 Y10.8394
G1 X21.3180 Y10.8454
G1 X21.3300 Y10.8511
G1 X21.3448 Y10.8599
G1 X21.3563 Y10.8682
G1 X21.3693 Y10.8796
G1 X21.3790 Y10.8900
G1 X21.3897 Y10.9037
G1 X21.3970 Y10.9151
G1 X21.4049 Y10.9304
G1 X21.4092 Y10.9403
G1 X21.4138 Y10.9538
G1 X21.4495 Y11.0777
G1 X21.4380 Y10.9716
G1 X21.4121 Y10.8807
G1 X21.3674 Y10.7913
G1 X21.2972 Y10.6888
G1 X21.1993 Y10.5648
G1 X21.0442 Y10.4004
G1 X20.8554 Y10.2397
G1 X20.6546 Y10.0998
G1 X20.4796 Y10.0067
G1 X20.2615 Y9.9354
G1 X20.2430 Y10.0084
G1 X19.9810 Y9.9571
G1 X19.6820 Y9.9247
G1 X19.3707 Y9.9146
G1 X19.0607 Y9.9249
G1 X18.7632 Y9.9572
G1 X18.5112 Y10.0078
G1 X18.3036 Y10.0780
G1 X18.2069 Y10.1260
G1 X18.0894 Y10.1967
G1 X17.9633 Y10.2838
G1 X17.8362 Y10.3817
G1 X17.6965 Y10.4993
G1 X17.5548 Y10.6279
G1 X17.4121 Y10.7670
G1 X17.2700 Y10.9145
G1 X17.1339 Y11.0647
G1 X16.9908 Y11.2315
G1 X16.9895 Y11.2326
G1 X16.8608 Y11.3921
G1 X16.7271 Y11.5678
G1 X16.6047 Y11.7395
G1 X16.4909 Y11.9104
G1 X16.3843 Y12.0838
G1 X16.2925 Y12.2465
G1 X16.1680 Y12.4869
G1 X16.0677 Y12.7009
G1 X15.9909 Y12.8916
G1 X15.9258 Y13.0889
G1 X15.8747 Y13.2896
G1 X15.8595 Y13.3688
G1 X15.8664 Y13.3636
G1 X15.8868 Y13.3507
G1 X15.9051 Y13.3415
G1 X15.9273 Y13.3326
G1 X15.9407 Y13.3283
G1 X15.9482 Y13.3262
G1 X15.9726 Y13.3216
G1 X15.9928 Y13.3198
G1 X16.0160 Y13.3195
G1 X16.0361 Y13.3211
G1 X16.0606 Y13.3254
G1 X16.0813 Y13.3311
G1 X16.1037 Y13.3396
G1 X16.1227 Y13.3488
G1 X16.1434 Y13.3614
G1 X16.1594 Y13.3735
G1 X16.1773 Y13.3892
G1 X16.1905 Y13.4032
G1 X16.1943 Y13.3598
G1 X16.1979 Y13.3376
G1 X16.2417 Y13.1437
G1 X16.2465 Y13.1263
G1 X16.3200 Y12.9052
G1 X16.4160 Y12.6765
G1 X16.5320 Y12.4415
G1 X16.6654 Y12.2026
G1 X16.8142 Y11.9639
G1 X16.9759 Y11.7269
G1 X17.1490 Y11.4953
G1 X17.3303 Y11.2725
G1 X17.5185 Y11.0609
G1 X17.7116 Y10.8642
G1 X17.9080 Y10.6853
G1 X18.1063 Y10.5271
G1 X18.2917 Y10.4019
G1 X18.3070 Y10.3928
G1 X18.4887 Y10.2962
G1 X18.5103 Y10.2869
G1 X18.7556 Y10.1980
G1 X18.7782 Y10.1920
G1 X19.0355 Y10.1390
G1 X19.0573 Y10.1364
G1 X19.3196 Y10.1181
G1 X19.3420 Y10.1180
G1 X19.6061 Y10.1337
G1 X19.6264 Y10.1366
G1 X19.8857 Y10.1853
G1 X19.9060 Y10.1908
G1 X20.1515 Y10.2718
G1 X20.1737 Y10.2812
G1 X20.4033 Y10.3950
G1 X20.4251 Y10.4086
G1 X20.6273 Y10.5521
G1 X20.6434 Y10.5655
G1 X20.8626 Y10.7684
G1 X20.8780 Y10.7856
G1 X20.8887 Y10.7997
G1 X20.8972 Y10.8130
G1 X20.9797 Y10.9511
G1 X20.9803 Y10.9482
G1 X20.9878 Y10.9255
G1 X20.9953 Y10.9075
G1 X21.0068 Y10.8858
G1 X21.0184 Y10.8683
G1 X21.0335 Y10.8494
G1 X21.0478 Y10.8346
G1 X21.0658 Y10.8190
G1 X21.0830 Y10.8066
G1 X21.1037 Y10.7945
G1 X21.1212 Y10.7864
G1 X21.1466 Y10.7768
G1 X21.1954 Y10.7630
G1 X21.2195 Y10.7587
G1 X21.2385 Y10.7571
G1 X21.2528 Y10.7569
G1 X21.2367 Y10.7337
G1 X21.1422 Y10.6138
G1 X20.9923 Y10.4550
G1 X20.8099 Y10.2997
G1 X20.6149 Y10.1640
G1 X20.4501 Y10.0761
G1 X20.2430 Y10.0084
G1 X20.2246 Y10.0815
G1 X19.9696 Y10.0316
G1 X19.6756 Y9.9997
G1 X19.3709 Y9.9898
G1 X19.0670 Y9.9999
G1 X18.7739 Y10.0317
G1 X18.5314 Y10.0804
G1 X18.3320 Y10.1479
G1 X18.2439 Y10.1915
G1 X18.1292 Y10.2606
G1 X18.0068 Y10.3452
G1 X17.8830 Y10.4404
G1 X17.7471 Y10.5550
G1 X17.6055 Y10.6836
G1 X17.4646 Y10.8207
G1 X17.3241 Y10.9667
G1 X17.1910 Y11.1137
G1 X17.0479 Y11.2805
G1 X17.0461 Y11.2824
G1 X16.9194 Y11.4393
G1 X16.7870 Y11.6133
G1 X16.6660 Y11.7831
G1 X16.5535 Y11.9521
G1 X16.4483 Y12.1232
G1 X16.3593 Y12.2811
G1 X16.2348 Y12.5214
G1 X16.1367 Y12.7310
G1 X16.0618 Y12.9166
G1 X15.9981 Y13.1101
G1 X15.9632 Y13.2471
G1 X15.9660 Y13.2467
G1 X15.9919 Y13.2447
G1 X16.0219 Y13.2446
G1 X16.0491 Y13.2471
G1 X16.0806 Y13.2530
G1 X16.1077 Y13.2608
G1 X16.1357 Y13.2716
G1 X16.1691 Y13.1238
G1 X16.1752 Y13.1026
G1 X16.2506 Y12.8761
G1 X16.3485 Y12.6433
G1 X16.4663 Y12.4049
G1 X16.6016 Y12.1628
G1 X16.7521 Y11.9216
G1 X16.9157 Y11.6819
G1 X17.0908 Y11.4479
G1 X17.2741 Y11.2226
G1 X17.4649 Y11.0082
G1 X17.6610 Y10.8086
G1 X17.8610 Y10.6266
G1 X18.0643 Y10.4649
G1 X18.2533 Y10.3373
G1 X18.2716 Y10.3264
G1 X18.4593 Y10.2270
G1 X18.4847 Y10.2163
G1 X18.7362 Y10.1254
G1 X18.7631 Y10.1183
G1 X19.0268 Y10.0643
G1 X19.0521 Y10.0614
G1 X19.3192 Y10.0430
G1 X19.3465 Y10.0428
G1 X19.6166 Y10.0592
G1 X19.6403 Y10.0627
G1 X19.9058 Y10.1128
G1 X19.9295 Y10.1194
G1 X20.1806 Y10.2026
G1 X20.2072 Y10.2139
G1 X20.4429 Y10.3312
G1 X20.4685 Y10.3473
G1 X20.6754 Y10.4943
G1 X20.6945 Y10.5103
G1 X20.9184 Y10.7181
G1 X20.9380 Y10.7404
G1 X20.9517 Y10.7587
G1 X20.9618 Y10.7744
G1 X20.9771 Y10.8000
G1 X20.9795 Y10.7970
G1 X20.9985 Y10.7778
G1 X21.0217 Y10.7581
G1 X21.0451 Y10.7416
G1 X21.0720 Y10.7262
G1 X21.0947 Y10.7160
G1 X21.1197 Y10.7069
G1 X21.0850 Y10.6629
G1 X20.9404 Y10.5096
G1 X20.7642 Y10.3595
G1 X20.5753 Y10.2281
G1 X20.4204 Y10.1455
G1 X20.2246 Y10.0815
G1 X20.3520 Y10.2023
G1 X20.4828 Y10.2675
G1 X20.5121 Y10.2860
G1 X20.7235 Y10.4366
G1 X20.7456 Y10.4552
G1 X20.9749 Y10.6685
G1 X20.9915 Y10.6875
G1 X20.9996 Y10.6819
G1 X20.8883 Y10.5642
G1 X20.7185 Y10.4193
G1 X20.5357 Y10.2922
G1 X20.3909 Y10.2149
G1 X20.3520 Y10.2023
G1 X20.3641 Y10.4591
G1 X20.3816 Y10.4698
G1 X20.5794 Y10.6100
G1 X20.5924 Y10.6207
G1 X20.8070 Y10.8190
G1 X20.8186 Y10.8317
G1 X20.8258 Y10.8410
G1 X20.8328 Y10.8516
G1 X20.9414 Y11.0329
G1 X20.9488 Y11.0485
G1 X20.9543 Y11.0638
G1 X20.9596 Y11.0868
G1 X20.9612 Y11.0962
G1 X20.9857 Y11.3362
G1 X20.9857 Y11.3614
G1 X20.9529 Y11.7344
G1 X20.9407 Y11.8337
G1 X20.9267 Y11.9303
G1 X20.9105 Y12.0242
G1 X20.8920 Y12.1168
G1 X20.8707 Y12.2077
G1 X20.8462 Y12.2975
G1 X20.8182 Y12.3864
G1 X20.7863 Y12.4740
G1 X20.7505 Y12.5618
G1 X20.7104 Y12.6485
G1 X20.6657 Y12.7359
G1 X20.6162 Y12.8235
G1 X20.5618 Y12.9116
G1 X20.5019 Y13.0009
G1 X20.4368 Y13.0911
G1 X20.3657 Y13.1839
G1 X20.2888 Y13.2785
G1 X20.2055 Y13.3760
G1 X20.1154 Y13.4763
G1 X20.0183 Y13.5806
G1 X19.9140 Y13.6886
G1 X19.8020 Y13.8014
G1 X19.6821 Y13.9187
G1 X19.5542 Y14.0413
G1 X19.4174 Y14.1700
G1 X19.2716 Y14.3047
G1 X19.1165 Y14.4458
G1 X18.9520 Y14.5940
G1 X18.7774 Y14.7495
G1 X18.5928 Y14.9131
G1 X18.3974 Y15.0846
G1 X18.1910 Y15.2650
G1 X17.7690 Y15.6316
G1 X17.3736 Y15.9738
G1 X17.1883 Y16.1336
G1 X16.8487 Y16.4247
G1 X16.6961 Y16.5552
G1 X16.4316 Y16.7789
G1 X16.3217 Y16.8707
G1 X16.2279 Y16.9489
G1 X16.1508 Y17.0119
G1 X16.0904 Y17.0598
G1 X16.0506 Y17.0898
G1 X16.0383 Y17.0979
G1 X16.0159 Y17.1109
G1 X16.0003 Y17.1182
G1 X15.9877 Y17.1227
G1 X15.9710 Y17.1271
G1 X15.9571 Y17.1296
G1 X15.9398 Y17.1308
G1 X15.9266 Y17.1306
G1 X15.9094 Y17.1289
G1 X15.8947 Y17.1259
G1 X15.8784 Y17.1208
G1 X15.8667 Y17.1161
G1 X15.8513 Y17.1084
G1 X15.8390 Y17.1005
G1 X15.8254 Y17.0899
G1 X15.8154 Y17.0805
G1 X15.8039 Y17.0676
G1 X15.7956 Y17.0565
G1 X15.7867 Y17.0416
G1 X15.7806 Y17.0291
G1 X15.7746 Y17.0129
G1 X15.7711 Y17.0000
G1 X15.7674 Y16.9777
G1 X15.7558 Y16.8539
G1 X15.7555 Y16.8448
G1 X15.7561 Y16.8222
G1 X15.7570 Y16.8133
G1 X15.8021 Y16.5084
G1 X15.8492 Y16.2676
G1 X15.8499 Y16.2655
G1 X15.8946 Y16.0295
G1 X15.8944 Y16.0295
G1 X15.9383 Y15.7919
G1 X15.9390 Y15.7900
G1 X15.9801 Y15.5597
G1 X16.0199 Y15.3307
G1 X16.0200 Y15.3301
G1 X16.0568 Y15.1103
G1 X16.0568 Y15.1096
G1 X16.0915 Y14.8959
G1 X16.0913 Y14.8959
G1 X16.1233 Y14.6900
G1 X16.1239 Y14.6879
G1 X16.1523 Y14.4970
G1 X16.1521 Y14.4970
G1 X16.1779 Y14.3134
G1 X16.1784 Y14.3112
G1 X16.2002 Y14.1462
G1 X16.2186 Y13.9927
G1 X16.2333 Y13.8557
G1 X16.2441 Y13.7354
G1 X16.2442 Y13.7354
G1 X16.2508 Y13.6362
G1 X16.2533 Y13.5463
G1 X16.2684 Y13.3719
G1 X16.2713 Y13.3542
G1 X16.3143 Y13.1631
G1 X16.3178 Y13.1500
G1 X16.3894 Y12.9344
G1 X16.4835 Y12.7098
G1 X16.5976 Y12.4781
G1 X16.7292 Y12.2424
G1 X16.8763 Y12.0062
G1 X17.0362 Y11.7720
G1 X17.2073 Y11.5428
G1 X17.3865 Y11.3225
G1 X17.5722 Y11.1136
G1 X17.7622 Y10.9197
G1 X17.9549 Y10.7440
G1 X18.1484 Y10.5893
G1 X18.3304 Y10.4663
G1 X18.3423 Y10.4591
G1 X18.5190 Y10.3651
G1 X18.5360 Y10.3576
G1 X18.7753 Y10.2706
G1 X18.7935 Y10.2656
G1 X19.0449 Y10.2136
G1 X19.0626 Y10.2114
G1 X19.3202 Y10.1932
G1 X19.3376 Y10.1931
G1 X19.5961 Y10.2082
G1 X19.6126 Y10.2104
G1 X19.8660 Y10.2578
G1 X19.8824 Y10.2623
G1 X20.1230 Y10.3414
G1 X20.1405 Y10.3485
G1 X20.3641 Y10.4591
G1 X20.3254 Y10.5236
G1 X20.3382 Y10.5312
G1 X20.5320 Y10.6683
G1 X20.5414 Y10.6759
G1 X20.7515 Y10.8696
G1 X20.7631 Y10.8823
G1 X20.7684 Y10.8903
G1 X20.8736 Y11.0653
G1 X20.8810 Y11.0809
G1 X20.8865 Y11.1041
G1 X20.9107 Y11.3369
G1 X20.9108 Y11.3549
G1 X20.8783 Y11.7252
G1 X20.8662 Y11.8229
G1 X20.8526 Y11.9176
G1 X20.8368 Y12.0096
G1 X20.8188 Y12.0997
G1 X20.7981 Y12.1880
G1 X20.7744 Y12.2750
G1 X20.7475 Y12.3608
G1 X20.7168 Y12.4457
G1 X20.6823 Y12.5303
G1 X20.6434 Y12.6143
G1 X20.6001 Y12.6990
G1 X20.5523 Y12.7840
G1 X20.4992 Y12.8698
G1 X20.4409 Y12.9570
G1 X20.3772 Y13.0455
G1 X20.3075 Y13.1365
G1 X20.2317 Y13.2296
G1 X20.1494 Y13.3257
G1 X20.0603 Y13.4250
G1 X19.9642 Y13.5283
G1 X19.8607 Y13.6356
G1 X19.7495 Y13.7476
G1 X19.6301 Y13.8645
G1 X19.5026 Y13.9865
G1 X19.3662 Y14.1148
G1 X19.2209 Y14.2491
G1 X19.0663 Y14.3900
G1 X18.9020 Y14.5378
G1 X18.7276 Y14.6932
G1 X18.5432 Y14.8566
G1 X18.3479 Y15.0280
G1 X18.1416 Y15.2081
G1 X17.7199 Y15.5748
G1 X17.3246 Y15.9168
G1 X17.1393 Y16.0764
G1 X16.7998 Y16.3675
G1 X16.6476 Y16.4977
G1 X16.3833 Y16.7213
G1 X16.2737 Y16.8130
G1 X16.1803 Y16.8906
G1 X16.1041 Y16.9531
G1 X16.0452 Y16.9998
G1 X16.0084 Y17.0275
G1 X15.9999 Y17.0333
G1 X15.9839 Y17.0428
G1 X15.9683 Y17.0501
G1 X15.9516 Y17.0546
G1 X15.9342 Y17.0558
G1 X15.9170 Y17.0541
G1 X15.9006 Y17.0490
G1 X15.8852 Y17.0412
G1 X15.8716 Y17.0306
G1 X15.8601 Y17.0177
G1 X15.8511 Y17.0029
G1 X15.8451 Y16.9866
G1 X15.8422 Y16.9707
G1 X15.8306 Y16.8468
G1 X15.8313 Y16.8243
G1 X15.8760 Y16.5229
G1 X15.9231 Y16.2821
G1 X15.9232 Y16.2821
G1 X15.9684 Y16.0432
G1 X16.0123 Y15.8056
G1 X16.0125 Y15.8056
G1 X16.0541 Y15.5726
G1 X16.0939 Y15.3436
G1 X16.0940 Y15.3436
G1 X16.1311 Y15.1217
G1 X16.1310 Y15.1217
G1 X16.1657 Y14.9075
G1 X16.1976 Y14.7015
G1 X16.1978 Y14.7015
G1 X16.2266 Y14.5076
G1 X16.2524 Y14.3239
G1 X16.2525 Y14.3239
G1 X16.2748 Y14.1552
G1 X16.2934 Y14.0007
G1 X16.3082 Y13.8624
G1 X16.3190 Y13.7421
G1 X16.3259 Y13.6383
G1 X16.3283 Y13.5527
G1 X16.3428 Y13.3832
G1 X16.3447 Y13.3706
G1 X16.3868 Y13.1825
G1 X16.3892 Y13.1736
G1 X16.4588 Y12.9633
G1 X16.5509 Y12.7429
G1 X16.6632 Y12.5147
G1 X16.7930 Y12.2822
G1 X16.9383 Y12.0485
G1 X17.0965 Y11.8168
G1 X17.2655 Y11.5902
G1 X17.4426 Y11.3725
G1 X17.6260 Y11.1663
G1 X17.8130 Y10.9753
G1 X18.0019 Y10.8027
G1 X18.1906 Y10.6515
G1 X18.3692 Y10.5306
G1 X18.3776 Y10.5255
G1 X18.5497 Y10.4337
G1 X18.5618 Y10.4283
G1 X18.7957 Y10.3430
G1 X18.8088 Y10.3393
G1 X19.0555 Y10.2881
G1 X19.0679 Y10.2863
G1 X19.3212 Y10.2683
G1 X19.3333 Y10.2682
G1 X19.5870 Y10.2828
G1 X19.5987 Y10.2843
G1 X19.8469 Y10.3306
G1 X19.8590 Y10.3338
G1 X20.0950 Y10.4111
G1 X20.1073 Y10.4160
G1 X20.3254 Y10.5236
G1 X21.1371 Y10.9606
G1 X21.1477 Y10.9470
G1 X21.1607 Y10.9355
G1 X21.1754 Y10.9265
G1 X21.1893 Y10.9212
G1 X21.2243 Y10.9106
G1 X21.2414 Y10.9073
G1 X21.2585 Y10.9070
G1 X21.2756 Y10.9099
G1 X21.2918 Y10.9159
G1 X21.3066 Y10.9247
G1 X21.3196 Y10.9361
G1 X21.3303 Y10.9498
G1 X21.3383 Y10.9651
G1 X21.3416 Y10.9747
G1 X21.4019 Y11.1839
G1 X21.4053 Y11.2009
G1 X21.4058 Y11.2099
G1 X21.4058 Y11.5928
G1 X21.3639 Y12.0852
G1 X21.3608 Y12.1022
G1 X21.3548 Y12.1183
G1 X21.3459 Y12.1331
G1 X21.3343 Y12.1460
G1 X21.3206 Y12.1566
G1 X21.3053 Y12.1645
G1 X21.2888 Y12.1693
G1 X21.2716 Y12.1711
G1 X21.2544 Y12.1698
G1 X21.2377 Y12.1654
G1 X21.2221 Y12.1579
G1 X21.2081 Y12.1477
G1 X21.1963 Y12.1351
G1 X21.1869 Y12.1205
G1 X21.1804 Y12.1046
G1 X21.1769 Y12.0869
G1 X21.1158 Y11.4997
G1 X21.1002 Y11.2721
G1 X21.1029 Y11.1059
G1 X21.1046 Y11.0888
G1 X21.1242 Y10.9925
G1 X21.1293 Y10.9759
G1 X21.1371 Y10.9606
; Retract
G1 Z3.0400 F2540

; Path 37
; Rapid to initial position
G1 X21.0066 Y11.9032 F2540
G1 Z0.5000
; plunge
G1 Z-2.6750 F127
; cut
G1 X21.0009 Y11.9430 F1016
G1 X20.9841 Y12.0389
G1 X20.9652 Y12.1340
G1 X20.9432 Y12.2274
G1 X20.9179 Y12.3201
G1 X20.8888 Y12.4121
G1 X20.8559 Y12.5023
G1 X20.8188 Y12.5933
G1 X20.7774 Y12.6828
G1 X20.7311 Y12.7730
G1 X20.6802 Y12.8630
G1 X20.6242 Y12.9535
G1 X20.5629 Y13.0448
G1 X20.4966 Y13.1368
G1 X20.4241 Y13.2314
G1 X20.3460 Y13.3273
G1 X20.2613 Y13.4263
G1 X20.1704 Y13.5276
G1 X20.0724 Y13.6328
G1 X19.9674 Y13.7416
G1 X19.8545 Y13.8552
G1 X19.7342 Y13.9730
G1 X19.6058 Y14.0960
G1 X19.4684 Y14.2252
G1 X19.3222 Y14.3602
G1 X19.1669 Y14.5017
G1 X19.0019 Y14.6502
G1 X18.8272 Y14.8058
G1 X18.6425 Y14.9696
G1 X18.4469 Y15.1413
G1 X18.2403 Y15.3218
G1 X17.8182 Y15.6885
G1 X17.4227 Y16.0307
G1 X17.2372 Y16.1907
G1 X16.8976 Y16.4818
G1 X16.7446 Y16.6126
G1 X16.4798 Y16.8365
G1 X16.3698 Y16.9285
G1 X16.2754 Y17.0071
G1 X16.1975 Y17.0708
G1 X16.1355 Y17.1200
G1 X16.0921 Y17.1524
G1 X16.0762 Y17.1628
G1 X16.0479 Y17.1790
G1 X16.0254 Y17.1890
G1 X16.0071 Y17.1953
G1 X15.9837 Y17.2013
G1 X15.9627 Y17.2045
G1 X15.9388 Y17.2059
G1 X15.9190 Y17.2054
G1 X15.8941 Y17.2026
G1 X15.8725 Y17.1977
G1 X15.8507 Y17.1906
G1 X15.8328 Y17.1833
G1 X15.8109 Y17.1718
G1 X15.7929 Y17.1599
G1 X15.7740 Y17.1448
G1 X15.7591 Y17.1305
G1 X15.7435 Y17.1125
G1 X15.7311 Y17.0953
G1 X15.7189 Y17.0743
G1 X15.7102 Y17.0554
G1 X15.7020 Y17.0326
G1 X15.6969 Y17.0123
G1 X15.6927 Y16.9847
G1 X15.6807 Y16.8566
G1 X15.6804 Y16.8427
G1 X15.6812 Y16.8155
G1 X15.6826 Y16.8023
G1 X15.7283 Y16.4939
G1 X15.7754 Y16.2531
G1 X15.7768 Y16.2475
G1 X15.8200 Y16.0195
G1 X15.8204 Y16.0158
G1 X15.8643 Y15.7782
G1 X15.8655 Y15.7740
G1 X15.9061 Y15.5468
G1 X15.9460 Y15.3177
G1 X15.9459 Y15.3177
G1 X15.9826 Y15.0979
G1 X15.9826 Y15.0975
G1 X16.0170 Y14.8859
G1 X16.0170 Y14.8843
G1 X16.0490 Y14.6783
G1 X16.0503 Y14.6729
G1 X16.0776 Y14.4881
G1 X16.0776 Y14.4866
G1 X16.0966 Y14.3522
G1 X16.0897 Y14.3549
G1 X16.0665 Y14.3619
G1 X16.0520 Y14.3651
G1 X16.0442 Y14.3666
G1 X16.0197 Y14.3688
G1 X16.0006 Y14.3688
G1 X15.9772 Y14.3670
G1 X15.9633 Y14.3650
G1 X15.9557 Y14.3635
G1 X15.9321 Y14.3570
G1 X15.9145 Y14.3503
G1 X15.8924 Y14.3400
G1 X15.8733 Y14.3286
G1 X15.8542 Y14.3145
G1 X15.8392 Y14.3013
G1 X15.8221 Y14.2832
G1 X15.8086 Y14.2656
G1 X15.7962 Y14.2461
G1 X15.7872 Y14.2289
G1 X15.7781 Y14.2073
G1 X15.7730 Y14.1913
G1 X15.7692 Y14.1765
G1 X15.7568 Y14.1185
G1 X15.7366 Y14.3053
G1 X15.7055 Y14.5666
G1 X15.6697 Y14.8426
G1 X15.6306 Y15.1252
G1 X15.5895 Y15.4067
G1 X15.5472 Y15.6782
G1 X15.5048 Y15.9313
G1 X15.4647 Y16.1554
G1 X15.4267 Y16.3640
G1 X15.3919 Y16.5697
G1 X15.3602 Y16.7702
G1 X15.3595 Y16.7727
G1 X15.3331 Y16.9537
G1 X15.3330 Y16.9562
G1 X15.3099 Y17.1317
G1 X15.2935 Y17.2752
G1 X15.2935 Y17.2767
G1 X15.2830 Y17.3967
G1 X15.2796 Y17.4772
G1 X15.2792 Y17.7297
G1 X15.2793 Y17.7295
G1 X15.2945 Y17.7179
G1 X15.3145 Y17.7049
G1 X15.3339 Y17.6947
G1 X15.3565 Y17.6856
G1 X15.3763 Y17.6797
G1 X15.4004 Y17.6749
G1 X15.4208 Y17.6729
G1 X15.4382 Y17.6724
G1 X15.4460 Y17.6725
G1 X15.4625 Y17.6738
G1 X15.4712 Y17.6749
G1 X15.5014 Y17.6811
G1 X15.5150 Y17.6851
G1 X15.7679 Y17.7715
G1 X15.7902 Y17.7819
G1 X15.8079 Y17.7922
G1 X15.8278 Y17.8064
G1 X15.8439 Y17.8202
G1 X15.8602 Y17.8373
G1 X15.8731 Y17.8532
G1 X15.8847 Y17.8707
G1 X15.8940 Y17.8524
G1 X15.9068 Y17.8320
G1 X15.9147 Y17.8215
G1 X15.9196 Y17.8155
G1 X15.9397 Y17.7942
G1 X16.2684 Y17.4851
G1 X16.4261 Y17.3377
G1 X16.5985 Y17.1784
G1 X16.7838 Y17.0092
G1 X16.9800 Y16.8303
G1 X17.1861 Y16.6445
G1 X17.4001 Y16.4521
G1 X17.6207 Y16.2549
G1 X17.8462 Y16.0543
G1 X18.0746 Y15.8521
G1 X18.3043 Y15.6499
G1 X18.5339 Y15.4484
G1 X18.7617 Y15.2497
G1 X18.9860 Y15.0549
G1 X19.2055 Y14.8656
G1 X19.4178 Y14.6836
G1 X19.6207 Y14.5106
G1 X19.6209 Y14.5108
G1 X19.8631 Y14.3022
G1 X20.0834 Y14.1062
G1 X20.2747 Y13.9278
G1 X20.4484 Y13.7557
G1 X20.6001 Y13.5936
G1 X20.7315 Y13.4397
G1 X20.8454 Y13.2896
G1 X20.9404 Y13.1467
G1 X21.0222 Y13.0025
G1 X21.0935 Y12.8529
G1 X21.1525 Y12.7010
G1 X21.2020 Y12.5423
G1 X21.2458 Y12.3634
G1 X21.2459 Y12.3629
G1 X21.2539 Y12.3205
G1 X21.2361 Y12.3190
G1 X21.2155 Y12.3150
G1 X21.1925 Y12.3086
G1 X21.1727 Y12.3010
G1 X21.1513 Y12.2903
G1 X21.1336 Y12.2795
G1 X21.1142 Y12.2650
G1 X21.0982 Y12.2505
G1 X21.0820 Y12.2327
G1 X21.0696 Y12.2163
G1 X21.0567 Y12.1955
G1 X21.0478 Y12.1775
G1 X21.0387 Y12.1546
G1 X21.0346 Y12.1407
G1 X21.0328 Y12.1331
G1 X21.0273 Y12.1026
G1 X21.0066 Y11.9032
G1 X21.0113 Y12.2636
G1 X20.9895 Y12.3428
G1 X20.9595 Y12.4378
G1 X20.9256 Y12.5306
G1 X20.8871 Y12.6249
G1 X20.8442 Y12.7172
G1 X20.7965 Y12.8101
G1 X20.7442 Y12.9026
G1 X20.6865 Y12.9953
G1 X20.6239 Y13.0888
G1 X20.5562 Y13.1825
G1 X20.4823 Y13.2788
G1 X20.4031 Y13.3762
G1 X20.3173 Y13.4766
G1 X20.2255 Y13.5788
G1 X20.1265 Y13.6849
G1 X20.0207 Y13.7946
G1 X19.9070 Y13.9090
G1 X19.7863 Y14.0272
G1 X19.6573 Y14.1507
G1 X19.5194 Y14.2804
G1 X19.3728 Y14.4157
G1 X19.2171 Y14.5576
G1 X19.0519 Y14.7063
G1 X18.8771 Y14.8621
G1 X18.6921 Y15.0260
G1 X18.4964 Y15.1980
G1 X18.2896 Y15.3786
G1 X17.8674 Y15.7453
G1 X17.4717 Y16.0878
G1 X17.2860 Y16.2479
G1 X16.9464 Y16.5390
G1 X16.7932 Y16.6701
G1 X16.5280 Y16.8942
G1 X16.4179 Y16.9863
G1 X16.3231 Y17.0654
G1 X16.2442 Y17.1297
G1 X16.1806 Y17.1801
G1 X16.1330 Y17.2155
G1 X16.1136 Y17.2281
G1 X16.0786 Y17.2476
G1 X16.0496 Y17.2602
G1 X16.0259 Y17.2680
G1 X15.9951 Y17.2756
G1 X15.9672 Y17.2796
G1 X15.9371 Y17.2811
G1 X15.9103 Y17.2801
G1 X15.8855 Y17.2772
G1 X15.8774 Y17.2759
G1 X15.8496 Y17.2693
G1 X15.8222 Y17.2602
G1 X15.7980 Y17.2500
G1 X15.7761 Y17.2385
G1 X15.7694 Y17.2346
G1 X15.7460 Y17.2187
G1 X15.7216 Y17.1987
G1 X15.7024 Y17.1798
G1 X15.6826 Y17.1566
G1 X15.6662 Y17.1332
G1 X15.6506 Y17.1058
G1 X15.6393 Y17.0807
G1 X15.6291 Y17.0509
G1 X15.6226 Y17.0239
G1 X15.6179 Y16.9917
G1 X15.6056 Y16.8583
G1 X15.6053 Y16.8405
G1 X15.6064 Y16.8074
G1 X15.6083 Y16.7913
G1 X15.6544 Y16.4794
G1 X15.7025 Y16.2343
G1 X15.7039 Y16.2287
G1 X15.7458 Y16.0071
G1 X15.7464 Y16.0021
G1 X15.7917 Y15.7598
G1 X15.8321 Y15.5339
G1 X15.8717 Y15.3066
G1 X15.8717 Y15.3052
G1 X15.9085 Y15.0854
G1 X15.9424 Y14.8763
G1 X15.9427 Y14.8727
G1 X15.9758 Y14.6611
G1 X15.9766 Y14.6579
G1 X16.0028 Y14.4802
G1 X16.0031 Y14.4760
G1 X16.0078 Y14.4439
G1 X15.9951 Y14.4437
G1 X15.9660 Y14.4413
G1 X15.9495 Y14.4388
G1 X15.9357 Y14.4359
G1 X15.9056 Y14.4274
G1 X15.8826 Y14.4185
G1 X15.8605 Y14.4081
G1 X15.8537 Y14.4044
G1 X15.8289 Y14.3891
G1 X15.8045 Y14.3710
G1 X15.7802 Y14.5763
G1 X15.7442 Y14.8529
G1 X15.7049 Y15.1360
G1 X15.6638 Y15.4183
G1 X15.6214 Y15.6906
G1 X15.5789 Y15.9445
G1 X15.5387 Y16.1689
G1 X15.5007 Y16.3776
G1 X15.4660 Y16.5822
G1 X15.4339 Y16.7836
G1 X15.4080 Y16.9608
G1 X15.4075 Y16.9661
G1 X15.3844 Y17.1416
G1 X15.3685 Y17.2811
G1 X15.3685 Y17.2833
G1 X15.3580 Y17.4032
G1 X15.3548 Y17.4804
G1 X15.3544 Y17.6081
G1 X15.3618 Y17.6060
G1 X15.3928 Y17.6001
G1 X15.4187 Y17.5977
G1 X15.4398 Y17.5973
G1 X15.4517 Y17.5976
G1 X15.4721 Y17.5992
G1 X15.4864 Y17.6012
G1 X15.5224 Y17.6089
G1 X15.5394 Y17.6140
G1 X15.7923 Y17.7004
G1 X15.7996 Y17.7032
G1 X15.8283 Y17.7170
G1 X15.8515 Y17.7309
G1 X15.8768 Y17.7494
G1 X15.8778 Y17.7502
G1 X15.8881 Y17.7394
G1 X16.2170 Y17.4302
G1 X16.3751 Y17.2824
G1 X16.5477 Y17.1229
G1 X16.7331 Y16.9537
G1 X16.9297 Y16.7745
G1 X17.1358 Y16.5886
G1 X17.3500 Y16.3960
G1 X17.5707 Y16.1987
G1 X17.7964 Y15.9980
G1 X18.0249 Y15.7955
G1 X18.2546 Y15.5934
G1 X18.4844 Y15.3918
G1 X18.7123 Y15.1928
G1 X18.9369 Y14.9979
G1 X19.1565 Y14.8085
G1 X19.3690 Y14.6263
G1 X19.5719 Y14.4533
G1 X19.5746 Y14.4514
G1 X19.8132 Y14.2461
G1 X20.0321 Y14.0511
G1 X20.2234 Y13.8727
G1 X20.3935 Y13.7044
G1 X20.5452 Y13.5422
G1 X20.6727 Y13.3926
G1 X20.7843 Y13.2458
G1 X20.8758 Y13.1082
G1 X20.9561 Y12.9667
G1 X21.0244 Y12.8235
G1 X21.0812 Y12.6772
G1 X21.1296 Y12.5218
G1 X21.1650 Y12.3786
G1 X21.1393 Y12.3683
G1 X21.1120 Y12.3544
G1 X21.0887 Y12.3398
G1 X21.0636 Y12.3205
G1 X21.0427 Y12.3011
G1 X21.0221 Y12.2781
G1 X21.0113 Y12.2636
G1 X21.0492 Y12.4035
G1 X21.0301 Y12.4636
G1 X20.9951 Y12.5591
G1 X20.9553 Y12.6565
G1 X20.9111 Y12.7515
G1 X20.8619 Y12.8472
G1 X20.8080 Y12.9422
G1 X20.7489 Y13.0372
G1 X20.6848 Y13.1327
G1 X20.6159 Y13.2283
G1 X20.5406 Y13.3262
G1 X20.4602 Y13.4250
G1 X20.3732 Y13.5269
G1 X20.2806 Y13.6300
G1 X20.1806 Y13.7371
G1 X20.0740 Y13.8476
G1 X19.9596 Y13.9628
G1 X19.8383 Y14.0815
G1 X19.7089 Y14.2055
G1 X19.5703 Y14.3357
G1 X19.4234 Y14.4713
G1 X19.2674 Y14.6134
G1 X19.2493 Y14.6298
G1 X19.3201 Y14.5690
G1 X19.5256 Y14.3944
G1 X19.7632 Y14.1899
G1 X19.9809 Y13.9960
G1 X20.1722 Y13.8177
G1 X20.3387 Y13.6529
G1 X20.4893 Y13.4917
G1 X20.6143 Y13.3453
G1 X20.7231 Y13.2021
G1 X20.8117 Y13.0690
G1 X20.8901 Y12.9309
G1 X20.9553 Y12.7940
G1 X21.0101 Y12.6527
G1 X21.0566 Y12.5039
G1 X21.0771 Y12.4208
G1 X21.0719 Y12.4181
G1 X21.0492 Y12.4035
; Retract
G1 Z3.0400 F2540

; Path 38
; Rapid to initial position
G1 X18.3221 Y12.2709 F2540
G1 Z0.5000
; plunge
G1 Z-2.6750 F127
; cut
G1 X18.1731 Y12.0416 F1016
G1 X18.0113 Y11.9397
G1 X17.8333 Y11.8988
G1 X17.6637 Y11.9205
G1 X17.5242 Y12.0004
G1 X17.3981 Y12.2197
G1 X17.4310 Y12.4458
G1 X17.5966 Y12.6317
G1 X17.8730 Y12.7100
G1 X18.1564 Y12.6401
G1 X18.3065 Y12.4775
G1 X18.3221 Y12.2709
G1 X18.2452 Y12.2905
G1 X18.1194 Y12.0967
G1 X17.9816 Y12.0101
G1 X17.8298 Y11.9750
G1 X17.6880 Y11.9932
G1 X17.5792 Y12.0556
G1 X17.4762 Y12.2344
G1 X17.5023 Y12.4127
G1 X17.6381 Y12.5651
G1 X17.8744 Y12.6322
G1 X17.8810 Y12.6306
G1 X17.8784 Y12.6298
G1 X17.8660 Y12.6249
G1 X17.8506 Y12.6170
G1 X17.8394 Y12.6102
G1 X17.8219 Y12.5967
G1 X17.6906 Y12.4792
G1 X17.6788 Y12.4665
G1 X17.6707 Y12.4558
G1 X17.6615 Y12.4413
G1 X17.6551 Y12.4292
G1 X17.6486 Y12.4132
G1 X17.6446 Y12.3995
G1 X17.6412 Y12.3826
G1 X17.6398 Y12.3694
G1 X17.6395 Y12.3521
G1 X17.6406 Y12.3375
G1 X17.6436 Y12.3204
G1 X17.6470 Y12.3080
G1 X17.6529 Y12.2918
G1 X17.6591 Y12.2786
G1 X17.6680 Y12.2638
G1 X17.6766 Y12.2521
G1 X17.6900 Y12.2373
G1 X17.6959 Y12.2316
G1 X17.8271 Y12.1151
G1 X17.8412 Y12.1047
G1 X17.8531 Y12.0976
G1 X17.8685 Y12.0901
G1 X17.8813 Y12.0853
G1 X17.8979 Y12.0807
G1 X17.9118 Y12.0782
G1 X17.9290 Y12.0767
G1 X17.9429 Y12.0769
G1 X17.9600 Y12.0787
G1 X17.9737 Y12.0814
G1 X17.9904 Y12.0863
G1 X18.0033 Y12.0914
G1 X18.0186 Y12.0992
G1 X18.0298 Y12.1062
G1 X18.0467 Y12.1194
G1 X18.1776 Y12.2361
G1 X18.1895 Y12.2486
G1 X18.1982 Y12.2599
G1 X18.2075 Y12.2744
G1 X18.2138 Y12.2865
G1 X18.2204 Y12.3026
G1 X18.2245 Y12.3164
G1 X18.2279 Y12.3334
G1 X18.2291 Y12.3465
G1 X18.2294 Y12.3637
G1 X18.2285 Y12.3776
G1 X18.2256 Y12.3945
G1 X18.2220 Y12.4084
G1 X18.2159 Y12.4246
G1 X18.2102 Y12.4366
G1 X18.2014 Y12.4514
G1 X18.1924 Y12.4636
G1 X18.1789 Y12.4786
G1 X18.1731 Y12.4843
G1 X18.0574 Y12.5871
G1 X18.1166 Y12.5725
G1 X18.2335 Y12.4458
G1 X18.2452 Y12.2905
G1 X18.1507 Y12.3309
G1 X18.1540 Y12.3479
G1 X18.1543 Y12.3651
G1 X18.1515 Y12.3821
G1 X18.1454 Y12.3984
G1 X18.1367 Y12.4132
G1 X18.1232 Y12.4281
G1 X17.9969 Y12.5405
G1 X17.9830 Y12.5509
G1 X17.9675 Y12.5583
G1 X17.9508 Y12.5630
G1 X17.9336 Y12.5644
G1 X17.9164 Y12.5626
G1 X17.8999 Y12.5577
G1 X17.8845 Y12.5499
G1 X17.8719 Y12.5405
G1 X17.7458 Y12.4281
G1 X17.7340 Y12.4154
G1 X17.7248 Y12.4009
G1 X17.7183 Y12.3848
G1 X17.7149 Y12.3680
G1 X17.7146 Y12.3506
G1 X17.7177 Y12.3336
G1 X17.7236 Y12.3174
G1 X17.7325 Y12.3026
G1 X17.7458 Y12.2878
G1 X17.8719 Y12.1755
G1 X17.8858 Y12.1652
G1 X17.9013 Y12.1578
G1 X17.9180 Y12.1531
G1 X17.9352 Y12.1517
G1 X17.9524 Y12.1534
G1 X17.9691 Y12.1584
G1 X17.9844 Y12.1662
G1 X17.9968 Y12.1755
G1 X18.1230 Y12.2878
G1 X18.1349 Y12.3004
G1 X18.1442 Y12.3148
G1 X18.1507 Y12.3309
; Retract
G1 Z3.0400 F2540

; Path 39
; Rapid to initial position
G1 X17.7793 Y12.0573 F2540
G1 Z0.5000
; plunge
G1 Z-2.6750 F127
; cut
G1 X17.7124 Y12.0659 F1016
G1 X17.6341 Y12.1108
G1 X17.5544 Y12.2494
G1 X17.5662 Y12.3298
G1 X17.5666 Y12.3242
G1 X17.5711 Y12.3008
G1 X17.5763 Y12.2824
G1 X17.5848 Y12.2598
G1 X17.5946 Y12.2397
G1 X17.6075 Y12.2190
G1 X17.6207 Y12.2017
G1 X17.6376 Y12.1834
G1 X17.6459 Y12.1754
G1 X17.7793 Y12.0573
; Retract
G1 Z3.0400 F2540

; Path 40
; Rapid to initial position
G1 X16.6553 Y11.9348 F2540
G1 Z0.5000
; plunge
G1 Z-2.6750 F127
; cut
G1 X16.6160 Y11.9938 F1016
G1 X16.5137 Y12.1601
G1 X16.5138 Y12.1601
G1 X16.4249 Y12.3180
G1 X16.3017 Y12.5559
G1 X16.2056 Y12.7613
G1 X16.1328 Y12.9415
G1 X16.0698 Y13.1327
G1 X16.0596 Y13.1730
G1 X16.0630 Y13.1733
G1 X16.0802 Y13.1766
G1 X16.0969 Y13.1031
G1 X16.1039 Y13.0789
G1 X16.1812 Y12.8470
G1 X16.2810 Y12.6101
G1 X16.4007 Y12.3683
G1 X16.5377 Y12.1230
G1 X16.6553 Y11.9348
G1 X16.0719 Y13.4077
G1 X16.0845 Y13.4136
G1 X16.0992 Y13.4224
G1 X16.1103 Y13.4303
G1 X16.1233 Y13.4416
G1 X16.1328 Y13.4515
G1 X16.1437 Y13.4650
G1 X16.1513 Y13.4766
G1 X16.1594 Y13.4919
G1 X16.1650 Y13.5051
G1 X16.1701 Y13.5217
G1 X16.1725 Y13.5328
G1 X16.1749 Y13.5492
G1 X16.1979 Y13.8234
G1 X16.1979 Y13.8444
G1 X16.1760 Y14.1442
G1 X16.1731 Y14.1613
G1 X16.1696 Y14.1745
G1 X16.1637 Y14.1907
G1 X16.1578 Y14.2033
G1 X16.1491 Y14.2181
G1 X16.1411 Y14.2291
G1 X16.1298 Y14.2421
G1 X16.1200 Y14.2517
G1 X16.1065 Y14.2625
G1 X16.0942 Y14.2704
G1 X16.0789 Y14.2784
G1 X16.0670 Y14.2833
G1 X16.0504 Y14.2886
G1 X16.0359 Y14.2918
G1 X16.0187 Y14.2937
G1 X16.0055 Y14.2938
G1 X15.9883 Y14.2927
G1 X15.9745 Y14.2906
G1 X15.9578 Y14.2863
G1 X15.9456 Y14.2819
G1 X15.9298 Y14.2747
G1 X15.9170 Y14.2674
G1 X15.9031 Y14.2574
G1 X15.8930 Y14.2488
G1 X15.8809 Y14.2364
G1 X15.8717 Y14.2247
G1 X15.8623 Y14.2103
G1 X15.8563 Y14.1991
G1 X15.8494 Y14.1832
G1 X15.8457 Y14.1724
G1 X15.8427 Y14.1608
G1 X15.7872 Y13.9026
G1 X15.7851 Y13.8854
G1 X15.7848 Y13.8713
G1 X15.7868 Y13.8455
G1 X15.8411 Y13.5283
G1 X15.8456 Y13.5116
G1 X15.8501 Y13.4990
G1 X15.8574 Y13.4834
G1 X15.8647 Y13.4712
G1 X15.8749 Y13.4572
G1 X15.8843 Y13.4465
G1 X15.8968 Y13.4348
G1 X15.9073 Y13.4266
G1 X15.9218 Y13.4172
G1 X15.9339 Y13.4109
G1 X15.9500 Y13.4042
G1 X15.9635 Y13.3999
G1 X15.9804 Y13.3964
G1 X15.9942 Y13.3950
G1 X16.0114 Y13.3947
G1 X16.0245 Y13.3954
G1 X16.0417 Y13.3982
G1 X16.0556 Y13.4018
G1 X16.0719 Y13.4077
G1 X16.0463 Y13.4784
G1 X16.0611 Y13.4871
G1 X16.0741 Y13.4984
G1 X16.0850 Y13.5119
G1 X16.0930 Y13.5272
G1 X16.0982 Y13.5438
G1 X16.0999 Y13.5556
G1 X16.1228 Y13.8242
G1 X16.1230 Y13.8390
G1 X16.1018 Y14.1318
G1 X16.0989 Y14.1489
G1 X16.0930 Y14.1651
G1 X16.0843 Y14.1799
G1 X16.0730 Y14.1929
G1 X16.0595 Y14.2037
G1 X16.0442 Y14.2117
G1 X16.0276 Y14.2170
G1 X16.0105 Y14.2188
G1 X15.9933 Y14.2178
G1 X15.9766 Y14.2135
G1 X15.9608 Y14.2063
G1 X15.9468 Y14.1963
G1 X15.9347 Y14.1839
G1 X15.9253 Y14.1694
G1 X15.9185 Y14.1534
G1 X15.9162 Y14.1448
G1 X15.8618 Y13.8937
G1 X15.8598 Y13.8765
G1 X15.8610 Y13.8581
G1 X15.9137 Y13.5477
G1 X15.9182 Y13.5311
G1 X15.9255 Y13.5155
G1 X15.9357 Y13.5014
G1 X15.9482 Y13.4896
G1 X15.9627 Y13.4802
G1 X15.9788 Y13.4736
G1 X15.9957 Y13.4701
G1 X16.0128 Y13.4698
G1 X16.0300 Y13.4725
G1 X16.0463 Y13.4784
; Retract
G1 Z3.0400 F2540

; Path 41
; Rapid to initial position
G1 X15.8658 Y14.4925 F2540
G1 Z0.5000
; plunge
G1 Z-2.6750 F127
; cut
G1 X15.8546 Y14.5860 F1016
G1 X15.8187 Y14.8633
G1 X15.7794 Y15.1468
G1 X15.7382 Y15.4300
G1 X15.6955 Y15.7031
G1 X15.6529 Y15.9577
G1 X15.6128 Y16.1824
G1 X15.5747 Y16.3911
G1 X15.5402 Y16.5948
G1 X15.5082 Y16.7953
G1 X15.5080 Y16.7953
G1 X15.4829 Y16.9677
G1 X15.4820 Y16.9759
G1 X15.4588 Y17.1515
G1 X15.4434 Y17.2863
G1 X15.4434 Y17.2898
G1 X15.4329 Y17.4098
G1 X15.4299 Y17.4834
G1 X15.4298 Y17.5223
G1 X15.4419 Y17.5222
G1 X15.4576 Y17.5226
G1 X15.4829 Y17.5247
G1 X15.5020 Y17.5277
G1 X15.5439 Y17.5368
G1 X15.5637 Y17.5428
G1 X15.8197 Y17.6304
G1 X15.8321 Y17.6354
G1 X15.8670 Y17.6525
G1 X15.8693 Y17.6539
G1 X16.1657 Y17.3752
G1 X16.3240 Y17.2272
G1 X16.4971 Y17.0673
G1 X16.6825 Y16.8981
G1 X16.8794 Y16.7186
G1 X17.0855 Y16.5328
G1 X17.2999 Y16.3400
G1 X17.4511 Y16.2049
G1 X17.3349 Y16.3050
G1 X16.9953 Y16.5960
G1 X16.8417 Y16.7275
G1 X16.5763 Y16.9517
G1 X16.4661 Y17.0441
G1 X16.3706 Y17.1237
G1 X16.2909 Y17.1886
G1 X16.2255 Y17.2405
G1 X16.1739 Y17.2786
G1 X16.1504 Y17.2936
G1 X16.1085 Y17.3165
G1 X16.0732 Y17.3316
G1 X16.0439 Y17.3410
G1 X16.0057 Y17.3501
G1 X15.9707 Y17.3547
G1 X15.9344 Y17.3561
G1 X15.9018 Y17.3547
G1 X15.8739 Y17.3515
G1 X15.8599 Y17.3490
G1 X15.8259 Y17.3406
G1 X15.7930 Y17.3294
G1 X15.7632 Y17.3167
G1 X15.7375 Y17.3032
G1 X15.7270 Y17.2968
G1 X15.6984 Y17.2769
G1 X15.6689 Y17.2524
G1 X15.6451 Y17.2285
G1 X15.6211 Y17.1997
G1 X15.6010 Y17.1704
G1 X15.5820 Y17.1367
G1 X15.5682 Y17.1050
G1 X15.5561 Y17.0686
G1 X15.5483 Y17.0348
G1 X15.5430 Y16.9985
G1 X15.5305 Y16.8596
G1 X15.5301 Y16.8380
G1 X15.5318 Y16.7985
G1 X15.5340 Y16.7804
G1 X15.5806 Y16.4649
G1 X15.6296 Y16.2155
G1 X15.6311 Y16.2099
G1 X15.6712 Y15.9975
G1 X15.6726 Y15.9883
G1 X15.7176 Y15.7465
G1 X15.7581 Y15.5210
G1 X15.7972 Y15.2962
G1 X15.7975 Y15.2928
G1 X15.8343 Y15.0734
G1 X15.8675 Y14.8677
G1 X15.8684 Y14.8610
G1 X15.9023 Y14.6470
G1 X15.9224 Y14.5099
G1 X15.9150 Y14.5082
G1 X15.8784 Y14.4974
G1 X15.8658 Y14.4925
G1 X15.5294 Y17.1962
G1 X15.5184 Y17.2914
G1 X15.5184 Y17.2963
G1 X15.5079 Y17.4163
G1 X15.5065 Y17.4523
G1 X15.5179 Y17.4542
G1 X15.5657 Y17.4648
G1 X15.5881 Y17.4717
G1 X15.8481 Y17.5608
G1 X15.8553 Y17.5638
G1 X16.0016 Y17.4264
G1 X15.9737 Y17.4298
G1 X15.9311 Y17.4312
G1 X15.8932 Y17.4294
G1 X15.8604 Y17.4255
G1 X15.8418 Y17.4220
G1 X15.8017 Y17.4117
G1 X15.7636 Y17.3987
G1 X15.7280 Y17.3832
G1 X15.6986 Y17.3675
G1 X15.6842 Y17.3586
G1 X15.6503 Y17.3347
G1 X15.6158 Y17.3056
G1 X15.5873 Y17.2767
G1 X15.5590 Y17.2422
G1 X15.5354 Y17.2072
G1 X15.5294 Y17.1962
G1 X15.5867 Y17.3792
G1 X15.5855 Y17.3925
G1 X15.5876 Y17.3929
G1 X15.6124 Y17.4005
G1 X15.6148 Y17.4014
G1 X15.6018 Y17.3922
G1 X15.5867 Y17.3792
G1 X15.4811 Y17.7536
G1 X15.4909 Y17.7562
G1 X15.7373 Y17.8403
G1 X15.7531 Y17.8473
G1 X15.7652 Y17.8541
G1 X15.7795 Y17.8640
G1 X15.7904 Y17.8730
G1 X15.8024 Y17.8853
G1 X15.8110 Y17.8957
G1 X15.8207 Y17.9098
G1 X15.8274 Y17.9221
G1 X15.8345 Y17.9380
G1 X15.8389 Y17.9509
G1 X15.8429 Y17.9676
G1 X15.8448 Y17.9814
G1 X15.8456 Y17.9988
G1 X15.8449 Y18.0128
G1 X15.8425 Y18.0298
G1 X15.8392 Y18.0438
G1 X15.8328 Y18.0623
G1 X15.8298 Y18.0696
G1 X15.6853 Y18.3781
G1 X15.6766 Y18.3930
G1 X15.6685 Y18.4041
G1 X15.6571 Y18.4172
G1 X15.6473 Y18.4267
G1 X15.6338 Y18.4376
G1 X15.6221 Y18.4452
G1 X15.6069 Y18.4533
G1 X15.5952 Y18.4583
G1 X15.5774 Y18.4640
G1 X15.2235 Y18.5550
G1 X15.2065 Y18.5577
G1 X15.1958 Y18.5585
G1 X15.1811 Y18.5587
G1 X14.8885 Y18.5461
G1 X14.8714 Y18.5438
G1 X14.8576 Y18.5408
G1 X14.8412 Y18.5354
G1 X14.8307 Y18.5310
G1 X14.8167 Y18.5238
G1 X14.6918 Y18.4503
G1 X14.6776 Y18.4401
G1 X14.6672 Y18.4311
G1 X14.6553 Y18.4186
G1 X14.6466 Y18.4075
G1 X14.6372 Y18.3930
G1 X14.6308 Y18.3812
G1 X14.6241 Y18.3653
G1 X14.6200 Y18.3521
G1 X14.6164 Y18.3353
G1 X14.6147 Y18.3214
G1 X14.6143 Y18.3042
G1 X14.6150 Y18.2911
G1 X14.6176 Y18.2740
G1 X14.6212 Y18.2593
G1 X14.6271 Y18.2431
G1 X14.6326 Y18.2313
G1 X14.6412 Y18.2163
G1 X14.6492 Y18.2049
G1 X14.6606 Y18.1916
G1 X14.6704 Y18.1821
G1 X14.6838 Y18.1713
G1 X14.6954 Y18.1635
G1 X14.7157 Y18.1530
G1 X14.9817 Y18.0375
G1 X15.1633 Y17.9737
G1 X15.3135 Y17.8004
G1 X15.3261 Y17.7884
G1 X15.3362 Y17.7804
G1 X15.3505 Y17.7709
G1 X15.3630 Y17.7640
G1 X15.3789 Y17.7574
G1 X15.3922 Y17.7532
G1 X15.4090 Y17.7495
G1 X15.4229 Y17.7480
G1 X15.4402 Y17.7475
G1 X15.4568 Y17.7488
G1 X15.4811 Y17.7536
G1 X15.4667 Y17.8274
G1 X15.7068 Y17.9090
G1 X15.7226 Y17.9160
G1 X15.7369 Y17.9259
G1 X15.7490 Y17.9381
G1 X15.7587 Y17.9523
G1 X15.7657 Y17.9682
G1 X15.7697 Y17.9849
G1 X15.7705 Y18.0023
G1 X15.7681 Y18.0193
G1 X15.7617 Y18.0378
G1 X15.6204 Y18.3400
G1 X15.6117 Y18.3550
G1 X15.6003 Y18.3680
G1 X15.5868 Y18.3789
G1 X15.5716 Y18.3869
G1 X15.5586 Y18.3913
G1 X15.2117 Y18.4807
G1 X15.1947 Y18.4834
G1 X15.1843 Y18.4836
G1 X14.8982 Y18.4716
G1 X14.8811 Y18.4694
G1 X14.8648 Y18.4640
G1 X14.8548 Y18.4589
G1 X14.7357 Y18.3892
G1 X14.7216 Y18.3790
G1 X14.7096 Y18.3666
G1 X14.7002 Y18.3521
G1 X14.6935 Y18.3362
G1 X14.6898 Y18.3193
G1 X14.6893 Y18.3021
G1 X14.6919 Y18.2849
G1 X14.6978 Y18.2687
G1 X14.7064 Y18.2537
G1 X14.7177 Y18.2405
G1 X14.7311 Y18.2297
G1 X14.7456 Y18.2219
G1 X15.0067 Y18.1084
G1 X15.2070 Y18.0381
G1 X15.3653 Y17.8549
G1 X15.3779 Y17.8430
G1 X15.3922 Y17.8334
G1 X15.4081 Y17.8267
G1 X15.4249 Y17.8231
G1 X15.4423 Y17.8226
G1 X15.4667 Y17.8274
; Retract
G1 Z3.0400 F2540

; Path 42
; Rapid to initial position
G1 X15.8987 Y18.0995 F2540
G1 Z0.5000
; plunge
G1 Z-2.6750 F127
; cut
G1 X15.8979 Y18.1014 F1016
G1 X15.7503 Y18.4161
G1 X15.7373 Y18.4373
G1 X15.7253 Y18.4533
G1 X15.7095 Y18.4712
G1 X15.6942 Y18.4854
G1 X15.6751 Y18.5004
G1 X15.6575 Y18.5116
G1 X15.6363 Y18.5225
G1 X15.6183 Y18.5299
G1 X15.5962 Y18.5369
G1 X15.2911 Y18.6150
G1 X15.2962 Y18.6183
G1 X15.3126 Y18.6316
G1 X15.3299 Y18.6486
G1 X15.3433 Y18.6642
G1 X15.3573 Y18.6839
G1 X15.3682 Y18.7027
G1 X15.3782 Y18.7252
G1 X15.3844 Y18.7435
G1 X15.3901 Y18.7656
G1 X15.3925 Y18.7781
G1 X15.3936 Y18.7868
G1 X15.3952 Y18.8104
G1 X15.4003 Y19.1025
G1 X15.4078 Y19.1819
G1 X15.4293 Y19.2950
G1 X15.4628 Y19.4294
G1 X15.5106 Y19.5925
G1 X15.5679 Y19.7683
G1 X15.5687 Y19.7701
G1 X15.6379 Y19.9666
G1 X15.6383 Y19.9684
G1 X15.7130 Y20.1673
G1 X15.7958 Y20.3762
G1 X15.7971 Y20.3793
G1 X15.8843 Y20.5891
G1 X15.8846 Y20.5899
G1 X15.9758 Y20.7992
G1 X16.0697 Y21.0049
G1 X16.1658 Y21.2051
G1 X16.2581 Y21.3874
G1 X16.3504 Y21.5589
G1 X16.4375 Y21.7085
G1 X16.5202 Y21.8376
G1 X16.6093 Y21.9633
G1 X16.6122 Y21.9506
G1 X16.6184 Y21.9312
G1 X16.6281 Y21.9084
G1 X16.6377 Y21.8909
G1 X16.6509 Y21.8708
G1 X16.6644 Y21.8538
G1 X16.6810 Y21.8368
G1 X16.6964 Y21.8234
G1 X16.7164 Y21.8091
G1 X16.7344 Y21.7989
G1 X16.7562 Y21.7888
G1 X16.7749 Y21.7822
G1 X16.7981 Y21.7760
G1 X16.8192 Y21.7725
G1 X16.8434 Y21.7709
G1 X16.8457 Y21.7709
G1 X16.8427 Y21.7671
G1 X16.8336 Y21.7539
G1 X16.7147 Y21.5690
G1 X16.5823 Y21.3403
G1 X16.5143 Y21.2130
G1 X16.4438 Y21.0681
G1 X16.3705 Y20.9072
G1 X16.2963 Y20.7347
G1 X16.2210 Y20.5515
G1 X16.1469 Y20.3621
G1 X16.0743 Y20.1694
G1 X16.0043 Y19.9757
G1 X15.9377 Y19.7843
G1 X15.8764 Y19.5987
G1 X15.8211 Y19.4214
G1 X15.7729 Y19.2552
G1 X15.7325 Y19.1022
G1 X15.7014 Y18.9639
G1 X15.6820 Y18.8521
G1 X15.6803 Y18.8367
G1 X15.6737 Y18.7436
G1 X15.6744 Y18.7205
G1 X15.6766 Y18.7003
G1 X15.6815 Y18.6769
G1 X15.6872 Y18.6581
G1 X15.6958 Y18.6368
G1 X15.7132 Y18.6002
G1 X15.7256 Y18.5792
G1 X15.7380 Y18.5623
G1 X15.7541 Y18.5440
G1 X15.7690 Y18.5301
G1 X15.7864 Y18.5162
G1 X15.8003 Y18.5068
G1 X15.8168 Y18.4971
G1 X15.8620 Y18.4744
G1 X15.8830 Y18.4659
G1 X15.9009 Y18.4603
G1 X15.9172 Y18.4567
G1 X15.9825 Y18.4449
G1 X16.0075 Y18.4425
G1 X16.1001 Y18.4396
G1 X16.2046 Y18.4444
G1 X16.3216 Y18.4560
G1 X16.4518 Y18.4740
G1 X16.5945 Y18.4980
G1 X16.7487 Y18.5281
G1 X16.9140 Y18.5636
G1 X17.0885 Y18.6045
G1 X17.2706 Y18.6508
G1 X17.4608 Y18.7017
G1 X17.6559 Y18.7576
G1 X17.8561 Y18.8178
G1 X18.0588 Y18.8823
G1 X18.2833 Y18.9566
G1 X18.4903 Y19.0289
G1 X18.6818 Y19.0998
G1 X18.8589 Y19.1700
G1 X19.0222 Y19.2406
G1 X19.1736 Y19.3119
G1 X19.3131 Y19.3849
G1 X19.4425 Y19.4609
G1 X19.5618 Y19.5401
G1 X19.6718 Y19.6232
G1 X19.7732 Y19.7106
G1 X19.8660 Y19.8026
G1 X19.9449 Y19.8918
G1 X19.9470 Y19.8886
G1 X19.9608 Y19.8707
G1 X19.9771 Y19.8529
G1 X19.9862 Y19.8440
G1 X20.0672 Y19.7727
G1 X20.0873 Y19.7582
G1 X20.1056 Y19.7477
G1 X20.1271 Y19.7376
G1 X20.1457 Y19.7309
G1 X20.1690 Y19.7247
G1 X20.1904 Y19.7212
G1 X20.2147 Y19.7197
G1 X20.2353 Y19.7202
G1 X20.2388 Y19.7205
G1 X20.2271 Y19.7039
G1 X20.0331 Y19.4984
G1 X19.7942 Y19.3109
G1 X19.4958 Y19.1327
G1 X19.3618 Y19.0657
G1 X19.1949 Y18.9905
G1 X19.0134 Y18.9148
G1 X19.0128 Y18.9147
G1 X18.8086 Y18.8356
G1 X18.5915 Y18.7563
G1 X18.5896 Y18.7554
G1 X18.3735 Y18.6806
G1 X18.3717 Y18.6802
G1 X18.1407 Y18.6047
G1 X17.9105 Y18.5332
G1 X17.6820 Y18.4662
G1 X17.4627 Y18.4057
G1 X17.4627 Y18.4059
G1 X17.2472 Y18.3507
G1 X17.0492 Y18.3044
G1 X16.8681 Y18.2666
G1 X16.7060 Y18.2386
G1 X16.5759 Y18.2224
G1 X16.4675 Y18.2166
G1 X16.0927 Y18.2159
G1 X16.0689 Y18.2133
G1 X16.0482 Y18.2092
G1 X16.0249 Y18.2024
G1 X16.0060 Y18.1945
G1 X15.9845 Y18.1836
G1 X15.9664 Y18.1720
G1 X15.9471 Y18.1570
G1 X15.9325 Y18.1430
G1 X15.9169 Y18.1256
G1 X15.9046 Y18.1093
G1 X15.8987 Y18.0995
G1 X15.9202 Y18.2313
G1 X15.8398 Y18.4022
G1 X15.8607 Y18.3941
G1 X15.8844 Y18.3869
G1 X15.9038 Y18.3826
G1 X15.9753 Y18.3701
G1 X16.0051 Y18.3674
G1 X16.1036 Y18.3645
G1 X16.2121 Y18.3696
G1 X16.3320 Y18.3816
G1 X16.4642 Y18.3999
G1 X16.6088 Y18.4242
G1 X16.7645 Y18.4546
G1 X16.9311 Y18.4904
G1 X17.1070 Y18.5316
G1 X17.2900 Y18.5782
G1 X17.4815 Y18.6295
G1 X17.6776 Y18.6857
G1 X17.8789 Y18.7462
G1 X18.0826 Y18.8109
G1 X18.3081 Y18.8856
G1 X18.5164 Y18.9584
G1 X18.7095 Y19.0299
G1 X18.8888 Y19.1009
G1 X19.0542 Y19.1727
G1 X19.2084 Y19.2452
G1 X19.3511 Y19.3202
G1 X19.4840 Y19.3982
G1 X19.6072 Y19.4801
G1 X19.7209 Y19.5662
G1 X19.8262 Y19.6571
G1 X19.9223 Y19.7527
G1 X19.9459 Y19.7794
G1 X20.0234 Y19.7115
G1 X20.0499 Y19.6929
G1 X20.0738 Y19.6796
G1 X20.0926 Y19.6710
G1 X19.9825 Y19.5544
G1 X19.7513 Y19.3729
G1 X19.4596 Y19.1988
G1 X19.3293 Y19.1335
G1 X19.1640 Y19.0590
G1 X18.9872 Y18.9853
G1 X18.9856 Y18.9849
G1 X18.7814 Y18.9057
G1 X18.5657 Y18.8270
G1 X18.5613 Y18.8251
G1 X18.3520 Y18.7527
G1 X18.3484 Y18.7517
G1 X18.1173 Y18.6761
G1 X17.8882 Y18.6050
G1 X17.6620 Y18.5386
G1 X17.4461 Y18.4791
G1 X17.4440 Y18.4788
G1 X17.2286 Y18.4235
G1 X17.0340 Y18.3781
G1 X16.8544 Y18.3406
G1 X16.6945 Y18.3130
G1 X16.5692 Y18.2974
G1 X16.4635 Y18.2918
G1 X16.0926 Y18.2910
G1 X16.0848 Y18.2906
G1 X16.0541 Y18.2870
G1 X16.0270 Y18.2812
G1 X16.0038 Y18.2744
G1 X15.9963 Y18.2719
G1 X15.9718 Y18.2616
G1 X15.9439 Y18.2469
G1 X15.9202 Y18.2313
G1 X15.9902 Y18.5197
G1 X16.0100 Y18.5176
G1 X16.0967 Y18.5148
G1 X16.1971 Y18.5192
G1 X16.3113 Y18.5305
G1 X16.4393 Y18.5482
G1 X16.5802 Y18.5719
G1 X16.7330 Y18.6017
G1 X16.8967 Y18.6368
G1 X17.0701 Y18.6774
G1 X17.2512 Y18.7234
G1 X17.4401 Y18.7740
G1 X17.6343 Y18.8296
G1 X17.8333 Y18.8894
G1 X18.0352 Y18.9535
G1 X18.2585 Y19.0276
G1 X18.4642 Y19.0995
G1 X18.6541 Y19.1697
G1 X18.8291 Y19.2390
G1 X18.9902 Y19.3086
G1 X19.1387 Y19.3784
G1 X19.2751 Y19.4499
G1 X19.4009 Y19.5236
G1 X19.5167 Y19.6001
G1 X19.6228 Y19.6802
G1 X19.7204 Y19.7641
G1 X19.8096 Y19.8524
G1 X19.8921 Y19.9455
G1 X19.9675 Y20.0432
G1 X19.9847 Y20.0687
G1 X19.9814 Y20.0523
G1 X19.9799 Y20.0385
G1 X19.9796 Y20.0212
G1 X19.9806 Y20.0074
G1 X19.9835 Y19.9902
G1 X19.9869 Y19.9770
G1 X19.9928 Y19.9608
G1 X19.9987 Y19.9482
G1 X20.0075 Y19.9334
G1 X20.0165 Y19.9212
G1 X20.0302 Y19.9060
G1 X20.0360 Y19.9003
G1 X20.1118 Y19.8331
G1 X20.1259 Y19.8228
G1 X20.1381 Y19.8155
G1 X20.1537 Y19.8080
G1 X20.1660 Y19.8034
G1 X20.1825 Y19.7987
G1 X20.1966 Y19.7962
G1 X20.2139 Y19.7948
G1 X20.2277 Y19.7949
G1 X20.2449 Y19.7967
G1 X20.2588 Y19.7994
G1 X20.2753 Y19.8043
G1 X20.2880 Y19.8094
G1 X20.3033 Y19.8172
G1 X20.3146 Y19.8244
G1 X20.3284 Y19.8349
G1 X20.3391 Y19.8447
G1 X20.3506 Y19.8576
G1 X20.3595 Y19.8699
G1 X20.3706 Y19.8891
G1 X20.3747 Y19.8974
G1 X20.4631 Y20.1052
G1 X20.4684 Y20.1217
G1 X20.4714 Y20.1349
G1 X20.4736 Y20.1521
G1 X20.4741 Y20.1659
G1 X20.4731 Y20.1833
G1 X20.4711 Y20.1973
G1 X20.4669 Y20.2140
G1 X20.4623 Y20.2269
G1 X20.4551 Y20.2426
G1 X20.4484 Y20.2546
G1 X20.4386 Y20.2687
G1 X20.4297 Y20.2792
G1 X20.4174 Y20.2913
G1 X20.4068 Y20.3000
G1 X20.3924 Y20.3098
G1 X20.3800 Y20.3166
G1 X20.3641 Y20.3235
G1 X20.3509 Y20.3277
G1 X20.3340 Y20.3316
G1 X20.3210 Y20.3333
G1 X20.3038 Y20.3341
G1 X20.2892 Y20.3333
G1 X20.2721 Y20.3308
G1 X20.2591 Y20.3276
G1 X20.2427 Y20.3220
G1 X20.2303 Y20.3166
G1 X20.2152 Y20.3082
G1 X20.2053 Y20.3015
G1 X20.1930 Y20.2918
G1 X20.0471 Y20.1624
G1 X20.1024 Y20.2539
G1 X20.2704 Y20.5630
G1 X20.4222 Y20.8719
G1 X20.5551 Y21.1749
G1 X20.6668 Y21.4655
G1 X20.7556 Y21.7381
G1 X20.8162 Y21.9769
G1 X20.8186 Y21.9888
G1 X20.8509 Y22.1950
G1 X20.8524 Y22.2154
G1 X20.8535 Y22.3816
G1 X20.8526 Y22.3960
G1 X20.8117 Y22.7696
G1 X20.8083 Y22.7864
G1 X20.8043 Y22.8001
G1 X20.7978 Y22.8162
G1 X20.7911 Y22.8287
G1 X20.7817 Y22.8433
G1 X20.7736 Y22.8537
G1 X20.7618 Y22.8663
G1 X20.7519 Y22.8751
G1 X20.7381 Y22.8854
G1 X20.7256 Y22.8931
G1 X20.7100 Y22.9005
G1 X20.6976 Y22.9052
G1 X20.6808 Y22.9098
G1 X20.6673 Y22.9123
G1 X20.6442 Y22.9139
G1 X19.8848 Y22.9128
G1 X19.6596 Y22.9082
G1 X19.4492 Y22.8932
G1 X19.2464 Y22.8661
G1 X19.0449 Y22.8248
G1 X18.8372 Y22.7675
G1 X18.6152 Y22.6935
G1 X18.3706 Y22.6004
G1 X18.0945 Y22.4863
G1 X17.7818 Y22.3515
G1 X17.5303 Y22.2344
G1 X17.3375 Y22.1292
G1 X17.3260 Y22.1217
G1 X17.1727 Y22.0143
G1 X17.1575 Y22.0017
G1 X17.0303 Y21.8812
G1 X17.0177 Y21.8670
G1 X16.9044 Y21.7241
G1 X16.8967 Y21.7131
G1 X16.7798 Y21.5312
G1 X16.6486 Y21.3049
G1 X16.5820 Y21.1800
G1 X16.5123 Y21.0369
G1 X16.4395 Y20.8776
G1 X16.3659 Y20.7061
G1 X16.2910 Y20.5242
G1 X16.2172 Y20.3357
G1 X16.1449 Y20.1438
G1 X16.0753 Y19.9510
G1 X16.0092 Y19.7607
G1 X15.9482 Y19.5762
G1 X15.8934 Y19.4004
G1 X15.8456 Y19.2360
G1 X15.8058 Y19.0856
G1 X15.7754 Y18.9510
G1 X15.7566 Y18.8435
G1 X15.7552 Y18.8311
G1 X15.7488 Y18.7450
G1 X15.7491 Y18.7279
G1 X15.7504 Y18.7148
G1 X15.7538 Y18.6978
G1 X15.7573 Y18.6857
G1 X15.7640 Y18.6687
G1 X15.7784 Y18.6376
G1 X15.7870 Y18.6227
G1 X15.7951 Y18.6112
G1 X15.8065 Y18.5980
G1 X15.8163 Y18.5885
G1 X15.8297 Y18.5776
G1 X15.8383 Y18.5715
G1 X15.8510 Y18.5641
G1 X15.8905 Y18.5438
G1 X15.9064 Y18.5373
G1 X15.9175 Y18.5337
G1 X15.9309 Y18.5307
G1 X15.9902 Y18.5197
G1 X15.9989 Y18.5943
G1 X16.0127 Y18.5927
G1 X16.0935 Y18.5899
G1 X16.1898 Y18.5940
G1 X16.3011 Y18.6050
G1 X16.4269 Y18.6224
G1 X16.5659 Y18.6457
G1 X16.7172 Y18.6752
G1 X16.8796 Y18.7100
G1 X17.0516 Y18.7503
G1 X17.2318 Y18.7960
G1 X17.4194 Y18.8462
G1 X17.6126 Y18.9015
G1 X17.8106 Y18.9610
G1 X18.0114 Y19.0248
G1 X18.2336 Y19.0985
G1 X18.4381 Y19.1700
G1 X18.6264 Y19.2395
G1 X18.7994 Y19.3081
G1 X18.9582 Y19.3765
G1 X19.1038 Y19.4452
G1 X19.2372 Y19.5148
G1 X19.3596 Y19.5863
G1 X19.4714 Y19.6601
G1 X19.5738 Y19.7371
G1 X19.6675 Y19.8177
G1 X19.7534 Y19.9024
G1 X19.8326 Y19.9915
G1 X19.9053 Y20.0855
G1 X19.9727 Y20.1848
G1 X20.0364 Y20.2899
G1 X20.2029 Y20.5961
G1 X20.3533 Y20.9021
G1 X20.4849 Y21.2020
G1 X20.5954 Y21.4889
G1 X20.6827 Y21.7567
G1 X20.7425 Y21.9918
G1 X20.7443 Y22.0004
G1 X20.7760 Y22.2019
G1 X20.7773 Y22.2159
G1 X20.7784 Y22.3771
G1 X20.7778 Y22.3880
G1 X20.7380 Y22.7549
G1 X20.7346 Y22.7718
G1 X20.7281 Y22.7879
G1 X20.7187 Y22.8024
G1 X20.7069 Y22.8149
G1 X20.6930 Y22.8253
G1 X20.6775 Y22.8328
G1 X20.6608 Y22.8374
G1 X20.6444 Y22.8388
G1 X19.8863 Y22.8377
G1 X19.6648 Y22.8333
G1 X19.4590 Y22.8187
G1 X19.2615 Y22.7925
G1 X19.0648 Y22.7522
G1 X18.8610 Y22.6962
G1 X18.6420 Y22.6232
G1 X18.3992 Y22.5309
G1 X18.1242 Y22.4172
G1 X17.8135 Y22.2834
G1 X17.5663 Y22.1683
G1 X17.3779 Y22.0656
G1 X17.3691 Y22.0601
G1 X17.2200 Y21.9559
G1 X17.2091 Y21.9471
G1 X17.0857 Y21.8302
G1 X17.0766 Y21.8204
G1 X16.9654 Y21.6801
G1 X16.9600 Y21.6725
G1 X16.8449 Y21.4935
G1 X16.7150 Y21.2695
G1 X16.6496 Y21.1470
G1 X16.5807 Y21.0057
G1 X16.5086 Y20.8480
G1 X16.4354 Y20.6774
G1 X16.3611 Y20.4968
G1 X16.2875 Y20.3093
G1 X16.2156 Y20.1182
G1 X16.1462 Y19.9264
G1 X16.0806 Y19.7371
G1 X16.0200 Y19.5538
G1 X15.9656 Y19.3794
G1 X15.9183 Y19.2168
G1 X15.8792 Y19.0689
G1 X15.8494 Y18.9381
G1 X15.8313 Y18.8340
G1 X15.8301 Y18.8252
G1 X15.8239 Y18.7465
G1 X15.8242 Y18.7293
G1 X15.8276 Y18.7123
G1 X15.8322 Y18.7000
G1 X15.8437 Y18.6750
G1 X15.8523 Y18.6601
G1 X15.8636 Y18.6468
G1 X15.8769 Y18.6360
G1 X15.8857 Y18.6307
G1 X15.9190 Y18.6134
G1 X15.9349 Y18.6069
G1 X15.9449 Y18.6045
G1 X15.9989 Y18.5943
G1 X15.6274 Y18.6058
G1 X15.6148 Y18.6098
G1 X15.4286 Y18.6575
G1 X15.4367 Y18.6720
G1 X15.4493 Y18.7009
G1 X15.4571 Y18.7247
G1 X15.4640 Y18.7515
G1 X15.4671 Y18.7684
G1 X15.4685 Y18.7816
G1 X15.4703 Y18.8092
G1 X15.4754 Y19.0987
G1 X15.4823 Y19.1709
G1 X15.5029 Y19.2799
G1 X15.5357 Y19.4111
G1 X15.5820 Y19.5693
G1 X15.6383 Y19.7421
G1 X15.6397 Y19.7451
G1 X15.7087 Y19.9420
G1 X15.7829 Y20.1396
G1 X15.8657 Y20.3483
G1 X15.8669 Y20.3515
G1 X15.9535 Y20.5598
G1 X16.0442 Y20.7680
G1 X16.1375 Y20.9725
G1 X16.2336 Y21.1727
G1 X16.3243 Y21.3517
G1 X16.4154 Y21.5210
G1 X16.5008 Y21.6680
G1 X16.5836 Y21.7970
G1 X16.5977 Y21.8171
G1 X16.6105 Y21.8015
G1 X16.6318 Y21.7800
G1 X16.6526 Y21.7623
G1 X16.6727 Y21.7480
G1 X16.6794 Y21.7437
G1 X16.7026 Y21.7308
G1 X16.7234 Y21.7214
G1 X16.6496 Y21.6067
G1 X16.5159 Y21.3756
G1 X16.4467 Y21.2459
G1 X16.3754 Y21.0993
G1 X16.3014 Y20.9369
G1 X16.2268 Y20.7633
G1 X16.1510 Y20.5789
G1 X16.0765 Y20.3886
G1 X16.0036 Y20.1950
G1 X15.9333 Y20.0004
G1 X15.8663 Y19.8078
G1 X15.8047 Y19.6212
G1 X15.7488 Y19.4424
G1 X15.7001 Y19.2745
G1 X15.6591 Y19.1185
G1 X15.6274 Y18.9767
G1 X15.6073 Y18.8606
G1 X15.6053 Y18.8420
G1 X15.5986 Y18.7415
G1 X15.5996 Y18.7123
G1 X15.6031 Y18.6849
G1 X15.6096 Y18.6549
G1 X15.6175 Y18.6300
G1 X15.6274 Y18.6058
G1 X15.5481 Y18.9601
G1 X15.5505 Y19.0942
G1 X15.5567 Y19.1601
G1 X15.5764 Y19.2642
G1 X15.6086 Y19.3928
G1 X15.6535 Y19.5460
G1 X15.7090 Y19.7165
G1 X15.7107 Y19.7203
G1 X15.7791 Y19.9156
G1 X15.8528 Y20.1119
G1 X15.9355 Y20.3204
G1 X15.9368 Y20.3236
G1 X16.0224 Y20.5297
G1 X16.1127 Y20.7368
G1 X16.2053 Y20.9400
G1 X16.3006 Y21.1386
G1 X16.3905 Y21.3161
G1 X16.4803 Y21.4832
G1 X16.5642 Y21.6274
G1 X16.6106 Y21.6999
G1 X16.6173 Y21.6953
G1 X16.5845 Y21.6444
G1 X16.4496 Y21.4109
G1 X16.3791 Y21.2788
G1 X16.3070 Y21.1305
G1 X16.2323 Y20.9667
G1 X16.1572 Y20.7918
G1 X16.0810 Y20.6062
G1 X16.0061 Y20.4151
G1 X15.9330 Y20.2207
G1 X15.8623 Y20.0250
G1 X15.7948 Y19.8314
G1 X15.7329 Y19.6436
G1 X15.6766 Y19.4635
G1 X15.6274 Y19.2936
G1 X15.5857 Y19.1349
G1 X15.5533 Y18.9895
G1 X15.5481 Y18.9601
; Retract
G1 Z3.0400 F2540

; Path 43
; Rapid to initial position
G1 X14.9967 Y18.6259 F2540
G1 Z0.5000
; plunge
G1 Z-2.6750 F127
; cut
G1 X14.8788 Y18.6206 F1016
G1 X14.8554 Y18.6174
G1 X14.8415 Y18.6144
G1 X14.8340 Y18.6123
G1 X14.8118 Y18.6047
G1 X14.7965 Y18.5980
G1 X14.7785 Y18.5886
G1 X14.6479 Y18.5114
G1 X14.6281 Y18.4966
G1 X14.6130 Y18.4831
G1 X14.5963 Y18.4651
G1 X14.5835 Y18.4484
G1 X14.5710 Y18.4288
G1 X14.5614 Y18.4103
G1 X14.5524 Y18.3878
G1 X14.5465 Y18.3680
G1 X14.5417 Y18.3438
G1 X14.5396 Y18.3235
G1 X14.5392 Y18.2996
G1 X14.5407 Y18.2802
G1 X14.5447 Y18.2557
G1 X14.5484 Y18.2410
G1 X14.5506 Y18.2337
G1 X14.5589 Y18.2118
G1 X14.5673 Y18.1939
G1 X14.5797 Y18.1729
G1 X14.5922 Y18.1560
G1 X14.6082 Y18.1377
G1 X14.6232 Y18.1237
G1 X14.6420 Y18.1089
G1 X14.6534 Y18.1013
G1 X14.0182 Y18.1485
G1 X13.7997 Y18.1662
G1 X13.7977 Y18.1662
G1 X13.5799 Y18.1864
G1 X13.3607 Y18.2090
G1 X13.3605 Y18.2090
G1 X13.1490 Y18.2331
G1 X13.1467 Y18.2335
G1 X12.9472 Y18.2585
G1 X12.7695 Y18.2834
G1 X12.6163 Y18.3074
G1 X12.3665 Y18.3543
G1 X12.1971 Y18.3812
G1 X11.9972 Y18.4096
G1 X11.7733 Y18.4382
G1 X11.5317 Y18.4673
G1 X11.2791 Y18.4952
G1 X11.0227 Y18.5210
G1 X10.7712 Y18.5443
G1 X10.4904 Y18.5693
G1 X10.4880 Y18.5693
G1 X10.2399 Y18.5930
G1 X10.0173 Y18.6161
G1 X10.0170 Y18.6161
G1 X9.8129 Y18.6400
G1 X9.8115 Y18.6400
G1 X9.6383 Y18.6637
G1 X9.4747 Y18.6898
G1 X9.3366 Y18.7161
G1 X9.2018 Y18.7470
G1 X9.0764 Y18.7812
G1 X8.9675 Y18.8165
G1 X8.8550 Y18.8585
G1 X8.7479 Y18.9045
G1 X8.6265 Y18.9618
G1 X8.5087 Y19.0224
G1 X8.3766 Y19.0939
G1 X8.2331 Y19.1746
G1 X8.2313 Y19.1754
G1 X7.9496 Y19.3409
G1 X7.6843 Y19.5071
G1 X7.4421 Y19.6703
G1 X7.2190 Y19.8333
G1 X7.0243 Y19.9893
G1 X6.8466 Y20.1468
G1 X6.6885 Y20.3044
G1 X6.5558 Y20.4549
G1 X6.4366 Y20.6115
G1 X6.3389 Y20.7629
G1 X6.2565 Y20.9188
G1 X6.1905 Y21.0754
G1 X6.1415 Y21.2303
G1 X6.1061 Y21.3937
G1 X6.0849 Y21.5632
G1 X6.0781 Y21.7353
G1 X6.0884 Y21.9693
G1 X6.1192 Y22.1838
G1 X6.1710 Y22.3784
G1 X6.2424 Y22.5534
G1 X6.3389 Y22.7232
G1 X6.4598 Y22.8849
G1 X6.6112 Y23.0453
G1 X6.7976 Y23.2091
G1 X6.9112 Y23.2976
G1 X7.0038 Y23.3591
G1 X7.0816 Y23.3960
G1 X7.1744 Y23.4211
G1 X7.3068 Y23.4373
G1 X7.4973 Y23.4431
G1 X7.7521 Y23.4391
G1 X8.0922 Y23.4278
G1 X8.2435 Y23.4214
G1 X8.3906 Y23.4136
G1 X8.3929 Y23.4138
G1 X8.5235 Y23.4051
G1 X8.5253 Y23.4047
G1 X8.6553 Y23.3936
G1 X8.7820 Y23.3801
G1 X8.8953 Y23.3648
G1 X9.0148 Y23.3449
G1 X9.1261 Y23.3225
G1 X9.2287 Y23.2978
G1 X9.3288 Y23.2693
G1 X9.4392 Y23.2329
G1 X9.5438 Y23.1934
G1 X9.6461 Y23.1495
G1 X9.7439 Y23.1028
G1 X9.8544 Y23.0446
G1 X9.9679 Y22.9793
G1 X10.0820 Y22.9083
G1 X10.1941 Y22.8336
G1 X10.3204 Y22.7441
G1 X10.4481 Y22.6492
G1 X10.5837 Y22.5437
G1 X10.7242 Y22.4301
G1 X10.8721 Y22.3063
G1 X11.0299 Y22.1703
G1 X11.1944 Y22.0255
G1 X11.3689 Y21.8690
G1 X11.5534 Y21.7005
G1 X11.7491 Y21.5196
G1 X11.7523 Y21.5171
G1 X11.9539 Y21.3283
G1 X12.1720 Y21.1230
G1 X12.1764 Y21.1193
G1 X12.4010 Y20.9058
G1 X12.7852 Y20.5404
G1 X12.9238 Y20.4101
G1 X13.0591 Y20.2844
G1 X13.1904 Y20.1634
G1 X13.3167 Y20.0483
G1 X13.4373 Y19.9396
G1 X13.5519 Y19.8378
G1 X13.6597 Y19.7432
G1 X13.7596 Y19.6573
G1 X13.8514 Y19.5797
G1 X13.9344 Y19.5116
G1 X14.0085 Y19.4527
G1 X14.0762 Y19.4019
G1 X14.1379 Y19.3601
G1 X14.1756 Y19.3382
G1 X14.1863 Y19.3329
G1 X14.2078 Y19.3234
G1 X14.2201 Y19.3186
G1 X14.2368 Y19.3132
G1 X14.2858 Y19.2957
G1 X14.3671 Y19.2416
G1 X14.4898 Y19.1397
G1 X14.6254 Y19.0091
G1 X14.9849 Y18.6359
G1 X14.9967 Y18.6259
G1 X14.8299 Y18.6887
G1 X14.8215 Y18.6868
G1 X14.8097 Y18.6834
G1 X14.7817 Y18.6736
G1 X14.7617 Y18.6646
G1 X14.7403 Y18.6534
G1 X14.6096 Y18.5762
G1 X14.6028 Y18.5715
G1 X14.5779 Y18.5526
G1 X14.5579 Y18.5343
G1 X14.5365 Y18.5106
G1 X14.5202 Y18.4890
G1 X14.5041 Y18.4633
G1 X14.4917 Y18.4383
G1 X14.4803 Y18.4093
G1 X14.4728 Y18.3825
G1 X14.4669 Y18.3515
G1 X14.4645 Y18.3249
G1 X14.4642 Y18.2934
G1 X14.4665 Y18.2681
G1 X14.4718 Y18.2373
G1 X14.4764 Y18.2190
G1 X14.4803 Y18.2071
G1 X14.4873 Y18.1890
G1 X14.0243 Y18.2235
G1 X13.8047 Y18.2410
G1 X13.5876 Y18.2612
G1 X13.3689 Y18.2834
G1 X13.3689 Y18.2837
G1 X13.1608 Y18.3074
G1 X13.1561 Y18.3082
G1 X12.9566 Y18.3332
G1 X12.7812 Y18.3577
G1 X12.6279 Y18.3817
G1 X12.3783 Y18.4287
G1 X12.2076 Y18.4557
G1 X12.0068 Y18.4842
G1 X11.7824 Y18.5128
G1 X11.5400 Y18.5422
G1 X11.2867 Y18.5700
G1 X11.0298 Y18.5958
G1 X10.7778 Y18.6193
G1 X10.4952 Y18.6440
G1 X10.4952 Y18.6442
G1 X10.2477 Y18.6678
G1 X10.0251 Y18.6909
G1 X10.0239 Y18.6909
G1 X9.8217 Y18.7146
G1 X9.8198 Y18.7148
G1 X9.6501 Y18.7380
G1 X9.4865 Y18.7641
G1 X9.3533 Y18.7895
G1 X9.2192 Y18.8202
G1 X9.0961 Y18.8537
G1 X8.9938 Y18.8870
G1 X8.8813 Y18.9290
G1 X8.7796 Y18.9726
G1 X8.6586 Y19.0297
G1 X8.5445 Y19.0886
G1 X8.4124 Y19.1601
G1 X8.2694 Y19.2401
G1 X7.9896 Y19.4046
G1 X7.7263 Y19.5694
G1 X7.4865 Y19.7311
G1 X7.2634 Y19.8941
G1 X7.0731 Y20.0465
G1 X6.8991 Y20.2006
G1 X6.7417 Y20.3577
G1 X6.6147 Y20.5017
G1 X6.4982 Y20.6548
G1 X6.4043 Y20.8003
G1 X6.3233 Y20.9536
G1 X6.2612 Y21.1010
G1 X6.2144 Y21.2487
G1 X6.1802 Y21.4064
G1 X6.1598 Y21.5699
G1 X6.1533 Y21.7353
G1 X6.1633 Y21.9619
G1 X6.1931 Y22.1687
G1 X6.2426 Y22.3550
G1 X6.3101 Y22.5203
G1 X6.4024 Y22.6827
G1 X6.5171 Y22.8361
G1 X6.6638 Y22.9916
G1 X6.8458 Y23.1514
G1 X6.9549 Y23.2363
G1 X7.0407 Y23.2933
G1 X7.1080 Y23.3252
G1 X7.1890 Y23.3471
G1 X7.3130 Y23.3624
G1 X7.4984 Y23.3680
G1 X7.7496 Y23.3640
G1 X8.0890 Y23.3527
G1 X8.2396 Y23.3463
G1 X8.3867 Y23.3385
G1 X8.3913 Y23.3385
G1 X8.5151 Y23.3302
G1 X8.5189 Y23.3297
G1 X8.6484 Y23.3187
G1 X8.7740 Y23.3052
G1 X8.8829 Y23.2906
G1 X9.0024 Y23.2707
G1 X9.1112 Y23.2487
G1 X9.2098 Y23.2250
G1 X9.3053 Y23.1979
G1 X9.4157 Y23.1614
G1 X9.5172 Y23.1230
G1 X9.6165 Y23.0804
G1 X9.7088 Y23.0363
G1 X9.8169 Y22.9793
G1 X9.9304 Y22.9141
G1 X10.0422 Y22.8445
G1 X10.1506 Y22.7721
G1 X10.2770 Y22.6827
G1 X10.4019 Y22.5899
G1 X10.5375 Y22.4844
G1 X10.6760 Y22.3725
G1 X10.8231 Y22.2493
G1 X10.9803 Y22.1139
G1 X11.1442 Y21.9695
G1 X11.3182 Y21.8134
G1 X11.5023 Y21.6453
G1 X11.7022 Y21.4609
G1 X11.7028 Y21.4604
G1 X11.9024 Y21.2736
G1 X12.1242 Y21.0650
G1 X12.1266 Y21.0630
G1 X12.7336 Y20.4856
G1 X12.8727 Y20.3550
G1 X13.0081 Y20.2292
G1 X13.1398 Y20.1078
G1 X13.2664 Y19.9925
G1 X13.3874 Y19.8834
G1 X13.5023 Y19.7812
G1 X13.6107 Y19.6863
G1 X13.7111 Y19.5998
G1 X13.8037 Y19.5217
G1 X13.8876 Y19.4527
G1 X13.9633 Y19.3928
G1 X14.0341 Y19.3395
G1 X14.1001 Y19.2952
G1 X14.1424 Y19.2707
G1 X14.1558 Y19.2642
G1 X14.1805 Y19.2534
G1 X14.1968 Y19.2472
G1 X14.2115 Y19.2424
G1 X14.2519 Y19.2279
G1 X14.3211 Y19.1819
G1 X14.4405 Y19.0829
G1 X14.5713 Y18.9569
G1 X14.8299 Y18.6887
G1 X14.6989 Y18.7162
G1 X14.5676 Y18.6386
G1 X14.5571 Y18.6314
G1 X14.5274 Y18.6082
G1 X14.5022 Y18.5848
G1 X14.4763 Y18.5556
G1 X14.4565 Y18.5289
G1 X14.4368 Y18.4968
G1 X14.4217 Y18.4659
G1 X14.4078 Y18.4294
G1 X14.3989 Y18.3965
G1 X14.3919 Y18.3581
G1 X14.3894 Y18.3257
G1 X14.3890 Y18.2942
G1 X14.3894 Y18.2864
G1 X14.3908 Y18.2716
G1 X14.0303 Y18.2985
G1 X13.8768 Y18.3107
G1 X13.8801 Y18.3118
G1 X13.9138 Y18.3252
G1 X13.9323 Y18.3339
G1 X13.9836 Y18.3616
G1 X14.0138 Y18.3820
G1 X14.0321 Y18.3965
G1 X14.0435 Y18.4067
G1 X14.0703 Y18.4333
G1 X14.1042 Y18.4718
G1 X14.1204 Y18.4937
G1 X14.1289 Y18.5069
G1 X14.1422 Y18.5297
G1 X14.1486 Y18.5428
G1 X14.1648 Y18.5792
G1 X14.1734 Y18.6034
G1 X14.1884 Y18.6570
G1 X14.1951 Y18.6967
G1 X14.1971 Y18.7269
G1 X14.1974 Y18.7559
G1 X14.1965 Y18.7786
G1 X14.1912 Y18.8279
G1 X14.1877 Y18.8466
G1 X14.1793 Y18.8836
G1 X14.1717 Y18.9083
G1 X14.1487 Y18.9688
G1 X14.1336 Y19.0000
G1 X14.1018 Y19.0578
G1 X14.0883 Y19.0787
G1 X14.0388 Y19.1494
G1 X13.9810 Y19.2225
G1 X13.9164 Y19.2963
G1 X13.8414 Y19.3777
G1 X13.7660 Y19.4555
G1 X13.8410 Y19.3939
G1 X13.9182 Y19.3328
G1 X13.9923 Y19.2771
G1 X14.0623 Y19.2301
G1 X14.1095 Y19.2031
G1 X14.1255 Y19.1953
G1 X14.1538 Y19.1830
G1 X14.1736 Y19.1757
G1 X14.1862 Y19.1715
G1 X14.2178 Y19.1603
G1 X14.2753 Y19.1220
G1 X14.3912 Y19.0259
G1 X14.5172 Y18.9047
G1 X14.6989 Y18.7162
G1 X14.5788 Y18.7324
G1 X14.5253 Y18.7006
G1 X14.5108 Y18.6906
G1 X14.4761 Y18.6632
G1 X14.4461 Y18.6348
G1 X14.4158 Y18.6004
G1 X14.3924 Y18.5682
G1 X14.3694 Y18.5299
G1 X14.3514 Y18.4927
G1 X14.3353 Y18.4490
G1 X14.3249 Y18.4100
G1 X14.3170 Y18.3640
G1 X14.3162 Y18.3526
G1 X14.1110 Y18.3678
G1 X14.1268 Y18.3836
G1 X14.1647 Y18.4271
G1 X14.1838 Y18.4533
G1 X14.1936 Y18.4689
G1 X14.2098 Y18.4968
G1 X14.2174 Y18.5122
G1 X14.2357 Y18.5541
G1 X14.2458 Y18.5832
G1 X14.2608 Y18.6368
G1 X14.2625 Y18.6445
G1 X14.2701 Y18.6916
G1 X14.2722 Y18.7261
G1 X14.2726 Y18.7591
G1 X14.2713 Y18.7866
G1 X14.2651 Y18.8418
G1 X14.2611 Y18.8633
G1 X14.2511 Y18.9059
G1 X14.2420 Y18.9349
G1 X14.2164 Y19.0016
G1 X14.1995 Y19.0363
G1 X14.1650 Y19.0985
G1 X14.1643 Y19.0995
G1 X14.1841 Y19.0925
G1 X14.2296 Y19.0622
G1 X14.3418 Y18.9690
G1 X14.4631 Y18.8525
G1 X14.5788 Y18.7324
G1 X14.4605 Y18.7468
G1 X14.4244 Y18.7178
G1 X14.3895 Y18.6844
G1 X14.3550 Y18.6446
G1 X14.3323 Y18.6130
G1 X14.3341 Y18.6200
G1 X14.3368 Y18.6327
G1 X14.3450 Y18.6868
G1 X14.3474 Y18.7253
G1 X14.3477 Y18.7625
G1 X14.3459 Y18.7950
G1 X14.3391 Y18.8555
G1 X14.3364 Y18.8700
G1 X14.4110 Y18.7982
G1 X14.4605 Y18.7468
G1 X14.1223 Y18.7532
G1 X14.1217 Y18.7712
G1 X14.1174 Y18.8141
G1 X14.1143 Y18.8302
G1 X14.1072 Y18.8621
G1 X14.1013 Y18.8819
G1 X14.0810 Y18.9363
G1 X14.0677 Y18.9639
G1 X14.0383 Y19.0175
G1 X14.0267 Y19.0358
G1 X13.9799 Y19.1028
G1 X13.9244 Y19.1730
G1 X13.8612 Y19.2454
G1 X13.7875 Y19.3253
G1 X13.7036 Y19.4117
G1 X13.6096 Y19.5053
G1 X13.5039 Y19.6078
G1 X13.3871 Y19.7185
G1 X13.2585 Y19.8393
G1 X13.1180 Y19.9697
G1 X12.9652 Y20.1107
G1 X12.6225 Y20.4250
G1 X12.2277 Y20.7853
G1 X12.0238 Y20.9712
G1 X11.8298 Y21.1472
G1 X11.6454 Y21.3135
G1 X11.4692 Y21.4709
G1 X11.3016 Y21.6197
G1 X11.1417 Y21.7593
G1 X10.9892 Y21.8908
G1 X10.8432 Y22.0144
G1 X10.7031 Y22.1309
G1 X10.5694 Y22.2391
G1 X10.4406 Y22.3413
G1 X10.3165 Y22.4364
G1 X10.1966 Y22.5248
G1 X10.0801 Y22.6076
G1 X9.9670 Y22.6841
G1 X9.8562 Y22.7552
G1 X9.7474 Y22.8212
G1 X9.6406 Y22.8814
G1 X9.5350 Y22.9370
G1 X9.4303 Y22.9878
G1 X9.3263 Y23.0336
G1 X9.2228 Y23.0751
G1 X9.1195 Y23.1125
G1 X9.0150 Y23.1461
G1 X8.9110 Y23.1757
G1 X8.8061 Y23.2020
G1 X8.7002 Y23.2254
G1 X8.5923 Y23.2459
G1 X8.4842 Y23.2636
G1 X8.3720 Y23.2802
G1 X8.2576 Y23.2948
G1 X8.1333 Y23.3081
G1 X7.7633 Y23.3352
G1 X7.7284 Y23.3341
G1 X7.4784 Y23.3084
G1 X7.4703 Y23.3072
G1 X7.4397 Y23.3003
G1 X7.4154 Y23.2923
G1 X7.3864 Y23.2806
G1 X7.1838 Y23.1834
G1 X7.1685 Y23.1744
G1 X7.1426 Y23.1578
G1 X7.1279 Y23.1469
G1 X6.8846 Y22.9470
G1 X6.7296 Y22.7953
G1 X6.6051 Y22.6509
G1 X6.5942 Y22.6361
G1 X6.4919 Y22.4895
G1 X6.4798 Y22.4694
G1 X6.3992 Y22.3200
G1 X6.3881 Y22.2950
G1 X6.3284 Y22.1387
G1 X6.3212 Y22.1134
G1 X6.2846 Y21.9546
G1 X6.2806 Y21.9272
G1 X6.2674 Y21.7687
G1 X6.2671 Y21.7390
G1 X6.2767 Y21.5771
G1 X6.2803 Y21.5508
G1 X6.3123 Y21.3893
G1 X6.3192 Y21.3650
G1 X6.3728 Y21.2037
G1 X6.3815 Y21.1826
G1 X6.4562 Y21.0226
G1 X6.4665 Y21.0035
G1 X6.5722 Y20.8286
G1 X6.6977 Y20.6566
G1 X6.8434 Y20.4863
G1 X7.0084 Y20.3177
G1 X7.1911 Y20.1512
G1 X7.3875 Y19.9878
G1 X7.5877 Y19.8344
G1 X7.7917 Y19.6905
G1 X8.0001 Y19.5561
G1 X8.2133 Y19.4313
G1 X8.4314 Y19.3162
G1 X8.6549 Y19.2104
G1 X8.8840 Y19.1135
G1 X9.1185 Y19.0261
G1 X9.3598 Y18.9472
G1 X9.6068 Y18.8776
G1 X9.8615 Y18.8158
G1 X10.1225 Y18.7629
G1 X10.3913 Y18.7178
G1 X10.6677 Y18.6804
G1 X10.9472 Y18.6513
G1 X11.2042 Y18.6272
G1 X11.4673 Y18.6018
G1 X11.4701 Y18.6012
G1 X11.7327 Y18.5740
G1 X11.9894 Y18.5461
G1 X12.2380 Y18.5186
G1 X12.2393 Y18.5186
G1 X12.4482 Y18.4934
G1 X12.6378 Y18.4695
G1 X12.7855 Y18.4492
G1 X13.1422 Y18.3963
G1 X13.2483 Y18.3816
G1 X13.3470 Y18.3692
G1 X13.4407 Y18.3591
G1 X13.5289 Y18.3522
G1 X13.6123 Y18.3494
G1 X13.6801 Y18.3505
G1 X13.6998 Y18.3519
G1 X13.7630 Y18.3594
G1 X13.7895 Y18.3646
G1 X13.8351 Y18.3761
G1 X13.8528 Y18.3819
G1 X13.8820 Y18.3933
G1 X13.8970 Y18.4003
G1 X13.9420 Y18.4244
G1 X13.9675 Y18.4412
G1 X13.9820 Y18.4526
G1 X13.9909 Y18.4605
G1 X14.0141 Y18.4833
G1 X14.0439 Y18.5166
G1 X14.0574 Y18.5348
G1 X14.0642 Y18.5453
G1 X14.0749 Y18.5633
G1 X14.0801 Y18.5738
G1 X14.0942 Y18.6047
G1 X14.1012 Y18.6241
G1 X14.1143 Y18.6702
G1 X14.1201 Y18.7022
G1 X14.1220 Y18.7279
G1 X14.1223 Y18.7532
G1 X14.0472 Y18.7512
G1 X14.0469 Y18.7640
G1 X14.0434 Y18.8007
G1 X14.0410 Y18.8140
G1 X14.0350 Y18.8411
G1 X14.0306 Y18.8559
G1 X14.0130 Y18.9042
G1 X14.0019 Y18.9277
G1 X13.9746 Y18.9774
G1 X13.9649 Y18.9928
G1 X13.9209 Y19.0562
G1 X13.8677 Y19.1235
G1 X13.8058 Y19.1945
G1 X13.7335 Y19.2729
G1 X13.6506 Y19.3584
G1 X13.5572 Y19.4514
G1 X13.4522 Y19.5532
G1 X13.3357 Y19.6638
G1 X13.2074 Y19.7843
G1 X13.0670 Y19.9145
G1 X12.9144 Y20.0553
G1 X12.5717 Y20.3695
G1 X12.1771 Y20.7297
G1 X11.9734 Y20.9155
G1 X11.7795 Y21.0913
G1 X11.5952 Y21.2575
G1 X11.4194 Y21.4148
G1 X11.2521 Y21.5631
G1 X11.0926 Y21.7023
G1 X10.9405 Y21.8334
G1 X10.7952 Y21.9566
G1 X10.6558 Y22.0725
G1 X10.5227 Y22.1802
G1 X10.3948 Y22.2816
G1 X10.2717 Y22.3760
G1 X10.1532 Y22.4635
G1 X10.0380 Y22.5453
G1 X9.9263 Y22.6209
G1 X9.8174 Y22.6910
G1 X9.7103 Y22.7557
G1 X9.6056 Y22.8149
G1 X9.5023 Y22.8693
G1 X9.3999 Y22.9190
G1 X9.2982 Y22.9639
G1 X9.1972 Y23.0045
G1 X9.0964 Y23.0409
G1 X8.9944 Y23.0739
G1 X8.8927 Y23.1028
G1 X8.7899 Y23.1286
G1 X8.6860 Y23.1515
G1 X8.5801 Y23.1717
G1 X8.4732 Y23.1893
G1 X8.3626 Y23.2056
G1 X8.2494 Y23.2200
G1 X8.1277 Y23.2332
G1 X7.7654 Y23.2601
G1 X7.7360 Y23.2593
G1 X7.4860 Y23.2336
G1 X7.4622 Y23.2286
G1 X7.4434 Y23.2227
G1 X7.4189 Y23.2128
G1 X7.2209 Y23.1180
G1 X7.2091 Y23.1113
G1 X7.1868 Y23.0969
G1 X7.1757 Y23.0888
G1 X6.9372 Y22.8932
G1 X6.7866 Y22.7462
G1 X6.6652 Y22.6055
G1 X6.6558 Y22.5931
G1 X6.5560 Y22.4502
G1 X6.5459 Y22.4338
G1 X6.4677 Y22.2886
G1 X6.4583 Y22.2681
G1 X6.4006 Y22.1177
G1 X6.3944 Y22.0963
G1 X6.3590 Y21.9436
G1 X6.3556 Y21.9208
G1 X6.3425 Y21.7677
G1 X6.3422 Y21.7432
G1 X6.3511 Y21.5873
G1 X6.3542 Y21.5653
G1 X6.3847 Y21.4093
G1 X6.3905 Y21.3886
G1 X6.4424 Y21.2322
G1 X6.4497 Y21.2144
G1 X6.5224 Y21.0583
G1 X6.5310 Y21.0423
G1 X6.6330 Y20.8729
G1 X6.7549 Y20.7054
G1 X6.8972 Y20.5388
G1 X7.0590 Y20.3733
G1 X7.2392 Y20.2091
G1 X7.4332 Y20.0475
G1 X7.6310 Y19.8958
G1 X7.8325 Y19.7537
G1 X8.0381 Y19.6210
G1 X8.2485 Y19.4978
G1 X8.4635 Y19.3842
G1 X8.6843 Y19.2796
G1 X8.9102 Y19.1839
G1 X9.1420 Y19.0975
G1 X9.3802 Y19.0196
G1 X9.6245 Y18.9507
G1 X9.8764 Y18.8895
G1 X10.1349 Y18.8370
G1 X10.4013 Y18.7923
G1 X10.6755 Y18.7552
G1 X10.9542 Y18.7261
G1 X11.2115 Y18.7021
G1 X11.4779 Y18.6763
G1 X11.4779 Y18.6760
G1 X11.7409 Y18.6487
G1 X11.9979 Y18.6209
G1 X12.2407 Y18.5937
G1 X12.2452 Y18.5935
G1 X12.4576 Y18.5681
G1 X12.6472 Y18.5442
G1 X12.7959 Y18.5237
G1 X13.1525 Y18.4708
G1 X13.2577 Y18.4562
G1 X13.3551 Y18.4439
G1 X13.4466 Y18.4341
G1 X13.5316 Y18.4274
G1 X13.6112 Y18.4245
G1 X13.6750 Y18.4255
G1 X13.6912 Y18.4266
G1 X13.7488 Y18.4333
G1 X13.7712 Y18.4376
G1 X13.8127 Y18.4479
G1 X13.8258 Y18.4521
G1 X13.8504 Y18.4614
G1 X13.8620 Y18.4668
G1 X13.9009 Y18.4874
G1 X13.9215 Y18.5007
G1 X13.9326 Y18.5093
G1 X13.9387 Y18.5146
G1 X13.9581 Y18.5334
G1 X13.9842 Y18.5625
G1 X13.9947 Y18.5762
G1 X13.9996 Y18.5836
G1 X14.0082 Y18.5982
G1 X14.0119 Y18.6051
G1 X14.0237 Y18.6307
G1 X14.0291 Y18.6454
G1 X14.0405 Y18.6841
G1 X14.0452 Y18.7086
G1 X14.0469 Y18.7289
G1 X14.0472 Y18.7512
G1 X13.9721 Y18.7497
G1 X13.9719 Y18.7574
G1 X13.9692 Y18.7883
G1 X13.9677 Y18.7979
G1 X13.9625 Y18.8211
G1 X13.9600 Y18.8303
G1 X13.9445 Y18.8729
G1 X13.9360 Y18.8916
G1 X13.9105 Y18.9381
G1 X13.9032 Y18.9500
G1 X13.8618 Y19.0097
G1 X13.8110 Y19.0742
G1 X13.7506 Y19.1435
G1 X13.6796 Y19.2206
G1 X13.5976 Y19.3051
G1 X13.5048 Y19.3974
G1 X13.4003 Y19.4987
G1 X13.2843 Y19.6091
G1 X13.1563 Y19.7292
G1 X13.0161 Y19.8593
G1 X12.8637 Y19.9999
G1 X12.5210 Y20.3139
G1 X12.1264 Y20.6742
G1 X11.9229 Y20.8598
G1 X11.7292 Y21.0355
G1 X11.5451 Y21.2015
G1 X11.3695 Y21.3584
G1 X11.2026 Y21.5064
G1 X11.0436 Y21.6453
G1 X10.8918 Y21.7762
G1 X10.7471 Y21.8989
G1 X10.6085 Y22.0141
G1 X10.4761 Y22.1213
G1 X10.3491 Y22.2219
G1 X10.2270 Y22.3155
G1 X10.1096 Y22.4022
G1 X9.9958 Y22.4831
G1 X9.8855 Y22.5578
G1 X9.7784 Y22.6267
G1 X9.6734 Y22.6903
G1 X9.5706 Y22.7484
G1 X9.4695 Y22.8017
G1 X9.3695 Y22.8502
G1 X9.2702 Y22.8942
G1 X9.1716 Y22.9338
G1 X9.0732 Y22.9695
G1 X8.9739 Y23.0016
G1 X8.8744 Y23.0299
G1 X8.7737 Y23.0552
G1 X8.6719 Y23.0777
G1 X8.5679 Y23.0976
G1 X8.4622 Y23.1149
G1 X8.3532 Y23.1310
G1 X8.2414 Y23.1452
G1 X8.1221 Y23.1582
G1 X7.7669 Y23.1849
G1 X7.7437 Y23.1844
G1 X7.5005 Y23.1598
G1 X7.4835 Y23.1564
G1 X7.4711 Y23.1528
G1 X7.4513 Y23.1450
G1 X7.2571 Y23.0521
G1 X7.2494 Y23.0477
G1 X7.2306 Y23.0358
G1 X7.2232 Y23.0306
G1 X6.9897 Y22.8395
G1 X6.8434 Y22.6970
G1 X6.7250 Y22.5599
G1 X6.7174 Y22.5499
G1 X6.6201 Y22.4110
G1 X6.6122 Y22.3980
G1 X6.5358 Y22.2566
G1 X6.5284 Y22.2410
G1 X6.4727 Y22.0965
G1 X6.4677 Y22.0792
G1 X6.4333 Y21.9324
G1 X6.4306 Y21.9143
G1 X6.4177 Y21.7665
G1 X6.4174 Y21.7474
G1 X6.4256 Y21.5973
G1 X6.4280 Y21.5796
G1 X6.4575 Y21.4286
G1 X6.4618 Y21.4123
G1 X6.5122 Y21.2601
G1 X6.5178 Y21.2460
G1 X6.5887 Y21.0936
G1 X6.5954 Y21.0810
G1 X6.6938 Y20.9171
G1 X6.8122 Y20.7541
G1 X6.9510 Y20.5913
G1 X7.1096 Y20.4288
G1 X7.2873 Y20.2668
G1 X7.4790 Y20.1072
G1 X7.6743 Y19.9573
G1 X7.8732 Y19.8169
G1 X8.0761 Y19.6859
G1 X8.2836 Y19.5643
G1 X8.4958 Y19.4521
G1 X8.7135 Y19.3489
G1 X8.9365 Y19.2545
G1 X9.1654 Y19.1690
G1 X9.4006 Y19.0920
G1 X9.6422 Y19.0237
G1 X9.8914 Y18.9632
G1 X10.1473 Y18.9112
G1 X10.4113 Y18.8668
G1 X10.6833 Y18.8300
G1 X10.9612 Y18.8009
G1 X11.2189 Y18.7769
G1 X11.4846 Y18.7507
G1 X11.4857 Y18.7507
G1 X11.7489 Y18.7235
G1 X12.0063 Y18.6957
G1 X12.2492 Y18.6685
G1 X12.2514 Y18.6685
G1 X12.4670 Y18.6427
G1 X12.6566 Y18.6188
G1 X12.8062 Y18.5982
G1 X13.1628 Y18.5453
G1 X13.2670 Y18.5308
G1 X13.3632 Y18.5187
G1 X13.4525 Y18.5090
G1 X13.5345 Y18.5025
G1 X13.6102 Y18.4996
G1 X13.6702 Y18.5004
G1 X13.6828 Y18.5012
G1 X13.7352 Y18.5071
G1 X13.7531 Y18.5104
G1 X13.7909 Y18.5198
G1 X13.7992 Y18.5224
G1 X13.8195 Y18.5301
G1 X13.8273 Y18.5335
G1 X13.8608 Y18.5510
G1 X13.8755 Y18.5603
G1 X13.8867 Y18.5688
G1 X13.9024 Y18.5840
G1 X13.9245 Y18.6083
G1 X13.9350 Y18.6220
G1 X13.9436 Y18.6365
G1 X13.9536 Y18.6583
G1 X13.9571 Y18.6672
G1 X13.9669 Y18.6994
G1 X13.9704 Y18.7162
G1 X13.9718 Y18.7302
G1 X13.9721 Y18.7497
G1 X13.8970 Y18.7509
G1 X13.8943 Y18.7818
G1 X13.8892 Y18.8051
G1 X13.8760 Y18.8421
G1 X13.8699 Y18.8556
G1 X13.8461 Y18.8994
G1 X13.8413 Y18.9074
G1 X13.8028 Y18.9632
G1 X13.7542 Y19.0248
G1 X13.6954 Y19.0926
G1 X13.6256 Y19.1682
G1 X13.5446 Y19.2517
G1 X13.4525 Y19.3434
G1 X13.3486 Y19.4443
G1 X13.2328 Y19.5543
G1 X13.1052 Y19.6742
G1 X12.9652 Y19.8040
G1 X12.8128 Y19.9445
G1 X12.4702 Y20.2584
G1 X12.0759 Y20.6187
G1 X11.8724 Y20.8041
G1 X11.6789 Y20.9796
G1 X11.4950 Y21.1455
G1 X11.3197 Y21.3021
G1 X11.1531 Y21.4497
G1 X10.9944 Y21.5884
G1 X10.8431 Y21.7188
G1 X10.6991 Y21.8411
G1 X10.5612 Y21.9557
G1 X10.4294 Y22.0625
G1 X10.3034 Y22.1623
G1 X10.1823 Y22.2551
G1 X10.0660 Y22.3410
G1 X9.9536 Y22.4208
G1 X9.8447 Y22.4945
G1 X9.7394 Y22.5623
G1 X9.6363 Y22.6249
G1 X9.5355 Y22.6819
G1 X9.4365 Y22.7341
G1 X9.3390 Y22.7815
G1 X9.2422 Y22.8245
G1 X9.1459 Y22.8631
G1 X9.0500 Y22.8980
G1 X8.9532 Y22.9294
G1 X8.8561 Y22.9571
G1 X8.7576 Y22.9819
G1 X8.6576 Y23.0038
G1 X8.5556 Y23.0234
G1 X8.4513 Y23.0406
G1 X8.3439 Y23.0564
G1 X8.2331 Y23.0703
G1 X8.1164 Y23.0833
G1 X7.7677 Y23.1098
G1 X7.7512 Y23.1097
G1 X7.5150 Y23.0859
G1 X7.4980 Y23.0826
G1 X7.4838 Y23.0772
G1 X7.2897 Y22.9843
G1 X7.2709 Y22.9724
G1 X7.0420 Y22.7855
G1 X6.9002 Y22.6478
G1 X6.7846 Y22.5143
G1 X6.7789 Y22.5068
G1 X6.6839 Y22.3713
G1 X6.6782 Y22.3621
G1 X6.6037 Y22.2247
G1 X6.5986 Y22.2138
G1 X6.5447 Y22.0744
G1 X6.5409 Y22.0620
G1 X6.5076 Y21.9208
G1 X6.5055 Y21.9076
G1 X6.4928 Y21.7647
G1 X6.4925 Y21.7514
G1 X6.5003 Y21.6067
G1 X6.5019 Y21.5940
G1 X6.5302 Y21.4475
G1 X6.5332 Y21.4359
G1 X6.5821 Y21.2878
G1 X6.5860 Y21.2777
G1 X6.6555 Y21.1281
G1 X6.6599 Y21.1195
G1 X6.7546 Y20.9612
G1 X6.8695 Y20.8028
G1 X7.0048 Y20.6438
G1 X7.1603 Y20.4844
G1 X7.3353 Y20.3246
G1 X7.5249 Y20.1668
G1 X7.7176 Y20.0187
G1 X7.9140 Y19.8801
G1 X8.1142 Y19.7509
G1 X8.3189 Y19.6309
G1 X8.5281 Y19.5201
G1 X8.7428 Y19.4181
G1 X8.9628 Y19.3250
G1 X9.1887 Y19.2405
G1 X9.4211 Y19.1644
G1 X9.6600 Y19.0967
G1 X9.9063 Y19.0369
G1 X10.1599 Y18.9853
G1 X10.4214 Y18.9413
G1 X10.6911 Y18.9048
G1 X10.9682 Y18.8757
G1 X11.2262 Y18.8517
G1 X11.4919 Y18.8255
G1 X11.4919 Y18.8257
G1 X11.7571 Y18.7984
G1 X12.0147 Y18.7705
G1 X12.2576 Y18.7433
G1 X12.2576 Y18.7435
G1 X12.4764 Y18.7173
G1 X12.6660 Y18.6935
G1 X12.8165 Y18.6726
G1 X13.1732 Y18.6198
G1 X13.2764 Y18.6054
G1 X13.3715 Y18.5935
G1 X13.4585 Y18.5840
G1 X13.5375 Y18.5776
G1 X13.6091 Y18.5747
G1 X13.6660 Y18.5755
G1 X13.6748 Y18.5760
G1 X13.7222 Y18.5811
G1 X13.7350 Y18.5833
G1 X13.7727 Y18.5927
G1 X13.7929 Y18.6004
G1 X13.8207 Y18.6147
G1 X13.8354 Y18.6239
G1 X13.8470 Y18.6348
G1 X13.8648 Y18.6542
G1 X13.8753 Y18.6678
G1 X13.8853 Y18.6896
G1 X13.8932 Y18.7146
G1 X13.8967 Y18.7315
G1 X13.8970 Y18.7509
; Retract
G1 Z3.0400 F2540

; Path 44
; Rapid to initial position
G1 X11.5419 Y21.5067 F2540
G1 Z0.5000
; plunge
G1 Z-2.6750 F127
; cut
G1 X11.5192 Y21.5271 F1016
G1 X11.3511 Y21.6764
G1 X11.1909 Y21.8163
G1 X11.0377 Y21.9480
G1 X10.8913 Y22.0722
G1 X10.7503 Y22.1893
G1 X10.6162 Y22.2980
G1 X10.4863 Y22.4010
G1 X10.3610 Y22.4970
G1 X10.2402 Y22.5861
G1 X10.1223 Y22.6698
G1 X10.0076 Y22.7474
G1 X9.8952 Y22.8195
G1 X9.7843 Y22.8865
G1 X9.6756 Y22.9480
G1 X9.5679 Y23.0046
G1 X9.4606 Y23.0565
G1 X9.3622 Y23.0998
G1 X9.3922 Y23.0900
G1 X9.4907 Y23.0527
G1 X9.5850 Y23.0121
G1 X9.6749 Y22.9692
G1 X9.7793 Y22.9141
G1 X9.8928 Y22.8488
G1 X9.8928 Y22.8490
G1 X10.0006 Y22.7820
G1 X10.1072 Y22.7107
G1 X10.2336 Y22.6212
G1 X10.3558 Y22.5305
G1 X10.4914 Y22.4250
G1 X10.6278 Y22.3149
G1 X10.7740 Y22.1923
G1 X10.9306 Y22.0574
G1 X11.0939 Y21.9135
G1 X11.2679 Y21.7574
G1 X11.2680 Y21.7576
G1 X11.4514 Y21.5901
G1 X11.5419 Y21.5067
; Retract
G1 Z3.0400 F2540

; Path 45
; Rapid to initial position
G1 X9.2454 Y20.5198 F2540
G1 Z0.5000
; plunge
G1 Z-2.6750 F127
; cut
G1 X9.2637 Y20.3010 F1016
G1 X9.2012 Y20.0976
G1 X9.0697 Y19.9686
G1 X8.8028 Y19.8871
G1 X8.5432 Y20.0647
G1 X8.3887 Y20.2366
G1 X8.3381 Y20.3736
G1 X8.3667 Y20.4977
G1 X8.4892 Y20.6438
G1 X8.6560 Y20.7489
G1 X8.8338 Y20.7898
G1 X9.0035 Y20.7682
G1 X9.1440 Y20.6876
G1 X9.2454 Y20.5198
G1 X9.1719 Y20.4963
G1 X9.1875 Y20.3093
G1 X9.1348 Y20.1378
G1 X9.0303 Y20.0351
G1 X8.8154 Y19.9695
G1 X8.5929 Y20.1218
G1 X8.4543 Y20.2760
G1 X8.4164 Y20.3787
G1 X8.4360 Y20.4633
G1 X8.5390 Y20.5862
G1 X8.6855 Y20.6785
G1 X8.8373 Y20.7135
G1 X8.9791 Y20.6954
G1 X9.0899 Y20.6319
G1 X9.1719 Y20.4963
G1 X9.1165 Y20.4364
G1 X9.1031 Y20.4512
G1 X9.0972 Y20.4570
G1 X8.9659 Y20.5735
G1 X8.9519 Y20.5838
G1 X8.9400 Y20.5910
G1 X8.9246 Y20.5985
G1 X8.9118 Y20.6032
G1 X8.8951 Y20.6079
G1 X8.8813 Y20.6104
G1 X8.8641 Y20.6118
G1 X8.8503 Y20.6117
G1 X8.8331 Y20.6099
G1 X8.8194 Y20.6073
G1 X8.8026 Y20.6023
G1 X8.7898 Y20.5972
G1 X8.7745 Y20.5894
G1 X8.7637 Y20.5827
G1 X8.7462 Y20.5692
G1 X8.6152 Y20.4522
G1 X8.6034 Y20.4396
G1 X8.5947 Y20.4284
G1 X8.5854 Y20.4137
G1 X8.5795 Y20.4021
G1 X8.5730 Y20.3862
G1 X8.5687 Y20.3722
G1 X8.5654 Y20.3551
G1 X8.5641 Y20.3421
G1 X8.5638 Y20.3249
G1 X8.5647 Y20.3111
G1 X8.5676 Y20.2940
G1 X8.5712 Y20.2802
G1 X8.5773 Y20.2640
G1 X8.5832 Y20.2517
G1 X8.5921 Y20.2367
G1 X8.6009 Y20.2248
G1 X8.6142 Y20.2100
G1 X8.6201 Y20.2042
G1 X8.7516 Y20.0875
G1 X8.7654 Y20.0772
G1 X8.7769 Y20.0704
G1 X8.7925 Y20.0628
G1 X8.8061 Y20.0577
G1 X8.8229 Y20.0532
G1 X8.8353 Y20.0510
G1 X8.8524 Y20.0494
G1 X8.8671 Y20.0494
G1 X8.8843 Y20.0512
G1 X8.8981 Y20.0539
G1 X8.9147 Y20.0588
G1 X8.9271 Y20.0637
G1 X8.9425 Y20.0715
G1 X8.9537 Y20.0784
G1 X8.9712 Y20.0919
G1 X9.1025 Y20.2094
G1 X9.1143 Y20.2221
G1 X9.1224 Y20.2328
G1 X9.1316 Y20.2472
G1 X9.1380 Y20.2593
G1 X9.1445 Y20.2754
G1 X9.1485 Y20.2891
G1 X9.1518 Y20.3059
G1 X9.1533 Y20.3192
G1 X9.1536 Y20.3365
G1 X9.1524 Y20.3512
G1 X9.1494 Y20.3682
G1 X9.1461 Y20.3806
G1 X9.1402 Y20.3968
G1 X9.1340 Y20.4101
G1 X9.1251 Y20.4249
G1 X9.1165 Y20.4364
G1 X9.0607 Y20.3860
G1 X9.0472 Y20.4008
G1 X8.9212 Y20.5130
G1 X8.9072 Y20.5234
G1 X8.8918 Y20.5308
G1 X8.8751 Y20.5354
G1 X8.8579 Y20.5369
G1 X8.8407 Y20.5351
G1 X8.8240 Y20.5302
G1 X8.8087 Y20.5224
G1 X8.7961 Y20.5130
G1 X8.6701 Y20.4008
G1 X8.6583 Y20.3883
G1 X8.6491 Y20.3736
G1 X8.6425 Y20.3577
G1 X8.6392 Y20.3406
G1 X8.6389 Y20.3235
G1 X8.6417 Y20.3064
G1 X8.6478 Y20.2902
G1 X8.6567 Y20.2752
G1 X8.6701 Y20.2604
G1 X8.7961 Y20.1481
G1 X8.8100 Y20.1379
G1 X8.8256 Y20.1302
G1 X8.8423 Y20.1258
G1 X8.8595 Y20.1242
G1 X8.8767 Y20.1260
G1 X8.8932 Y20.1309
G1 X8.9086 Y20.1387
G1 X8.9212 Y20.1481
G1 X9.0472 Y20.2604
G1 X9.0590 Y20.2732
G1 X9.0683 Y20.2876
G1 X9.0748 Y20.3037
G1 X9.0781 Y20.3206
G1 X9.0784 Y20.3380
G1 X9.0754 Y20.3550
G1 X9.0695 Y20.3712
G1 X9.0607 Y20.3860
; Retract
G1 Z3.0400 F2540

; Path 46
; Rapid to initial position
G1 X8.5149 Y20.4406 F2540
G1 Z0.5000
; plunge
G1 Z-2.6750 F127
; cut
G1 X8.5100 Y20.4306 F1016
G1 X8.5011 Y20.4083
G1 X8.4982 Y20.3989
G1 X8.5051 Y20.4288
G1 X8.5149 Y20.4406
; Retract
G1 Z3.0400 F2540

; Path 47
; Rapid to initial position
G1 X8.4662 Y19.2166 F2540
G1 Z0.5000
; plunge
G1 Z-2.6750 F127
; cut
G1 X8.6257 Y19.1411 F1016
G1 X8.8577 Y19.0430
G1 X9.0952 Y18.9546
G1 X9.3395 Y18.8747
G1 X9.4071 Y18.8556
G1 X9.3701 Y18.8628
G1 X9.2365 Y18.8933
G1 X9.1159 Y18.9263
G1 X9.0201 Y18.9575
G1 X8.9075 Y18.9995
G1 X8.8113 Y19.0409
G1 X8.6932 Y19.0966
G1 X8.5803 Y19.1549
G1 X8.4662 Y19.2166
G1 X7.3236 Y19.9434
G1 X7.3078 Y19.9549
G1 X7.1217 Y20.1039
G1 X6.9503 Y20.2557
G1 X6.7956 Y20.4101
G1 X6.6736 Y20.5485
G1 X6.5598 Y20.6981
G1 X6.4697 Y20.8377
G1 X6.4041 Y20.9615
G1 X6.5114 Y20.7842
G1 X6.6407 Y20.6077
G1 X6.7896 Y20.4336
G1 X6.9578 Y20.2622
G1 X7.1430 Y20.0935
G1 X7.3236 Y19.9434
; Retract
G1 Z3.0400 F2540

; Path 48
; Rapid to initial position
G1 X6.2974 Y22.2678 F2540
G1 Z0.5000
; plunge
G1 Z-2.6750 F127
; cut
G1 X6.3142 Y22.3316 F1016
G1 X6.3776 Y22.4866
G1 X6.4659 Y22.6423
G1 X6.5744 Y22.7873
G1 X6.7160 Y22.9373
G1 X6.8940 Y23.0936
G1 X6.9987 Y23.1750
G1 X7.0779 Y23.2277
G1 X7.1340 Y23.2543
G1 X7.1898 Y23.2695
G1 X7.1459 Y23.2483
G1 X7.1278 Y23.2376
G1 X7.0979 Y23.2182
G1 X7.0802 Y23.2050
G1 X6.8321 Y23.0008
G1 X6.6726 Y22.8443
G1 X6.5448 Y22.6957
G1 X6.5326 Y22.6790
G1 X6.4274 Y22.5283
G1 X6.4135 Y22.5051
G1 X6.3306 Y22.3505
G1 X6.3179 Y22.3219
G1 X6.2974 Y22.2678
; Retract
G1 Z3.0400 F2540

; Path 49
; Rapid to initial position
G1 X3.0923 Y22.6438 F2540
G1 Z0.5000
; plunge
G1 Z-2.6750 F127
; cut
G1 X3.0923 Y21.8389 F1016
G1 X3.0924 Y21.8389
G1 X3.0892 Y21.6448
G1 X3.0794 Y21.4587
G1 X3.0638 Y21.2900
G1 X3.0423 Y21.1349
G1 X3.0145 Y20.9928
G1 X2.9826 Y20.8717
G1 X2.9451 Y20.7657
G1 X2.9038 Y20.6789
G1 X2.8442 Y20.5834
G1 X2.7667 Y20.4802
G1 X2.6731 Y20.3712
G1 X2.5628 Y20.2554
G1 X2.4385 Y20.1363
G1 X2.3051 Y20.0176
G1 X2.1573 Y19.8947
G1 X2.0008 Y19.7725
G1 X1.8352 Y19.6504
G1 X1.6604 Y19.5289
G1 X1.4806 Y19.4104
G1 X1.2985 Y19.2971
G1 X1.1107 Y19.1870
G1 X0.9209 Y19.0823
G1 X0.7296 Y18.9839
G1 X0.5383 Y18.8924
G1 X0.2633 Y18.7700
G1 X0.0242 Y18.6731
G1 X-0.1959 Y18.5974
G1 X-0.4177 Y18.5370
G1 X-0.6549 Y18.4893
G1 X-0.9178 Y18.4514
G1 X-1.2299 Y18.4183
G1 X-1.2299 Y18.4185
G1 X-1.6048 Y18.3878
G1 X-1.8703 Y18.3663
G1 X-2.1391 Y18.3422
G1 X-2.4042 Y18.3163
G1 X-2.6579 Y18.2892
G1 X-2.8931 Y18.2619
G1 X-3.1029 Y18.2349
G1 X-3.2798 Y18.2093
G1 X-3.4140 Y18.1863
G1 X-3.5427 Y18.1636
G1 X-3.7009 Y18.1398
G1 X-3.8838 Y18.1151
G1 X-4.0870 Y18.0903
G1 X-4.3036 Y18.0660
G1 X-4.3036 Y18.0658
G1 X-4.5242 Y18.0433
G1 X-4.7456 Y18.0230
G1 X-4.9609 Y18.0053
G1 X-5.9781 Y17.9284
G1 X-5.9952 Y17.9256
G1 X-6.0113 Y17.9195
G1 X-6.0263 Y17.9108
G1 X-6.0392 Y17.8993
G1 X-6.0500 Y17.8858
G1 X-6.0580 Y17.8705
G1 X-6.0630 Y17.8540
G1 X-6.0649 Y17.8376
G1 X-6.0858 Y17.1653
G1 X-6.0936 Y17.0141
G1 X-6.1084 Y16.8344
G1 X-6.1082 Y16.8344
G1 X-6.1288 Y16.6392
G1 X-6.1544 Y16.4291
G1 X-6.1843 Y16.2128
G1 X-6.2175 Y15.9970
G1 X-6.2534 Y15.7881
G1 X-6.2911 Y15.5912
G1 X-6.3301 Y15.3899
G1 X-6.3690 Y15.1712
G1 X-6.4068 Y14.9414
G1 X-6.4426 Y14.7078
G1 X-6.4753 Y14.4770
G1 X-6.5037 Y14.2561
G1 X-6.5271 Y14.0517
G1 X-6.5441 Y13.8734
G1 X-6.5794 Y13.5342
G1 X-6.6298 Y13.2247
G1 X-6.6961 Y12.9470
G1 X-6.7848 Y12.6788
G1 X-6.8970 Y12.4195
G1 X-7.0381 Y12.1539
G1 X-7.2137 Y11.8707
G1 X-7.4231 Y11.5670
G1 X-7.6429 Y11.2787
G1 X-7.8740 Y11.0081
G1 X-8.1152 Y10.7549
G1 X-8.3603 Y10.5247
G1 X-8.6086 Y10.3180
G1 X-8.8497 Y10.1437
G1 X-9.0798 Y10.0049
G1 X-9.2902 Y9.9071
G1 X-9.5261 Y9.8372
G1 X-9.8062 Y9.7885
G1 X-10.1086 Y9.7629
G1 X-10.4283 Y9.7591
G1 X-10.7343 Y9.7774
G1 X-11.0217 Y9.8175
G1 X-11.2695 Y9.8778
G1 X-11.4603 Y9.9557
G1 X-11.6288 Y10.0606
G1 X-11.8157 Y10.1983
G1 X-12.0034 Y10.3554
G1 X-12.1605 Y10.5062
G1 X-12.3236 Y10.7030
G1 X-12.4175 Y10.8903
G1 X-12.4635 Y11.1238
G1 X-12.4761 Y11.4655
G1 X-12.4699 Y11.6978
G1 X-12.4506 Y11.9212
G1 X-12.4173 Y12.1391
G1 X-12.3701 Y12.3481
G1 X-12.3076 Y12.5521
G1 X-12.2288 Y12.7539
G1 X-12.1346 Y12.9498
G1 X-12.0206 Y13.1497
G1 X-11.8880 Y13.3493
G1 X-11.7368 Y13.5497
G1 X-11.5660 Y13.7522
G1 X-11.3694 Y13.9642
G1 X-11.1534 Y14.1786
G1 X-10.9164 Y14.3980
G1 X-10.6513 Y14.6295
G1 X-10.3642 Y14.8679
G1 X-10.1690 Y15.0274
G1 X-9.9706 Y15.1921
G1 X-9.7699 Y15.3604
G1 X-9.5678 Y15.5320
G1 X-9.3652 Y15.7056
G1 X-9.1634 Y15.8806
G1 X-8.9635 Y16.0556
G1 X-8.7663 Y16.2300
G1 X-8.5731 Y16.4029
G1 X-8.3846 Y16.5733
G1 X-8.2026 Y16.7401
G1 X-8.0273 Y16.9026
G1 X-7.8600 Y17.0596
G1 X-7.7021 Y17.2104
G1 X-7.5539 Y17.3542
G1 X-7.4177 Y17.4893
G1 X-7.0588 Y17.8497
G1 X-7.0477 Y17.8630
G1 X-7.0394 Y17.8782
G1 X-7.0338 Y17.8945
G1 X-7.0315 Y17.9116
G1 X-7.0322 Y17.9289
G1 X-7.0362 Y17.9457
G1 X-7.0430 Y17.9616
G1 X-7.0528 Y17.9759
G1 X-7.0650 Y17.9881
G1 X-7.0792 Y17.9979
G1 X-7.0949 Y18.0050
G1 X-7.1112 Y18.0090
G1 X-7.6432 Y18.0898
G1 X-7.9701 Y18.1452
G1 X-8.2878 Y18.2108
G1 X-8.6019 Y18.2868
G1 X-8.9083 Y18.3723
G1 X-9.2054 Y18.4668
G1 X-9.4888 Y18.5682
G1 X-9.7618 Y18.6779
G1 X-10.0211 Y18.7939
G1 X-10.2660 Y18.9163
G1 X-10.4923 Y19.0430
G1 X-10.7043 Y19.1762
G1 X-10.8943 Y19.3114
G1 X-11.0670 Y19.4518
G1 X-11.2159 Y19.5925
G1 X-11.3432 Y19.7361
G1 X-11.4464 Y19.8793
G1 X-11.6176 Y20.1712
G1 X-11.7706 Y20.4765
G1 X-11.9046 Y20.7937
G1 X-12.0158 Y21.1116
G1 X-12.1054 Y21.4338
G1 X-12.1700 Y21.7475
G1 X-12.2103 Y22.0576
G1 X-12.2239 Y22.3515
G1 X-12.2227 Y22.5452
G1 X-12.2229 Y22.5452
G1 X-12.2180 Y22.7101
G1 X-12.2079 Y22.8552
G1 X-12.1907 Y22.9768
G1 X-12.1664 Y23.0745
G1 X-12.1340 Y23.1517
G1 X-12.0936 Y23.2114
G1 X-12.0424 Y23.2584
G1 X-11.9757 Y23.2968
G1 X-11.8869 Y23.3280
G1 X-11.7753 Y23.3508
G1 X-11.6364 Y23.3662
G1 X-11.4723 Y23.3739
G1 X-11.2761 Y23.3754
G1 X-11.2761 Y23.3756
G1 X-11.0550 Y23.3718
G1 X-10.8013 Y23.3643
G1 X-10.4391 Y23.3498
G1 X-10.1423 Y23.3307
G1 X-9.8890 Y23.3035
G1 X-9.6631 Y23.2647
G1 X-9.4470 Y23.2107
G1 X-9.2205 Y23.1375
G1 X-8.9667 Y23.0408
G1 X-8.6705 Y22.9177
G1 X-8.3880 Y22.7944
G1 X-8.1544 Y22.6839
G1 X-7.9675 Y22.5829
G1 X-7.8124 Y22.4818
G1 X-7.6816 Y22.3766
G1 X-7.5600 Y22.2551
G1 X-7.4406 Y22.1128
G1 X-7.3132 Y21.9413
G1 X-7.2422 Y21.8360
G1 X-7.1656 Y21.7111
G1 X-7.0883 Y21.5745
G1 X-7.0096 Y21.4265
G1 X-6.9277 Y21.2632
G1 X-6.8471 Y21.0940
G1 X-6.7660 Y20.9155
G1 X-6.6859 Y20.7309
G1 X-6.6076 Y20.5422
G1 X-6.5314 Y20.3497
G1 X-6.4596 Y20.1597
G1 X-6.3909 Y19.9676
G1 X-6.3280 Y19.7817
G1 X-6.2702 Y19.5992
G1 X-6.2189 Y19.4230
G1 X-6.1739 Y19.2538
G1 X-6.0931 Y18.9298
G1 X-6.0874 Y18.9136
G1 X-6.0788 Y18.8985
G1 X-6.0677 Y18.8854
G1 X-6.0543 Y18.8744
G1 X-6.0390 Y18.8661
G1 X-6.0226 Y18.8609
G1 X-6.0054 Y18.8587
G1 X-5.9882 Y18.8596
G1 X-5.9714 Y18.8636
G1 X-5.9556 Y18.8708
G1 X-5.9410 Y18.8811
G1 X-5.5975 Y19.1742
G1 X-5.3269 Y19.3770
G1 X-5.1651 Y19.4539
G1 X-5.1467 Y19.4589
G1 X-5.1296 Y19.4655
G1 X-5.1202 Y19.4697
G1 X-5.0938 Y19.4835
G1 X-5.0647 Y19.5010
G1 X-5.0327 Y19.5226
G1 X-4.9976 Y19.5479
G1 X-4.9578 Y19.5779
G1 X-4.9143 Y19.6123
G1 X-4.8667 Y19.6510
G1 X-4.8150 Y19.6942
G1 X-4.7585 Y19.7421
G1 X-4.6976 Y19.7949
G1 X-4.6321 Y19.8524
G1 X-4.5621 Y19.9148
G1 X-4.4080 Y20.0541
G1 X-4.3237 Y20.1312
G1 X-4.2347 Y20.2133
G1 X-4.1407 Y20.3007
G1 X-4.0415 Y20.3933
G1 X-3.8284 Y20.5940
G1 X-3.5948 Y20.8159
G1 X-3.3400 Y21.0595
G1 X-3.2046 Y21.1895
G1 X-2.9175 Y21.4665
G1 X-2.6083 Y21.7656
G1 X-2.4453 Y21.9240
G1 X-2.2479 Y22.1128
G1 X-2.0498 Y22.2966
G1 X-1.8598 Y22.4675
G1 X-1.6798 Y22.6238
G1 X-1.5150 Y22.7614
G1 X-1.3769 Y22.8706
G1 X-1.2636 Y22.9531
G1 X-1.1867 Y22.9997
G1 X-0.8810 Y23.1469
G1 X-0.6033 Y23.2690
G1 X-0.3553 Y23.3629
G1 X-0.1152 Y23.4356
G1 X0.1284 Y23.4903
G1 X0.3917 Y23.5309
G1 X0.6866 Y23.5602
G1 X1.0229 Y23.5816
G1 X1.0229 Y23.5814
G1 X2.0291 Y23.6320
G1 X3.0923 Y22.6438
G1 X3.0172 Y22.6109
G1 X3.0172 Y21.8389
G1 X3.0173 Y21.8378
G1 X3.0142 Y21.6489
G1 X3.0043 Y21.4626
G1 X2.9893 Y21.3003
G1 X2.9685 Y21.1494
G1 X2.9409 Y21.0088
G1 X2.9105 Y20.8933
G1 X2.8755 Y20.7947
G1 X2.8380 Y20.7153
G1 X2.7824 Y20.6263
G1 X2.7071 Y20.5264
G1 X2.6184 Y20.4228
G1 X2.5095 Y20.3083
G1 X2.3885 Y20.1925
G1 X2.2551 Y20.0737
G1 X2.1110 Y19.9539
G1 X1.9545 Y19.8317
G1 X1.7922 Y19.7122
G1 X1.6190 Y19.5917
G1 X1.4392 Y19.4733
G1 X1.2605 Y19.3621
G1 X1.0727 Y19.2519
G1 X0.8846 Y19.1482
G1 X0.6971 Y19.0517
G1 X0.5077 Y18.9611
G1 X0.2340 Y18.8394
G1 X-0.0022 Y18.7436
G1 X-0.2185 Y18.6691
G1 X-0.4357 Y18.6101
G1 X-0.6662 Y18.5636
G1 X-0.9276 Y18.5260
G1 X-1.2351 Y18.4934
G1 X-1.2361 Y18.4934
G1 X-1.6110 Y18.4627
G1 X-1.8769 Y18.4412
G1 X-2.1464 Y18.4170
G1 X-2.4122 Y18.3911
G1 X-2.6667 Y18.3639
G1 X-2.9027 Y18.3365
G1 X-3.1137 Y18.3094
G1 X-3.2926 Y18.2835
G1 X-3.4271 Y18.2603
G1 X-3.5545 Y18.2378
G1 X-3.7110 Y18.2143
G1 X-3.8929 Y18.1898
G1 X-4.0961 Y18.1650
G1 X-4.3121 Y18.1406
G1 X-4.3129 Y18.1405
G1 X-4.5319 Y18.1182
G1 X-4.7518 Y18.0978
G1 X-4.7518 Y18.0979
G1 X-4.9671 Y18.0802
G1 X-5.9690 Y18.0042
G1 X-5.8773 Y18.0470
G1 X-5.8625 Y18.0557
G1 X-5.8531 Y18.0623
G1 X-5.8387 Y18.0745
G1 X-5.6418 Y18.2620
G1 X-5.6305 Y18.2750
G1 X-5.6228 Y18.2854
G1 X-5.6139 Y18.3002
G1 X-5.6077 Y18.3135
G1 X-5.6018 Y18.3297
G1 X-5.5983 Y18.3428
G1 X-5.5954 Y18.3599
G1 X-5.5945 Y18.3737
G1 X-5.5948 Y18.3911
G1 X-5.5962 Y18.4049
G1 X-5.5997 Y18.4218
G1 X-5.6037 Y18.4349
G1 X-5.6103 Y18.4509
G1 X-5.6166 Y18.4630
G1 X-5.6259 Y18.4775
G1 X-5.6343 Y18.4885
G1 X-5.6461 Y18.5010
G1 X-5.6567 Y18.5104
G1 X-5.6707 Y18.5207
G1 X-5.6825 Y18.5276
G1 X-5.6981 Y18.5351
G1 X-5.7123 Y18.5402
G1 X-5.7326 Y18.5453
G1 X-5.7409 Y18.5469
G1 X-5.9580 Y18.5755
G1 X-5.9840 Y18.5760
G1 X-6.2378 Y18.5594
G1 X-6.4568 Y18.5598
G1 X-6.4739 Y18.5582
G1 X-6.4870 Y18.5558
G1 X-6.5037 Y18.5512
G1 X-6.5171 Y18.5461
G1 X-6.5325 Y18.5385
G1 X-6.5441 Y18.5313
G1 X-6.5580 Y18.5210
G1 X-6.5682 Y18.5119
G1 X-6.5799 Y18.4992
G1 X-6.5883 Y18.4881
G1 X-6.5976 Y18.4735
G1 X-6.6030 Y18.4630
G1 X-6.6088 Y18.4494
G1 X-6.7146 Y18.1613
G1 X-6.8105 Y17.8452
G1 X-6.8140 Y17.8284
G1 X-6.8155 Y17.8145
G1 X-6.8158 Y17.7972
G1 X-6.8153 Y17.7865
G1 X-6.8137 Y17.7739
G1 X-6.7835 Y17.6003
G1 X-6.7790 Y17.5836
G1 X-6.7742 Y17.5705
G1 X-6.7668 Y17.5549
G1 X-6.7596 Y17.5428
G1 X-6.7494 Y17.5290
G1 X-6.7405 Y17.5190
G1 X-6.7279 Y17.5070
G1 X-6.7171 Y17.4986
G1 X-6.7026 Y17.4892
G1 X-6.6901 Y17.4825
G1 X-6.6740 Y17.4760
G1 X-6.6610 Y17.4720
G1 X-6.6440 Y17.4685
G1 X-6.6302 Y17.4671
G1 X-6.6130 Y17.4668
G1 X-6.5992 Y17.4677
G1 X-6.5820 Y17.4706
G1 X-6.5688 Y17.4741
G1 X-6.5452 Y17.4830
G1 X-6.3665 Y17.5688
G1 X-6.3517 Y17.5777
G1 X-6.3383 Y17.5880
G1 X-6.3197 Y17.6060
G1 X-6.3127 Y17.6136
G1 X-6.1580 Y17.8110
G1 X-6.1402 Y17.8333
G1 X-6.1609 Y17.1692
G1 X-6.1685 Y17.0203
G1 X-6.1833 Y16.8406
G1 X-6.1833 Y16.8394
G1 X-6.2034 Y16.6483
G1 X-6.2289 Y16.4395
G1 X-6.2586 Y16.2243
G1 X-6.2917 Y16.0098
G1 X-6.3272 Y15.8022
G1 X-6.3649 Y15.6055
G1 X-6.4041 Y15.4031
G1 X-6.4432 Y15.1834
G1 X-6.4811 Y14.9529
G1 X-6.5171 Y14.7183
G1 X-6.5499 Y14.4866
G1 X-6.5783 Y14.2647
G1 X-6.6019 Y14.0589
G1 X-6.6189 Y13.8812
G1 X-6.6541 Y13.5432
G1 X-6.7029 Y13.2422
G1 X-6.7687 Y12.9672
G1 X-6.8551 Y12.7060
G1 X-6.9652 Y12.4514
G1 X-7.1029 Y12.1925
G1 X-7.2775 Y11.9104
G1 X-7.4839 Y11.6113
G1 X-7.7010 Y11.3265
G1 X-7.9297 Y11.0587
G1 X-8.1695 Y10.8071
G1 X-8.4095 Y10.5816
G1 X-8.6538 Y10.3782
G1 X-8.8909 Y10.2067
G1 X-9.1163 Y10.0708
G1 X-9.3165 Y9.9777
G1 X-9.5437 Y9.9104
G1 X-9.8146 Y9.8633
G1 X-10.1137 Y9.8380
G1 X-10.4248 Y9.8342
G1 X-10.7275 Y9.8523
G1 X-11.0078 Y9.8915
G1 X-11.2465 Y9.9495
G1 X-11.4258 Y10.0228
G1 X-11.5873 Y10.1235
G1 X-11.7693 Y10.2574
G1 X-11.9524 Y10.4108
G1 X-12.1048 Y10.5571
G1 X-12.2604 Y10.7448
G1 X-12.3456 Y10.9145
G1 X-12.3887 Y11.1334
G1 X-12.4009 Y11.4661
G1 X-12.3949 Y11.6913
G1 X-12.3758 Y11.9133
G1 X-12.3435 Y12.1247
G1 X-12.2973 Y12.3287
G1 X-12.2365 Y12.5277
G1 X-12.1596 Y12.7242
G1 X-12.0679 Y12.9155
G1 X-11.9572 Y13.1091
G1 X-11.8266 Y13.3058
G1 X-11.6768 Y13.5043
G1 X-11.5098 Y13.7024
G1 X-11.3164 Y13.9109
G1 X-11.1023 Y14.1234
G1 X-10.8669 Y14.3414
G1 X-10.6018 Y14.5728
G1 X-10.3165 Y14.8096
G1 X-10.1210 Y14.9694
G1 X-9.9222 Y15.1344
G1 X-9.7212 Y15.3031
G1 X-9.5189 Y15.4749
G1 X-9.3160 Y15.6488
G1 X-9.1139 Y15.8240
G1 X-8.9137 Y15.9992
G1 X-8.7162 Y16.1740
G1 X-8.5227 Y16.3472
G1 X-8.3339 Y16.5179
G1 X-8.1515 Y16.6849
G1 X-7.9758 Y16.8479
G1 X-7.8081 Y17.0052
G1 X-7.6497 Y17.1564
G1 X-7.5009 Y17.3009
G1 X-7.3643 Y17.4364
G1 X-7.0011 Y17.8016
G1 X-6.9899 Y17.8150
G1 X-6.9818 Y17.8269
G1 X-6.9735 Y17.8420
G1 X-6.9682 Y17.8540
G1 X-6.9627 Y17.8703
G1 X-6.9593 Y17.8841
G1 X-6.9570 Y17.9010
G1 X-6.9563 Y17.9151
G1 X-6.9571 Y17.9324
G1 X-6.9590 Y17.9463
G1 X-6.9630 Y17.9630
G1 X-6.9672 Y17.9754
G1 X-6.9740 Y17.9913
G1 X-6.9808 Y18.0037
G1 X-6.9905 Y18.0180
G1 X-6.9996 Y18.0291
G1 X-7.0118 Y18.0413
G1 X-7.0226 Y18.0502
G1 X-7.0367 Y18.0599
G1 X-7.0482 Y18.0663
G1 X-7.0639 Y18.0734
G1 X-7.0771 Y18.0781
G1 X-7.0999 Y18.0833
G1 X-7.6306 Y18.1640
G1 X-7.9553 Y18.2190
G1 X-8.2725 Y18.2844
G1 X-8.5822 Y18.3594
G1 X-8.8880 Y18.4447
G1 X-9.1806 Y18.5378
G1 X-9.4635 Y18.6390
G1 X-9.7317 Y18.7468
G1 X-9.9878 Y18.8614
G1 X-10.2324 Y18.9836
G1 X-10.4549 Y19.1082
G1 X-10.6618 Y19.2382
G1 X-10.8483 Y19.3710
G1 X-11.0189 Y19.5098
G1 X-11.1620 Y19.6448
G1 X-11.2842 Y19.7827
G1 X-11.3835 Y19.9205
G1 X-11.5522 Y20.2083
G1 X-11.7023 Y20.5081
G1 X-11.8342 Y20.8203
G1 X-11.9444 Y21.1349
G1 X-12.0322 Y21.4509
G1 X-12.0957 Y21.7598
G1 X-12.1353 Y22.0650
G1 X-12.1488 Y22.3550
G1 X-12.1476 Y22.5447
G1 X-12.1477 Y22.5457
G1 X-12.1431 Y22.7048
G1 X-12.1430 Y22.7066
G1 X-12.1430 Y22.7078
G1 X-12.1333 Y22.8463
G1 X-12.1165 Y22.9637
G1 X-12.0951 Y23.0503
G1 X-12.0675 Y23.1159
G1 X-12.0365 Y23.1617
G1 X-11.9978 Y23.1972
G1 X-11.9440 Y23.2282
G1 X-11.8664 Y23.2554
G1 X-11.7643 Y23.2763
G1 X-11.6295 Y23.2913
G1 X-11.4688 Y23.2987
G1 X-11.2754 Y23.3003
G1 X-11.2743 Y23.3005
G1 X-11.0573 Y23.2967
G1 X-10.8044 Y23.2892
G1 X-10.4422 Y23.2747
G1 X-10.1503 Y23.2559
G1 X-9.8997 Y23.2291
G1 X-9.6768 Y23.1906
G1 X-9.4694 Y23.1390
G1 X-9.2436 Y23.0659
G1 X-8.9955 Y22.9713
G1 X-8.7006 Y22.8488
G1 X-8.4181 Y22.7255
G1 X-8.1902 Y22.6177
G1 X-8.0056 Y22.5178
G1 X-7.8561 Y22.4205
G1 X-7.7318 Y22.3206
G1 X-7.6160 Y22.2047
G1 X-7.4992 Y22.0655
G1 X-7.3755 Y21.8994
G1 X-7.3063 Y21.7967
G1 X-7.2298 Y21.6718
G1 X-7.1546 Y21.5392
G1 X-7.0768 Y21.3928
G1 X-6.9956 Y21.2309
G1 X-6.9151 Y21.0618
G1 X-6.9150 Y21.0618
G1 X-6.8349 Y20.8856
G1 X-6.7553 Y20.7021
G1 X-6.6775 Y20.5145
G1 X-6.6018 Y20.3232
G1 X-6.5305 Y20.1344
G1 X-6.4622 Y19.9436
G1 X-6.3993 Y19.7577
G1 X-6.3425 Y19.5782
G1 X-6.2915 Y19.4037
G1 X-6.2467 Y19.2346
G1 X-6.2466 Y19.2346
G1 X-6.1641 Y18.9048
G1 X-6.1583 Y18.8886
G1 X-6.1528 Y18.8765
G1 X-6.1442 Y18.8614
G1 X-6.1359 Y18.8496
G1 X-6.1247 Y18.8366
G1 X-6.1154 Y18.8273
G1 X-6.1020 Y18.8163
G1 X-6.0901 Y18.8084
G1 X-6.0748 Y18.8001
G1 X-6.0619 Y18.7945
G1 X-6.0455 Y18.7893
G1 X-6.0323 Y18.7863
G1 X-6.0151 Y18.7840
G1 X-6.0013 Y18.7836
G1 X-5.9841 Y18.7845
G1 X-5.9711 Y18.7864
G1 X-5.9542 Y18.7904
G1 X-5.9404 Y18.7952
G1 X-5.9246 Y18.8023
G1 X-5.9122 Y18.8093
G1 X-5.8921 Y18.8240
G1 X-5.5503 Y19.1158
G1 X-5.2883 Y19.3121
G1 X-5.1377 Y19.3836
G1 X-5.1197 Y19.3888
G1 X-5.0992 Y19.3967
G1 X-5.0854 Y19.4031
G1 X-5.0551 Y19.4190
G1 X-5.0225 Y19.4388
G1 X-4.9888 Y19.4615
G1 X-4.9523 Y19.4878
G1 X-4.9111 Y19.5190
G1 X-4.8667 Y19.5540
G1 X-4.8185 Y19.5933
G1 X-4.7663 Y19.6369
G1 X-4.7093 Y19.6853
G1 X-4.6479 Y19.7385
G1 X-4.5821 Y19.7962
G1 X-4.5117 Y19.8591
G1 X-4.3573 Y19.9985
G1 X-4.2727 Y20.0760
G1 X-4.1835 Y20.1583
G1 X-4.0893 Y20.2458
G1 X-3.9900 Y20.3386
G1 X-3.7767 Y20.5395
G1 X-3.5427 Y20.7616
G1 X-3.2880 Y21.0052
G1 X-3.1524 Y21.1354
G1 X-2.8651 Y21.4123
G1 X-2.5559 Y21.7117
G1 X-2.3932 Y21.8697
G1 X-2.1959 Y22.0585
G1 X-1.9995 Y22.2407
G1 X-1.8105 Y22.4107
G1 X-1.6316 Y22.5660
G1 X-1.4684 Y22.7024
G1 X-1.3303 Y22.8116
G1 X-1.2219 Y22.8903
G1 X-1.1513 Y22.9333
G1 X-0.8508 Y23.0780
G1 X-0.5739 Y23.1997
G1 X-0.3307 Y23.2917
G1 X-0.0966 Y23.3627
G1 X0.1426 Y23.4165
G1 X0.4017 Y23.4564
G1 X0.6940 Y23.4854
G1 X1.0243 Y23.5064
G1 X1.0267 Y23.5062
G1 X2.0011 Y23.5553
G1 X3.0172 Y22.6109
G1 X2.9395 Y22.4713
G1 X2.8505 Y22.6787
G1 X2.8424 Y22.6938
G1 X2.8346 Y22.7057
G1 X2.8236 Y22.7193
G1 X2.8141 Y22.7290
G1 X2.8010 Y22.7401
G1 X2.7902 Y22.7479
G1 X2.7753 Y22.7567
G1 X2.7620 Y22.7627
G1 X2.7457 Y22.7685
G1 X2.7320 Y22.7718
G1 X2.7149 Y22.7744
G1 X2.7018 Y22.7751
G1 X2.6845 Y22.7747
G1 X2.6709 Y22.7730
G1 X2.6538 Y22.7694
G1 X2.6405 Y22.7653
G1 X2.6246 Y22.7586
G1 X2.6107 Y22.7509
G1 X2.5924 Y22.7382
G1 X2.5854 Y22.7326
G1 X2.5098 Y22.6650
G1 X2.4980 Y22.6524
G1 X2.4893 Y22.6411
G1 X2.4800 Y22.6265
G1 X2.4741 Y22.6149
G1 X2.4676 Y22.5990
G1 X2.4633 Y22.5849
G1 X2.4600 Y22.5679
G1 X2.4587 Y22.5549
G1 X2.4584 Y22.5377
G1 X2.4593 Y22.5239
G1 X2.4622 Y22.5068
G1 X2.4659 Y22.4930
G1 X2.4719 Y22.4767
G1 X2.4776 Y22.4648
G1 X2.4864 Y22.4500
G1 X2.4958 Y22.4375
G1 X2.5096 Y22.4223
G1 X2.5152 Y22.4167
G1 X2.6766 Y22.2745
G1 X2.6904 Y22.2641
G1 X2.7030 Y22.2565
G1 X2.7186 Y22.2490
G1 X2.7316 Y22.2442
G1 X2.7484 Y22.2398
G1 X2.7616 Y22.2374
G1 X2.7788 Y22.2359
G1 X2.7932 Y22.2361
G1 X2.8104 Y22.2380
G1 X2.8236 Y22.2407
G1 X2.8402 Y22.2457
G1 X2.8526 Y22.2506
G1 X2.8680 Y22.2584
G1 X2.8799 Y22.2658
G1 X2.8937 Y22.2764
G1 X2.9040 Y22.2861
G1 X2.9155 Y22.2990
G1 X2.9234 Y22.3096
G1 X2.9325 Y22.3244
G1 X2.9388 Y22.3375
G1 X2.9449 Y22.3537
G1 X2.9484 Y22.3668
G1 X2.9514 Y22.3836
G1 X2.9526 Y22.3968
G1 X2.9526 Y22.4142
G1 X2.9513 Y22.4287
G1 X2.9479 Y22.4457
G1 X2.9449 Y22.4565
G1 X2.9395 Y22.4713
G1 X2.8702 Y22.4419
G1 X2.7843 Y22.6432
G1 X2.7762 Y22.6583
G1 X2.7652 Y22.6718
G1 X2.7522 Y22.6830
G1 X2.7372 Y22.6917
G1 X2.7208 Y22.6975
G1 X2.7038 Y22.7000
G1 X2.6866 Y22.6995
G1 X2.6695 Y22.6959
G1 X2.6536 Y22.6892
G1 X2.6353 Y22.6765
G1 X2.5647 Y22.6136
G1 X2.5529 Y22.6010
G1 X2.5437 Y22.5864
G1 X2.5372 Y22.5705
G1 X2.5338 Y22.5534
G1 X2.5335 Y22.5363
G1 X2.5363 Y22.5192
G1 X2.5424 Y22.5030
G1 X2.5512 Y22.4882
G1 X2.5650 Y22.4731
G1 X2.7216 Y22.3346
G1 X2.7355 Y22.3243
G1 X2.7511 Y22.3168
G1 X2.7678 Y22.3123
G1 X2.7850 Y22.3109
G1 X2.8021 Y22.3128
G1 X2.8187 Y22.3178
G1 X2.8341 Y22.3255
G1 X2.8478 Y22.3361
G1 X2.8593 Y22.3489
G1 X2.8684 Y22.3638
G1 X2.8744 Y22.3800
G1 X2.8774 Y22.3968
G1 X2.8774 Y22.4142
G1 X2.8741 Y22.4312
G1 X2.8702 Y22.4419
; Retract
G1 Z3.0400 F2540

; Path 50
; Rapid to initial position
G1 X2.9420 Y22.2192 F2540
G1 Z0.5000
; plunge
G1 Z-2.6750 F127
; cut
G1 X2.9420 Y21.8389 F1016
G1 X2.9422 Y21.8368
G1 X2.9390 Y21.6528
G1 X2.9291 Y21.4666
G1 X2.9148 Y21.3106
G1 X2.8946 Y21.1640
G1 X2.8674 Y21.0247
G1 X2.8384 Y20.9150
G1 X2.8060 Y20.8237
G1 X2.7719 Y20.7515
G1 X2.7204 Y20.6688
G1 X2.6491 Y20.5741
G1 X2.5628 Y20.4734
G1 X2.4566 Y20.3618
G1 X2.3385 Y20.2487
G1 X2.2053 Y20.1301
G1 X2.0647 Y20.0131
G1 X1.9082 Y19.8909
G1 X1.7492 Y19.7739
G1 X1.5776 Y19.6546
G1 X1.3978 Y19.5361
G1 X1.2224 Y19.4270
G1 X1.0346 Y19.3168
G1 X0.8483 Y19.2140
G1 X0.6647 Y19.1195
G1 X0.4771 Y19.0299
G1 X0.2047 Y18.9088
G1 X-0.0286 Y18.8141
G1 X-0.2411 Y18.7409
G1 X-0.4537 Y18.6831
G1 X-0.6774 Y18.6380
G1 X-0.9375 Y18.6007
G1 X-1.2414 Y18.5684
G1 X-1.2423 Y18.5684
G1 X-1.6172 Y18.5376
G1 X-1.8836 Y18.5162
G1 X-2.1537 Y18.4918
G1 X-2.4201 Y18.4659
G1 X-2.6753 Y18.4385
G1 X-2.9122 Y18.4111
G1 X-3.1245 Y18.3839
G1 X-3.3053 Y18.3577
G1 X-3.4401 Y18.3343
G1 X-3.5663 Y18.3120
G1 X-3.7210 Y18.2888
G1 X-3.9019 Y18.2644
G1 X-4.1052 Y18.2396
G1 X-4.3205 Y18.2151
G1 X-4.3205 Y18.2152
G1 X-4.5395 Y18.1930
G1 X-4.7560 Y18.1729
G1 X-4.7580 Y18.1729
G1 X-4.9734 Y18.1552
G1 X-5.7033 Y18.0997
G1 X-5.5850 Y18.2128
G1 X-5.5700 Y18.2304
G1 X-5.5584 Y18.2466
G1 X-5.5458 Y18.2682
G1 X-5.5370 Y18.2878
G1 X-5.5291 Y18.3104
G1 X-5.5241 Y18.3304
G1 X-5.5205 Y18.3546
G1 X-5.5194 Y18.3752
G1 X-5.5200 Y18.3989
G1 X-5.5226 Y18.4202
G1 X-5.5278 Y18.4438
G1 X-5.5340 Y18.4632
G1 X-5.5437 Y18.4859
G1 X-5.5533 Y18.5034
G1 X-5.5662 Y18.5234
G1 X-5.5794 Y18.5399
G1 X-5.5964 Y18.5576
G1 X-5.6125 Y18.5712
G1 X-5.6324 Y18.5853
G1 X-5.6501 Y18.5954
G1 X-5.6726 Y18.6059
G1 X-5.6940 Y18.6131
G1 X-5.7185 Y18.6192
G1 X-5.7310 Y18.6213
G1 X-5.9481 Y18.6500
G1 X-5.9566 Y18.6507
G1 X-5.9888 Y18.6510
G1 X-6.2403 Y18.6346
G1 X-6.4638 Y18.6346
G1 X-6.4875 Y18.6322
G1 X-6.5070 Y18.6282
G1 X-6.5305 Y18.6213
G1 X-6.5505 Y18.6134
G1 X-6.5720 Y18.6024
G1 X-6.5892 Y18.5915
G1 X-6.6080 Y18.5771
G1 X-6.6234 Y18.5630
G1 X-6.6396 Y18.5450
G1 X-6.6520 Y18.5283
G1 X-6.6645 Y18.5079
G1 X-6.6724 Y18.4920
G1 X-6.6793 Y18.4753
G1 X-6.7865 Y18.1831
G1 X-6.8842 Y17.8605
G1 X-6.8888 Y17.8361
G1 X-6.8906 Y17.8160
G1 X-6.8909 Y17.7938
G1 X-6.8900 Y17.7771
G1 X-6.8877 Y17.7610
G1 X-6.8561 Y17.5809
G1 X-6.8497 Y17.5578
G1 X-6.8420 Y17.5381
G1 X-6.8316 Y17.5166
G1 X-6.8202 Y17.4983
G1 X-6.8056 Y17.4790
G1 X-6.7922 Y17.4644
G1 X-6.7741 Y17.4477
G1 X-6.7580 Y17.4356
G1 X-6.7380 Y17.4229
G1 X-6.7254 Y17.4161
G1 X-6.7184 Y17.4128
G1 X-6.6959 Y17.4041
G1 X-6.6763 Y17.3984
G1 X-6.6519 Y17.3937
G1 X-6.6316 Y17.3920
G1 X-6.6078 Y17.3918
G1 X-6.5868 Y17.3935
G1 X-6.5628 Y17.3979
G1 X-6.5422 Y17.4037
G1 X-6.5128 Y17.4152
G1 X-6.3277 Y17.5043
G1 X-6.3129 Y17.5132
G1 X-6.3057 Y17.5182
G1 X-6.2924 Y17.5285
G1 X-6.2862 Y17.5339
G1 X-6.2643 Y17.5552
G1 X-6.2535 Y17.5673
G1 X-6.2225 Y17.6070
G1 X-6.2360 Y17.1730
G1 X-6.2435 Y17.0265
G1 X-6.2580 Y16.8472
G1 X-6.2581 Y16.8472
G1 X-6.2780 Y16.6573
G1 X-6.3033 Y16.4498
G1 X-6.3330 Y16.2358
G1 X-6.3659 Y16.0225
G1 X-6.4011 Y15.8164
G1 X-6.4388 Y15.6198
G1 X-6.4781 Y15.4163
G1 X-6.5174 Y15.1957
G1 X-6.5555 Y14.9643
G1 X-6.5915 Y14.7288
G1 X-6.6245 Y14.4961
G1 X-6.6530 Y14.2733
G1 X-6.6767 Y14.0661
G1 X-6.6937 Y13.8890
G1 X-6.7288 Y13.5521
G1 X-6.7768 Y13.2567
G1 X-6.8406 Y12.9891
G1 X-6.9254 Y12.7333
G1 X-7.0335 Y12.4831
G1 X-7.1677 Y12.2309
G1 X-7.3413 Y11.9504
G1 X-7.5447 Y11.6555
G1 X-7.7595 Y11.3736
G1 X-7.9852 Y11.1093
G1 X-8.2224 Y10.8605
G1 X-8.4601 Y10.6373
G1 X-8.6990 Y10.4383
G1 X-8.9321 Y10.2698
G1 X-9.1524 Y10.1369
G1 X-9.3427 Y10.0484
G1 X-9.5614 Y9.9836
G1 X-9.8231 Y9.9381
G1 X-10.1187 Y9.9131
G1 X-10.4213 Y9.9093
G1 X-10.7207 Y9.9273
G1 X-10.9936 Y9.9655
G1 X-11.2236 Y10.0213
G1 X-11.3913 Y10.0898
G1 X-11.5447 Y10.1854
G1 X-11.7247 Y10.3180
G1 X-11.9015 Y10.4661
G1 X-12.0497 Y10.6084
G1 X-12.1972 Y10.7864
G1 X-12.2571 Y10.9059
G1 X-12.2512 Y10.9008
G1 X-12.2338 Y10.8885
G1 X-12.2123 Y10.8764
G1 X-12.1940 Y10.8683
G1 X-12.1714 Y10.8604
G1 X-12.1501 Y10.8551
G1 X-12.1258 Y10.8516
G1 X-12.1066 Y10.8508
G1 X-12.0825 Y10.8515
G1 X-12.0680 Y10.8531
G1 X-12.0603 Y10.8543
G1 X-12.0367 Y10.8599
G1 X-12.0184 Y10.8660
G1 X-11.9959 Y10.8755
G1 X-11.9776 Y10.8855
G1 X-11.9578 Y10.8985
G1 X-11.9415 Y10.9118
G1 X-11.9241 Y10.9288
G1 X-11.9108 Y10.9444
G1 X-11.8967 Y10.9641
G1 X-11.8859 Y10.9829
G1 X-11.8786 Y10.9985
G1 X-11.8756 Y11.0063
G1 X-11.8732 Y11.0135
G1 X-11.8395 Y10.8968
G1 X-11.8306 Y10.8749
G1 X-11.8256 Y10.8645
G1 X-11.7524 Y10.7255
G1 X-11.7454 Y10.7141
G1 X-11.7305 Y10.6925
G1 X-11.7220 Y10.6818
G1 X-11.6197 Y10.5655
G1 X-11.6108 Y10.5564
G1 X-11.5928 Y10.5401
G1 X-11.5837 Y10.5329
G1 X-11.4405 Y10.4281
G1 X-11.4185 Y10.4151
G1 X-11.2424 Y10.3239
G1 X-11.2272 Y10.3173
G1 X-11.0095 Y10.2316
G1 X-10.9922 Y10.2262
G1 X-10.6551 Y10.1363
G1 X-10.6242 Y10.1315
G1 X-10.3014 Y10.1071
G1 X-10.2929 Y10.1069
G1 X-10.2613 Y10.1084
G1 X-9.9265 Y10.1492
G1 X-9.8988 Y10.1554
G1 X-9.5451 Y10.2610
G1 X-9.5250 Y10.2688
G1 X-9.2820 Y10.3777
G1 X-9.2648 Y10.3869
G1 X-9.0268 Y10.5292
G1 X-9.0122 Y10.5391
G1 X-8.7679 Y10.7213
G1 X-8.5330 Y10.9304
G1 X-8.3078 Y11.1640
G1 X-8.0942 Y11.4192
G1 X-7.8924 Y11.6930
G1 X-7.7051 Y11.9833
G1 X-7.5331 Y12.2871
G1 X-7.3784 Y12.6018
G1 X-7.2420 Y12.9253
G1 X-7.1264 Y13.2547
G1 X-7.0330 Y13.5875
G1 X-6.9643 Y13.9211
G1 X-6.9210 Y14.2532
G1 X-6.9066 Y14.5630
G1 X-6.8976 Y14.8645
G1 X-6.8724 Y15.1980
G1 X-6.8370 Y15.5035
G1 X-6.7929 Y15.7598
G1 X-6.6897 Y16.2287
G1 X-6.6489 Y16.4202
G1 X-6.6172 Y16.5844
G1 X-6.5962 Y16.7277
G1 X-6.5897 Y16.8343
G1 X-6.5911 Y16.8661
G1 X-6.6009 Y16.9410
G1 X-6.6063 Y16.9643
G1 X-6.6129 Y16.9842
G1 X-6.6222 Y17.0059
G1 X-6.6310 Y17.0221
G1 X-6.6427 Y17.0398
G1 X-6.6740 Y17.0826
G1 X-6.6897 Y17.1004
G1 X-6.7050 Y17.1147
G1 X-6.7244 Y17.1299
G1 X-6.7415 Y17.1405
G1 X-6.7627 Y17.1517
G1 X-6.7821 Y17.1594
G1 X-6.8040 Y17.1663
G1 X-6.8223 Y17.1703
G1 X-6.8424 Y17.1730
G1 X-6.8952 Y17.1771
G1 X-6.9192 Y17.1768
G1 X-6.9401 Y17.1745
G1 X-6.9620 Y17.1704
G1 X-6.9800 Y17.1653
G1 X-6.9990 Y17.1583
G1 X-7.0696 Y17.1278
G1 X-7.0969 Y17.1125
G1 X-7.1904 Y17.0495
G1 X-7.2956 Y16.9656
G1 X-7.4184 Y16.8599
G1 X-7.5627 Y16.7312
G1 X-7.9239 Y16.4052
G1 X-8.0304 Y16.3099
G1 X-8.2653 Y16.1008
G1 X-8.2680 Y16.0987
G1 X-8.5314 Y15.8662
G1 X-8.8115 Y15.6200
G1 X-9.2444 Y15.2417
G1 X-9.5284 Y14.9948
G1 X-9.6654 Y14.8762
G1 X-9.9253 Y14.6522
G1 X-9.9253 Y14.6524
G1 X-10.0473 Y14.5475
G1 X-10.2956 Y14.3316
G1 X-10.5238 Y14.1247
G1 X-10.7320 Y13.9264
G1 X-10.9221 Y13.7346
G1 X-11.0942 Y13.5484
G1 X-11.2484 Y13.3665
G1 X-11.3865 Y13.1873
G1 X-11.5075 Y13.0101
G1 X-11.6128 Y12.8333
G1 X-11.7023 Y12.6567
G1 X-11.7764 Y12.4786
G1 X-11.8352 Y12.2994
G1 X-11.8793 Y12.1183
G1 X-11.9093 Y11.9354
G1 X-11.9251 Y11.7667
G1 X-11.9321 Y11.7744
G1 X-11.9477 Y11.7885
G1 X-11.9672 Y11.8030
G1 X-11.9852 Y11.8140
G1 X-12.0069 Y11.8245
G1 X-12.0255 Y11.8316
G1 X-12.0491 Y11.8383
G1 X-12.0697 Y11.8420
G1 X-12.0938 Y11.8441
G1 X-12.1146 Y11.8441
G1 X-12.1392 Y11.8416
G1 X-12.1595 Y11.8375
G1 X-12.1829 Y11.8307
G1 X-12.2029 Y11.8227
G1 X-12.2238 Y11.8123
G1 X-12.2400 Y11.8021
G1 X-12.2595 Y11.7876
G1 X-12.2754 Y11.7731
G1 X-12.2916 Y11.7551
G1 X-12.3046 Y11.7379
G1 X-12.3138 Y11.7233
G1 X-12.3172 Y11.7172
G1 X-12.3010 Y11.9052
G1 X-12.2696 Y12.1101
G1 X-12.2246 Y12.3094
G1 X-12.1654 Y12.5034
G1 X-12.0900 Y12.6958
G1 X-12.0007 Y12.8816
G1 X-11.8931 Y13.0698
G1 X-11.7652 Y13.2624
G1 X-11.6168 Y13.4589
G1 X-11.4537 Y13.6526
G1 X-11.2633 Y13.8576
G1 X-11.0512 Y14.0682
G1 X-10.8174 Y14.2848
G1 X-10.5523 Y14.5161
G1 X-10.2690 Y14.7514
G1 X-10.0729 Y14.9116
G1 X-9.8738 Y15.0769
G1 X-9.6725 Y15.2458
G1 X-9.4701 Y15.4177
G1 X-9.2669 Y15.5920
G1 X-9.0644 Y15.7674
G1 X-8.8638 Y15.9429
G1 X-8.6660 Y16.1180
G1 X-8.4722 Y16.2915
G1 X-8.2831 Y16.4625
G1 X-8.1004 Y16.6298
G1 X-7.9244 Y16.7929
G1 X-7.7562 Y16.9508
G1 X-7.5974 Y17.1025
G1 X-7.4479 Y17.2476
G1 X-7.3111 Y17.3834
G1 X-6.9433 Y17.7536
G1 X-6.9277 Y17.7727
G1 X-6.9159 Y17.7908
G1 X-6.9048 Y17.8118
G1 X-6.8971 Y17.8298
G1 X-6.8897 Y17.8526
G1 X-6.8848 Y17.8735
G1 X-6.8818 Y17.8977
G1 X-6.8812 Y17.9186
G1 X-6.8826 Y17.9428
G1 X-6.8858 Y17.9636
G1 X-6.8917 Y17.9867
G1 X-6.8981 Y18.0052
G1 X-6.9081 Y18.0276
G1 X-6.9186 Y18.0459
G1 X-6.9326 Y18.0660
G1 X-6.9464 Y18.0822
G1 X-6.9637 Y18.0989
G1 X-6.9800 Y18.1123
G1 X-7.0003 Y18.1256
G1 X-7.0171 Y18.1347
G1 X-7.0391 Y18.1444
G1 X-7.0523 Y18.1490
G1 X-7.0603 Y18.1512
G1 X-7.0886 Y18.1576
G1 X-7.6180 Y18.2381
G1 X-7.9415 Y18.2930
G1 X-8.2573 Y18.3581
G1 X-8.5625 Y18.4320
G1 X-8.8679 Y18.5172
G1 X-9.1558 Y18.6088
G1 X-9.4382 Y18.7099
G1 X-9.7021 Y18.8158
G1 X-9.9542 Y18.9287
G1 X-10.1988 Y19.0509
G1 X-10.4178 Y19.1736
G1 X-10.6202 Y19.3009
G1 X-10.8023 Y19.4305
G1 X-10.9708 Y19.5677
G1 X-11.1080 Y19.6972
G1 X-11.2251 Y19.8293
G1 X-11.3199 Y19.9606
G1 X-11.4774 Y20.2294
G1 X-11.4586 Y20.2305
G1 X-11.4381 Y20.2337
G1 X-11.4147 Y20.2396
G1 X-11.3945 Y20.2466
G1 X-11.3725 Y20.2568
G1 X-11.3555 Y20.2666
G1 X-11.3355 Y20.2807
G1 X-11.3192 Y20.2945
G1 X-11.3022 Y20.3120
G1 X-11.2888 Y20.3287
G1 X-11.2758 Y20.3485
G1 X-11.2660 Y20.3663
G1 X-11.2568 Y20.3879
G1 X-11.2504 Y20.4069
G1 X-11.2452 Y20.4294
G1 X-11.2425 Y20.4474
G1 X-11.2414 Y20.4621
G1 X-11.2382 Y20.5348
G1 X-11.2174 Y20.4955
G1 X-11.1071 Y20.3077
G1 X-10.9907 Y20.1301
G1 X-10.8685 Y19.9627
G1 X-10.7417 Y19.8086
G1 X-10.6102 Y19.6684
G1 X-10.4853 Y19.5537
G1 X-10.4730 Y19.5437
G1 X-10.3459 Y19.4472
G1 X-10.3299 Y19.4368
G1 X-10.1937 Y19.3573
G1 X-10.0288 Y19.2782
G1 X-9.8546 Y19.2000
G1 X-9.6724 Y19.1240
G1 X-9.4831 Y19.0500
G1 X-9.2878 Y18.9781
G1 X-9.0877 Y18.9086
G1 X-8.8826 Y18.8416
G1 X-8.6749 Y18.7781
G1 X-8.4654 Y18.7180
G1 X-8.2542 Y18.6613
G1 X-8.0432 Y18.6088
G1 X-7.8329 Y18.5603
G1 X-7.6246 Y18.5165
G1 X-7.4191 Y18.4777
G1 X-7.2175 Y18.4438
G1 X-7.0127 Y18.4151
G1 X-6.9893 Y18.4143
G1 X-6.9690 Y18.4153
G1 X-6.9447 Y18.4190
G1 X-6.9242 Y18.4239
G1 X-6.9011 Y18.4318
G1 X-6.8817 Y18.4408
G1 X-6.8607 Y18.4530
G1 X-6.8452 Y18.4638
G1 X-6.8268 Y18.4791
G1 X-6.8115 Y18.4944
G1 X-6.7961 Y18.5133
G1 X-6.7845 Y18.5305
G1 X-6.7731 Y18.5507
G1 X-6.7660 Y18.5668
G1 X-6.7590 Y18.5861
G1 X-6.6610 Y18.9037
G1 X-6.6573 Y18.9206
G1 X-6.6560 Y18.9282
G1 X-6.6544 Y18.9427
G1 X-6.6541 Y18.9505
G1 X-6.6541 Y18.9809
G1 X-6.6637 Y19.1133
G1 X-6.6659 Y19.1302
G1 X-6.6947 Y19.2947
G1 X-6.7382 Y19.4762
G1 X-6.7948 Y19.6722
G1 X-6.8634 Y19.8801
G1 X-6.9417 Y20.0970
G1 X-7.0291 Y20.3188
G1 X-7.1232 Y20.5429
G1 X-7.2231 Y20.7657
G1 X-7.3270 Y20.9838
G1 X-7.4335 Y21.1935
G1 X-7.5417 Y21.3916
G1 X-7.6504 Y21.5756
G1 X-7.7588 Y21.7418
G1 X-7.8676 Y21.8887
G1 X-7.9643 Y21.9993
G1 X-7.9798 Y22.0146
G1 X-8.0670 Y22.0916
G1 X-8.0807 Y22.1022
G1 X-8.1983 Y22.1855
G1 X-8.3328 Y22.2675
G1 X-8.4829 Y22.3480
G1 X-8.6468 Y22.4271
G1 X-8.8225 Y22.5044
G1 X-9.0084 Y22.5794
G1 X-9.2022 Y22.6512
G1 X-9.4014 Y22.7191
G1 X-9.6046 Y22.7826
G1 X-9.8092 Y22.8404
G1 X-10.0131 Y22.8920
G1 X-10.2141 Y22.9365
G1 X-10.4107 Y22.9733
G1 X-10.6005 Y23.0013
G1 X-10.7753 Y23.0188
G1 X-11.5961 Y23.0785
G1 X-11.6197 Y23.0779
G1 X-11.6407 Y23.0753
G1 X-11.6648 Y23.0699
G1 X-11.6845 Y23.0635
G1 X-11.7069 Y23.0540
G1 X-11.7252 Y23.0440
G1 X-11.7444 Y23.0312
G1 X-11.7600 Y23.0190
G1 X-11.7780 Y23.0017
G1 X-11.7922 Y22.9852
G1 X-11.8062 Y22.9655
G1 X-11.8160 Y22.9483
G1 X-11.8264 Y22.9262
G1 X-11.8334 Y22.9061
G1 X-11.8378 Y22.8894
G1 X-11.8396 Y22.8814
G1 X-11.8422 Y22.8649
G1 X-11.8430 Y22.8563
G1 X-11.8439 Y22.8256
G1 X-11.8433 Y22.8097
G1 X-11.7744 Y22.1343
G1 X-11.7459 Y21.9301
G1 X-11.7033 Y21.7234
G1 X-11.6480 Y21.5139
G1 X-11.5811 Y21.3047
G1 X-11.5036 Y21.0966
G1 X-11.4325 Y20.9289
G1 X-11.4340 Y20.9292
G1 X-11.4538 Y20.9317
G1 X-11.4788 Y20.9327
G1 X-11.4989 Y20.9314
G1 X-11.5224 Y20.9281
G1 X-11.5433 Y20.9231
G1 X-11.5665 Y20.9151
G1 X-11.5853 Y20.9066
G1 X-11.6055 Y20.8953
G1 X-11.6222 Y20.8838
G1 X-11.6386 Y20.8706
G1 X-11.7241 Y20.7934
G1 X-11.7358 Y20.7806
G1 X-11.7638 Y20.8469
G1 X-11.8726 Y21.1577
G1 X-11.9593 Y21.4695
G1 X-12.0214 Y21.7715
G1 X-12.0603 Y22.0725
G1 X-12.0737 Y22.3585
G1 X-12.0724 Y22.5442
G1 X-12.0726 Y22.5457
G1 X-12.0682 Y22.6980
G1 X-12.0680 Y22.7011
G1 X-12.0680 Y22.7026
G1 X-12.0586 Y22.8372
G1 X-12.0425 Y22.9497
G1 X-12.0234 Y23.0266
G1 X-12.0008 Y23.0804
G1 X-11.9790 Y23.1124
G1 X-11.9531 Y23.1363
G1 X-11.9128 Y23.1595
G1 X-11.8465 Y23.1827
G1 X-11.7531 Y23.2018
G1 X-11.6227 Y23.2163
G1 X-11.4653 Y23.2236
G1 X-11.2748 Y23.2252
G1 X-11.2731 Y23.2254
G1 X-11.0595 Y23.2215
G1 X-10.8074 Y23.2141
G1 X-10.4452 Y23.1996
G1 X-10.1582 Y23.1811
G1 X-9.9106 Y23.1546
G1 X-9.6905 Y23.1166
G1 X-9.4919 Y23.0672
G1 X-9.2667 Y22.9943
G1 X-9.0243 Y22.9020
G1 X-8.7306 Y22.7799
G1 X-8.4482 Y22.6566
G1 X-8.2234 Y22.5502
G1 X-8.0451 Y22.4537
G1 X-7.8999 Y22.3593
G1 X-7.7821 Y22.2646
G1 X-7.6720 Y22.1544
G1 X-7.5578 Y22.0182
G1 X-7.4379 Y21.8573
G1 X-7.3704 Y21.7574
G1 X-7.2939 Y21.6324
G1 X-7.2210 Y21.5039
G1 X-7.1440 Y21.3591
G1 X-7.0636 Y21.1986
G1 X-6.9831 Y21.0294
G1 X-6.9821 Y21.0279
G1 X-6.9038 Y20.8557
G1 X-6.8247 Y20.6733
G1 X-6.7474 Y20.4868
G1 X-6.6721 Y20.2966
G1 X-6.6013 Y20.1091
G1 X-6.5335 Y19.9195
G1 X-6.4706 Y19.7337
G1 X-6.4147 Y19.5572
G1 X-6.3640 Y19.3836
G1 X-6.3194 Y19.2153
G1 X-6.3188 Y19.2136
G1 X-6.2351 Y18.8798
G1 X-6.2266 Y18.8571
G1 X-6.2182 Y18.8394
G1 X-6.2058 Y18.8181
G1 X-6.1930 Y18.8007
G1 X-6.1774 Y18.7829
G1 X-6.1632 Y18.7692
G1 X-6.1437 Y18.7538
G1 X-6.1259 Y18.7423
G1 X-6.1046 Y18.7311
G1 X-6.0848 Y18.7229
G1 X-6.0622 Y18.7159
G1 X-6.0420 Y18.7116
G1 X-6.0177 Y18.7089
G1 X-5.9971 Y18.7084
G1 X-5.9732 Y18.7102
G1 X-5.9538 Y18.7132
G1 X-5.9296 Y18.7193
G1 X-5.9093 Y18.7267
G1 X-5.8877 Y18.7369
G1 X-5.8753 Y18.7439
G1 X-5.8677 Y18.7485
G1 X-5.8432 Y18.7668
G1 X-5.5030 Y19.0574
G1 X-5.2496 Y19.2472
G1 X-5.1099 Y19.3135
G1 X-5.0925 Y19.3186
G1 X-5.0679 Y19.3285
G1 X-5.0504 Y19.3366
G1 X-5.0162 Y19.3547
G1 X-4.9805 Y19.3764
G1 X-4.9449 Y19.4005
G1 X-4.9070 Y19.4278
G1 X-4.8645 Y19.4599
G1 X-4.8191 Y19.4957
G1 X-4.7702 Y19.5355
G1 X-4.7176 Y19.5796
G1 X-4.6602 Y19.6285
G1 X-4.5982 Y19.6819
G1 X-4.5322 Y19.7400
G1 X-4.4612 Y19.8032
G1 X-4.3065 Y19.9431
G1 X-4.2219 Y20.0208
G1 X-4.1323 Y20.1032
G1 X-4.0378 Y20.1909
G1 X-3.9384 Y20.2838
G1 X-3.7250 Y20.4848
G1 X-3.4907 Y20.7073
G1 X-3.2359 Y20.9510
G1 X-3.1002 Y21.0813
G1 X-2.8127 Y21.3584
G1 X-2.5035 Y21.6578
G1 X-2.3412 Y21.8155
G1 X-2.1439 Y22.0042
G1 X-1.9492 Y22.1849
G1 X-1.7611 Y22.3539
G1 X-1.5822 Y22.5092
G1 X-1.4218 Y22.6433
G1 X-1.2836 Y22.7526
G1 X-1.1802 Y22.8277
G1 X-1.1157 Y22.8670
G1 X-0.8182 Y23.0102
G1 X-0.5473 Y23.1294
G1 X-0.3060 Y23.2206
G1 X-0.0779 Y23.2898
G1 X0.1568 Y23.3427
G1 X0.4117 Y23.3819
G1 X0.7016 Y23.4106
G1 X1.0256 Y23.4313
G1 X1.0305 Y23.4311
G1 X1.9731 Y23.4786
G1 X2.6535 Y22.8463
G1 X2.6315 Y22.8412
G1 X2.6113 Y22.8346
G1 X2.5954 Y22.8280
G1 X2.5882 Y22.8245
G1 X2.5744 Y22.8168
G1 X2.5677 Y22.8127
G1 X2.5456 Y22.7971
G1 X2.5353 Y22.7886
G1 X2.4549 Y22.7164
G1 X2.4387 Y22.6984
G1 X2.4256 Y22.6812
G1 X2.4130 Y22.6606
G1 X2.4046 Y22.6433
G1 X2.4019 Y22.6367
G1 X2.3925 Y22.6500
G1 X2.2851 Y22.7834
G1 X2.2669 Y22.8021
G1 X2.1414 Y22.9153
G1 X2.1202 Y22.9311
G1 X1.9757 Y23.0253
G1 X1.9550 Y23.0361
G1 X1.7952 Y23.1095
G1 X1.7737 Y23.1173
G1 X1.5979 Y23.1706
G1 X1.5780 Y23.1750
G1 X1.3854 Y23.2086
G1 X1.3692 Y23.2103
G1 X1.1622 Y23.2241
G1 X1.1473 Y23.2242
G1 X0.9126 Y23.2179
G1 X0.6648 Y23.1913
G1 X0.4043 Y23.1448
G1 X0.1353 Y23.0804
G1 X0.1184 Y23.0753
G1 X-0.1373 Y22.9848
G1 X-0.4348 Y22.8495
G1 X-0.7556 Y22.6825
G1 X-1.0780 Y22.4968
G1 X-1.3814 Y22.3053
G1 X-1.6452 Y22.1183
G1 X-1.8274 Y21.9651
G1 X-1.8357 Y21.9573
G1 X-1.8521 Y21.9403
G1 X-1.8600 Y21.9309
G1 X-1.9559 Y21.8069
G1 X-1.9596 Y21.8015
G1 X-1.9755 Y21.7833
G1 X-2.0127 Y21.7443
G1 X-2.0695 Y21.6870
G1 X-2.1410 Y21.6168
G1 X-2.2250 Y21.5355
G1 X-2.3219 Y21.4431
G1 X-2.4297 Y21.3412
G1 X-2.5484 Y21.2300
G1 X-2.6764 Y21.1108
G1 X-2.8094 Y20.9873
G1 X-2.8127 Y20.9847
G1 X-2.9576 Y20.8515
G1 X-3.1067 Y20.7143
G1 X-3.1083 Y20.7132
G1 X-3.2646 Y20.5708
G1 X-3.2660 Y20.5698
G1 X-3.4272 Y20.4232
G1 X-3.4279 Y20.4228
G1 X-3.5950 Y20.2720
G1 X-5.2432 Y18.7871
G1 X-5.2595 Y18.7691
G1 X-5.2719 Y18.7524
G1 X-5.2848 Y18.7312
G1 X-5.2935 Y18.7129
G1 X-5.3021 Y18.6903
G1 X-5.3076 Y18.6707
G1 X-5.3120 Y18.6468
G1 X-5.3138 Y18.6259
G1 X-5.3138 Y18.6018
G1 X-5.3117 Y18.5808
G1 X-5.3071 Y18.5569
G1 X-5.3013 Y18.5373
G1 X-5.2927 Y18.5151
G1 X-5.2829 Y18.4955
G1 X-5.2700 Y18.4750
G1 X-5.2579 Y18.4594
G1 X-5.2417 Y18.4415
G1 X-5.2264 Y18.4277
G1 X-5.2070 Y18.4131
G1 X-5.1898 Y18.4024
G1 X-5.1683 Y18.3916
G1 X-5.1481 Y18.3836
G1 X-5.1246 Y18.3769
G1 X-5.1038 Y18.3733
G1 X-5.0811 Y18.3712
G1 X-5.0631 Y18.3708
G1 X-5.0404 Y18.3725
G1 X-4.4717 Y18.4417
G1 X-4.2241 Y18.4737
G1 X-3.9732 Y18.5086
G1 X-3.7471 Y18.5425
G1 X-3.5833 Y18.5698
G1 X-3.5004 Y18.5826
G1 X-3.3862 Y18.5965
G1 X-3.2359 Y18.6125
G1 X-3.0628 Y18.6293
G1 X-3.0607 Y18.6293
G1 X-2.8662 Y18.6467
G1 X-2.8660 Y18.6467
G1 X-2.6550 Y18.6639
G1 X-2.4370 Y18.6804
G1 X-2.2142 Y18.6957
G1 X-1.8810 Y18.7229
G1 X-1.5583 Y18.7595
G1 X-1.2459 Y18.8055
G1 X-0.9439 Y18.8617
G1 X-0.6512 Y18.9281
G1 X-0.3679 Y19.0047
G1 X-0.0937 Y19.0922
G1 X0.1719 Y19.1900
G1 X0.4293 Y19.2989
G1 X0.6780 Y19.4190
G1 X0.9193 Y19.5500
G1 X1.1531 Y19.6925
G1 X1.3789 Y19.8463
G1 X1.5982 Y20.0115
G1 X1.8105 Y20.1880
G1 X2.0147 Y20.3739
G1 X2.1949 Y20.5493
G1 X2.3424 Y20.7043
G1 X2.4516 Y20.8366
G1 X2.4616 Y20.8507
G1 X2.5421 Y20.9750
G1 X2.5543 Y20.9984
G1 X2.6093 Y21.1224
G1 X2.6180 Y21.1490
G1 X2.6505 Y21.2772
G1 X2.6543 Y21.3005
G1 X2.6702 Y21.4523
G1 X2.6742 Y21.6226
G1 X2.6645 Y21.8419
G1 X2.6629 Y21.8586
G1 X2.6335 Y22.0621
G1 X2.6296 Y22.0801
G1 X2.5836 Y22.2565
G1 X2.6315 Y22.2143
G1 X2.6514 Y22.1998
G1 X2.6706 Y22.1887
G1 X2.6928 Y22.1783
G1 X2.7122 Y22.1717
G1 X2.7350 Y22.1658
G1 X2.7553 Y22.1624
G1 X2.7796 Y22.1608
G1 X2.8015 Y22.1613
G1 X2.8256 Y22.1643
G1 X2.8451 Y22.1687
G1 X2.8679 Y22.1758
G1 X2.8865 Y22.1834
G1 X2.9080 Y22.1947
G1 X2.9258 Y22.2062
G1 X2.9420 Y22.2192
G1 X2.8669 Y22.0967
G1 X2.8671 Y21.8381
G1 X2.8639 Y21.6568
G1 X2.8540 Y21.4706
G1 X2.8404 Y21.3208
G1 X2.8207 Y21.1784
G1 X2.7940 Y21.0412
G1 X2.7662 Y20.9363
G1 X2.7364 Y20.8526
G1 X2.7059 Y20.7878
G1 X2.6578 Y20.7105
G1 X2.5910 Y20.6218
G1 X2.5073 Y20.5240
G1 X2.4033 Y20.4148
G1 X2.2875 Y20.3039
G1 X2.1554 Y20.1863
G1 X2.0184 Y20.0724
G1 X1.8637 Y19.9515
G1 X1.7063 Y19.8357
G1 X1.5363 Y19.7174
G1 X1.3577 Y19.5998
G1 X1.1844 Y19.4919
G1 X0.9966 Y19.3818
G1 X0.8120 Y19.2799
G1 X0.6321 Y19.1873
G1 X0.4466 Y19.0987
G1 X0.1754 Y18.9782
G1 X-0.0550 Y18.8846
G1 X-0.2637 Y18.8127
G1 X-0.4714 Y18.7563
G1 X-0.6894 Y18.7123
G1 X-0.9474 Y18.6754
G1 X-1.2476 Y18.6433
G1 X-1.2485 Y18.6433
G1 X-1.6234 Y18.6126
G1 X-1.8904 Y18.5911
G1 X-2.1610 Y18.5666
G1 X-2.4281 Y18.5407
G1 X-2.6838 Y18.5131
G1 X-2.9217 Y18.4858
G1 X-3.1353 Y18.4584
G1 X-3.3182 Y18.4317
G1 X-3.4531 Y18.4083
G1 X-3.5783 Y18.3861
G1 X-3.7310 Y18.3633
G1 X-3.9110 Y18.3391
G1 X-4.1143 Y18.3142
G1 X-4.3264 Y18.2900
G1 X-4.3281 Y18.2900
G1 X-4.5471 Y18.2678
G1 X-4.7604 Y18.2479
G1 X-4.7642 Y18.2479
G1 X-4.9796 Y18.2302
G1 X-5.5065 Y18.1901
G1 X-5.4933 Y18.2089
G1 X-5.4807 Y18.2305
G1 X-5.4772 Y18.2375
G1 X-5.4660 Y18.2628
G1 X-5.4560 Y18.2924
G1 X-5.4498 Y18.3192
G1 X-5.4454 Y18.3505
G1 X-5.4442 Y18.3772
G1 X-5.4454 Y18.4078
G1 X-5.4492 Y18.4366
G1 X-5.4562 Y18.4667
G1 X-5.4648 Y18.4927
G1 X-5.4777 Y18.5219
G1 X-5.4902 Y18.5443
G1 X-5.5075 Y18.5703
G1 X-5.5253 Y18.5921
G1 X-5.5477 Y18.6148
G1 X-5.5692 Y18.6327
G1 X-5.5948 Y18.6504
G1 X-5.6184 Y18.6636
G1 X-5.6410 Y18.6740
G1 X-5.6487 Y18.6772
G1 X-5.6760 Y18.6861
G1 X-5.7055 Y18.6932
G1 X-5.7212 Y18.6958
G1 X-5.7992 Y18.7061
G1 X-5.7944 Y18.7097
G1 X-5.4557 Y18.9990
G1 X-5.2110 Y19.1822
G1 X-5.0819 Y19.2435
G1 X-5.0647 Y19.2487
G1 X-5.0362 Y19.2602
G1 X-5.0152 Y19.2702
G1 X-4.9771 Y19.2905
G1 X-4.9383 Y19.3141
G1 X-4.9009 Y19.3395
G1 X-4.8616 Y19.3678
G1 X-4.8179 Y19.4009
G1 X-4.7717 Y19.4375
G1 X-4.7221 Y19.4779
G1 X-4.6689 Y19.5223
G1 X-4.6110 Y19.5715
G1 X-4.5486 Y19.6254
G1 X-4.4822 Y19.6839
G1 X-4.4108 Y19.7475
G1 X-4.2558 Y19.8877
G1 X-4.1709 Y19.9654
G1 X-4.0810 Y20.0482
G1 X-3.9865 Y20.1360
G1 X-3.8868 Y20.2291
G1 X-3.6732 Y20.4302
G1 X-3.4387 Y20.6531
G1 X-3.1839 Y20.8967
G1 X-3.0480 Y21.0272
G1 X-2.7604 Y21.3044
G1 X-2.4512 Y21.6038
G1 X-2.2892 Y21.7612
G1 X-2.0918 Y21.9500
G1 X-1.8989 Y22.1290
G1 X-1.7118 Y22.2970
G1 X-1.5329 Y22.4524
G1 X-1.3752 Y22.5843
G1 X-1.2370 Y22.6935
G1 X-1.1380 Y22.7655
G1 X-1.0806 Y22.8004
G1 X-0.7855 Y22.9424
G1 X-0.5207 Y23.0591
G1 X-0.2813 Y23.1495
G1 X-0.0593 Y23.2170
G1 X0.1709 Y23.2688
G1 X0.4219 Y23.3075
G1 X0.7089 Y23.3358
G1 X1.0270 Y23.3562
G1 X1.0343 Y23.3560
G1 X1.9451 Y23.4019
G1 X2.5179 Y22.8695
G1 X2.4980 Y22.8554
G1 X2.4850 Y22.8445
G1 X2.4046 Y22.7723
G1 X2.3990 Y22.7668
G1 X2.3968 Y22.7643
G1 X2.3388 Y22.8359
G1 X2.3174 Y22.8579
G1 X2.1862 Y22.9757
G1 X2.1613 Y22.9942
G1 X2.0105 Y23.0920
G1 X1.9863 Y23.1044
G1 X1.8209 Y23.1802
G1 X1.7956 Y23.1893
G1 X1.6143 Y23.2440
G1 X1.5909 Y23.2491
G1 X1.3927 Y23.2834
G1 X1.3742 Y23.2852
G1 X1.1629 Y23.2992
G1 X1.1452 Y23.2994
G1 X0.9046 Y23.2927
G1 X0.6516 Y23.2653
G1 X0.3868 Y23.2179
G1 X0.1135 Y23.1523
G1 X0.0933 Y23.1461
G1 X-0.1685 Y23.0532
G1 X-0.4695 Y22.9161
G1 X-0.7932 Y22.7476
G1 X-1.1182 Y22.5604
G1 X-1.4248 Y22.3666
G1 X-1.6936 Y22.1759
G1 X-1.8790 Y22.0198
G1 X-1.8898 Y22.0095
G1 X-1.9099 Y21.9883
G1 X-1.9194 Y21.9769
G1 X-2.0181 Y21.8490
G1 X-2.0189 Y21.8478
G1 X-2.0313 Y21.8338
G1 X-2.0660 Y21.7974
G1 X-2.1222 Y21.7406
G1 X-2.1934 Y21.6708
G1 X-2.2769 Y21.5900
G1 X-2.3737 Y21.4977
G1 X-2.4811 Y21.3961
G1 X-2.5996 Y21.2850
G1 X-2.7276 Y21.1658
G1 X-2.8580 Y21.0446
G1 X-2.8637 Y21.0401
G1 X-3.0085 Y20.9069
G1 X-3.1570 Y20.7703
G1 X-3.1589 Y20.7688
G1 X-3.3131 Y20.6282
G1 X-3.3166 Y20.6255
G1 X-3.4778 Y20.4789
G1 X-3.4781 Y20.4786
G1 X-3.6452 Y20.3279
G1 X-5.2935 Y18.8429
G1 X-5.2991 Y18.8375
G1 X-5.3198 Y18.8140
G1 X-5.3360 Y18.7915
G1 X-5.3526 Y18.7636
G1 X-5.3639 Y18.7396
G1 X-5.3746 Y18.7103
G1 X-5.3814 Y18.6846
G1 X-5.3870 Y18.6531
G1 X-5.3888 Y18.6259
G1 X-5.3885 Y18.5945
G1 X-5.3855 Y18.5665
G1 X-5.3792 Y18.5358
G1 X-5.3716 Y18.5103
G1 X-5.3599 Y18.4812
G1 X-5.3466 Y18.4556
G1 X-5.3293 Y18.4288
G1 X-5.3135 Y18.4088
G1 X-5.2921 Y18.3858
G1 X-5.2716 Y18.3677
G1 X-5.2466 Y18.3492
G1 X-5.2237 Y18.3353
G1 X-5.1958 Y18.3215
G1 X-5.1686 Y18.3114
G1 X-5.1376 Y18.3029
G1 X-5.1107 Y18.2983
G1 X-5.0823 Y18.2961
G1 X-5.0578 Y18.2959
G1 X-5.0313 Y18.2979
G1 X-4.4620 Y18.3671
G1 X-4.2137 Y18.3992
G1 X-3.9621 Y18.4342
G1 X-3.7347 Y18.4683
G1 X-3.5719 Y18.4955
G1 X-3.4898 Y18.5081
G1 X-3.3782 Y18.5217
G1 X-3.2279 Y18.5376
G1 X-3.0578 Y18.5544
G1 X-3.0540 Y18.5544
G1 X-2.8595 Y18.5717
G1 X-2.6490 Y18.5889
G1 X-2.4313 Y18.6054
G1 X-2.2081 Y18.6207
G1 X-1.8725 Y18.6483
G1 X-1.5474 Y18.6852
G1 X-1.2323 Y18.7317
G1 X-0.9273 Y18.7883
G1 X-0.6316 Y18.8555
G1 X-0.3452 Y18.9331
G1 X-0.0678 Y19.0217
G1 X0.2012 Y19.1208
G1 X0.4619 Y19.2312
G1 X0.7138 Y19.3530
G1 X0.9584 Y19.4859
G1 X1.1954 Y19.6304
G1 X1.4241 Y19.7863
G1 X1.6462 Y19.9537
G1 X1.8611 Y20.1325
G1 X2.0672 Y20.3200
G1 X2.2492 Y20.4974
G1 X2.4003 Y20.6564
G1 X2.5130 Y20.7931
G1 X2.5246 Y20.8098
G1 X2.6088 Y20.9401
G1 X2.6231 Y20.9680
G1 X2.6807 Y21.0989
G1 X2.6909 Y21.1305
G1 X2.7246 Y21.2650
G1 X2.7291 Y21.2927
G1 X2.7453 Y21.4505
G1 X2.7493 Y21.6259
G1 X2.7393 Y21.8490
G1 X2.7373 Y21.8694
G1 X2.7070 Y22.0777
G1 X2.7028 Y22.0965
G1 X2.7229 Y22.0916
G1 X2.7504 Y22.0875
G1 X2.7811 Y22.0857
G1 X2.8031 Y22.0862
G1 X2.8109 Y22.0866
G1 X2.8416 Y22.0910
G1 X2.8669 Y22.0967
G1 X2.5599 Y22.0467
G1 X2.5569 Y22.0612
G1 X2.5095 Y22.2436
G1 X2.5042 Y22.2589
G1 X2.4385 Y22.4225
G1 X2.4299 Y22.4400
G1 X2.3451 Y22.5869
G1 X2.3338 Y22.6029
G1 X2.2308 Y22.7314
G1 X2.2165 Y22.7463
G1 X2.0959 Y22.8555
G1 X2.0791 Y22.8682
G1 X1.9404 Y22.9589
G1 X1.9236 Y22.9678
G1 X1.7690 Y23.0390
G1 X1.7519 Y23.0453
G1 X1.5808 Y23.0974
G1 X1.5651 Y23.1010
G1 X1.3773 Y23.1339
G1 X1.3641 Y23.1353
G1 X1.1612 Y23.1490
G1 X1.1492 Y23.1491
G1 X0.9206 Y23.1431
G1 X0.6780 Y23.1173
G1 X0.4217 Y23.0718
G1 X0.1565 Y23.0083
G1 X0.1434 Y23.0045
G1 X-0.1063 Y22.9163
G1 X-0.4001 Y22.7828
G1 X-0.7180 Y22.6174
G1 X-1.0379 Y22.4333
G1 X-1.3379 Y22.2439
G1 X-1.5969 Y22.0607
G1 X-1.7759 Y21.9105
G1 X-1.7816 Y21.9051
G1 X-1.7953 Y21.8909
G1 X-1.8006 Y21.8849
G1 X-1.8937 Y21.7647
G1 X-1.8997 Y21.7558
G1 X-1.9199 Y21.7329
G1 X-1.9594 Y21.6913
G1 X-2.0169 Y21.6334
G1 X-2.0886 Y21.5629
G1 X-2.1731 Y21.4811
G1 X-2.2702 Y21.3885
G1 X-2.3783 Y21.2863
G1 X-2.4972 Y21.1749
G1 X-2.6251 Y21.0557
G1 X-2.7605 Y20.9301
G1 X-2.7618 Y20.9294
G1 X-2.9066 Y20.7962
G1 X-3.0564 Y20.6584
G1 X-3.0577 Y20.6577
G1 X-3.2154 Y20.5140
G1 X-3.2154 Y20.5141
G1 X-3.3768 Y20.3674
G1 X-3.3776 Y20.3669
G1 X-3.5447 Y20.2162
G1 X-5.1880 Y18.7359
G1 X-5.1998 Y18.7232
G1 X-5.2083 Y18.7123
G1 X-5.2175 Y18.6976
G1 X-5.2237 Y18.6852
G1 X-5.2301 Y18.6691
G1 X-5.2338 Y18.6561
G1 X-5.2372 Y18.6392
G1 X-5.2387 Y18.6252
G1 X-5.2388 Y18.6079
G1 X-5.2377 Y18.5940
G1 X-5.2346 Y18.5770
G1 X-5.2310 Y18.5638
G1 X-5.2249 Y18.5477
G1 X-5.2187 Y18.5348
G1 X-5.2096 Y18.5200
G1 X-5.2017 Y18.5093
G1 X-5.1903 Y18.4965
G1 X-5.1803 Y18.4871
G1 X-5.1665 Y18.4764
G1 X-5.1551 Y18.4691
G1 X-5.1398 Y18.4611
G1 X-5.1266 Y18.4557
G1 X-5.1100 Y18.4508
G1 X-5.0962 Y18.4480
G1 X-5.0790 Y18.4463
G1 X-5.0677 Y18.4460
G1 X-5.0494 Y18.4471
G1 X-4.4813 Y18.5163
G1 X-4.2344 Y18.5482
G1 X-3.9844 Y18.5829
G1 X-3.7595 Y18.6166
G1 X-3.5948 Y18.6442
G1 X-3.5111 Y18.6570
G1 X-3.3941 Y18.6713
G1 X-3.2439 Y18.6873
G1 X-3.0674 Y18.7044
G1 X-3.0674 Y18.7043
G1 X-2.8729 Y18.7217
G1 X-2.8721 Y18.7217
G1 X-2.6611 Y18.7388
G1 X-2.4427 Y18.7554
G1 X-2.2202 Y18.7707
G1 X-1.8893 Y18.7975
G1 X-1.5693 Y18.8338
G1 X-1.2596 Y18.8795
G1 X-0.9604 Y18.9351
G1 X-0.6708 Y19.0006
G1 X-0.3907 Y19.0764
G1 X-0.1197 Y19.1626
G1 X0.1426 Y19.2593
G1 X0.3966 Y19.3666
G1 X0.6422 Y19.4851
G1 X0.8801 Y19.6141
G1 X1.1107 Y19.7547
G1 X1.3337 Y19.9063
G1 X1.5501 Y20.0693
G1 X1.7599 Y20.2436
G1 X1.9623 Y20.4279
G1 X2.1404 Y20.6012
G1 X2.2845 Y20.7522
G1 X2.3903 Y20.8802
G1 X2.3986 Y20.8918
G1 X2.4758 Y21.0105
G1 X2.4856 Y21.0290
G1 X2.5380 Y21.1464
G1 X2.5451 Y21.1676
G1 X2.5763 Y21.2900
G1 X2.5795 Y21.3084
G1 X2.5951 Y21.4541
G1 X2.5991 Y21.6192
G1 X2.5897 Y21.8348
G1 X2.5884 Y21.8479
G1 X2.5599 Y22.0467
G1 X2.4862 Y22.0319
G1 X2.4841 Y22.0423
G1 X2.4382 Y22.2195
G1 X2.4343 Y22.2309
G1 X2.3706 Y22.3903
G1 X2.3648 Y22.4024
G1 X2.2831 Y22.5442
G1 X2.2751 Y22.5560
G1 X2.1761 Y22.6798
G1 X2.1659 Y22.6906
G1 X2.0496 Y22.7963
G1 X2.0379 Y22.8054
G1 X1.9044 Y22.8929
G1 X1.8922 Y22.8996
G1 X1.7419 Y22.9688
G1 X1.7299 Y22.9734
G1 X1.5632 Y23.0244
G1 X1.5521 Y23.0271
G1 X1.3689 Y23.0592
G1 X1.3590 Y23.0603
G1 X1.1597 Y23.0739
G1 X1.1511 Y23.0740
G1 X0.9283 Y23.0683
G1 X0.6910 Y23.0433
G1 X0.4393 Y22.9987
G1 X0.1776 Y22.9362
G1 X0.1684 Y22.9335
G1 X-0.0753 Y22.8479
G1 X-0.3654 Y22.7161
G1 X-0.6805 Y22.5522
G1 X-0.9978 Y22.3697
G1 X-1.2945 Y22.1825
G1 X-1.5485 Y22.0031
G1 X-1.7275 Y21.8529
G1 X-1.7412 Y21.8387
G1 X-1.8315 Y21.7224
G1 X-1.8398 Y21.7099
G1 X-1.8655 Y21.6810
G1 X-1.9061 Y21.6383
G1 X-1.9642 Y21.5798
G1 X-2.0363 Y21.5089
G1 X-2.1212 Y21.4267
G1 X-2.2185 Y21.3339
G1 X-2.3269 Y21.2314
G1 X-2.4459 Y21.1198
G1 X-2.5740 Y21.0005
G1 X-2.7107 Y20.8738
G1 X-2.7109 Y20.8740
G1 X-2.8557 Y20.7408
G1 X-3.0069 Y20.6020
G1 X-3.0071 Y20.6021
G1 X-3.1648 Y20.4584
G1 X-3.3271 Y20.3109
G1 X-3.3273 Y20.3111
G1 X-3.4944 Y20.1603
G1 X-5.1328 Y18.6849
G1 X-5.1446 Y18.6722
G1 X-5.1538 Y18.6575
G1 X-5.1602 Y18.6415
G1 X-5.1635 Y18.6245
G1 X-5.1637 Y18.6072
G1 X-5.1607 Y18.5902
G1 X-5.1546 Y18.5741
G1 X-5.1456 Y18.5593
G1 X-5.1341 Y18.5464
G1 X-5.1204 Y18.5358
G1 X-5.1051 Y18.5278
G1 X-5.0885 Y18.5229
G1 X-5.0714 Y18.5211
G1 X-5.0585 Y18.5217
G1 X-4.4908 Y18.5910
G1 X-4.2447 Y18.6227
G1 X-3.9956 Y18.6572
G1 X-3.7719 Y18.6908
G1 X-3.6063 Y18.7185
G1 X-3.5211 Y18.7315
G1 X-3.4021 Y18.7462
G1 X-3.2518 Y18.7621
G1 X-3.0741 Y18.7792
G1 X-2.8781 Y18.7968
G1 X-2.8781 Y18.7966
G1 X-2.6671 Y18.8138
G1 X-2.4484 Y18.8303
G1 X-2.2263 Y18.8456
G1 X-1.8978 Y18.8722
G1 X-1.5803 Y18.9082
G1 X-1.2733 Y18.9534
G1 X-0.9770 Y19.0084
G1 X-0.6904 Y19.0732
G1 X-0.4134 Y19.1480
G1 X-0.1456 Y19.2331
G1 X0.1133 Y19.3285
G1 X0.3640 Y19.4344
G1 X0.6064 Y19.5511
G1 X0.8410 Y19.6784
G1 X1.0684 Y19.8169
G1 X1.2885 Y19.9665
G1 X1.5021 Y20.1271
G1 X1.7093 Y20.2991
G1 X1.9100 Y20.4818
G1 X2.0860 Y20.6531
G1 X2.2265 Y20.8003
G1 X2.3293 Y20.9242
G1 X2.3355 Y20.9328
G1 X2.4098 Y21.0467
G1 X2.4170 Y21.0597
G1 X2.4670 Y21.1712
G1 X2.4722 Y21.1862
G1 X2.5023 Y21.3037
G1 X2.5047 Y21.3165
G1 X2.5200 Y21.4559
G1 X2.5239 Y21.6159
G1 X2.5147 Y21.8282
G1 X2.5139 Y21.8373
G1 X2.4862 Y22.0319
; Retract
G1 Z3.0400 F2540

; Path 51
; Rapid to initial position
G1 X2.2177 Y23.0457 F2540
G1 Z0.5000
; plunge
G1 Z-2.6750 F127
; cut
G1 X2.2021 Y23.0571 F1016
G1 X2.0449 Y23.1588
G1 X2.0177 Y23.1729
G1 X1.8461 Y23.2510
G1 X1.8174 Y23.2612
G1 X1.6496 Y23.3116
G1 X1.9171 Y23.3252
G1 X2.2177 Y23.0457
; Retract
G1 Z3.0400 F2540

; Path 52
; Rapid to initial position
G1 X2.6756 Y20.9058 F2540
G1 Z0.5000
; plunge
G1 Z-2.6750 F127
; cut
G1 X2.6669 Y20.8816 F1016
G1 X2.6395 Y20.8234
G1 X2.5957 Y20.7530
G1 X2.5329 Y20.6698
G1 X2.4517 Y20.5746
G1 X2.3500 Y20.4678
G1 X2.2375 Y20.3601
G1 X2.1065 Y20.2434
G1 X1.9721 Y20.1316
G1 X1.9701 Y20.1301
G1 X2.1197 Y20.2661
G1 X2.3039 Y20.4457
G1 X2.4584 Y20.6086
G1 X2.5747 Y20.7501
G1 X2.5878 Y20.7691
G1 X2.6756 Y20.9058
; Retract
G1 Z3.0400 F2540

; Path 53
; Rapid to initial position
G1 X0.7246 Y20.4026 F2540
G1 Z0.5000
; plunge
G1 Z-2.6750 F127
; cut
G1 X0.7110 Y20.2617 F1016
G1 X0.6412 Y20.1199
G1 X0.5020 Y19.9837
G1 X0.3624 Y19.8968
G1 X0.2701 Y19.8788
G1 X0.1558 Y19.9202
G1 X-0.0323 Y20.0453
G1 X-0.2000 Y20.2501
G1 X-0.2153 Y20.4533
G1 X-0.1033 Y20.6356
G1 X0.1464 Y20.7586
G1 X0.3347 Y20.7719
G1 X0.4918 Y20.7301
G1 X0.6102 Y20.6475
G1 X0.6895 Y20.5346
G1 X0.7246 Y20.4026
G1 X0.6486 Y20.3960
G1 X0.6374 Y20.2826
G1 X0.5795 Y20.1646
G1 X0.4553 Y20.0432
G1 X0.3344 Y19.9679
G1 X0.2760 Y19.9566
G1 X0.1899 Y19.9878
G1 X0.0188 Y20.1016
G1 X-0.1268 Y20.2796
G1 X-0.1386 Y20.4349
G1 X-0.0508 Y20.5775
G1 X0.1667 Y20.6848
G1 X0.3271 Y20.6960
G1 X0.4602 Y20.6607
G1 X0.5560 Y20.5938
G1 X0.6202 Y20.5024
G1 X0.6486 Y20.3960
G1 X0.5758 Y20.3696
G1 X0.5702 Y20.3860
G1 X0.5643 Y20.3990
G1 X0.5546 Y20.4161
G1 X0.5504 Y20.4228
G1 X0.4202 Y20.6031
G1 X0.4089 Y20.6161
G1 X0.3986 Y20.6260
G1 X0.3850 Y20.6366
G1 X0.3739 Y20.6440
G1 X0.3586 Y20.6521
G1 X0.3460 Y20.6574
G1 X0.3294 Y20.6626
G1 X0.3152 Y20.6656
G1 X0.2981 Y20.6675
G1 X0.2849 Y20.6678
G1 X0.2675 Y20.6668
G1 X0.2536 Y20.6647
G1 X0.2368 Y20.6604
G1 X0.2242 Y20.6557
G1 X0.2086 Y20.6486
G1 X0.1969 Y20.6419
G1 X0.1784 Y20.6287
G1 X0.0473 Y20.5183
G1 X0.0350 Y20.5059
G1 X0.0264 Y20.4955
G1 X0.0167 Y20.4813
G1 X0.0097 Y20.4686
G1 X0.0029 Y20.4527
G1 X-0.0013 Y20.4401
G1 X-0.0052 Y20.4232
G1 X-0.0071 Y20.4096
G1 X-0.0080 Y20.3924
G1 X-0.0073 Y20.3784
G1 X-0.0049 Y20.3613
G1 X-0.0016 Y20.3477
G1 X0.0040 Y20.3312
G1 X0.0099 Y20.3182
G1 X0.0196 Y20.3012
G1 X0.0239 Y20.2945
G1 X0.1541 Y20.1142
G1 X0.1654 Y20.1011
G1 X0.1758 Y20.0913
G1 X0.1893 Y20.0806
G1 X0.2004 Y20.0733
G1 X0.2157 Y20.0651
G1 X0.2283 Y20.0599
G1 X0.2448 Y20.0547
G1 X0.2591 Y20.0516
G1 X0.2761 Y20.0497
G1 X0.2893 Y20.0494
G1 X0.3067 Y20.0505
G1 X0.3207 Y20.0526
G1 X0.3374 Y20.0569
G1 X0.3500 Y20.0615
G1 X0.3656 Y20.0687
G1 X0.3774 Y20.0754
G1 X0.3958 Y20.0886
G1 X0.5269 Y20.1990
G1 X0.5392 Y20.2114
G1 X0.5478 Y20.2218
G1 X0.5575 Y20.2359
G1 X0.5645 Y20.2487
G1 X0.5714 Y20.2646
G1 X0.5755 Y20.2772
G1 X0.5795 Y20.2940
G1 X0.5814 Y20.3077
G1 X0.5822 Y20.3249
G1 X0.5816 Y20.3389
G1 X0.5792 Y20.3559
G1 X0.5758 Y20.3696
G1 X0.5047 Y20.3454
G1 X0.4991 Y20.3618
G1 X0.4894 Y20.3789
G1 X0.3633 Y20.5539
G1 X0.3521 Y20.5670
G1 X0.3385 Y20.5776
G1 X0.3232 Y20.5858
G1 X0.3067 Y20.5910
G1 X0.2897 Y20.5929
G1 X0.2723 Y20.5918
G1 X0.2556 Y20.5875
G1 X0.2400 Y20.5803
G1 X0.2268 Y20.5711
G1 X0.1008 Y20.4654
G1 X0.0885 Y20.4530
G1 X0.0788 Y20.4388
G1 X0.0720 Y20.4229
G1 X0.0680 Y20.4061
G1 X0.0672 Y20.3889
G1 X0.0695 Y20.3718
G1 X0.0751 Y20.3554
G1 X0.0848 Y20.3385
G1 X0.2109 Y20.1634
G1 X0.2222 Y20.1503
G1 X0.2357 Y20.1396
G1 X0.2510 Y20.1316
G1 X0.2675 Y20.1263
G1 X0.2846 Y20.1244
G1 X0.3019 Y20.1255
G1 X0.3187 Y20.1298
G1 X0.3342 Y20.1369
G1 X0.3474 Y20.1462
G1 X0.4735 Y20.2519
G1 X0.4858 Y20.2643
G1 X0.4954 Y20.2784
G1 X0.5023 Y20.2943
G1 X0.5063 Y20.3112
G1 X0.5071 Y20.3284
G1 X0.5047 Y20.3454
; Retract
G1 Z3.0400 F2540

; Path 54
; Rapid to initial position
G1 X-0.8307 Y22.8127 F2540
G1 Z0.5000
; plunge
G1 Z-2.6750 F127
; cut
G1 X-1.1583 Y22.6239 F1016
G1 X-1.3732 Y22.4880
G1 X-1.3285 Y22.5253
G1 X-1.1904 Y22.6344
G1 X-1.0959 Y22.7032
G1 X-1.0456 Y22.7338
G1 X-0.7529 Y22.8746
G1 X-0.7529 Y22.8748
G1 X-0.4941 Y22.9887
G1 X-0.4773 Y22.9951
G1 X-0.5041 Y22.9828
G1 X-0.8307 Y22.8127
G1 X-5.0295 Y19.1821
G1 X-5.3459 Y18.8968
G1 X-5.3556 Y18.8871
G1 X-5.3808 Y18.8580
G1 X-5.4006 Y18.8299
G1 X-5.4207 Y18.7957
G1 X-5.4345 Y18.7654
G1 X-5.4473 Y18.7296
G1 X-5.4554 Y18.6976
G1 X-5.4610 Y18.6661
G1 X-5.4619 Y18.6583
G1 X-5.4633 Y18.6349
G1 X-5.4718 Y18.6449
G1 X-5.4996 Y18.6728
G1 X-5.5266 Y18.6946
G1 X-5.5580 Y18.7159
G1 X-5.5867 Y18.7317
G1 X-5.6125 Y18.7436
G1 X-5.6254 Y18.7487
G1 X-5.6310 Y18.7504
G1 X-5.4085 Y18.9406
G1 X-5.1723 Y19.1173
G1 X-5.0539 Y19.1735
G1 X-5.0367 Y19.1791
G1 X-5.0295 Y19.1821
G1 X-5.3698 Y18.3593
G1 X-5.3685 Y18.3575
G1 X-5.3419 Y18.3295
G1 X-5.3163 Y18.3073
G1 X-5.2858 Y18.2851
G1 X-5.2816 Y18.2826
G1 X-5.3830 Y18.2749
G1 X-5.3828 Y18.2754
G1 X-5.3754 Y18.3086
G1 X-5.3702 Y18.3474
G1 X-5.3698 Y18.3593
G1 X-5.6696 Y18.3723
G1 X-5.6699 Y18.3896
G1 X-5.6734 Y18.4065
G1 X-5.6799 Y18.4226
G1 X-5.6892 Y18.4371
G1 X-5.7009 Y18.4497
G1 X-5.7150 Y18.4598
G1 X-5.7306 Y18.4673
G1 X-5.7509 Y18.4724
G1 X-5.9605 Y18.5004
G1 X-5.9790 Y18.5010
G1 X-6.2354 Y18.4844
G1 X-6.4497 Y18.4850
G1 X-6.4669 Y18.4834
G1 X-6.4836 Y18.4788
G1 X-6.4991 Y18.4712
G1 X-6.5129 Y18.4608
G1 X-6.5247 Y18.4480
G1 X-6.5340 Y18.4334
G1 X-6.5382 Y18.4234
G1 X-6.6427 Y18.1393
G1 X-6.7368 Y17.8299
G1 X-6.7404 Y17.8131
G1 X-6.7407 Y17.7957
G1 X-6.7395 Y17.7866
G1 X-6.7109 Y17.6197
G1 X-6.7065 Y17.6030
G1 X-6.6990 Y17.5874
G1 X-6.6888 Y17.5735
G1 X-6.6763 Y17.5616
G1 X-6.6617 Y17.5522
G1 X-6.6457 Y17.5457
G1 X-6.6288 Y17.5422
G1 X-6.6116 Y17.5419
G1 X-6.5944 Y17.5447
G1 X-6.5777 Y17.5508
G1 X-6.4053 Y17.6333
G1 X-6.3905 Y17.6422
G1 X-6.3719 Y17.6601
G1 X-6.2169 Y17.8578
G1 X-6.0731 Y18.0386
G1 X-5.9155 Y18.1118
G1 X-5.9007 Y18.1205
G1 X-5.8904 Y18.1290
G1 X-5.6986 Y18.3112
G1 X-5.6873 Y18.3242
G1 X-5.6784 Y18.3391
G1 X-5.6725 Y18.3553
G1 X-5.6696 Y18.3723
; Retract
G1 Z3.0400 F2540

; Path 55
; Rapid to initial position
G1 X-6.2113 Y18.7118 F2540
G1 Z0.5000
; plunge
G1 Z-2.6750 F127
; cut
G1 X-6.2429 Y18.7097 F1016
G1 X-6.4712 Y18.7094
G1 X-6.5024 Y18.7059
G1 X-6.5282 Y18.7003
G1 X-6.5581 Y18.6913
G1 X-6.5847 Y18.6804
G1 X-6.6124 Y18.6658
G1 X-6.6348 Y18.6513
G1 X-6.6587 Y18.6325
G1 X-6.6690 Y18.6230
G1 X-6.5874 Y18.8878
G1 X-6.5831 Y18.9082
G1 X-6.5812 Y18.9199
G1 X-6.5793 Y18.9396
G1 X-6.5790 Y18.9505
G1 X-6.5791 Y18.9863
G1 X-6.5892 Y19.1232
G1 X-6.5919 Y19.1431
G1 X-6.6216 Y19.3123
G1 X-6.6659 Y19.4970
G1 X-6.7233 Y19.6958
G1 X-6.7927 Y19.9056
G1 X-6.8717 Y20.1245
G1 X-6.9596 Y20.3480
G1 X-7.0547 Y20.5737
G1 X-7.1553 Y20.7980
G1 X-7.2600 Y21.0178
G1 X-7.3674 Y21.2295
G1 X-7.4769 Y21.4299
G1 X-7.5873 Y21.6167
G1 X-7.6982 Y21.7865
G1 X-7.8110 Y21.9382
G1 X-7.9115 Y22.0527
G1 X-7.9300 Y22.0709
G1 X-8.0209 Y22.1510
G1 X-8.0373 Y22.1637
G1 X-8.1591 Y22.2496
G1 X-8.2973 Y22.3336
G1 X-8.4503 Y22.4156
G1 X-8.6165 Y22.4958
G1 X-8.7943 Y22.5741
G1 X-8.9823 Y22.6499
G1 X-9.1779 Y22.7223
G1 X-9.3790 Y22.7909
G1 X-9.5841 Y22.8551
G1 X-9.7907 Y22.9133
G1 X-9.9969 Y22.9653
G1 X-10.2003 Y23.0104
G1 X-10.3996 Y23.0476
G1 X-10.5930 Y23.0761
G1 X-10.7698 Y23.0938
G1 X-11.5019 Y23.1466
G1 X-11.4618 Y23.1485
G1 X-11.2722 Y23.1502
G1 X-11.0617 Y23.1464
G1 X-10.8104 Y23.1390
G1 X-10.4482 Y23.1245
G1 X-10.1662 Y23.1063
G1 X-9.9214 Y23.0801
G1 X-9.7042 Y23.0427
G1 X-9.5122 Y22.9948
G1 X-9.2934 Y22.9239
G1 X-9.0510 Y22.8316
G1 X-9.0510 Y22.8318
G1 X-8.7607 Y22.7110
G1 X-8.4783 Y22.5876
G1 X-8.2567 Y22.4828
G1 X-8.0845 Y22.3895
G1 X-7.9437 Y22.2980
G1 X-7.8325 Y22.2086
G1 X-7.7280 Y22.1042
G1 X-7.6162 Y21.9710
G1 X-7.5003 Y21.8153
G1 X-7.4346 Y21.7181
G1 X-7.3580 Y21.5932
G1 X-7.2873 Y21.4685
G1 X-7.2111 Y21.3253
G1 X-7.1315 Y21.1663
G1 X-7.0504 Y20.9967
G1 X-7.0506 Y20.9967
G1 X-6.9722 Y20.8245
G1 X-6.8941 Y20.6445
G1 X-6.8172 Y20.4591
G1 X-6.7424 Y20.2700
G1 X-6.6721 Y20.0838
G1 X-6.6048 Y19.8955
G1 X-6.5419 Y19.7096
G1 X-6.4868 Y19.5360
G1 X-6.4367 Y19.3643
G1 X-6.3915 Y19.1953
G1 X-6.3917 Y19.1953
G1 X-6.3080 Y18.8615
G1 X-6.3056 Y18.8537
G1 X-6.2944 Y18.8246
G1 X-6.2831 Y18.8015
G1 X-6.2707 Y18.7802
G1 X-6.2664 Y18.7735
G1 X-6.2497 Y18.7512
G1 X-6.2293 Y18.7285
G1 X-6.2113 Y18.7118
G1 X-6.3586 Y18.7847
G1 X-6.4714 Y18.7845
G1 X-6.4797 Y18.7840
G1 X-6.5184 Y18.7794
G1 X-6.5441 Y18.7735
G1 X-6.5139 Y18.8722
G1 X-6.5090 Y18.8960
G1 X-6.5064 Y18.9126
G1 X-6.5042 Y18.9375
G1 X-6.5039 Y18.9508
G1 X-6.5042 Y18.9919
G1 X-6.5147 Y19.1334
G1 X-6.5179 Y19.1561
G1 X-6.5486 Y19.3297
G1 X-6.5936 Y19.5178
G1 X-6.6519 Y19.7193
G1 X-6.7221 Y19.9310
G1 X-6.8016 Y20.1521
G1 X-6.8904 Y20.3771
G1 X-6.9861 Y20.6044
G1 X-7.0873 Y20.8304
G1 X-7.1930 Y21.0519
G1 X-7.3014 Y21.2656
G1 X-7.4121 Y21.4680
G1 X-7.5243 Y21.6578
G1 X-7.6380 Y21.8314
G1 X-7.7544 Y21.9878
G1 X-7.8588 Y22.1064
G1 X-7.8803 Y22.1274
G1 X-7.9747 Y22.2103
G1 X-7.9940 Y22.2251
G1 X-8.1200 Y22.3140
G1 X-8.2618 Y22.3999
G1 X-8.2961 Y22.4182
G1 X-8.2900 Y22.4153
G1 X-8.1231 Y22.3249
G1 X-7.9881 Y22.2372
G1 X-7.8827 Y22.1526
G1 X-7.7840 Y22.0539
G1 X-7.6746 Y21.9237
G1 X-7.5616 Y21.7715
G1 X-7.4987 Y21.6787
G1 X-7.4221 Y21.5539
G1 X-7.3537 Y21.4332
G1 X-7.2775 Y21.2900
G1 X-7.1993 Y21.1338
G1 X-7.1196 Y20.9672
G1 X-7.1190 Y20.9655
G1 X-7.0407 Y20.7933
G1 X-6.9635 Y20.6156
G1 X-6.8871 Y20.4314
G1 X-6.8128 Y20.2434
G1 X-6.7429 Y20.0585
G1 X-6.6761 Y19.8715
G1 X-6.6132 Y19.6856
G1 X-6.5591 Y19.5150
G1 X-6.5090 Y19.3433
G1 X-6.5088 Y19.3433
G1 X-6.4648 Y19.1791
G1 X-6.4645 Y19.1770
G1 X-6.3799 Y18.8396
G1 X-6.3758 Y18.8269
G1 X-6.3619 Y18.7915
G1 X-6.3586 Y18.7847
G1 X-6.7345 Y18.9196
G1 X-6.7308 Y18.9365
G1 X-6.7292 Y18.9510
G1 X-6.7291 Y18.9755
G1 X-6.7383 Y19.1042
G1 X-6.7399 Y19.1173
G1 X-6.7677 Y19.2772
G1 X-6.8104 Y19.4553
G1 X-6.8662 Y19.6487
G1 X-6.9340 Y19.8544
G1 X-7.0117 Y20.0695
G1 X-7.0983 Y20.2897
G1 X-7.1919 Y20.5122
G1 X-7.2909 Y20.7334
G1 X-7.3940 Y20.9497
G1 X-7.4995 Y21.1576
G1 X-7.6065 Y21.3535
G1 X-7.7134 Y21.5346
G1 X-7.8192 Y21.6971
G1 X-7.9242 Y21.8392
G1 X-8.0175 Y21.9462
G1 X-8.0296 Y21.9583
G1 X-8.1137 Y22.0326
G1 X-8.1243 Y22.0410
G1 X-8.2375 Y22.1213
G1 X-8.3684 Y22.2012
G1 X-8.5157 Y22.2804
G1 X-8.6770 Y22.3583
G1 X-8.8507 Y22.4347
G1 X-9.0345 Y22.5089
G1 X-9.2266 Y22.5800
G1 X-9.4239 Y22.6474
G1 X-9.6251 Y22.7102
G1 X-9.8277 Y22.7675
G1 X-10.0293 Y22.8186
G1 X-10.2279 Y22.8626
G1 X-10.4216 Y22.8990
G1 X-10.6080 Y22.9265
G1 X-10.7806 Y22.9438
G1 X-11.5947 Y23.0034
G1 X-11.6119 Y23.0031
G1 X-11.6256 Y23.0016
G1 X-11.6426 Y22.9981
G1 X-11.6560 Y22.9940
G1 X-11.6719 Y22.9875
G1 X-11.6843 Y22.9809
G1 X-11.6987 Y22.9715
G1 X-11.7090 Y22.9637
G1 X-11.7217 Y22.9519
G1 X-11.7314 Y22.9410
G1 X-11.7416 Y22.9270
G1 X-11.7484 Y22.9155
G1 X-11.7559 Y22.9000
G1 X-11.7608 Y22.8867
G1 X-11.7653 Y22.8700
G1 X-11.7679 Y22.8534
G1 X-11.7688 Y22.8278
G1 X-11.7685 Y22.8173
G1 X-11.6999 Y22.1446
G1 X-11.6722 Y21.9452
G1 X-11.6305 Y21.7424
G1 X-11.5764 Y21.5368
G1 X-11.5107 Y21.3311
G1 X-11.4344 Y21.1259
G1 X-11.3488 Y20.9235
G1 X-11.2544 Y20.7255
G1 X-11.1526 Y20.5336
G1 X-11.0442 Y20.3489
G1 X-10.9299 Y20.1744
G1 X-10.8104 Y20.0104
G1 X-10.6868 Y19.8600
G1 X-10.5593 Y19.7238
G1 X-10.4372 Y19.6114
G1 X-10.4276 Y19.6035
G1 X-10.3044 Y19.5101
G1 X-10.2919 Y19.5018
G1 X-10.1611 Y19.4250
G1 X-9.9981 Y19.3468
G1 X-9.8256 Y19.2694
G1 X-9.6450 Y19.1940
G1 X-9.4571 Y19.1205
G1 X-9.2632 Y19.0490
G1 X-9.0642 Y18.9801
G1 X-8.8607 Y18.9136
G1 X-8.6543 Y18.8504
G1 X-8.4458 Y18.7905
G1 X-8.2360 Y18.7342
G1 X-8.0263 Y18.6820
G1 X-7.8175 Y18.6338
G1 X-7.6106 Y18.5903
G1 X-7.4067 Y18.5518
G1 X-7.2070 Y18.5183
G1 X-7.0091 Y18.4902
G1 X-6.9920 Y18.4895
G1 X-6.9788 Y18.4899
G1 X-6.9616 Y18.4922
G1 X-6.9477 Y18.4953
G1 X-6.9313 Y18.5007
G1 X-6.9183 Y18.5065
G1 X-6.9032 Y18.5149
G1 X-6.8925 Y18.5222
G1 X-6.8791 Y18.5331
G1 X-6.8689 Y18.5429
G1 X-6.8578 Y18.5561
G1 X-6.8499 Y18.5676
G1 X-6.8412 Y18.5827
G1 X-6.8365 Y18.5929
G1 X-6.8308 Y18.6083
G1 X-6.7345 Y18.9196
G1 X-6.8080 Y18.9355
G1 X-6.8043 Y18.9524
G1 X-6.8040 Y18.9701
G1 X-6.8129 Y19.0952
G1 X-6.8140 Y19.1044
G1 X-6.8409 Y19.2597
G1 X-6.8826 Y19.4344
G1 X-6.9377 Y19.6251
G1 X-7.0047 Y19.8288
G1 X-7.0817 Y20.0420
G1 X-7.1677 Y20.2606
G1 X-7.2605 Y20.4815
G1 X-7.3588 Y20.7011
G1 X-7.4610 Y20.9156
G1 X-7.5655 Y21.1216
G1 X-7.6712 Y21.3153
G1 X-7.7764 Y21.4935
G1 X-7.8799 Y21.6525
G1 X-7.9809 Y21.7898
G1 X-8.0712 Y21.8935
G1 X-8.0796 Y21.9021
G1 X-8.1603 Y21.9737
G1 X-8.1679 Y21.9797
G1 X-8.2766 Y22.0573
G1 X-8.4041 Y22.1351
G1 X-8.5484 Y22.2127
G1 X-8.7073 Y22.2896
G1 X-8.8788 Y22.3650
G1 X-9.0606 Y22.4384
G1 X-9.2508 Y22.5089
G1 X-9.4464 Y22.5755
G1 X-9.6456 Y22.6378
G1 X-9.8461 Y22.6946
G1 X-10.0456 Y22.7452
G1 X-10.2418 Y22.7888
G1 X-10.4326 Y22.8246
G1 X-10.6155 Y22.8517
G1 X-10.7862 Y22.8689
G1 X-11.5932 Y22.9282
G1 X-11.6105 Y22.9279
G1 X-11.6274 Y22.9244
G1 X-11.6434 Y22.9179
G1 X-11.6579 Y22.9085
G1 X-11.6706 Y22.8967
G1 X-11.6808 Y22.8828
G1 X-11.6883 Y22.8673
G1 X-11.6927 Y22.8505
G1 X-11.6937 Y22.8249
G1 X-11.6254 Y22.1549
G1 X-11.5985 Y21.9603
G1 X-11.5578 Y21.7615
G1 X-11.5048 Y21.5597
G1 X-11.4402 Y21.3571
G1 X-11.3652 Y21.1552
G1 X-11.2808 Y20.9557
G1 X-11.1881 Y20.7606
G1 X-11.0878 Y20.5716
G1 X-10.9813 Y20.3901
G1 X-10.8691 Y20.2186
G1 X-10.7523 Y20.0582
G1 X-10.6318 Y19.9113
G1 X-10.5083 Y19.7790
G1 X-10.3890 Y19.6690
G1 X-10.3821 Y19.6633
G1 X-10.2628 Y19.5726
G1 X-10.2537 Y19.5666
G1 X-10.1284 Y19.4929
G1 X-9.9674 Y19.4154
G1 X-9.7966 Y19.3388
G1 X-9.6176 Y19.2640
G1 X-9.4312 Y19.1910
G1 X-9.2385 Y19.1200
G1 X-9.0409 Y19.0515
G1 X-8.8387 Y18.9855
G1 X-8.6336 Y18.9227
G1 X-8.4262 Y18.8631
G1 X-8.2179 Y18.8071
G1 X-8.0094 Y18.7552
G1 X-7.8020 Y18.7073
G1 X-7.5966 Y18.6642
G1 X-7.3943 Y18.6260
G1 X-7.1963 Y18.5927
G1 X-7.0056 Y18.5653
G1 X-6.9885 Y18.5646
G1 X-6.9713 Y18.5668
G1 X-6.9549 Y18.5722
G1 X-6.9398 Y18.5806
G1 X-6.9264 Y18.5915
G1 X-6.9153 Y18.6047
G1 X-6.9066 Y18.6198
G1 X-6.9025 Y18.6306
G1 X-6.8080 Y18.9355
G1 X-6.7792 Y18.4212
G1 X-6.8585 Y18.2049
G1 X-6.8831 Y18.1235
G1 X-6.8941 Y18.1361
G1 X-6.9160 Y18.1571
G1 X-6.9385 Y18.1750
G1 X-6.9646 Y18.1918
G1 X-6.9867 Y18.2034
G1 X-7.0142 Y18.2154
G1 X-7.0321 Y18.2214
G1 X-7.0437 Y18.2246
G1 X-7.0773 Y18.2319
G1 X-7.6055 Y18.3123
G1 X-7.9276 Y18.3671
G1 X-8.2422 Y18.4318
G1 X-8.5427 Y18.5046
G1 X-8.8476 Y18.5895
G1 X-9.1305 Y18.6796
G1 X-9.4129 Y18.7807
G1 X-9.6720 Y18.8848
G1 X-9.9206 Y18.9960
G1 X-10.1652 Y19.1182
G1 X-10.3781 Y19.2376
G1 X-10.5788 Y19.3638
G1 X-10.7579 Y19.4911
G1 X-10.9215 Y19.6244
G1 X-11.0541 Y19.7496
G1 X-11.1661 Y19.8759
G1 X-11.2560 Y20.0005
G1 X-11.3607 Y20.1793
G1 X-11.3348 Y20.1917
G1 X-11.3123 Y20.2051
G1 X-11.2866 Y20.2235
G1 X-11.2652 Y20.2422
G1 X-11.2434 Y20.2651
G1 X-11.2261 Y20.2872
G1 X-11.2097 Y20.3125
G1 X-11.2036 Y20.3239
G1 X-11.1699 Y20.2665
G1 X-11.0515 Y20.0857
G1 X-10.9266 Y19.9150
G1 X-10.7966 Y19.7572
G1 X-10.6612 Y19.6130
G1 X-10.5328 Y19.4954
G1 X-10.5184 Y19.4838
G1 X-10.3868 Y19.3842
G1 X-10.3678 Y19.3719
G1 X-10.2262 Y19.2895
G1 X-10.0595 Y19.2096
G1 X-9.8835 Y19.1306
G1 X-9.6997 Y19.0539
G1 X-9.5091 Y18.9794
G1 X-9.3125 Y18.9071
G1 X-9.1110 Y18.8372
G1 X-8.9046 Y18.7697
G1 X-8.6957 Y18.7059
G1 X-8.4848 Y18.6454
G1 X-8.2723 Y18.5885
G1 X-8.0600 Y18.5356
G1 X-7.8484 Y18.4868
G1 X-7.6386 Y18.4427
G1 X-7.4315 Y18.4035
G1 X-7.2278 Y18.3693
G1 X-7.0230 Y18.3406
G1 X-7.0152 Y18.3400
G1 X-6.9858 Y18.3392
G1 X-6.9579 Y18.3410
G1 X-6.9272 Y18.3459
G1 X-6.8997 Y18.3527
G1 X-6.8697 Y18.3636
G1 X-6.8438 Y18.3758
G1 X-6.8175 Y18.3914
G1 X-6.7973 Y18.4059
G1 X-6.7792 Y18.4212
G1 X-6.9137 Y18.2722
G1 X-6.9209 Y18.2528
G1 X-6.9296 Y18.2584
G1 X-6.9460 Y18.2668
G1 X-6.9137 Y18.2722
G1 X-6.9437 Y17.6467
G1 X-6.9284 Y17.5608
G1 X-6.9199 Y17.5306
G1 X-6.9095 Y17.5049
G1 X-6.8956 Y17.4771
G1 X-6.8801 Y17.4527
G1 X-6.8612 Y17.4282
G1 X-6.8432 Y17.4090
G1 X-6.8193 Y17.3875
G1 X-6.7983 Y17.3720
G1 X-6.7733 Y17.3565
G1 X-6.7577 Y17.3484
G1 X-6.7457 Y17.3428
G1 X-6.7170 Y17.3318
G1 X-6.6902 Y17.3245
G1 X-6.6584 Y17.3188
G1 X-6.6321 Y17.3168
G1 X-6.6016 Y17.3168
G1 X-6.5736 Y17.3195
G1 X-6.5420 Y17.3256
G1 X-6.5150 Y17.3337
G1 X-6.4801 Y17.3474
G1 X-6.3032 Y17.4330
G1 X-6.3112 Y17.1768
G1 X-6.3185 Y17.0326
G1 X-6.3328 Y16.8559
G1 X-6.3330 Y16.8550
G1 X-6.3527 Y16.6664
G1 X-6.3778 Y16.4601
G1 X-6.4073 Y16.2472
G1 X-6.4400 Y16.0351
G1 X-6.4749 Y15.8306
G1 X-6.5126 Y15.6342
G1 X-6.5521 Y15.4295
G1 X-6.5915 Y15.2080
G1 X-6.6298 Y14.9758
G1 X-6.6660 Y14.7393
G1 X-6.6991 Y14.5057
G1 X-6.7276 Y14.2819
G1 X-6.7515 Y14.0732
G1 X-6.7685 Y13.8967
G1 X-6.8034 Y13.5609
G1 X-6.8500 Y13.2742
G1 X-6.9135 Y13.0083
G1 X-6.9955 Y12.7608
G1 X-7.1014 Y12.5153
G1 X-7.2325 Y12.2695
G1 X-7.4051 Y11.9901
G1 X-7.6055 Y11.6997
G1 X-7.8181 Y11.4207
G1 X-8.0407 Y11.1599
G1 X-8.2766 Y10.9127
G1 X-8.5093 Y10.6941
G1 X-8.7442 Y10.4985
G1 X-8.9735 Y10.3328
G1 X-9.1888 Y10.2028
G1 X-9.3690 Y10.1191
G1 X-9.5791 Y10.0568
G1 X-9.8315 Y10.0129
G1 X-10.1239 Y9.9883
G1 X-10.4178 Y9.9844
G1 X-10.7138 Y10.0022
G1 X-10.9796 Y10.0395
G1 X-11.2009 Y10.0933
G1 X-11.3565 Y10.1566
G1 X-11.5033 Y10.2483
G1 X-11.6781 Y10.3771
G1 X-11.8506 Y10.5215
G1 X-11.9940 Y10.6592
G1 X-12.0909 Y10.7762
G1 X-12.0742 Y10.7767
G1 X-12.0556 Y10.7789
G1 X-12.0432 Y10.7811
G1 X-12.0131 Y10.7885
G1 X-11.9889 Y10.7967
G1 X-11.9598 Y10.8096
G1 X-11.9361 Y10.8228
G1 X-11.9108 Y10.8400
G1 X-11.9008 Y10.8483
G1 X-11.8984 Y10.8425
G1 X-11.8921 Y10.8295
G1 X-11.8165 Y10.6864
G1 X-11.8073 Y10.6713
G1 X-11.7895 Y10.6458
G1 X-11.7785 Y10.6321
G1 X-11.6733 Y10.5128
G1 X-11.6612 Y10.5005
G1 X-11.6400 Y10.4816
G1 X-11.6281 Y10.4722
G1 X-11.4788 Y10.3635
G1 X-11.4531 Y10.3482
G1 X-11.2721 Y10.2548
G1 X-11.2548 Y10.2474
G1 X-11.0320 Y10.1598
G1 X-11.0116 Y10.1536
G1 X-10.6745 Y10.0637
G1 X-10.6665 Y10.0619
G1 X-10.6299 Y10.0565
G1 X-10.3029 Y10.0320
G1 X-10.2895 Y10.0319
G1 X-10.2523 Y10.0338
G1 X-9.9101 Y10.0758
G1 X-9.8773 Y10.0833
G1 X-9.5178 Y10.1910
G1 X-9.4942 Y10.2002
G1 X-9.2463 Y10.3114
G1 X-9.2263 Y10.3225
G1 X-8.9848 Y10.4668
G1 X-8.9673 Y10.4787
G1 X-8.7179 Y10.6651
G1 X-8.4789 Y10.8782
G1 X-8.2502 Y11.1158
G1 X-8.0338 Y11.3746
G1 X-7.8293 Y11.6523
G1 X-7.6397 Y11.9462
G1 X-7.4656 Y12.2541
G1 X-7.3091 Y12.5725
G1 X-7.1710 Y12.9005
G1 X-7.0540 Y13.2344
G1 X-6.9593 Y13.5724
G1 X-6.8898 Y13.9114
G1 X-6.8459 Y14.2497
G1 X-6.8316 Y14.5607
G1 X-6.8226 Y14.8588
G1 X-6.7975 Y15.1922
G1 X-6.7628 Y15.4908
G1 X-6.7187 Y15.7470
G1 X-6.6162 Y16.2130
G1 X-6.5750 Y16.4061
G1 X-6.5429 Y16.5735
G1 X-6.5211 Y16.7230
G1 X-6.5145 Y16.8297
G1 X-6.5145 Y16.8376
G1 X-6.5166 Y16.8760
G1 X-6.5278 Y16.9578
G1 X-6.5349 Y16.9877
G1 X-6.5440 Y17.0141
G1 X-6.5561 Y17.0415
G1 X-6.5682 Y17.0635
G1 X-6.5820 Y17.0842
G1 X-6.6177 Y17.1324
G1 X-6.6383 Y17.1553
G1 X-6.6589 Y17.1741
G1 X-6.6845 Y17.1935
G1 X-6.7065 Y17.2070
G1 X-6.7346 Y17.2213
G1 X-6.7596 Y17.2312
G1 X-6.7881 Y17.2398
G1 X-6.8123 Y17.2447
G1 X-6.8365 Y17.2479
G1 X-6.8962 Y17.2522
G1 X-6.9272 Y17.2516
G1 X-6.9539 Y17.2484
G1 X-6.9826 Y17.2428
G1 X-7.0061 Y17.2358
G1 X-7.0289 Y17.2274
G1 X-7.0996 Y17.1968
G1 X-7.1064 Y17.1933
G1 X-7.1388 Y17.1749
G1 X-7.2374 Y17.1082
G1 X-7.3447 Y17.0226
G1 X-7.4683 Y16.9161
G1 X-7.6130 Y16.7870
G1 X-7.9741 Y16.4613
G1 X-8.0804 Y16.3661
G1 X-8.3142 Y16.1579
G1 X-8.3179 Y16.1551
G1 X-8.5811 Y15.9227
G1 X-8.8610 Y15.6767
G1 X-9.2937 Y15.2985
G1 X-9.5778 Y15.0517
G1 X-9.7147 Y14.9329
G1 X-9.9734 Y14.7100
G1 X-9.9742 Y14.7094
G1 X-10.0966 Y14.6042
G1 X-10.3460 Y14.3873
G1 X-10.5757 Y14.1791
G1 X-10.7853 Y13.9794
G1 X-10.9774 Y13.7857
G1 X-11.1514 Y13.5971
G1 X-11.3079 Y13.4123
G1 X-11.4486 Y13.2296
G1 X-11.5721 Y13.0487
G1 X-11.6798 Y12.8672
G1 X-11.7717 Y12.6856
G1 X-11.8479 Y12.5020
G1 X-11.9082 Y12.3172
G1 X-11.9534 Y12.1306
G1 X-11.9841 Y11.9424
G1 X-11.9883 Y11.8979
G1 X-12.0049 Y11.9039
G1 X-12.0360 Y11.9123
G1 X-12.0632 Y11.9170
G1 X-12.0938 Y11.9192
G1 X-12.1219 Y11.9188
G1 X-12.1464 Y11.9165
G1 X-12.1541 Y11.9153
G1 X-12.1807 Y11.9096
G1 X-12.2106 Y11.9005
G1 X-12.2263 Y11.8942
G1 X-12.2262 Y11.8972
G1 X-12.1958 Y12.0957
G1 X-12.1519 Y12.2901
G1 X-12.0942 Y12.4791
G1 X-12.0212 Y12.6651
G1 X-11.9333 Y12.8480
G1 X-11.8288 Y13.0310
G1 X-11.7051 Y13.2170
G1 X-11.5568 Y13.4136
G1 X-11.3975 Y13.6028
G1 X-11.2103 Y13.8043
G1 X-11.0001 Y14.0130
G1 X-10.7679 Y14.2281
G1 X-10.5028 Y14.4595
G1 X-10.2214 Y14.6932
G1 X-10.0249 Y14.8537
G1 X-9.8254 Y15.0192
G1 X-9.6238 Y15.1886
G1 X-9.4211 Y15.3606
G1 X-9.2177 Y15.5352
G1 X-9.0149 Y15.7109
G1 X-8.8140 Y15.8866
G1 X-8.6159 Y16.0619
G1 X-8.4217 Y16.2358
G1 X-8.2324 Y16.4071
G1 X-8.0494 Y16.5746
G1 X-7.8730 Y16.7382
G1 X-7.7043 Y16.8963
G1 X-7.5450 Y17.0485
G1 X-7.3949 Y17.1943
G1 X-7.2578 Y17.3304
G1 X-6.9437 Y17.6467
G1 X-6.9870 Y17.4963
G1 X-6.9767 Y17.4712
G1 X-6.9590 Y17.4368
G1 X-6.9396 Y17.4067
G1 X-6.9160 Y17.3770
G1 X-6.8935 Y17.3531
G1 X-6.8638 Y17.3269
G1 X-6.8612 Y17.3250
G1 X-6.8977 Y17.3274
G1 X-6.9361 Y17.3262
G1 X-6.9682 Y17.3222
G1 X-7.0041 Y17.3150
G1 X-7.0322 Y17.3063
G1 X-7.0588 Y17.2965
G1 X-7.1338 Y17.2638
G1 X-7.1437 Y17.2588
G1 X-7.1810 Y17.2371
G1 X-7.2843 Y17.1669
G1 X-7.3937 Y17.0796
G1 X-7.4939 Y16.9935
G1 X-7.4927 Y16.9946
G1 X-7.3419 Y17.1410
G1 X-7.2044 Y17.2774
G1 X-6.9870 Y17.4963
G1 X-6.9263 Y17.1007
G1 X-6.9433 Y17.0975
G1 X-6.9544 Y17.0947
G1 X-6.9694 Y17.0893
G1 X-7.0333 Y17.0619
G1 X-7.0550 Y17.0499
G1 X-7.1437 Y16.9906
G1 X-7.2466 Y16.9086
G1 X-7.3684 Y16.8037
G1 X-7.5124 Y16.6753
G1 X-7.8738 Y16.3492
G1 X-7.9805 Y16.2537
G1 X-8.2168 Y16.0433
G1 X-8.2182 Y16.0424
G1 X-8.4818 Y15.8097
G1 X-8.7620 Y15.5633
G1 X-9.1951 Y15.1849
G1 X-9.4791 Y14.9381
G1 X-9.6163 Y14.8192
G1 X-9.8762 Y14.5953
G1 X-9.9979 Y14.4908
G1 X-10.2451 Y14.2759
G1 X-10.4719 Y14.0702
G1 X-10.6786 Y13.8734
G1 X-10.8669 Y13.6835
G1 X-11.0369 Y13.4997
G1 X-11.1888 Y13.3207
G1 X-11.3244 Y13.1448
G1 X-11.4429 Y12.9716
G1 X-11.5458 Y12.7993
G1 X-11.6329 Y12.6277
G1 X-11.7049 Y12.4551
G1 X-11.7621 Y12.2816
G1 X-11.8051 Y12.1060
G1 X-11.8345 Y11.9284
G1 X-11.8516 Y11.7475
G1 X-11.8568 Y11.5619
G1 X-11.8492 Y11.3265
G1 X-11.8482 Y11.3135
G1 X-11.8224 Y11.1131
G1 X-11.8181 Y11.0940
G1 X-11.7696 Y10.9247
G1 X-11.7624 Y10.9067
G1 X-11.7591 Y10.8995
G1 X-11.6881 Y10.7644
G1 X-11.6835 Y10.7567
G1 X-11.6709 Y10.7385
G1 X-11.6655 Y10.7314
G1 X-11.5657 Y10.6178
G1 X-11.5600 Y10.6119
G1 X-11.5452 Y10.5984
G1 X-11.5392 Y10.5935
G1 X-11.4016 Y10.4924
G1 X-11.3840 Y10.4817
G1 X-11.2120 Y10.3927
G1 X-11.1997 Y10.3872
G1 X-10.9867 Y10.3032
G1 X-10.9727 Y10.2987
G1 X-10.6430 Y10.2104
G1 X-10.6185 Y10.2064
G1 X-10.2957 Y10.1821
G1 X-10.2704 Y10.1831
G1 X-9.9424 Y10.2227
G1 X-9.9203 Y10.2274
G1 X-9.5719 Y10.3312
G1 X-9.5557 Y10.3374
G1 X-9.3171 Y10.4442
G1 X-9.3033 Y10.4515
G1 X-9.0687 Y10.5916
G1 X-9.0571 Y10.5994
G1 X-8.8179 Y10.7774
G1 X-8.5871 Y10.9826
G1 X-8.3654 Y11.2123
G1 X-8.1547 Y11.4637
G1 X-7.9556 Y11.7338
G1 X-7.7706 Y12.0204
G1 X-7.6006 Y12.3204
G1 X-7.4476 Y12.6311
G1 X-7.3130 Y12.9503
G1 X-7.1989 Y13.2751
G1 X-7.1067 Y13.6028
G1 X-7.0388 Y13.9308
G1 X-6.9961 Y14.2567
G1 X-6.9818 Y14.5651
G1 X-6.9726 Y14.8703
G1 X-6.9474 Y15.2037
G1 X-6.9112 Y15.5163
G1 X-6.8670 Y15.7725
G1 X-6.7633 Y16.2445
G1 X-6.7227 Y16.4345
G1 X-6.6915 Y16.5956
G1 X-6.6711 Y16.7324
G1 X-6.6648 Y16.8314
G1 X-6.6657 Y16.8566
G1 X-6.6745 Y16.9250
G1 X-6.6781 Y16.9419
G1 X-6.6823 Y16.9551
G1 X-6.6890 Y16.9710
G1 X-6.6945 Y16.9817
G1 X-6.7034 Y16.9957
G1 X-6.7308 Y17.0334
G1 X-6.7421 Y17.0465
G1 X-6.7520 Y17.0560
G1 X-6.7655 Y17.0668
G1 X-6.7769 Y17.0743
G1 X-6.7921 Y17.0824
G1 X-6.8048 Y17.0878
G1 X-6.8214 Y17.0931
G1 X-6.8328 Y17.0958
G1 X-6.8487 Y17.0980
G1 X-6.8952 Y17.1020
G1 X-6.9124 Y17.1020
G1 X-6.9263 Y17.1007
G1 X-6.9124 Y17.0269
G1 X-6.9294 Y17.0237
G1 X-6.9402 Y17.0198
G1 X-6.9979 Y16.9957
G1 X-7.0133 Y16.9874
G1 X-7.0969 Y16.9317
G1 X-7.1976 Y16.8517
G1 X-7.3184 Y16.7476
G1 X-7.4621 Y16.6195
G1 X-7.8237 Y16.2932
G1 X-7.9305 Y16.1975
G1 X-8.1682 Y15.9859
G1 X-8.1684 Y15.9861
G1 X-8.4321 Y15.7532
G1 X-8.7125 Y15.5067
G1 X-9.1457 Y15.1281
G1 X-9.4298 Y14.8812
G1 X-9.5673 Y14.7622
G1 X-9.8274 Y14.5381
G1 X-9.9486 Y14.4342
G1 X-10.1947 Y14.2202
G1 X-10.4200 Y14.0158
G1 X-10.6253 Y13.8203
G1 X-10.8117 Y13.6324
G1 X-10.9796 Y13.4510
G1 X-11.1293 Y13.2747
G1 X-11.2624 Y13.1023
G1 X-11.3784 Y12.9329
G1 X-11.4788 Y12.7652
G1 X-11.5635 Y12.5986
G1 X-11.6335 Y12.4315
G1 X-11.6890 Y12.2636
G1 X-11.7309 Y12.0936
G1 X-11.7597 Y11.9212
G1 X-11.7764 Y11.7452
G1 X-11.7817 Y11.5643
G1 X-11.7742 Y11.3319
G1 X-11.7736 Y11.3230
G1 X-11.7487 Y11.1284
G1 X-11.7459 Y11.1145
G1 X-11.6997 Y10.9525
G1 X-11.6925 Y10.9345
G1 X-11.6216 Y10.7994
G1 X-11.6090 Y10.7811
G1 X-11.5092 Y10.6675
G1 X-11.4944 Y10.6539
G1 X-11.3620 Y10.5562
G1 X-11.3494 Y10.5484
G1 X-11.1809 Y10.4611
G1 X-11.1722 Y10.4571
G1 X-10.9633 Y10.3747
G1 X-10.9531 Y10.3713
G1 X-10.6299 Y10.2844
G1 X-10.6127 Y10.2814
G1 X-10.2976 Y10.2572
G1 X-10.2793 Y10.2577
G1 X-9.9574 Y10.2963
G1 X-9.9418 Y10.2995
G1 X-9.5980 Y10.4017
G1 X-9.5864 Y10.4060
G1 X-9.3516 Y10.5111
G1 X-9.3418 Y10.5161
G1 X-9.1098 Y10.6546
G1 X-9.1019 Y10.6597
G1 X-8.8679 Y10.8336
G1 X-8.6412 Y11.0348
G1 X-8.4231 Y11.2606
G1 X-8.2152 Y11.5083
G1 X-8.0188 Y11.7747
G1 X-7.8360 Y12.0575
G1 X-7.6680 Y12.3537
G1 X-7.5169 Y12.6603
G1 X-7.3840 Y12.9753
G1 X-7.2713 Y13.2955
G1 X-7.1804 Y13.6181
G1 X-7.1132 Y13.9407
G1 X-7.0712 Y14.2603
G1 X-7.0569 Y14.5674
G1 X-7.0475 Y14.8760
G1 X-7.0224 Y15.2094
G1 X-6.9853 Y15.5290
G1 X-6.9412 Y15.7852
G1 X-6.8368 Y16.2603
G1 X-6.7966 Y16.4489
G1 X-6.7659 Y16.6069
G1 X-6.7461 Y16.7375
G1 X-6.7399 Y16.8294
G1 X-6.7404 Y16.8474
G1 X-6.7480 Y16.9091
G1 X-6.7516 Y16.9260
G1 X-6.7583 Y16.9419
G1 X-6.7647 Y16.9521
G1 X-6.7877 Y16.9842
G1 X-6.7989 Y16.9973
G1 X-6.8125 Y17.0081
G1 X-6.8276 Y17.0162
G1 X-6.8441 Y17.0215
G1 X-6.8556 Y17.0232
G1 X-6.8952 Y17.0269
G1 X-6.9124 Y17.0269
G1 X-6.6239 Y17.2417
G1 X-6.5944 Y17.2420
G1 X-6.5594 Y17.2457
G1 X-6.5204 Y17.2535
G1 X-6.4875 Y17.2637
G1 X-6.4474 Y17.2797
G1 X-6.3821 Y17.3113
G1 X-6.3863 Y17.1806
G1 X-6.3934 Y17.0386
G1 X-6.4076 Y16.8639
G1 X-6.4078 Y16.8628
G1 X-6.4273 Y16.6755
G1 X-6.4523 Y16.4705
G1 X-6.4816 Y16.2587
G1 X-6.5142 Y16.0477
G1 X-6.5487 Y15.8447
G1 X-6.5865 Y15.6484
G1 X-6.6261 Y15.4427
G1 X-6.6657 Y15.2202
G1 X-6.7041 Y14.9873
G1 X-6.7405 Y14.7498
G1 X-6.7534 Y14.6586
G1 X-6.7477 Y14.8531
G1 X-6.7226 Y15.1865
G1 X-6.6887 Y15.4781
G1 X-6.6445 Y15.7343
G1 X-6.5427 Y16.1972
G1 X-6.5012 Y16.3919
G1 X-6.4684 Y16.5626
G1 X-6.4459 Y16.7185
G1 X-6.4394 Y16.8297
G1 X-6.4394 Y16.8416
G1 X-6.4421 Y16.8862
G1 X-6.4547 Y16.9753
G1 X-6.4638 Y17.0121
G1 X-6.4753 Y17.0445
G1 X-6.4902 Y17.0778
G1 X-6.5056 Y17.1053
G1 X-6.5216 Y17.1289
G1 X-6.5618 Y17.1828
G1 X-6.5876 Y17.2108
G1 X-6.6135 Y17.2341
G1 X-6.6239 Y17.2417
G1 X-6.4730 Y17.1895
G1 X-6.4610 Y17.1933
G1 X-6.4614 Y17.1844
G1 X-6.4618 Y17.1747
G1 X-6.4730 Y17.1895
; Retract
G1 Z3.0400 F2540

; Path 56
; Rapid to initial position
G1 X-8.4937 Y18.5700 F2540
G1 Z0.5000
; plunge
G1 Z-2.6750 F127
; cut
G1 X-8.5230 Y18.5771 F1016
G1 X-8.8274 Y18.6619
G1 X-9.1051 Y18.7504
G1 X-9.3876 Y18.8515
G1 X-9.4833 Y18.8898
G1 X-9.3372 Y18.8361
G1 X-9.1344 Y18.7657
G1 X-8.9266 Y18.6978
G1 X-8.7164 Y18.6336
G1 X-8.5042 Y18.5729
G1 X-8.4937 Y18.5700
; Retract
G1 Z3.0400 F2540

; Path 57
; Rapid to initial position
G1 X-8.6105 Y19.8845 F2540
G1 Z0.5000
; plunge
G1 Z-2.6750 F127
; cut
G1 X-8.8289 Y19.9284 F1016
G1 X-8.9053 Y20.0324
G1 X-8.9452 Y20.2779
G1 X-8.8877 Y20.5544
G1 X-8.7472 Y20.7045
G1 X-8.5386 Y20.7430
G1 X-8.2599 Y20.6459
G1 X-8.0995 Y20.5114
G1 X-8.0323 Y20.3720
G1 X-8.0360 Y20.2342
G1 X-8.1020 Y20.1004
G1 X-8.2257 Y19.9858
G1 X-8.3992 Y19.9078
G1 X-8.6105 Y19.8845
G1 X-8.6075 Y19.9606
G1 X-8.7854 Y19.9964
G1 X-8.8340 Y20.0625
G1 X-8.8688 Y20.2760
G1 X-8.8184 Y20.5184
G1 X-8.7093 Y20.6349
G1 X-8.5443 Y20.6655
G1 X-8.2978 Y20.5796
G1 X-8.1603 Y20.4641
G1 X-8.1455 Y20.4336
G1 X-8.1556 Y20.4468
G1 X-8.1654 Y20.4571
G1 X-8.1783 Y20.4686
G1 X-8.1875 Y20.4756
G1 X-8.2020 Y20.4847
G1 X-8.3966 Y20.5932
G1 X-8.4123 Y20.6004
G1 X-8.4262 Y20.6052
G1 X-8.4431 Y20.6091
G1 X-8.4568 Y20.6111
G1 X-8.4739 Y20.6118
G1 X-8.4878 Y20.6112
G1 X-8.5050 Y20.6088
G1 X-8.5182 Y20.6058
G1 X-8.5346 Y20.6004
G1 X-8.5472 Y20.5948
G1 X-8.5623 Y20.5865
G1 X-8.5739 Y20.5787
G1 X-8.5873 Y20.5678
G1 X-8.5970 Y20.5582
G1 X-8.6081 Y20.5450
G1 X-8.6165 Y20.5328
G1 X-8.6261 Y20.5154
G1 X-8.6296 Y20.5081
G1 X-8.7405 Y20.2423
G1 X-8.7456 Y20.2257
G1 X-8.7483 Y20.2127
G1 X-8.7504 Y20.1957
G1 X-8.7507 Y20.1818
G1 X-8.7496 Y20.1645
G1 X-8.7477 Y20.1511
G1 X-8.7435 Y20.1344
G1 X-8.7386 Y20.1208
G1 X-8.7313 Y20.1051
G1 X-8.7246 Y20.0935
G1 X-8.7147 Y20.0795
G1 X-8.7058 Y20.0690
G1 X-8.6934 Y20.0569
G1 X-8.6823 Y20.0480
G1 X-8.6678 Y20.0385
G1 X-8.6556 Y20.0317
G1 X-8.6397 Y20.0250
G1 X-8.6271 Y20.0211
G1 X-8.6102 Y20.0173
G1 X-8.5964 Y20.0155
G1 X-8.5791 Y20.0149
G1 X-8.5647 Y20.0156
G1 X-8.5476 Y20.0184
G1 X-8.5331 Y20.0222
G1 X-8.5127 Y20.0298
G1 X-8.5045 Y20.0335
G1 X-8.2013 Y20.1900
G1 X-8.1867 Y20.1992
G1 X-8.1751 Y20.2083
G1 X-8.1625 Y20.2202
G1 X-8.1541 Y20.2297
G1 X-8.1437 Y20.2436
G1 X-8.1361 Y20.2561
G1 X-8.1286 Y20.2717
G1 X-8.1240 Y20.2840
G1 X-8.1194 Y20.3005
G1 X-8.1169 Y20.3146
G1 X-8.1154 Y20.3319
G1 X-8.1155 Y20.3457
G1 X-8.1173 Y20.3630
G1 X-8.1200 Y20.3768
G1 X-8.1231 Y20.3869
G1 X-8.1079 Y20.3556
G1 X-8.1107 Y20.2530
G1 X-8.1633 Y20.1460
G1 X-8.2679 Y20.0492
G1 X-8.4190 Y19.9813
G1 X-8.6075 Y19.9606
G1 X-8.5936 Y20.0906
G1 X-8.5764 Y20.0900
G1 X-8.5594 Y20.0927
G1 X-8.5389 Y20.1004
G1 X-8.2414 Y20.2536
G1 X-8.2268 Y20.2628
G1 X-8.2142 Y20.2748
G1 X-8.2039 Y20.2886
G1 X-8.1964 Y20.3042
G1 X-8.1918 Y20.3208
G1 X-8.1904 Y20.3381
G1 X-8.1921 Y20.3553
G1 X-8.1971 Y20.3718
G1 X-8.2048 Y20.3873
G1 X-8.2154 Y20.4010
G1 X-8.2283 Y20.4125
G1 X-8.2386 Y20.4191
G1 X-8.4276 Y20.5248
G1 X-8.4434 Y20.5319
G1 X-8.4603 Y20.5359
G1 X-8.4774 Y20.5367
G1 X-8.4947 Y20.5343
G1 X-8.5110 Y20.5289
G1 X-8.5261 Y20.5207
G1 X-8.5395 Y20.5097
G1 X-8.5507 Y20.4965
G1 X-8.5602 Y20.4791
G1 X-8.6686 Y20.2202
G1 X-8.6737 Y20.2036
G1 X-8.6758 Y20.1866
G1 X-8.6746 Y20.1692
G1 X-8.6705 Y20.1526
G1 X-8.6632 Y20.1368
G1 X-8.6533 Y20.1228
G1 X-8.6409 Y20.1107
G1 X-8.6264 Y20.1011
G1 X-8.6105 Y20.0945
G1 X-8.5936 Y20.0906
; Retract
G1 Z3.0400 F2540

; Path 58
; Rapid to initial position
G1 X-8.7762 Y20.3515 F2540
G1 Z0.5000
; plunge
G1 Z-2.6750 F127
; cut
G1 X-8.7489 Y20.4824 F1016
G1 X-8.6998 Y20.5349
G1 X-8.7762 Y20.3515
; Retract
G1 Z3.0400 F2540

; Path 59
; Rapid to initial position
G1 X-10.6781 Y19.5266 F2540
G1 Z0.5000
; plunge
G1 Z-2.6750 F127
; cut
G1 X-10.7135 Y19.5517 F1016
G1 X-10.8722 Y19.6810
G1 X-11.0001 Y19.8019
G1 X-11.1071 Y19.9226
G1 X-11.1922 Y20.0406
G1 X-11.2576 Y20.1521
G1 X-11.2371 Y20.1668
G1 X-11.2108 Y20.1903
G1 X-11.2102 Y20.1909
G1 X-11.1122 Y20.0413
G1 X-10.9846 Y19.8670
G1 X-10.8513 Y19.7058
G1 X-10.7119 Y19.5576
G1 X-10.6781 Y19.5266
G1 X-11.3724 Y20.3477
G1 X-11.3601 Y20.3599
G1 X-11.3510 Y20.3709
G1 X-11.3414 Y20.3852
G1 X-11.3348 Y20.3968
G1 X-11.3278 Y20.4126
G1 X-11.3235 Y20.4250
G1 X-11.3194 Y20.4417
G1 X-11.3175 Y20.4533
G1 X-11.3165 Y20.4654
G1 X-11.3066 Y20.6878
G1 X-11.3075 Y20.7049
G1 X-11.3093 Y20.7187
G1 X-11.3133 Y20.7355
G1 X-11.3178 Y20.7489
G1 X-11.3247 Y20.7646
G1 X-11.3313 Y20.7762
G1 X-11.3410 Y20.7906
G1 X-11.3497 Y20.8012
G1 X-11.3618 Y20.8135
G1 X-11.3727 Y20.8225
G1 X-11.3870 Y20.8324
G1 X-11.3991 Y20.8393
G1 X-11.4148 Y20.8463
G1 X-11.4281 Y20.8507
G1 X-11.4448 Y20.8547
G1 X-11.4580 Y20.8566
G1 X-11.4753 Y20.8576
G1 X-11.4892 Y20.8569
G1 X-11.5062 Y20.8547
G1 X-11.5199 Y20.8517
G1 X-11.5365 Y20.8463
G1 X-11.5492 Y20.8407
G1 X-11.5643 Y20.8324
G1 X-11.5749 Y20.8254
G1 X-11.5883 Y20.8146
G1 X-11.6692 Y20.7420
G1 X-11.6810 Y20.7294
G1 X-11.6894 Y20.7187
G1 X-11.6987 Y20.7040
G1 X-11.7053 Y20.6913
G1 X-11.7117 Y20.6754
G1 X-11.7157 Y20.6619
G1 X-11.7190 Y20.6450
G1 X-11.7202 Y20.6319
G1 X-11.7206 Y20.6147
G1 X-11.7195 Y20.6000
G1 X-11.7164 Y20.5830
G1 X-11.7134 Y20.5716
G1 X-11.7061 Y20.5512
G1 X-11.6367 Y20.3976
G1 X-11.6281 Y20.3825
G1 X-11.6202 Y20.3710
G1 X-11.6090 Y20.3578
G1 X-11.5996 Y20.3486
G1 X-11.5864 Y20.3376
G1 X-11.5745 Y20.3295
G1 X-11.5593 Y20.3212
G1 X-11.5468 Y20.3156
G1 X-11.5304 Y20.3103
G1 X-11.5172 Y20.3073
G1 X-11.5000 Y20.3049
G1 X-11.4862 Y20.3042
G1 X-11.4690 Y20.3050
G1 X-11.4553 Y20.3069
G1 X-11.4384 Y20.3109
G1 X-11.4251 Y20.3153
G1 X-11.4093 Y20.3224
G1 X-11.3977 Y20.3289
G1 X-11.3833 Y20.3386
G1 X-11.3724 Y20.3477
G1 X-11.4255 Y20.4008
G1 X-11.4133 Y20.4131
G1 X-11.4036 Y20.4274
G1 X-11.3966 Y20.4432
G1 X-11.3924 Y20.4599
G1 X-11.3916 Y20.4689
G1 X-11.3818 Y20.6843
G1 X-11.3825 Y20.7014
G1 X-11.3865 Y20.7183
G1 X-11.3935 Y20.7341
G1 X-11.4033 Y20.7484
G1 X-11.4154 Y20.7606
G1 X-11.4296 Y20.7705
G1 X-11.4454 Y20.7775
G1 X-11.4621 Y20.7815
G1 X-11.4794 Y20.7824
G1 X-11.4965 Y20.7802
G1 X-11.5130 Y20.7748
G1 X-11.5281 Y20.7665
G1 X-11.5382 Y20.7586
G1 X-11.6143 Y20.6906
G1 X-11.6261 Y20.6781
G1 X-11.6354 Y20.6634
G1 X-11.6418 Y20.6475
G1 X-11.6451 Y20.6304
G1 X-11.6454 Y20.6133
G1 X-11.6424 Y20.5962
G1 X-11.6375 Y20.5821
G1 X-11.5713 Y20.4347
G1 X-11.5627 Y20.4196
G1 X-11.5516 Y20.4064
G1 X-11.5383 Y20.3954
G1 X-11.5232 Y20.3871
G1 X-11.5068 Y20.3817
G1 X-11.4897 Y20.3793
G1 X-11.4725 Y20.3801
G1 X-11.4556 Y20.3841
G1 X-11.4398 Y20.3911
G1 X-11.4255 Y20.4008
; Retract
G1 Z3.0400 F2540

; Path 60
; Rapid to initial position
G1 X-11.7066 Y20.9107 F2540
G1 Z0.5000
; plunge
G1 Z-2.6750 F127
; cut
G1 X-11.8008 Y21.1805 F1016
G1 X-11.8861 Y21.4865
G1 X-11.9471 Y21.7833
G1 X-11.9854 Y22.0800
G1 X-11.9986 Y22.3620
G1 X-11.9973 Y22.5437
G1 X-11.9975 Y22.5460
G1 X-11.9930 Y22.6942
G1 X-11.9930 Y22.6973
G1 X-11.9929 Y22.6989
G1 X-11.9929 Y22.6992
G1 X-11.9838 Y22.8291
G1 X-11.9687 Y22.9351
G1 X-11.9518 Y23.0029
G1 X-11.9341 Y23.0449
G1 X-11.9221 Y23.0626
G1 X-11.9079 Y23.0754
G1 X-11.8816 Y23.0907
G1 X-11.8266 Y23.1100
G1 X-11.7417 Y23.1273
G1 X-11.7209 Y23.1297
G1 X-11.7430 Y23.1198
G1 X-11.7667 Y23.1066
G1 X-11.7909 Y23.0903
G1 X-11.8119 Y23.0734
G1 X-11.8352 Y23.0506
G1 X-11.8534 Y23.0287
G1 X-11.8714 Y23.0029
G1 X-11.8841 Y22.9801
G1 X-11.8974 Y22.9510
G1 X-11.9060 Y22.9255
G1 X-11.9112 Y22.9056
G1 X-11.9139 Y22.8929
G1 X-11.9170 Y22.8719
G1 X-11.9181 Y22.8587
G1 X-11.9190 Y22.8225
G1 X-11.9181 Y22.8021
G1 X-11.8489 Y22.1239
G1 X-11.8195 Y21.9150
G1 X-11.7759 Y21.7042
G1 X-11.7196 Y21.4910
G1 X-11.6517 Y21.2785
G1 X-11.5729 Y21.0673
G1 X-11.5444 Y21.0002
G1 X-11.5676 Y20.9943
G1 X-11.5979 Y20.9836
G1 X-11.6221 Y20.9722
G1 X-11.6480 Y20.9574
G1 X-11.6693 Y20.9424
G1 X-11.6890 Y20.9265
G1 X-11.7066 Y20.9107
G1 X-11.6692 Y21.0317
G1 X-11.7290 Y21.2032
G1 X-11.8129 Y21.5037
G1 X-11.8727 Y21.7951
G1 X-11.8745 Y21.8094
G1 X-11.8487 Y21.6849
G1 X-11.7912 Y21.4680
G1 X-11.7222 Y21.2522
G1 X-11.6445 Y21.0446
G1 X-11.6593 Y21.0374
G1 X-11.6692 Y21.0317
; Retract
G1 Z3.0400 F2540

; Path 61
; Rapid to initial position
G1 X-9.6502 Y22.9518 F2540
G1 Z0.5000
; plunge
G1 Z-2.6750 F127
; cut
G1 X-9.5326 Y22.9224 F1016
G1 X-9.3202 Y22.8536
G1 X-9.2353 Y22.8213
G1 X-9.3566 Y22.8626
G1 X-9.5638 Y22.9274
G1 X-9.6502 Y22.9518
; Retract
G1 Z3.0400 F2540

; Path 62
; Rapid to initial position
G1 X-10.2154 Y14.6005 F2540
G1 Z0.5000
; plunge
G1 Z-2.6750 F127
; cut
G1 X-10.3965 Y14.4430 F1016
G1 X-10.6276 Y14.2335
G1 X-10.8386 Y14.0324
G1 X-11.0326 Y13.8366
G1 X-11.2089 Y13.6456
G1 X-11.3674 Y13.4581
G1 X-11.5107 Y13.2719
G1 X-11.6367 Y13.0870
G1 X-11.7470 Y12.9011
G1 X-11.8410 Y12.7145
G1 X-11.9194 Y12.5254
G1 X-11.9813 Y12.3349
G1 X-12.0276 Y12.1427
G1 X-12.0523 Y11.9910
G1 X-12.0578 Y11.9919
G1 X-12.0945 Y11.9943
G1 X-12.1293 Y11.9937
G1 X-12.1355 Y11.9930
G1 X-12.1219 Y12.0815
G1 X-12.0791 Y12.2709
G1 X-12.0232 Y12.4539
G1 X-11.9515 Y12.6366
G1 X-11.8660 Y12.8144
G1 X-11.7652 Y12.9910
G1 X-11.6442 Y13.1730
G1 X-11.4968 Y13.3682
G1 X-11.3424 Y13.5515
G1 X-11.1553 Y13.7531
G1 X-10.9490 Y13.9577
G1 X-10.7184 Y14.1715
G1 X-10.4533 Y14.4029
G1 X-10.2154 Y14.6005
; Retract
G1 Z3.0400 F2540

; Path 63
; Rapid to initial position
G1 X-9.0467 Y12.6533 F2540
G1 Z0.5000
; plunge
G1 Z-2.6750 F127
; cut
G1 X-8.8211 Y12.7054 F1016
G1 X-8.6206 Y12.7003
G1 X-8.4712 Y12.6430
G1 X-8.3705 Y12.5392
G1 X-8.2732 Y12.2621
G1 X-8.4229 Y12.0422
G1 X-8.5857 Y11.9397
G1 X-8.7636 Y11.8988
G1 X-8.9333 Y11.9205
G1 X-9.0735 Y12.0007
G1 X-9.1683 Y12.1593
G1 X-9.1927 Y12.3720
G1 X-9.1464 Y12.5574
G1 X-9.0467 Y12.6533
G1 X-9.0095 Y12.5849
G1 X-8.8855 Y12.6134
G1 X-8.8943 Y12.6076
G1 X-8.9123 Y12.5932
G1 X-9.0358 Y12.4759
G1 X-9.0472 Y12.4628
G1 X-9.0555 Y12.4514
G1 X-9.0642 Y12.4366
G1 X-9.0700 Y12.4246
G1 X-9.0760 Y12.4084
G1 X-9.0797 Y12.3945
G1 X-9.0825 Y12.3776
G1 X-9.0835 Y12.3637
G1 X-9.0831 Y12.3465
G1 X-9.0819 Y12.3334
G1 X-9.0786 Y12.3164
G1 X-9.0742 Y12.3024
G1 X-9.0677 Y12.2865
G1 X-9.0618 Y12.2749
G1 X-9.0526 Y12.2603
G1 X-9.0435 Y12.2486
G1 X-9.0316 Y12.2361
G1 X-9.0212 Y12.2270
G1 X-9.0055 Y12.2155
G1 X-8.9985 Y12.2111
G1 X-8.7957 Y12.0957
G1 X-8.7800 Y12.0885
G1 X-8.7671 Y12.0839
G1 X-8.7504 Y12.0797
G1 X-8.7364 Y12.0777
G1 X-8.7190 Y12.0767
G1 X-8.7060 Y12.0772
G1 X-8.6888 Y12.0793
G1 X-8.6748 Y12.0823
G1 X-8.6584 Y12.0876
G1 X-8.6455 Y12.0932
G1 X-8.6303 Y12.1014
G1 X-8.6191 Y12.1088
G1 X-8.6018 Y12.1229
G1 X-8.4784 Y12.2400
G1 X-8.4670 Y12.2531
G1 X-8.4587 Y12.2645
G1 X-8.4499 Y12.2793
G1 X-8.4442 Y12.2913
G1 X-8.4382 Y12.3075
G1 X-8.4345 Y12.3213
G1 X-8.4316 Y12.3384
G1 X-8.4306 Y12.3522
G1 X-8.4310 Y12.3694
G1 X-8.4323 Y12.3824
G1 X-8.4356 Y12.3995
G1 X-8.4399 Y12.4135
G1 X-8.4464 Y12.4294
G1 X-8.4523 Y12.4410
G1 X-8.4615 Y12.4557
G1 X-8.4706 Y12.4673
G1 X-8.4826 Y12.4799
G1 X-8.4929 Y12.4890
G1 X-8.5086 Y12.5004
G1 X-8.5155 Y12.5049
G1 X-8.7182 Y12.6204
G1 X-8.7340 Y12.6276
G1 X-8.7353 Y12.6281
G1 X-8.6355 Y12.6255
G1 X-8.5137 Y12.5787
G1 X-8.4359 Y12.4988
G1 X-8.3568 Y12.2731
G1 X-8.4762 Y12.0976
G1 X-8.6153 Y12.0101
G1 X-8.7671 Y11.9750
G1 X-8.9091 Y11.9932
G1 X-9.0190 Y12.0562
G1 X-9.0956 Y12.1842
G1 X-9.1164 Y12.3670
G1 X-9.0787 Y12.5180
G1 X-9.0095 Y12.5849
G1 X-8.8605 Y12.5386
G1 X-8.9793 Y12.4262
G1 X-8.9907 Y12.4132
G1 X-8.9994 Y12.3984
G1 X-9.0055 Y12.3821
G1 X-9.0084 Y12.3651
G1 X-9.0081 Y12.3479
G1 X-9.0047 Y12.3309
G1 X-8.9982 Y12.3150
G1 X-8.9890 Y12.3004
G1 X-8.9770 Y12.2878
G1 X-8.9613 Y12.2763
G1 X-8.7647 Y12.1641
G1 X-8.7489 Y12.1569
G1 X-8.7323 Y12.1528
G1 X-8.7149 Y12.1519
G1 X-8.6977 Y12.1539
G1 X-8.6813 Y12.1592
G1 X-8.6660 Y12.1675
G1 X-8.6534 Y12.1775
G1 X-8.5349 Y12.2897
G1 X-8.5234 Y12.3027
G1 X-8.5147 Y12.3175
G1 X-8.5086 Y12.3338
G1 X-8.5058 Y12.3508
G1 X-8.5061 Y12.3680
G1 X-8.5095 Y12.3850
G1 X-8.5160 Y12.4009
G1 X-8.5252 Y12.4156
G1 X-8.5372 Y12.4281
G1 X-8.5529 Y12.4396
G1 X-8.7493 Y12.5519
G1 X-8.7650 Y12.5591
G1 X-8.7818 Y12.5633
G1 X-8.7989 Y12.5642
G1 X-8.8161 Y12.5621
G1 X-8.8325 Y12.5569
G1 X-8.8478 Y12.5486
G1 X-8.8605 Y12.5386
; Retract
G1 Z3.0400 F2540

; Path 64
; Rapid to initial position
G1 X-7.5743 Y11.9091 F2540
G1 Z0.5000
; plunge
G1 Z-2.6750 F127
; cut
G1 X-7.3981 Y12.2209 F1016
G1 X-7.2399 Y12.5433
G1 X-7.1001 Y12.8757
G1 X-6.9816 Y13.2141
G1 X-6.8857 Y13.5573
G1 X-6.8729 Y13.6197
G1 X-6.8780 Y13.5698
G1 X-6.9232 Y13.2916
G1 X-6.9864 Y13.0273
G1 X-7.0655 Y12.7883
G1 X-7.1694 Y12.5477
G1 X-7.2977 Y12.3069
G1 X-7.4680 Y12.0314
G1 X-7.6663 Y11.7440
G1 X-7.7598 Y11.6213
G1 X-7.5743 Y11.9091
; Retract
G1 Z3.0400 F2540

; Path 65
; Rapid to initial position
G1 X-11.9354 Y11.6217 F2540
G1 Z0.5000
; plunge
G1 Z-2.6750 F127
; cut
G1 X-11.9385 Y11.6386 F1016
G1 X-11.9423 Y11.6523
G1 X-11.9485 Y11.6685
G1 X-11.9547 Y11.6812
G1 X-11.9637 Y11.6959
G1 X-11.9719 Y11.7066
G1 X-11.9835 Y11.7195
G1 X-11.9935 Y11.7289
G1 X-12.0072 Y11.7393
G1 X-12.0191 Y11.7468
G1 X-12.0346 Y11.7546
G1 X-12.0470 Y11.7596
G1 X-12.0635 Y11.7645
G1 X-12.0774 Y11.7672
G1 X-12.0945 Y11.7690
G1 X-12.1084 Y11.7691
G1 X-12.1256 Y11.7677
G1 X-12.1395 Y11.7651
G1 X-12.1561 Y11.7605
G1 X-12.1695 Y11.7554
G1 X-12.1850 Y11.7478
G1 X-12.1958 Y11.7413
G1 X-12.2098 Y11.7311
G1 X-12.2204 Y11.7217
G1 X-12.2322 Y11.7091
G1 X-12.2410 Y11.6978
G1 X-12.2502 Y11.6832
G1 X-12.2574 Y11.6683
G1 X-12.2657 Y11.6453
G1 X-12.2684 Y11.6359
G1 X-12.3241 Y11.3762
G1 X-12.3261 Y11.3590
G1 X-12.3263 Y11.3432
G1 X-12.3242 Y11.3207
G1 X-12.3229 Y11.3116
G1 X-12.2666 Y11.0526
G1 X-12.2615 Y11.0363
G1 X-12.2561 Y11.0232
G1 X-12.2480 Y11.0079
G1 X-12.2404 Y10.9963
G1 X-12.2295 Y10.9828
G1 X-12.2200 Y10.9729
G1 X-12.2070 Y10.9616
G1 X-12.1958 Y10.9535
G1 X-12.1808 Y10.9447
G1 X-12.1684 Y10.9390
G1 X-12.1522 Y10.9331
G1 X-12.1383 Y10.9294
G1 X-12.1213 Y10.9267
G1 X-12.1081 Y10.9259
G1 X-12.0907 Y10.9262
G1 X-12.0763 Y10.9279
G1 X-12.0594 Y10.9315
G1 X-12.0468 Y10.9355
G1 X-12.0309 Y10.9420
G1 X-12.0185 Y10.9485
G1 X-12.0040 Y10.9579
G1 X-11.9932 Y10.9663
G1 X-11.9806 Y10.9783
G1 X-11.9716 Y10.9886
G1 X-11.9613 Y11.0027
G1 X-11.9541 Y11.0149
G1 X-11.9467 Y11.0305
G1 X-11.9415 Y11.0459
G1 X-11.9361 Y11.0698
G1 X-11.9345 Y11.0797
G1 X-11.9117 Y11.3390
G1 X-11.9118 Y11.3625
G1 X-11.9354 Y11.6217
G1 X-12.0094 Y11.6085
G1 X-12.0125 Y11.6254
G1 X-12.0187 Y11.6416
G1 X-12.0278 Y11.6562
G1 X-12.0393 Y11.6692
G1 X-12.0530 Y11.6797
G1 X-12.0685 Y11.6875
G1 X-12.0850 Y11.6924
G1 X-12.1022 Y11.6942
G1 X-12.1194 Y11.6927
G1 X-12.1361 Y11.6881
G1 X-12.1516 Y11.6804
G1 X-12.1655 Y11.6703
G1 X-12.1773 Y11.6577
G1 X-12.1865 Y11.6431
G1 X-12.1949 Y11.6200
G1 X-12.2494 Y11.3673
G1 X-12.2515 Y11.3500
G1 X-12.2494 Y11.3275
G1 X-12.1949 Y11.0749
G1 X-12.1897 Y11.0585
G1 X-12.1816 Y11.0432
G1 X-12.1708 Y11.0297
G1 X-12.1578 Y11.0184
G1 X-12.1428 Y11.0096
G1 X-12.1266 Y11.0037
G1 X-12.1095 Y11.0010
G1 X-12.0922 Y11.0014
G1 X-12.0753 Y11.0051
G1 X-12.0594 Y11.0116
G1 X-12.0449 Y11.0210
G1 X-12.0323 Y11.0329
G1 X-12.0222 Y11.0469
G1 X-12.0148 Y11.0625
G1 X-12.0094 Y11.0864
G1 X-11.9868 Y11.3390
G1 X-11.9868 Y11.3558
G1 X-12.0094 Y11.6085
G1 X-11.9302 Y10.7407
G1 X-11.8887 Y10.6623
G1 X-11.9389 Y10.7106
G1 X-11.9547 Y10.7297
G1 X-11.9302 Y10.7407
; Retract
G1 Z3.0400 F2540

; Path 66
; Rapid to initial position
G1 X-11.8248 Y6.4009 F2540
G1 Z0.5000
; plunge
G1 Z-2.6750 F127
; cut
G1 X-11.8355 Y6.3863 F1016
G1 X-11.9634 Y6.1951
G1 X-11.9677 Y6.1878
G1 X-11.9796 Y6.1923
G1 X-12.0090 Y6.2002
G1 X-11.9348 Y6.2891
G1 X-11.8248 Y6.4009
G1 X-12.0301 Y5.9702
G1 X-12.0433 Y5.9758
G1 X-12.0599 Y5.9809
G1 X-12.0729 Y5.9836
G1 X-12.0900 Y5.9857
G1 X-12.1038 Y5.9860
G1 X-12.1212 Y5.9849
G1 X-12.1345 Y5.9829
G1 X-12.1513 Y5.9788
G1 X-12.1648 Y5.9739
G1 X-12.1805 Y5.9666
G1 X-12.1926 Y5.9596
G1 X-12.2066 Y5.9495
G1 X-12.2163 Y5.9413
G1 X-12.2284 Y5.9290
G1 X-12.2377 Y5.9176
G1 X-12.2472 Y5.9031
G1 X-12.2539 Y5.8908
G1 X-12.2606 Y5.8749
G1 X-12.2642 Y5.8638
G1 X-12.2685 Y5.8455
G1 X-12.3218 Y5.5297
G1 X-12.3231 Y5.5125
G1 X-12.3231 Y5.5003
G1 X-12.3211 Y5.4801
G1 X-12.2669 Y5.1643
G1 X-12.2625 Y5.1476
G1 X-12.2580 Y5.1350
G1 X-12.2507 Y5.1194
G1 X-12.2434 Y5.1072
G1 X-12.2332 Y5.0932
G1 X-12.2238 Y5.0825
G1 X-12.2112 Y5.0707
G1 X-12.2008 Y5.0626
G1 X-12.1862 Y5.0532
G1 X-12.1741 Y5.0468
G1 X-12.1581 Y5.0401
G1 X-12.1445 Y5.0359
G1 X-12.1277 Y5.0324
G1 X-12.1138 Y5.0309
G1 X-12.0965 Y5.0306
G1 X-12.0833 Y5.0314
G1 X-12.0662 Y5.0341
G1 X-12.0524 Y5.0378
G1 X-12.0362 Y5.0437
G1 X-12.0236 Y5.0495
G1 X-12.0088 Y5.0583
G1 X-11.9978 Y5.0663
G1 X-11.9848 Y5.0776
G1 X-11.9752 Y5.0875
G1 X-11.9644 Y5.1010
G1 X-11.9568 Y5.1126
G1 X-11.9486 Y5.1279
G1 X-11.9430 Y5.1411
G1 X-11.9380 Y5.1576
G1 X-11.9354 Y5.1689
G1 X-11.9330 Y5.1877
G1 X-11.9112 Y5.5019
G1 X-11.9114 Y5.5202
G1 X-11.9336 Y5.8354
G1 X-11.9364 Y5.8525
G1 X-11.9398 Y5.8661
G1 X-11.9457 Y5.8826
G1 X-11.9518 Y5.8953
G1 X-11.9606 Y5.9101
G1 X-11.9685 Y5.9210
G1 X-11.9798 Y5.9341
G1 X-11.9897 Y5.9437
G1 X-12.0032 Y5.9545
G1 X-12.0148 Y5.9621
G1 X-12.0301 Y5.9702
G1 X-12.0655 Y5.9039
G1 X-12.0820 Y5.9089
G1 X-12.0990 Y5.9110
G1 X-12.1164 Y5.9099
G1 X-12.1331 Y5.9058
G1 X-12.1488 Y5.8985
G1 X-12.1628 Y5.8885
G1 X-12.1749 Y5.8762
G1 X-12.1845 Y5.8617
G1 X-12.1912 Y5.8458
G1 X-12.1944 Y5.8329
G1 X-12.2469 Y5.5242
G1 X-12.2481 Y5.5069
G1 X-12.2469 Y5.4927
G1 X-12.1944 Y5.1838
G1 X-12.1899 Y5.1670
G1 X-12.1826 Y5.1514
G1 X-12.1724 Y5.1374
G1 X-12.1598 Y5.1256
G1 X-12.1454 Y5.1163
G1 X-12.1293 Y5.1096
G1 X-12.1124 Y5.1061
G1 X-12.0951 Y5.1057
G1 X-12.0780 Y5.1084
G1 X-12.0618 Y5.1143
G1 X-12.0470 Y5.1231
G1 X-12.0340 Y5.1344
G1 X-12.0231 Y5.1479
G1 X-12.0150 Y5.1632
G1 X-12.0099 Y5.1797
G1 X-12.0080 Y5.1930
G1 X-11.9863 Y5.5019
G1 X-11.9863 Y5.5149
G1 X-12.0080 Y5.8237
G1 X-12.0107 Y5.8407
G1 X-12.0166 Y5.8571
G1 X-12.0253 Y5.8719
G1 X-12.0367 Y5.8849
G1 X-12.0502 Y5.8958
G1 X-12.0655 Y5.9039
; Retract
G1 Z3.0400 F2540

; Path 67
; Rapid to initial position
G1 X-12.0237 Y4.8129 F2540
G1 Z0.5000
; plunge
G1 Z-2.6750 F127
; cut
G1 X-12.0236 Y4.8118 F1016
G1 X-11.9766 Y4.6230
G1 X-11.9154 Y4.4375
G1 X-11.8396 Y4.2551
G1 X-11.7492 Y4.0751
G1 X-11.6447 Y3.8975
G1 X-11.5256 Y3.7213
G1 X-11.3921 Y3.5458
G1 X-11.2434 Y3.3685
G1 X-11.0800 Y3.1899
G1 X-10.9003 Y3.0074
G1 X-10.7618 Y2.8757
G1 X-10.7754 Y2.8879
G1 X-10.8704 Y2.9741
G1 X-10.9598 Y3.0564
G1 X-10.9616 Y3.0577
G1 X-11.0396 Y3.1312
G1 X-11.1166 Y3.2047
G1 X-11.1830 Y3.2702
G1 X-11.2472 Y3.3351
G1 X-11.3049 Y3.3952
G1 X-11.3545 Y3.4487
G1 X-11.4055 Y3.5058
G1 X-11.4497 Y3.5577
G1 X-11.4903 Y3.6075
G1 X-11.5226 Y3.6489
G1 X-11.5608 Y3.7005
G1 X-11.5915 Y3.7438
G1 X-11.6267 Y3.7960
G1 X-11.6577 Y3.8440
G1 X-11.6868 Y3.8918
G1 X-11.7170 Y3.9430
G1 X-11.7430 Y3.9877
G1 X-11.7446 Y3.9911
G1 X-11.7753 Y4.0468
G1 X-11.8826 Y4.2708
G1 X-11.9801 Y4.5336
G1 X-12.0592 Y4.8077
G1 X-12.0447 Y4.8091
G1 X-12.0237 Y4.8129
; Retract
G1 Z3.0400 F2540

; Path 68
; Rapid to initial position
G1 X-9.1927 Y4.7362 F2540
G1 Z0.5000
; plunge
G1 Z-2.6750 F127
; cut
G1 X-9.1464 Y4.9218 F1016
G1 X-9.0471 Y5.0174
G1 X-8.8058 Y5.0724
G1 X-8.6049 Y5.0598
G1 X-8.4552 Y4.9851
G1 X-8.3473 Y4.8481
G1 X-8.2909 Y4.6385
G1 X-8.4162 Y4.4515
G1 X-8.5919 Y4.3213
G1 X-8.7671 Y4.2659
G1 X-8.9299 Y4.2815
G1 X-9.0731 Y4.3646
G1 X-9.1683 Y4.5236
G1 X-9.1927 Y4.7362
G1 X-9.1164 Y4.7312
G1 X-9.0787 Y4.8824
G1 X-9.0102 Y4.9487
G1 X-8.8756 Y4.9792
G1 X-8.8818 Y4.9755
G1 X-8.8957 Y4.9654
G1 X-8.9065 Y4.9557
G1 X-8.9240 Y4.9359
G1 X-9.0541 Y4.7618
G1 X-9.0631 Y4.7470
G1 X-9.0694 Y4.7341
G1 X-9.0754 Y4.7181
G1 X-9.0789 Y4.7055
G1 X-9.0821 Y4.6885
G1 X-9.0833 Y4.6746
G1 X-9.0833 Y4.6574
G1 X-9.0821 Y4.6436
G1 X-9.0789 Y4.6265
G1 X-9.0752 Y4.6133
G1 X-9.0690 Y4.5973
G1 X-9.0628 Y4.5849
G1 X-9.0501 Y4.5648
G1 X-8.9194 Y4.3907
G1 X-8.9078 Y4.3780
G1 X-8.8981 Y4.3689
G1 X-8.8844 Y4.3584
G1 X-8.8736 Y4.3515
G1 X-8.9062 Y4.3547
G1 X-9.0187 Y4.4200
G1 X-9.0956 Y4.5484
G1 X-9.1164 Y4.7312
G1 X-9.0050 Y4.6916
G1 X-9.0082 Y4.6746
G1 X-9.0082 Y4.6574
G1 X-9.0050 Y4.6404
G1 X-8.9988 Y4.6243
G1 X-8.9899 Y4.6098
G1 X-8.8638 Y4.4413
G1 X-8.8523 Y4.4286
G1 X-8.8385 Y4.4181
G1 X-8.8231 Y4.4103
G1 X-8.8066 Y4.4053
G1 X-8.7894 Y4.4036
G1 X-8.7722 Y4.4052
G1 X-8.7555 Y4.4096
G1 X-8.7399 Y4.4173
G1 X-8.7261 Y4.4274
G1 X-8.7133 Y4.4413
G1 X-8.5873 Y4.6098
G1 X-8.5782 Y4.6247
G1 X-8.5720 Y4.6407
G1 X-8.5690 Y4.6578
G1 X-8.5690 Y4.6751
G1 X-8.5722 Y4.6920
G1 X-8.5784 Y4.7080
G1 X-8.5873 Y4.7225
G1 X-8.7133 Y4.8909
G1 X-8.7249 Y4.9036
G1 X-8.7386 Y4.9141
G1 X-8.7541 Y4.9219
G1 X-8.7706 Y4.9269
G1 X-8.7878 Y4.9286
G1 X-8.8051 Y4.9271
G1 X-8.8217 Y4.9225
G1 X-8.8373 Y4.9150
G1 X-8.8511 Y4.9047
G1 X-8.8638 Y4.8909
G1 X-8.9899 Y4.7225
G1 X-8.9990 Y4.7077
G1 X-9.0050 Y4.6916
; Retract
G1 Z3.0400 F2540

; Path 69
; Rapid to initial position
G1 X-8.7275 Y4.9920 F2540
G1 Z0.5000
; plunge
G1 Z-2.6750 F127
; cut
G1 X-8.6248 Y4.9856 F1016
G1 X-8.5037 Y4.9253
G1 X-8.4160 Y4.8140
G1 X-8.3724 Y4.6520
G1 X-8.4716 Y4.5042
G1 X-8.6269 Y4.3890
G1 X-8.6731 Y4.3745
G1 X-8.6707 Y4.3765
G1 X-8.6531 Y4.3963
G1 X-8.5231 Y4.5705
G1 X-8.5140 Y4.5853
G1 X-8.5080 Y4.5976
G1 X-8.5018 Y4.6136
G1 X-8.4980 Y4.6275
G1 X-8.4950 Y4.6445
G1 X-8.4939 Y4.6578
G1 X-8.4939 Y4.6751
G1 X-8.4951 Y4.6891
G1 X-8.4983 Y4.7059
G1 X-8.5019 Y4.7190
G1 X-8.5081 Y4.7351
G1 X-8.5144 Y4.7475
G1 X-8.5271 Y4.7675
G1 X-8.6578 Y4.9415
G1 X-8.6694 Y4.9542
G1 X-8.6791 Y4.9633
G1 X-8.6928 Y4.9738
G1 X-8.7047 Y4.9813
G1 X-8.7202 Y4.9891
G1 X-8.7275 Y4.9920
; Retract
G1 Z3.0400 F2540

; Path 70
; Rapid to initial position
G1 X-2.5799 Y4.2514 F2540
G1 Z0.5000
; plunge
G1 Z-2.6750 F127
; cut
G1 X-2.5392 Y4.4582 F1016
G1 X-2.4835 Y4.6719
G1 X-2.4422 Y4.7925
G1 X-2.3873 Y4.9203
G1 X-2.3218 Y5.0494
G1 X-2.2400 Y5.1901
G1 X-2.1509 Y5.3274
G1 X-2.0469 Y5.4734
G1 X-1.9374 Y5.6148
G1 X-1.8165 Y5.7597
G1 X-1.6871 Y5.9041
G1 X-1.5482 Y6.0492
G1 X-1.4046 Y6.1895
G1 X-1.2573 Y6.3248
G1 X-1.1000 Y6.4601
G1 X-0.9429 Y6.5866
G1 X-0.7799 Y6.7090
G1 X-0.6111 Y6.8266
G1 X-0.4249 Y6.9477
G1 X-0.2228 Y7.0720
G1 X-0.0048 Y7.2001
G1 X0.2236 Y7.3289
G1 X0.4591 Y7.4570
G1 X0.6982 Y7.5826
G1 X0.9387 Y7.7046
G1 X1.1736 Y7.8198
G1 X1.4045 Y7.9289
G1 X1.6241 Y8.0282
G1 X1.8285 Y8.1162
G1 X1.8285 Y8.1160
G1 X2.0199 Y8.1934
G1 X2.1869 Y8.2551
G1 X2.3315 Y8.3019
G1 X2.4442 Y8.3307
G1 X2.5306 Y8.3423
G1 X2.5475 Y8.3462
G1 X2.5633 Y8.3530
G1 X2.5776 Y8.3627
G1 X2.5900 Y8.3750
G1 X2.5999 Y8.3891
G1 X2.6069 Y8.4049
G1 X2.6110 Y8.4216
G1 X2.6120 Y8.4388
G1 X2.6097 Y8.4560
G1 X2.6045 Y8.4724
G1 X2.5952 Y8.4891
G1 X2.5073 Y8.6158
G1 X2.4961 Y8.6289
G1 X2.4827 Y8.6400
G1 X2.4640 Y8.6498
G1 X2.1393 Y8.7750
G1 X1.8268 Y8.9008
G1 X1.5254 Y9.0276
G1 X1.2366 Y9.1551
G1 X0.9557 Y9.2849
G1 X0.6888 Y9.4145
G1 X0.4294 Y9.5471
G1 X0.1824 Y9.6800
G1 X-0.0539 Y9.8141
G1 X-0.2791 Y9.9495
G1 X-0.4920 Y10.0851
G1 X-0.6980 Y10.2247
G1 X-0.8892 Y10.3627
G1 X-1.0744 Y10.5056
G1 X-1.2445 Y10.6460
G1 X-1.4091 Y10.7921
G1 X-1.5595 Y10.9364
G1 X-1.7000 Y11.0824
G1 X-1.8333 Y11.2333
G1 X-1.9516 Y11.3801
G1 X-2.0652 Y11.5354
G1 X-2.1652 Y11.6875
G1 X-2.2559 Y11.8418
G1 X-2.3383 Y12.0012
G1 X-2.4083 Y12.1569
G1 X-2.4702 Y12.3178
G1 X-2.5226 Y12.4810
G1 X-2.5657 Y12.6474
G1 X-2.5987 Y12.8125
G1 X-2.6227 Y12.9839
G1 X-2.6369 Y13.1526
G1 X-2.6422 Y13.3269
G1 X-2.6350 Y13.5489
G1 X-2.6116 Y13.7556
G1 X-2.5731 Y13.9420
G1 X-2.5188 Y14.1126
G1 X-2.4504 Y14.2641
G1 X-2.3657 Y14.4015
G1 X-2.2679 Y14.5206
G1 X-2.1540 Y14.6252
G1 X-2.0246 Y14.7146
G1 X-1.8783 Y14.7897
G1 X-1.7159 Y14.8494
G1 X-1.5358 Y14.8940
G1 X-1.3378 Y14.9232
G1 X-1.1247 Y14.9364
G1 X-0.8888 Y14.9336
G1 X-0.6409 Y14.9150
G1 X-0.4758 Y14.8933
G1 X-0.3105 Y14.8639
G1 X-0.1335 Y14.8249
G1 X0.0476 Y14.7781
G1 X0.2268 Y14.7253
G1 X0.4130 Y14.6640
G1 X0.5935 Y14.5986
G1 X0.7749 Y14.5267
G1 X0.9556 Y14.4490
G1 X1.1260 Y14.3696
G1 X1.2942 Y14.2844
G1 X1.4537 Y14.1970
G1 X1.6046 Y14.1068
G1 X1.7398 Y14.0183
G1 X1.8678 Y13.9254
G1 X1.9798 Y13.8341
G1 X2.1316 Y13.6910
G1 X2.3021 Y13.5113
G1 X2.4826 Y13.3052
G1 X2.6745 Y13.0722
G1 X2.8733 Y12.8187
G1 X3.0712 Y12.5548
G1 X3.2686 Y12.2811
G1 X3.4604 Y12.0048
G1 X3.6428 Y11.7311
G1 X3.8135 Y11.4635
G1 X3.9654 Y11.2132
G1 X4.0981 Y10.9802
G1 X4.2088 Y10.7678
G1 X4.2883 Y10.5937
G1 X4.3375 Y10.4544
G1 X4.3544 Y10.3532
G1 X4.3588 Y10.3364
G1 X4.3701 Y10.3150
G1 X4.3826 Y10.2970
G1 X4.3938 Y10.2838
G1 X4.4071 Y10.2728
G1 X4.4222 Y10.2645
G1 X4.4388 Y10.2591
G1 X4.4558 Y10.2569
G1 X4.4732 Y10.2578
G1 X4.4899 Y10.2618
G1 X4.5056 Y10.2688
G1 X4.5147 Y10.2745
G1 X4.5509 Y10.3007
G1 X4.5671 Y10.3158
G1 X4.6288 Y10.3882
G1 X4.7065 Y10.4950
G1 X4.7994 Y10.6339
G1 X4.9053 Y10.8021
G1 X5.0218 Y10.9960
G1 X5.1459 Y11.2111
G1 X5.2476 Y11.3889
G1 X5.2474 Y11.3889
G1 X5.3466 Y11.5590
G1 X5.4442 Y11.7234
G1 X5.5403 Y11.8818
G1 X5.6346 Y12.0341
G1 X5.7279 Y12.1804
G1 X5.8207 Y12.3220
G1 X5.9110 Y12.4563
G1 X6.0010 Y12.5860
G1 X6.0903 Y12.7106
G1 X6.1789 Y12.8300
G1 X6.2670 Y12.9446
G1 X6.3548 Y13.0542
G1 X6.4434 Y13.1609
G1 X6.5296 Y13.2600
G1 X6.6171 Y13.3564
G1 X6.7048 Y13.4486
G1 X6.7928 Y13.5369
G1 X6.8830 Y13.6230
G1 X6.9704 Y13.7023
G1 X7.0603 Y13.7796
G1 X7.1531 Y13.8552
G1 X7.2430 Y13.9248
G1 X7.3383 Y13.9942
G1 X7.4308 Y14.0578
G1 X7.5291 Y14.1218
G1 X7.6248 Y14.1804
G1 X7.7266 Y14.2391
G1 X7.8264 Y14.2937
G1 X7.9305 Y14.3473
G1 X8.0370 Y14.3989
G1 X8.1476 Y14.4496
G1 X8.4570 Y14.5787
G1 X8.7590 Y14.6879
G1 X9.0521 Y14.7767
G1 X9.3377 Y14.8459
G1 X9.6084 Y14.8945
G1 X9.8707 Y14.9240
G1 X10.1174 Y14.9336
G1 X10.3492 Y14.9240
G1 X10.5681 Y14.8952
G1 X10.7681 Y14.8482
G1 X10.9511 Y14.7829
G1 X11.1148 Y14.7001
G1 X11.2613 Y14.5989
G1 X11.3864 Y14.4819
G1 X11.4927 Y14.3465
G1 X11.5793 Y14.1922
G1 X11.6652 Y13.9881
G1 X11.7265 Y13.7967
G1 X11.7644 Y13.6095
G1 X11.7783 Y13.4220
G1 X11.7692 Y13.2255
G1 X11.7361 Y13.0116
G1 X11.6789 Y12.7746
G1 X11.5979 Y12.5115
G1 X11.5514 Y12.3793
G1 X11.5033 Y12.2551
G1 X11.4499 Y12.1306
G1 X11.3922 Y12.0075
G1 X11.3294 Y11.8846
G1 X11.2652 Y11.7691
G1 X11.1934 Y11.6499
G1 X11.1202 Y11.5376
G1 X11.0393 Y11.4220
G1 X10.9572 Y11.3130
G1 X10.8670 Y11.2009
G1 X10.7753 Y11.0945
G1 X10.6749 Y10.9853
G1 X10.5735 Y10.8816
G1 X10.4637 Y10.7755
G1 X10.3513 Y10.6737
G1 X10.2305 Y10.5698
G1 X10.1080 Y10.4702
G1 X9.9783 Y10.3699
G1 X9.8429 Y10.2706
G1 X9.7017 Y10.1722
G1 X9.5532 Y10.0734
G1 X9.4022 Y9.9774
G1 X9.2422 Y9.8802
G1 X9.2422 Y9.8800
G1 X9.0793 Y9.7850
G1 X9.0793 Y9.7852
G1 X8.9072 Y9.6892
G1 X8.9072 Y9.6890
G1 X8.7318 Y9.5948
G1 X8.7318 Y9.5950
G1 X8.5490 Y9.5005
G1 X8.3585 Y9.4057
G1 X8.1640 Y9.3123
G1 X7.9617 Y9.2186
G1 X7.7521 Y9.1245
G1 X7.4768 Y9.0015
G1 X7.2257 Y8.8866
G1 X7.0039 Y8.7824
G1 X6.8162 Y8.6910
G1 X6.6669 Y8.6146
G1 X6.5652 Y8.5581
G1 X6.5577 Y8.5536
G1 X6.5057 Y8.5179
G1 X6.4925 Y8.5069
G1 X6.4813 Y8.4935
G1 X6.4729 Y8.4786
G1 X6.4675 Y8.4622
G1 X6.4649 Y8.4450
G1 X6.4670 Y8.4207
G1 X6.4697 Y8.4081
G1 X6.4748 Y8.3915
G1 X6.4829 Y8.3762
G1 X6.4937 Y8.3627
G1 X6.5068 Y8.3514
G1 X6.5216 Y8.3427
G1 X6.5378 Y8.3368
G1 X6.5620 Y8.3338
G1 X6.7721 Y8.3350
G1 X6.8025 Y8.3296
G1 X6.8709 Y8.3078
G1 X6.9690 Y8.2705
G1 X7.0894 Y8.2206
G1 X7.2325 Y8.1581
G1 X7.3935 Y8.0850
G1 X7.3935 Y8.0851
G1 X7.5661 Y8.0048
G1 X7.5661 Y8.0046
G1 X7.7496 Y7.9170
G1 X7.9401 Y7.8242
G1 X8.1341 Y7.7277
G1 X8.3284 Y7.6294
G1 X8.5203 Y7.5302
G1 X8.7053 Y7.4325
G1 X8.8797 Y7.3381
G1 X8.8797 Y7.3380
G1 X9.0433 Y7.2468
G1 X9.0433 Y7.2469
G1 X9.1875 Y7.1635
G1 X9.4752 Y6.9864
G1 X9.7472 Y6.8043
G1 X10.0020 Y6.6180
G1 X10.2346 Y6.4316
G1 X10.4556 Y6.2368
G1 X10.6564 Y6.0409
G1 X10.8431 Y5.8378
G1 X11.0097 Y5.6343
G1 X11.1632 Y5.4218
G1 X11.2961 Y5.2111
G1 X11.4135 Y4.9943
G1 X11.5152 Y4.7718
G1 X11.6003 Y4.5455
G1 X11.6689 Y4.3153
G1 X11.7214 Y4.0797
G1 X11.7576 Y3.8403
G1 X11.7704 Y3.5808
G1 X11.7501 Y3.3295
G1 X11.6991 Y3.0932
G1 X11.6191 Y2.8726
G1 X11.5140 Y2.6768
G1 X11.3860 Y2.5091
G1 X11.2376 Y2.3735
G1 X11.0712 Y2.2737
G1 X10.8639 Y2.2034
G1 X10.5982 Y2.1548
G1 X10.2872 Y2.1292
G1 X9.9454 Y2.1273
G1 X9.5941 Y2.1485
G1 X9.2384 Y2.1930
G1 X8.8932 Y2.2605
G1 X8.5789 Y2.3490
G1 X8.3448 Y2.4388
G1 X8.1062 Y2.5537
G1 X7.8616 Y2.6932
G1 X7.6143 Y2.8556
G1 X7.3694 Y3.0366
G1 X7.1198 Y3.2413
G1 X6.8766 Y3.4603
G1 X6.6375 Y3.6960
G1 X6.4002 Y3.9499
G1 X6.1732 Y4.2133
G1 X5.9543 Y4.4889
G1 X5.7421 Y4.7790
G1 X5.5446 Y5.0731
G1 X5.3590 Y5.3758
G1 X5.1881 Y5.6838
G1 X5.0311 Y5.9994
G1 X4.9161 Y6.2381
G1 X4.8139 Y6.4356
G1 X4.7245 Y6.5912
G1 X4.6537 Y6.6967
G1 X4.6447 Y6.7081
G1 X4.5889 Y6.7687
G1 X4.5762 Y6.7803
G1 X4.5613 Y6.7894
G1 X4.5533 Y6.7929
G1 X4.5130 Y6.8081
G1 X4.4963 Y6.8128
G1 X4.4791 Y6.8143
G1 X4.4619 Y6.8126
G1 X4.4452 Y6.8078
G1 X4.4298 Y6.8000
G1 X4.4160 Y6.7895
G1 X4.4063 Y6.7794
G1 X4.3818 Y6.7489
G1 X4.3723 Y6.7344
G1 X4.3656 Y6.7185
G1 X4.3617 Y6.6998
G1 X4.3538 Y6.6265
G1 X4.3457 Y6.5794
G1 X4.3206 Y6.5048
G1 X4.2790 Y6.4051
G1 X4.2192 Y6.2776
G1 X4.1482 Y6.1369
G1 X4.0637 Y5.9776
G1 X3.9709 Y5.8093
G1 X3.8687 Y5.6301
G1 X3.7615 Y5.4476
G1 X3.6488 Y5.2613
G1 X3.5336 Y5.0757
G1 X3.4165 Y4.8925
G1 X3.3017 Y4.7182
G1 X3.1876 Y4.5510
G1 X3.0800 Y4.3994
G1 X2.9759 Y4.2602
G1 X2.7717 Y4.0067
G1 X2.5571 Y3.7638
G1 X2.3408 Y3.5410
G1 X2.1160 Y3.3316
G1 X1.8880 Y3.1396
G1 X1.6548 Y2.9636
G1 X1.4172 Y2.8041
G1 X1.1769 Y2.6622
G1 X0.9310 Y2.5360
G1 X0.6820 Y2.4267
G1 X0.4267 Y2.3334
G1 X0.1741 Y2.2588
G1 X-0.0862 Y2.2002
G1 X-0.3455 Y2.1596
G1 X-0.6098 Y2.1361
G1 X-0.8748 Y2.1302
G1 X-1.2019 Y2.1420
G1 X-1.5208 Y2.1677
G1 X-1.7909 Y2.2032
G1 X-1.9670 Y2.2425
G1 X-2.0679 Y2.2864
G1 X-2.1628 Y2.3498
G1 X-2.2499 Y2.4311
G1 X-2.3305 Y2.5320
G1 X-2.4024 Y2.6488
G1 X-2.4666 Y2.7843
G1 X-2.5199 Y2.9318
G1 X-2.5632 Y3.0933
G1 X-2.5954 Y3.2647
G1 X-2.6169 Y3.4501
G1 X-2.6264 Y3.6428
G1 X-2.6237 Y3.8367
G1 X-2.6080 Y4.0453
G1 X-2.5799 Y4.2514
G1 X-2.5061 Y4.2369
G1 X-2.4654 Y4.4437
G1 X-2.4115 Y4.6498
G1 X-2.3713 Y4.7675
G1 X-2.3194 Y4.8882
G1 X-2.2709 Y4.9838
G1 X-2.2731 Y4.9754
G1 X-2.2758 Y4.9582
G1 X-2.2766 Y4.9452
G1 X-2.2763 Y4.9280
G1 X-2.2747 Y4.9135
G1 X-2.2710 Y4.8966
G1 X-2.2672 Y4.8842
G1 X-2.2607 Y4.8682
G1 X-2.2540 Y4.8556
G1 X-2.2446 Y4.8411
G1 X-2.2358 Y4.8299
G1 X-2.2239 Y4.8175
G1 X-2.2138 Y4.8088
G1 X-2.1999 Y4.7986
G1 X-2.1881 Y4.7916
G1 X-2.1725 Y4.7841
G1 X-2.1588 Y4.7790
G1 X-2.1421 Y4.7747
G1 X-2.1289 Y4.7727
G1 X-2.1117 Y4.7713
G1 X-2.0985 Y4.7715
G1 X-2.0813 Y4.7733
G1 X-2.0672 Y4.7762
G1 X-2.0455 Y4.7830
G1 X-1.8652 Y4.8544
G1 X-1.8497 Y4.8623
G1 X-1.8378 Y4.8697
G1 X-1.8241 Y4.8802
G1 X-1.8144 Y4.8893
G1 X-1.8028 Y4.9021
G1 X-1.7942 Y4.9133
G1 X-1.7852 Y4.9281
G1 X-1.7789 Y4.9410
G1 X-1.7729 Y4.9571
G1 X-1.7694 Y4.9697
G1 X-1.7662 Y4.9867
G1 X-1.7649 Y5.0005
G1 X-1.7649 Y5.0177
G1 X-1.7662 Y5.0316
G1 X-1.7694 Y5.0486
G1 X-1.7727 Y5.0609
G1 X-1.7803 Y5.0809
G1 X-1.8332 Y5.1927
G1 X-1.8419 Y5.2074
G1 X-1.8499 Y5.2184
G1 X-1.8612 Y5.2315
G1 X-1.8711 Y5.2410
G1 X-1.8846 Y5.2519
G1 X-1.8962 Y5.2595
G1 X-1.9115 Y5.2676
G1 X-1.9247 Y5.2732
G1 X-1.9412 Y5.2782
G1 X-1.9544 Y5.2809
G1 X-1.9717 Y5.2831
G1 X-1.9855 Y5.2834
G1 X-2.0027 Y5.2823
G1 X-2.0159 Y5.2803
G1 X-2.0326 Y5.2762
G1 X-2.0461 Y5.2713
G1 X-2.0619 Y5.2640
G1 X-2.0740 Y5.2569
G1 X-2.0880 Y5.2469
G1 X-2.0997 Y5.2366
G1 X-2.1150 Y5.2198
G1 X-2.1206 Y5.2128
G1 X-2.2249 Y5.0668
G1 X-2.1769 Y5.1492
G1 X-2.1763 Y5.1502
G1 X-2.0896 Y5.2838
G1 X-1.9874 Y5.4274
G1 X-1.8796 Y5.5666
G1 X-1.7587 Y5.7114
G1 X-1.6328 Y5.8520
G1 X-1.6211 Y5.8643
G1 X-1.6247 Y5.8585
G1 X-1.6308 Y5.8467
G1 X-1.6373 Y5.8307
G1 X-1.6413 Y5.8170
G1 X-1.6446 Y5.8001
G1 X-1.6461 Y5.7869
G1 X-1.6464 Y5.7697
G1 X-1.6454 Y5.7559
G1 X-1.6425 Y5.7387
G1 X-1.6387 Y5.7247
G1 X-1.6326 Y5.7086
G1 X-1.6269 Y5.6965
G1 X-1.6180 Y5.6816
G1 X-1.6099 Y5.6705
G1 X-1.5986 Y5.6577
G1 X-1.5883 Y5.6478
G1 X-1.5746 Y5.6371
G1 X-1.5631 Y5.6298
G1 X-1.5479 Y5.6218
G1 X-1.5353 Y5.6166
G1 X-1.5187 Y5.6115
G1 X-1.5049 Y5.6086
G1 X-1.4877 Y5.6067
G1 X-1.4745 Y5.6066
G1 X-1.4573 Y5.6077
G1 X-1.4428 Y5.6101
G1 X-1.4261 Y5.6145
G1 X-1.4140 Y5.6188
G1 X-1.3933 Y5.6287
G1 X-1.1195 Y5.7863
G1 X-1.1054 Y5.7961
G1 X-1.0946 Y5.8054
G1 X-1.0825 Y5.8178
G1 X-1.0737 Y5.8286
G1 X-1.0642 Y5.8429
G1 X-1.0576 Y5.8549
G1 X-1.0508 Y5.8708
G1 X-1.0466 Y5.8840
G1 X-1.0427 Y5.9009
G1 X-1.0410 Y5.9147
G1 X-1.0403 Y5.9321
G1 X-1.0411 Y5.9459
G1 X-1.0437 Y5.9629
G1 X-1.0470 Y5.9766
G1 X-1.0528 Y5.9930
G1 X-1.0581 Y6.0051
G1 X-1.0666 Y6.0200
G1 X-1.0758 Y6.0329
G1 X-1.0905 Y6.0495
G1 X-1.0968 Y6.0559
G1 X-1.1496 Y6.1025
G1 X-1.1637 Y6.1128
G1 X-1.1759 Y6.1202
G1 X-1.1915 Y6.1276
G1 X-1.2038 Y6.1323
G1 X-1.2203 Y6.1369
G1 X-1.2343 Y6.1394
G1 X-1.2517 Y6.1408
G1 X-1.2655 Y6.1407
G1 X-1.2827 Y6.1390
G1 X-1.2966 Y6.1362
G1 X-1.3131 Y6.1313
G1 X-1.3258 Y6.1262
G1 X-1.3411 Y6.1184
G1 X-1.3519 Y6.1117
G1 X-1.3694 Y6.0982
G1 X-1.5591 Y5.9290
G1 X-1.4956 Y5.9954
G1 X-1.3521 Y6.1358
G1 X-1.2082 Y6.2678
G1 X-1.0529 Y6.4015
G1 X-0.8977 Y6.5265
G1 X-0.7348 Y6.6489
G1 X-0.5681 Y6.7648
G1 X-0.3838 Y6.8847
G1 X-0.3838 Y6.8849
G1 X-0.1847 Y7.0073
G1 X0.0322 Y7.1347
G1 X0.0322 Y7.1346
G1 X0.2605 Y7.2633
G1 X0.4942 Y7.3905
G1 X0.7323 Y7.5156
G1 X0.9718 Y7.6371
G1 X1.2058 Y7.7519
G1 X1.4367 Y7.8609
G1 X1.6539 Y7.9591
G1 X1.8560 Y8.0462
G1 X1.8566 Y8.0463
G1 X2.0472 Y8.1234
G1 X2.2100 Y8.1835
G1 X2.3527 Y8.2297
G1 X2.4593 Y8.2569
G1 X2.5472 Y8.2690
G1 X2.5640 Y8.2728
G1 X2.5774 Y8.2772
G1 X2.5932 Y8.2841
G1 X2.6055 Y8.2908
G1 X2.6197 Y8.3005
G1 X2.6305 Y8.3093
G1 X2.6429 Y8.3215
G1 X2.6518 Y8.3320
G1 X2.6616 Y8.3462
G1 X2.6686 Y8.3586
G1 X2.6756 Y8.3743
G1 X2.6799 Y8.3868
G1 X2.6841 Y8.4034
G1 X2.6862 Y8.4175
G1 X2.6871 Y8.4346
G1 X2.6866 Y8.4485
G1 X2.6844 Y8.4656
G1 X2.6813 Y8.4789
G1 X2.6761 Y8.4953
G1 X2.6704 Y8.5086
G1 X2.6570 Y8.5321
G1 X2.5647 Y8.6643
G1 X2.5536 Y8.6775
G1 X2.5439 Y8.6871
G1 X2.5305 Y8.6980
G1 X2.5177 Y8.7064
G1 X2.4990 Y8.7163
G1 X2.4910 Y8.7200
G1 X2.1664 Y8.8452
G1 X2.1664 Y8.8451
G1 X1.8548 Y8.9705
G1 X1.5559 Y9.0963
G1 X1.2681 Y9.2234
G1 X0.9872 Y9.3532
G1 X0.7231 Y9.4815
G1 X0.4636 Y9.6141
G1 X0.2180 Y9.7462
G1 X-0.0169 Y9.8796
G1 X-0.2387 Y10.0131
G1 X-0.4516 Y10.1487
G1 X-0.6539 Y10.2857
G1 X-0.8451 Y10.4237
G1 X-1.0284 Y10.5651
G1 X-1.1955 Y10.7030
G1 X-1.3591 Y10.8483
G1 X-1.5074 Y10.9907
G1 X-1.6447 Y11.1334
G1 X-1.7770 Y11.2831
G1 X-1.8921 Y11.4260
G1 X-2.0024 Y11.5769
G1 X-2.1023 Y11.7289
G1 X-2.1890 Y11.8764
G1 X-2.2707 Y12.0341
G1 X-2.3391 Y12.1866
G1 X-2.3994 Y12.3433
G1 X-2.4509 Y12.5032
G1 X-2.4929 Y12.6658
G1 X-2.5242 Y12.8235
G1 X-2.5479 Y12.9920
G1 X-2.5619 Y13.1589
G1 X-2.5670 Y13.3269
G1 X-2.5600 Y13.5439
G1 X-2.5374 Y13.7422
G1 X-2.5188 Y13.8324
G1 X-2.5142 Y13.8207
G1 X-2.5064 Y13.8054
G1 X-2.4987 Y13.7935
G1 X-2.4881 Y13.7798
G1 X-2.4790 Y13.7701
G1 X-2.4661 Y13.7584
G1 X-2.4550 Y13.7500
G1 X-2.4404 Y13.7411
G1 X-2.4274 Y13.7349
G1 X-2.4112 Y13.7289
G1 X-2.3982 Y13.7254
G1 X-2.3811 Y13.7224
G1 X-2.3679 Y13.7212
G1 X-2.3508 Y13.7212
G1 X-2.3363 Y13.7225
G1 X-2.3192 Y13.7259
G1 X-2.3060 Y13.7298
G1 X-2.2900 Y13.7362
G1 X-2.2780 Y13.7421
G1 X-2.2633 Y13.7511
G1 X-2.2524 Y13.7596
G1 X-2.2350 Y13.7757
G1 X-1.9883 Y14.0460
G1 X-1.9780 Y14.0599
G1 X-1.9710 Y14.0710
G1 X-1.9632 Y14.0864
G1 X-1.9581 Y14.0995
G1 X-1.9533 Y14.1161
G1 X-1.9508 Y14.1292
G1 X-1.9491 Y14.1465
G1 X-1.9491 Y14.1609
G1 X-1.9506 Y14.1783
G1 X-1.9530 Y14.1916
G1 X-1.9576 Y14.2082
G1 X-1.9638 Y14.2237
G1 X-1.9758 Y14.2458
G1 X-1.9814 Y14.2545
G1 X-2.0318 Y14.3230
G1 X-2.0433 Y14.3358
G1 X-2.0533 Y14.3452
G1 X-2.0670 Y14.3559
G1 X-2.0784 Y14.3632
G1 X-2.0937 Y14.3712
G1 X-2.1070 Y14.3766
G1 X-2.1235 Y14.3815
G1 X-2.1367 Y14.3843
G1 X-2.1539 Y14.3861
G1 X-2.1677 Y14.3863
G1 X-2.1849 Y14.3850
G1 X-2.1981 Y14.3829
G1 X-2.2148 Y14.3787
G1 X-2.2285 Y14.3735
G1 X-2.2441 Y14.3661
G1 X-2.2554 Y14.3594
G1 X-2.2694 Y14.3494
G1 X-2.2803 Y14.3400
G1 X-2.2922 Y14.3274
G1 X-2.2992 Y14.3188
G1 X-2.3090 Y14.3043
G1 X-2.4585 Y14.0542
G1 X-2.4484 Y14.0856
G1 X-2.3837 Y14.2291
G1 X-2.3044 Y14.3576
G1 X-2.2132 Y14.4686
G1 X-2.1071 Y14.5661
G1 X-1.9852 Y14.6503
G1 X-1.8477 Y14.7210
G1 X-1.6947 Y14.7772
G1 X-1.5202 Y14.8203
G1 X-1.4754 Y14.8270
G1 X-1.6653 Y14.7611
G1 X-1.6811 Y14.7539
G1 X-1.6930 Y14.7472
G1 X-1.7071 Y14.7374
G1 X-1.7177 Y14.7285
G1 X-1.7298 Y14.7162
G1 X-1.7380 Y14.7062
G1 X-1.7499 Y14.6887
G1 X-1.8160 Y14.5738
G1 X-1.8233 Y14.5580
G1 X-1.8283 Y14.5445
G1 X-1.8324 Y14.5278
G1 X-1.8343 Y14.5146
G1 X-1.8354 Y14.4974
G1 X-1.8351 Y14.4835
G1 X-1.8330 Y14.4663
G1 X-1.8303 Y14.4531
G1 X-1.8253 Y14.4366
G1 X-1.8197 Y14.4234
G1 X-1.8115 Y14.4081
G1 X-1.8036 Y14.3962
G1 X-1.7928 Y14.3828
G1 X-1.7840 Y14.3735
G1 X-1.7710 Y14.3621
G1 X-1.7595 Y14.3538
G1 X-1.7447 Y14.3451
G1 X-1.7321 Y14.3392
G1 X-1.7159 Y14.3333
G1 X-1.7021 Y14.3296
G1 X-1.6850 Y14.3269
G1 X-1.6718 Y14.3261
G1 X-1.6544 Y14.3264
G1 X-1.6390 Y14.3284
G1 X-1.6190 Y14.3330
G1 X-1.6113 Y14.3351
G1 X-1.2897 Y14.4466
G1 X-1.2739 Y14.4537
G1 X-1.2620 Y14.4604
G1 X-1.2479 Y14.4703
G1 X-1.2373 Y14.4792
G1 X-1.2253 Y14.4915
G1 X-1.2170 Y14.5015
G1 X-1.2050 Y14.5190
G1 X-1.1390 Y14.6339
G1 X-1.1316 Y14.6497
G1 X-1.1268 Y14.6632
G1 X-1.1226 Y14.6799
G1 X-1.1207 Y14.6932
G1 X-1.1195 Y14.7103
G1 X-1.1199 Y14.7242
G1 X-1.1220 Y14.7413
G1 X-1.1247 Y14.7546
G1 X-1.1298 Y14.7711
G1 X-1.1353 Y14.7843
G1 X-1.1434 Y14.7996
G1 X-1.1514 Y14.8115
G1 X-1.1622 Y14.8249
G1 X-1.1710 Y14.8341
G1 X-1.1840 Y14.8456
G1 X-1.1955 Y14.8539
G1 X-1.1998 Y14.8564
G1 X-1.1210 Y14.8613
G1 X-0.8928 Y14.8585
G1 X-0.6476 Y14.8402
G1 X-0.4887 Y14.8193
G1 X-0.3243 Y14.7901
G1 X-0.1504 Y14.7517
G1 X0.0263 Y14.7060
G1 X0.2033 Y14.6538
G1 X0.3895 Y14.5925
G1 X0.5679 Y14.5279
G1 X0.7452 Y14.4576
G1 X0.9258 Y14.3799
G1 X1.0921 Y14.3024
G1 X1.2603 Y14.2173
G1 X1.4150 Y14.1326
G1 X1.5646 Y14.0432
G1 X1.6969 Y13.9566
G1 X1.8215 Y13.8660
G1 X1.9303 Y13.7774
G1 X2.0786 Y13.6376
G1 X2.2475 Y13.4596
G1 X2.4245 Y13.2574
G1 X2.6153 Y13.0257
G1 X2.8132 Y12.7735
G1 X3.0111 Y12.5096
G1 X3.2068 Y12.2383
G1 X3.3978 Y11.9631
G1 X3.5794 Y11.6906
G1 X3.7492 Y11.4245
G1 X3.8999 Y11.1760
G1 X4.0327 Y10.9430
G1 X4.1404 Y10.7366
G1 X4.2190 Y10.5643
G1 X4.2642 Y10.4359
G1 X4.2816 Y10.3344
G1 X4.2859 Y10.3177
G1 X4.2922 Y10.3014
G1 X4.3036 Y10.2799
G1 X4.3085 Y10.2718
G1 X4.3252 Y10.2485
G1 X4.3363 Y10.2353
G1 X4.3461 Y10.2257
G1 X4.3594 Y10.2147
G1 X4.3711 Y10.2069
G1 X4.3862 Y10.1987
G1 X4.3989 Y10.1931
G1 X4.4154 Y10.1876
G1 X4.4291 Y10.1846
G1 X4.4461 Y10.1824
G1 X4.4600 Y10.1817
G1 X4.4773 Y10.1827
G1 X4.4905 Y10.1846
G1 X4.5073 Y10.1886
G1 X4.5205 Y10.1931
G1 X4.5362 Y10.2000
G1 X4.5458 Y10.2053
G1 X4.5588 Y10.2136
G1 X4.5949 Y10.2397
G1 X4.6021 Y10.2456
G1 X4.6184 Y10.2607
G1 X4.6242 Y10.2669
G1 X4.6897 Y10.3440
G1 X4.7690 Y10.4531
G1 X4.8631 Y10.5938
G1 X4.9697 Y10.7635
G1 X5.0868 Y10.9584
G1 X5.2112 Y11.1737
G1 X5.3128 Y11.3515
G1 X5.3135 Y11.3529
G1 X5.4112 Y11.5207
G1 X5.5085 Y11.6844
G1 X5.6043 Y11.8422
G1 X5.6986 Y11.9945
G1 X5.6985 Y11.9945
G1 X5.7908 Y12.1391
G1 X5.8831 Y12.2801
G1 X5.9727 Y12.4135
G1 X6.0622 Y12.5423
G1 X6.1506 Y12.6658
G1 X6.2386 Y12.7841
G1 X6.3266 Y12.8987
G1 X6.4126 Y13.0062
G1 X6.5003 Y13.1115
G1 X6.5853 Y13.2094
G1 X6.6728 Y13.3058
G1 X6.7581 Y13.3956
G1 X6.8447 Y13.4825
G1 X6.9349 Y13.5686
G1 X7.0194 Y13.6453
G1 X7.1093 Y13.7227
G1 X7.1991 Y13.7957
G1 X7.2890 Y13.8653
G1 X7.3810 Y13.9323
G1 X7.4719 Y13.9948
G1 X7.5685 Y14.0576
G1 X7.6641 Y14.1162
G1 X7.7628 Y14.1732
G1 X7.8608 Y14.2268
G1 X7.9633 Y14.2797
G1 X8.0698 Y14.3312
G1 X8.1766 Y14.3802
G1 X8.1877 Y14.3849
G1 X8.1863 Y14.3831
G1 X8.1766 Y14.3688
G1 X8.1701 Y14.3572
G1 X8.1630 Y14.3414
G1 X8.1586 Y14.3281
G1 X8.1546 Y14.3112
G1 X8.1527 Y14.2975
G1 X8.1519 Y14.2803
G1 X8.1526 Y14.2665
G1 X8.1549 Y14.2493
G1 X8.1580 Y14.2361
G1 X8.1633 Y14.2197
G1 X8.1691 Y14.2066
G1 X8.1775 Y14.1915
G1 X8.1866 Y14.1787
G1 X8.2017 Y14.1614
G1 X8.2084 Y14.1546
G1 X8.2843 Y14.0873
G1 X8.2982 Y14.0771
G1 X8.3096 Y14.0702
G1 X8.3252 Y14.0626
G1 X8.3389 Y14.0575
G1 X8.3556 Y14.0531
G1 X8.3680 Y14.0508
G1 X8.3852 Y14.0492
G1 X8.3999 Y14.0492
G1 X8.4170 Y14.0510
G1 X8.4309 Y14.0537
G1 X8.4474 Y14.0586
G1 X8.4598 Y14.0635
G1 X8.4753 Y14.0713
G1 X8.4864 Y14.0784
G1 X8.5043 Y14.0920
G1 X8.6648 Y14.2364
G1 X8.6766 Y14.2491
G1 X8.6850 Y14.2601
G1 X8.6943 Y14.2747
G1 X8.7005 Y14.2871
G1 X8.7068 Y14.3032
G1 X8.7107 Y14.3163
G1 X8.7140 Y14.3331
G1 X8.7155 Y14.3463
G1 X8.7158 Y14.3637
G1 X8.7147 Y14.3784
G1 X8.7117 Y14.3953
G1 X8.7080 Y14.4086
G1 X8.7019 Y14.4247
G1 X8.6961 Y14.4371
G1 X8.6871 Y14.4519
G1 X8.6791 Y14.4627
G1 X8.6677 Y14.4757
G1 X8.6573 Y14.4854
G1 X8.6439 Y14.4960
G1 X8.6321 Y14.5034
G1 X8.6166 Y14.5114
G1 X8.6044 Y14.5165
G1 X8.5878 Y14.5216
G1 X8.5733 Y14.5244
G1 X8.5561 Y14.5262
G1 X8.5429 Y14.5264
G1 X8.5307 Y14.5254
G1 X8.7828 Y14.6166
G1 X9.0719 Y14.7042
G1 X9.3528 Y14.7722
G1 X9.6202 Y14.8202
G1 X9.8756 Y14.8489
G1 X10.1172 Y14.8583
G1 X10.3434 Y14.8491
G1 X10.5539 Y14.8214
G1 X10.7468 Y14.7759
G1 X10.9212 Y14.7136
G1 X11.0766 Y14.6352
G1 X11.2139 Y14.5403
G1 X11.3306 Y14.4312
G1 X11.4302 Y14.3043
G1 X11.5120 Y14.1586
G1 X11.5939 Y13.9641
G1 X11.6536 Y13.7776
G1 X11.6898 Y13.5990
G1 X11.7029 Y13.4212
G1 X11.6942 Y13.2329
G1 X11.6622 Y13.0257
G1 X11.6070 Y12.7967
G1 X11.5269 Y12.5365
G1 X11.4805 Y12.4042
G1 X11.4341 Y12.2848
G1 X11.3818 Y12.1625
G1 X11.3251 Y12.0417
G1 X11.2637 Y11.9212
G1 X11.2007 Y11.8079
G1 X11.1293 Y11.6894
G1 X11.0573 Y11.5789
G1 X10.9778 Y11.4651
G1 X10.8986 Y11.3601
G1 X10.8100 Y11.2500
G1 X10.7199 Y11.1454
G1 X10.6204 Y11.0372
G1 X10.5213 Y10.9356
G1 X10.4115 Y10.8297
G1 X10.3023 Y10.7307
G1 X10.1831 Y10.6282
G1 X10.0620 Y10.5297
G1 X9.9323 Y10.4294
G1 X9.7999 Y10.3323
G1 X9.6587 Y10.2339
G1 X9.5129 Y10.1369
G1 X9.3632 Y10.0417
G1 X9.2033 Y9.9445
G1 X9.2023 Y9.9437
G1 X9.0439 Y9.8514
G1 X9.0427 Y9.8509
G1 X8.8706 Y9.7549
G1 X8.8694 Y9.7541
G1 X8.6987 Y9.6623
G1 X8.6973 Y9.6618
G1 X8.5144 Y9.5673
G1 X8.3259 Y9.4735
G1 X8.1323 Y9.3806
G1 X7.9301 Y9.2869
G1 X7.9301 Y9.2867
G1 X7.7214 Y9.1932
G1 X7.4454 Y9.0700
G1 X7.1937 Y8.9547
G1 X6.9711 Y8.8500
G1 X6.7820 Y8.7580
G1 X6.6305 Y8.6804
G1 X6.5258 Y8.6221
G1 X6.5152 Y8.6156
G1 X6.4576 Y8.5757
G1 X6.4444 Y8.5646
G1 X6.4347 Y8.5549
G1 X6.4236 Y8.5416
G1 X6.4157 Y8.5304
G1 X6.4073 Y8.5155
G1 X6.4014 Y8.5021
G1 X6.3961 Y8.4857
G1 X6.3932 Y8.4732
G1 X6.3906 Y8.4560
G1 X6.3900 Y8.4386
G1 X6.3920 Y8.4143
G1 X6.3935 Y8.4049
G1 X6.3977 Y8.3859
G1 X6.4029 Y8.3694
G1 X6.4085 Y8.3562
G1 X6.4165 Y8.3409
G1 X6.4242 Y8.3293
G1 X6.4350 Y8.3158
G1 X6.4445 Y8.3059
G1 X6.4576 Y8.2946
G1 X6.4686 Y8.2866
G1 X6.4834 Y8.2779
G1 X6.4960 Y8.2720
G1 X6.5122 Y8.2661
G1 X6.5284 Y8.2621
G1 X6.5526 Y8.2591
G1 X6.5625 Y8.2586
G1 X6.7654 Y8.2599
G1 X6.7846 Y8.2564
G1 X6.8442 Y8.2375
G1 X6.9422 Y8.2002
G1 X6.9422 Y8.2004
G1 X7.0593 Y8.1517
G1 X7.2024 Y8.0891
G1 X7.3625 Y8.0166
G1 X7.3633 Y8.0162
G1 X7.5330 Y7.9373
G1 X7.5336 Y7.9368
G1 X7.7166 Y7.8493
G1 X7.9071 Y7.7565
G1 X8.1002 Y7.6606
G1 X8.2939 Y7.5625
G1 X8.4852 Y7.4637
G1 X8.6694 Y7.3663
G1 X8.8424 Y7.2727
G1 X8.8431 Y7.2722
G1 X9.0067 Y7.1811
G1 X9.0076 Y7.1806
G1 X9.1497 Y7.0984
G1 X9.4333 Y6.9239
G1 X9.7053 Y6.7418
G1 X9.9551 Y6.5593
G1 X10.1877 Y6.3729
G1 X10.4031 Y6.1830
G1 X10.6010 Y5.9900
G1 X10.7866 Y5.7881
G1 X10.9501 Y5.5886
G1 X11.1006 Y5.3798
G1 X11.2324 Y5.1710
G1 X11.3457 Y4.9619
G1 X11.4461 Y4.7421
G1 X11.5287 Y4.5228
G1 X11.5964 Y4.2957
G1 X11.6474 Y4.0659
G1 X11.6826 Y3.8332
G1 X11.6952 Y3.5819
G1 X11.6756 Y3.3406
G1 X11.6266 Y3.1135
G1 X11.5502 Y2.9030
G1 X11.4509 Y2.7179
G1 X11.3504 Y2.5864
G1 X11.3511 Y2.5953
G1 X11.3509 Y2.6086
G1 X11.3492 Y2.6257
G1 X11.3465 Y2.6396
G1 X11.3415 Y2.6561
G1 X11.3362 Y2.6693
G1 X11.3282 Y2.6846
G1 X11.3212 Y2.6958
G1 X11.3107 Y2.7094
G1 X11.3006 Y2.7201
G1 X11.2876 Y2.7316
G1 X11.2771 Y2.7394
G1 X11.2625 Y2.7483
G1 X11.2502 Y2.7542
G1 X11.2340 Y2.7604
G1 X11.2203 Y2.7642
G1 X11.2033 Y2.7672
G1 X11.1892 Y2.7683
G1 X11.1665 Y2.7678
G1 X10.7899 Y2.7324
G1 X10.7729 Y2.7292
G1 X10.7597 Y2.7255
G1 X10.7436 Y2.7193
G1 X10.7311 Y2.7131
G1 X10.7164 Y2.7041
G1 X10.7058 Y2.6959
G1 X10.6929 Y2.6843
G1 X10.6830 Y2.6735
G1 X10.6726 Y2.6596
G1 X10.6667 Y2.6504
G1 X10.6581 Y2.6342
G1 X10.5926 Y2.4871
G1 X10.5870 Y2.4707
G1 X10.5838 Y2.4577
G1 X10.5813 Y2.4406
G1 X10.5805 Y2.4268
G1 X10.5811 Y2.4094
G1 X10.5829 Y2.3956
G1 X10.5867 Y2.3787
G1 X10.5910 Y2.3655
G1 X10.5979 Y2.3496
G1 X10.6047 Y2.3372
G1 X10.6144 Y2.3229
G1 X10.6231 Y2.3122
G1 X10.6353 Y2.3000
G1 X10.6453 Y2.2914
G1 X10.6595 Y2.2814
G1 X10.6719 Y2.2744
G1 X10.6876 Y2.2672
G1 X10.7005 Y2.2626
G1 X10.7172 Y2.2584
G1 X10.7312 Y2.2564
G1 X10.7344 Y2.2562
G1 X10.5882 Y2.2295
G1 X10.2826 Y2.2043
G1 X9.9493 Y2.2024
G1 X9.6008 Y2.2234
G1 X9.2507 Y2.2673
G1 X8.9102 Y2.3339
G1 X8.6019 Y2.4206
G1 X8.3755 Y2.5075
G1 X8.1398 Y2.6210
G1 X7.9014 Y2.7571
G1 X7.6579 Y2.9168
G1 X7.4152 Y3.0963
G1 X7.1675 Y3.2994
G1 X6.9295 Y3.5140
G1 X6.6903 Y3.7497
G1 X6.4551 Y4.0012
G1 X6.2320 Y4.2602
G1 X6.0131 Y4.5357
G1 X5.8027 Y4.8234
G1 X5.6086 Y5.1126
G1 X5.4232 Y5.4151
G1 X5.2546 Y5.7187
G1 X5.0990 Y6.0320
G1 X4.9830 Y6.2726
G1 X4.8792 Y6.4730
G1 X4.7869 Y6.6331
G1 X4.7127 Y6.7434
G1 X4.7000 Y6.7589
G1 X4.6395 Y6.8242
G1 X4.6268 Y6.8358
G1 X4.6155 Y6.8444
G1 X4.6007 Y6.8535
G1 X4.5911 Y6.8584
G1 X4.5800 Y6.8632
G1 X4.5330 Y6.8806
G1 X4.5164 Y6.8852
G1 X4.5033 Y6.8876
G1 X4.4861 Y6.8891
G1 X4.4714 Y6.8891
G1 X4.4543 Y6.8874
G1 X4.4412 Y6.8849
G1 X4.4245 Y6.8801
G1 X4.4113 Y6.8750
G1 X4.3959 Y6.8672
G1 X4.3839 Y6.8597
G1 X4.3702 Y6.8492
G1 X4.3617 Y6.8414
G1 X4.3478 Y6.8266
G1 X4.3192 Y6.7903
G1 X4.3096 Y6.7759
G1 X4.3029 Y6.7636
G1 X4.2962 Y6.7477
G1 X4.2921 Y6.7341
G1 X4.2868 Y6.7078
G1 X4.2794 Y6.6379
G1 X4.2725 Y6.5979
G1 X4.2499 Y6.5306
G1 X4.2109 Y6.4370
G1 X4.1521 Y6.3114
G1 X4.0811 Y6.1708
G1 X4.0812 Y6.1708
G1 X3.9980 Y6.0138
G1 X3.9978 Y6.0138
G1 X3.9050 Y5.8456
G1 X3.8040 Y5.6682
G1 X3.6972 Y5.4864
G1 X3.5850 Y5.3009
G1 X3.4704 Y5.1163
G1 X3.4702 Y5.1163
G1 X3.3536 Y4.9339
G1 X3.2388 Y4.7596
G1 X3.2390 Y4.7596
G1 X3.1263 Y4.5945
G1 X3.0192 Y4.4437
G1 X2.9174 Y4.3073
G1 X2.7154 Y4.0565
G1 X2.5015 Y3.8146
G1 X2.2895 Y3.5961
G1 X2.0648 Y3.3866
G1 X1.8427 Y3.1996
G1 X1.6100 Y3.0239
G1 X1.3783 Y2.8685
G1 X1.1402 Y2.7277
G1 X0.9000 Y2.6046
G1 X0.6539 Y2.4965
G1 X0.4025 Y2.4047
G1 X0.3669 Y2.3940
G1 X0.4749 Y2.4316
G1 X0.4907 Y2.4388
G1 X0.5026 Y2.4454
G1 X0.5168 Y2.4553
G1 X0.5273 Y2.4642
G1 X0.5394 Y2.4765
G1 X0.5477 Y2.4865
G1 X0.5596 Y2.5040
G1 X0.6256 Y2.6189
G1 X0.6330 Y2.6346
G1 X0.6379 Y2.6482
G1 X0.6420 Y2.6649
G1 X0.6439 Y2.6781
G1 X0.6451 Y2.6953
G1 X0.6447 Y2.7091
G1 X0.6427 Y2.7263
G1 X0.6400 Y2.7395
G1 X0.6349 Y2.7561
G1 X0.6293 Y2.7693
G1 X0.6212 Y2.7846
G1 X0.6132 Y2.7965
G1 X0.6024 Y2.8099
G1 X0.5937 Y2.8191
G1 X0.5806 Y2.8306
G1 X0.5692 Y2.8388
G1 X0.5543 Y2.8476
G1 X0.5418 Y2.8535
G1 X0.5256 Y2.8594
G1 X0.5117 Y2.8630
G1 X0.4947 Y2.8657
G1 X0.4815 Y2.8665
G1 X0.4641 Y2.8662
G1 X0.4487 Y2.8643
G1 X0.4286 Y2.8597
G1 X0.4210 Y2.8576
G1 X0.2851 Y2.8105
G1 X0.3754 Y2.8430
G1 X0.7084 Y2.9844
G1 X0.9385 Y3.1057
G1 X1.1815 Y3.2625
G1 X1.4331 Y3.4495
G1 X1.6886 Y3.6628
G1 X1.9426 Y3.8968
G1 X2.1900 Y4.1477
G1 X2.4253 Y4.4101
G1 X2.6415 Y4.6786
G1 X2.7504 Y4.8277
G1 X2.8625 Y4.9920
G1 X2.9768 Y5.1691
G1 X3.0918 Y5.3567
G1 X3.2064 Y5.5520
G1 X3.3197 Y5.7527
G1 X3.4300 Y5.9559
G1 X3.5360 Y6.1594
G1 X3.6364 Y6.3608
G1 X3.7299 Y6.5569
G1 X3.8158 Y6.7459
G1 X3.8919 Y6.9254
G1 X3.9571 Y7.0928
G1 X4.0110 Y7.2471
G1 X4.0514 Y7.3873
G1 X4.0753 Y7.5030
G1 X4.1465 Y7.9768
G1 X4.1474 Y7.9940
G1 X4.1469 Y8.0078
G1 X4.1447 Y8.0250
G1 X4.1417 Y8.0382
G1 X4.1365 Y8.0546
G1 X4.1312 Y8.0670
G1 X4.1231 Y8.0823
G1 X4.1151 Y8.0942
G1 X4.1043 Y8.1076
G1 X4.0947 Y8.1175
G1 X4.0815 Y8.1287
G1 X4.0701 Y8.1369
G1 X4.0551 Y8.1455
G1 X4.0434 Y8.1509
G1 X4.0271 Y8.1567
G1 X4.0125 Y8.1604
G1 X3.9953 Y8.1630
G1 X3.9808 Y8.1638
G1 X3.9604 Y8.1628
G1 X3.9523 Y8.1620
G1 X3.4563 Y8.0842
G1 X3.1951 Y8.0347
G1 X2.9196 Y7.9668
G1 X2.6318 Y7.8823
G1 X2.3349 Y7.7821
G1 X2.0312 Y7.6682
G1 X1.7231 Y7.5420
G1 X1.4136 Y7.4042
G1 X1.1053 Y7.2566
G1 X0.8010 Y7.1005
G1 X0.5033 Y6.9372
G1 X0.2152 Y6.7682
G1 X-0.0611 Y6.5946
G1 X-0.3224 Y6.4178
G1 X-0.5662 Y6.2386
G1 X-0.7903 Y6.0581
G1 X-0.9935 Y5.8752
G1 X-1.2170 Y5.6376
G1 X-1.4281 Y5.3683
G1 X-1.6225 Y5.0771
G1 X-1.7950 Y4.7744
G1 X-1.9403 Y4.4697
G1 X-2.0487 Y4.1853
G1 X-2.0528 Y4.1720
G1 X-2.1226 Y3.9074
G1 X-2.1259 Y3.8878
G1 X-2.1499 Y3.6618
G1 X-2.1502 Y3.6527
G1 X-2.1499 Y3.6303
G1 X-2.1492 Y3.6213
G1 X-2.1112 Y3.3398
G1 X-2.1074 Y3.3231
G1 X-2.1042 Y3.3128
G1 X-2.0982 Y3.2979
G1 X-1.9847 Y3.0542
G1 X-1.9759 Y3.0392
G1 X-1.9694 Y3.0300
G1 X-1.9588 Y3.0169
G1 X-1.7764 Y2.8196
G1 X-1.7689 Y2.8126
G1 X-1.7492 Y2.7963
G1 X-1.7409 Y2.7905
G1 X-1.4880 Y2.6346
G1 X-1.4799 Y2.6302
G1 X-1.4593 Y2.6208
G1 X-1.4511 Y2.6177
G1 X-1.2845 Y2.5645
G1 X-1.2590 Y2.5592
G1 X-1.0586 Y2.5361
G1 X-1.0408 Y2.5357
G1 X-0.8126 Y2.5414
G1 X-0.7979 Y2.5425
G1 X-0.5323 Y2.5777
G1 X-0.2460 Y2.6401
G1 X0.0576 Y2.7287
G1 X0.0793 Y2.7365
G1 X0.0716 Y2.7322
G1 X0.0575 Y2.7224
G1 X0.0470 Y2.7135
G1 X0.0349 Y2.7012
G1 X0.0266 Y2.6911
G1 X0.0147 Y2.6737
G1 X-0.0514 Y2.5588
G1 X-0.0587 Y2.5430
G1 X-0.0637 Y2.5294
G1 X-0.0678 Y2.5128
G1 X-0.0697 Y2.4995
G1 X-0.0708 Y2.4824
G1 X-0.0705 Y2.4685
G1 X-0.0684 Y2.4513
G1 X-0.0657 Y2.4381
G1 X-0.0606 Y2.4215
G1 X-0.0550 Y2.4084
G1 X-0.0469 Y2.3931
G1 X-0.0390 Y2.3811
G1 X-0.0281 Y2.3678
G1 X-0.0194 Y2.3585
G1 X-0.0063 Y2.3471
G1 X0.0051 Y2.3388
G1 X0.0199 Y2.3301
G1 X0.0325 Y2.3242
G1 X0.0487 Y2.3183
G1 X0.0626 Y2.3146
G1 X0.0726 Y2.3130
G1 X-0.1001 Y2.2742
G1 X-0.3543 Y2.2344
G1 X-0.6159 Y2.2110
G1 X-0.8737 Y2.2052
G1 X-1.1966 Y2.2169
G1 X-1.5143 Y2.2427
G1 X-1.7773 Y2.2772
G1 X-1.9437 Y2.3143
G1 X-2.0318 Y2.3528
G1 X-2.1159 Y2.4088
G1 X-2.1946 Y2.4825
G1 X-2.2689 Y2.5755
G1 X-2.3363 Y2.6846
G1 X-2.3972 Y2.8134
G1 X-2.4359 Y2.9203
G1 X-2.2335 Y2.7405
G1 X-2.2194 Y2.7303
G1 X-2.2086 Y2.7238
G1 X-2.1932 Y2.7161
G1 X-2.1792 Y2.7109
G1 X-2.1625 Y2.7064
G1 X-2.1501 Y2.7042
G1 X-2.1329 Y2.7026
G1 X-2.1182 Y2.7026
G1 X-2.1011 Y2.7044
G1 X-2.0872 Y2.7071
G1 X-2.0706 Y2.7120
G1 X-2.0582 Y2.7170
G1 X-2.0428 Y2.7247
G1 X-2.0308 Y2.7322
G1 X-2.0172 Y2.7427
G1 X-2.0071 Y2.7521
G1 X-1.9956 Y2.7650
G1 X-1.9874 Y2.7757
G1 X-1.9783 Y2.7903
G1 X-1.9721 Y2.8031
G1 X-1.9659 Y2.8193
G1 X-1.9621 Y2.8329
G1 X-1.9591 Y2.8498
G1 X-1.9580 Y2.8630
G1 X-1.9580 Y2.8804
G1 X-1.9592 Y2.8942
G1 X-1.9624 Y2.9113
G1 X-1.9658 Y2.9237
G1 X-1.9720 Y2.9396
G1 X-2.0589 Y3.1363
G1 X-2.0672 Y3.1514
G1 X-2.0749 Y3.1630
G1 X-2.0859 Y3.1764
G1 X-2.0962 Y3.1868
G1 X-2.1096 Y3.1977
G1 X-2.1204 Y3.2052
G1 X-2.1354 Y3.2136
G1 X-2.1481 Y3.2192
G1 X-2.1645 Y3.2248
G1 X-2.1754 Y3.2276
G1 X-2.1917 Y3.2304
G1 X-2.3479 Y3.2477
G1 X-2.3650 Y3.2480
G1 X-2.3789 Y3.2470
G1 X-2.3959 Y3.2442
G1 X-2.4091 Y3.2407
G1 X-2.4254 Y3.2348
G1 X-2.4378 Y3.2291
G1 X-2.4528 Y3.2203
G1 X-2.4639 Y3.2122
G1 X-2.4769 Y3.2009
G1 X-2.4868 Y3.1906
G1 X-2.4975 Y3.1771
G1 X-2.5013 Y3.1712
G1 X-2.5211 Y3.2760
G1 X-2.5417 Y3.4552
G1 X-2.5513 Y3.6465
G1 X-2.5486 Y3.8326
G1 X-2.5331 Y4.0375
G1 X-2.5061 Y4.2369
G1 X-2.4322 Y4.2225
G1 X-2.3915 Y4.4292
G1 X-2.3396 Y4.6277
G1 X-2.3006 Y4.7416
G1 X-2.2865 Y4.7742
G1 X-2.2734 Y4.7609
G1 X-2.2581 Y4.7480
G1 X-2.2382 Y4.7340
G1 X-2.2206 Y4.7238
G1 X-2.1987 Y4.7136
G1 X-2.1851 Y4.7085
G1 X-2.1776 Y4.7061
G1 X-2.1537 Y4.7004
G1 X-2.1345 Y4.6977
G1 X-2.1108 Y4.6963
G1 X-2.0909 Y4.6967
G1 X-2.0664 Y4.6996
G1 X-2.0522 Y4.7025
G1 X-2.0445 Y4.7046
G1 X-2.0178 Y4.7131
G1 X-1.8816 Y4.7672
G1 X-2.0105 Y4.4963
G1 X-2.1204 Y4.2077
G1 X-2.1256 Y4.1911
G1 X-2.1967 Y3.9201
G1 X-2.2007 Y3.8957
G1 X-2.2250 Y3.6645
G1 X-2.2253 Y3.6516
G1 X-2.2249 Y3.6249
G1 X-2.2237 Y3.6113
G1 X-2.1846 Y3.3231
G1 X-2.1801 Y3.3047
G1 X-2.1835 Y3.3051
G1 X-2.3464 Y3.3228
G1 X-2.3703 Y3.3230
G1 X-2.3914 Y3.3212
G1 X-2.4152 Y3.3169
G1 X-2.4348 Y3.3113
G1 X-2.4489 Y3.3061
G1 X-2.4666 Y3.4601
G1 X-2.4761 Y3.6504
G1 X-2.4734 Y3.8294
G1 X-2.4583 Y4.0296
G1 X-2.4322 Y4.2225
G1 X-2.3584 Y4.2080
G1 X-2.3177 Y4.4147
G1 X-2.2677 Y4.6056
G1 X-2.2508 Y4.6549
G1 X-2.2250 Y4.6431
G1 X-2.2080 Y4.6369
G1 X-2.1951 Y4.6331
G1 X-2.1642 Y4.6259
G1 X-2.1389 Y4.6226
G1 X-2.1090 Y4.6212
G1 X-2.0821 Y4.6221
G1 X-2.0514 Y4.6259
G1 X-2.0325 Y4.6299
G1 X-2.0296 Y4.6307
G1 X-2.0806 Y4.5231
G1 X-2.1924 Y4.2298
G1 X-2.1983 Y4.2102
G1 X-2.2709 Y3.9322
G1 X-2.2754 Y3.9036
G1 X-2.3001 Y3.6664
G1 X-2.3004 Y3.6504
G1 X-2.2998 Y3.6187
G1 X-2.2982 Y3.6012
G1 X-2.2692 Y3.3898
G1 X-2.3460 Y3.3979
G1 X-2.3765 Y3.3979
G1 X-2.3837 Y3.3973
G1 X-2.3915 Y3.4651
G1 X-2.4010 Y3.6542
G1 X-2.3983 Y3.8260
G1 X-2.3835 Y4.0221
G1 X-2.3584 Y4.2080
G1 X-2.2845 Y4.1935
G1 X-2.2441 Y4.3988
G1 X-2.2024 Y4.5578
G1 X-2.1741 Y4.5514
G1 X-2.1513 Y4.5485
G1 X-2.2643 Y4.2514
G1 X-2.2710 Y4.2292
G1 X-2.2892 Y4.1594
G1 X-2.2845 Y4.1935
G1 X-1.9801 Y4.1527
G1 X-2.0485 Y3.8940
G1 X-2.0511 Y3.8798
G1 X-2.0751 Y3.6539
G1 X-2.0748 Y3.6314
G1 X-2.0378 Y3.3566
G1 X-2.0340 Y3.3398
G1 X-2.0301 Y3.3295
G1 X-1.9198 Y3.0922
G1 X-1.9110 Y3.0772
G1 X-1.9035 Y3.0680
G1 X-1.7212 Y2.8707
G1 X-1.7014 Y2.8544
G1 X-1.4486 Y2.6986
G1 X-1.4280 Y2.6893
G1 X-1.2682 Y2.6378
G1 X-1.2503 Y2.6339
G1 X-1.0559 Y2.6113
G1 X-1.0427 Y2.6108
G1 X-0.8175 Y2.6163
G1 X-0.8078 Y2.6170
G1 X-0.5482 Y2.6512
G1 X-0.2670 Y2.7123
G1 X0.0322 Y2.7995
G1 X0.3462 Y2.9122
G1 X0.6734 Y3.0510
G1 X0.8978 Y3.1689
G1 X1.1367 Y3.3228
G1 X1.3850 Y3.5073
G1 X1.6377 Y3.7180
G1 X1.8891 Y3.9497
G1 X2.1340 Y4.1978
G1 X2.3667 Y4.4574
G1 X2.5810 Y4.7230
G1 X2.6883 Y4.8700
G1 X2.7993 Y5.0327
G1 X2.9126 Y5.2084
G1 X3.0270 Y5.3948
G1 X3.1410 Y5.5889
G1 X3.2536 Y5.7885
G1 X3.3633 Y5.9906
G1 X3.4687 Y6.1930
G1 X3.5686 Y6.3931
G1 X3.6615 Y6.5879
G1 X3.7466 Y6.7754
G1 X3.8218 Y6.9528
G1 X3.8861 Y7.1177
G1 X3.9388 Y7.2681
G1 X3.9778 Y7.4026
G1 X4.0010 Y7.5141
G1 X4.0714 Y7.9809
G1 X4.0723 Y7.9981
G1 X4.0701 Y8.0153
G1 X4.0648 Y8.0317
G1 X4.0567 Y8.0470
G1 X4.0459 Y8.0603
G1 X4.0327 Y8.0716
G1 X4.0177 Y8.0802
G1 X4.0015 Y8.0861
G1 X3.9843 Y8.0886
G1 X3.9639 Y8.0877
G1 X3.4702 Y8.0104
G1 X3.2131 Y7.9616
G1 X2.9408 Y7.8947
G1 X2.6559 Y7.8109
G1 X2.3613 Y7.7118
G1 X2.0597 Y7.5987
G1 X1.7537 Y7.4732
G1 X1.4461 Y7.3364
G1 X1.1397 Y7.1898
G1 X0.8372 Y7.0346
G1 X0.5413 Y6.8724
G1 X0.2551 Y6.7046
G1 X-0.0189 Y6.5324
G1 X-0.2778 Y6.3571
G1 X-0.5191 Y6.1800
G1 X-0.7400 Y6.0022
G1 X-0.9388 Y5.8237
G1 X-1.1578 Y5.5911
G1 X-1.3656 Y5.3265
G1 X-1.5572 Y5.0398
G1 X-1.7272 Y4.7420
G1 X-1.8701 Y4.4429
G1 X-1.9771 Y4.1621
G1 X-1.9801 Y4.1527
G1 X-2.0890 Y4.8481
G1 X-2.0732 Y4.8529
G1 X-1.8991 Y4.9216
G1 X-1.8836 Y4.9294
G1 X-1.8700 Y4.9399
G1 X-1.8583 Y4.9526
G1 X-1.8492 Y4.9675
G1 X-1.8432 Y4.9835
G1 X-1.8400 Y5.0005
G1 X-1.8400 Y5.0177
G1 X-1.8432 Y5.0348
G1 X-1.8485 Y5.0489
G1 X-1.8980 Y5.1544
G1 X-1.9067 Y5.1692
G1 X-1.9180 Y5.1823
G1 X-1.9316 Y5.1931
G1 X-1.9468 Y5.2012
G1 X-1.9634 Y5.2063
G1 X-1.9806 Y5.2084
G1 X-1.9977 Y5.2073
G1 X-2.0145 Y5.2031
G1 X-2.0302 Y5.1958
G1 X-2.0442 Y5.1858
G1 X-2.0595 Y5.1691
G1 X-2.1841 Y4.9948
G1 X-2.1929 Y4.9800
G1 X-2.1987 Y4.9638
G1 X-2.2014 Y4.9466
G1 X-2.2011 Y4.9294
G1 X-2.1975 Y4.9125
G1 X-2.1910 Y4.8965
G1 X-2.1816 Y4.8820
G1 X-2.1696 Y4.8696
G1 X-2.1556 Y4.8594
G1 X-2.1400 Y4.8519
G1 X-2.1233 Y4.8476
G1 X-2.1061 Y4.8463
G1 X-2.0890 Y4.8481
; Retract
G1 Z3.0400 F2540

; Path 71
; Rapid to initial position
G1 X-1.7027 Y5.0881 F2540
G1 Z0.5000
; plunge
G1 Z-2.6750 F127
; cut
G1 X-1.7124 Y5.1131 F1016
G1 X-1.7684 Y5.2308
G1 X-1.7810 Y5.2515
G1 X-1.7931 Y5.2676
G1 X-1.8088 Y5.2854
G1 X-1.8241 Y5.2997
G1 X-1.8432 Y5.3147
G1 X-1.8609 Y5.3259
G1 X-1.8822 Y5.3368
G1 X-1.9026 Y5.3451
G1 X-1.9261 Y5.3519
G1 X-1.9456 Y5.3556
G1 X-1.9462 Y5.3556
G1 X-1.9279 Y5.3814
G1 X-1.8219 Y5.5184
G1 X-1.7009 Y5.6633
G1 X-1.6965 Y5.6682
G1 X-1.6915 Y5.6580
G1 X-1.6785 Y5.6368
G1 X-1.6664 Y5.6210
G1 X-1.6505 Y5.6032
G1 X-1.6344 Y5.5885
G1 X-1.6150 Y5.5738
G1 X-1.5978 Y5.5631
G1 X-1.5768 Y5.5525
G1 X-1.5574 Y5.5447
G1 X-1.5340 Y5.5378
G1 X-1.5132 Y5.5339
G1 X-1.4887 Y5.5316
G1 X-1.4695 Y5.5316
G1 X-1.4451 Y5.5335
G1 X-1.4234 Y5.5375
G1 X-1.4009 Y5.5437
G1 X-1.3888 Y5.5480
G1 X-1.3817 Y5.5510
G1 X-1.3794 Y5.5522
G1 X-1.4907 Y5.4100
G1 X-1.6877 Y5.1143
G1 X-1.7027 Y5.0881
G1 X-1.6917 Y5.2437
G1 X-1.7041 Y5.2698
G1 X-1.7209 Y5.2967
G1 X-1.7368 Y5.3174
G1 X-1.7575 Y5.3403
G1 X-1.7778 Y5.3589
G1 X-1.8031 Y5.3784
G1 X-1.8249 Y5.3917
G1 X-1.7641 Y5.4702
G1 X-1.7001 Y5.5467
G1 X-1.6796 Y5.5284
G1 X-1.6546 Y5.5100
G1 X-1.6319 Y5.4962
G1 X-1.6048 Y5.4828
G1 X-1.5786 Y5.4726
G1 X-1.5482 Y5.4640
G1 X-1.5442 Y5.4633
G1 X-1.5533 Y5.4517
G1 X-1.6917 Y5.2437
G1 X-1.6915 Y5.3795
G1 X-1.7066 Y5.3958
G1 X-1.7184 Y5.4066
G1 X-1.7065 Y5.4220
G1 X-1.7063 Y5.4220
G1 X-1.6890 Y5.4428
G1 X-1.6652 Y5.4287
G1 X-1.6603 Y5.4264
G1 X-1.6915 Y5.3795
G1 X-1.5284 Y5.6965
G1 X-1.5132 Y5.6885
G1 X-1.4966 Y5.6834
G1 X-1.4794 Y5.6816
G1 X-1.4622 Y5.6826
G1 X-1.4455 Y5.6871
G1 X-1.4307 Y5.6940
G1 X-1.1625 Y5.8480
G1 X-1.1484 Y5.8579
G1 X-1.1363 Y5.8703
G1 X-1.1268 Y5.8846
G1 X-1.1199 Y5.9005
G1 X-1.1161 Y5.9174
G1 X-1.1154 Y5.9348
G1 X-1.1180 Y5.9518
G1 X-1.1237 Y5.9682
G1 X-1.1321 Y5.9831
G1 X-1.1468 Y5.9997
G1 X-1.1944 Y6.0420
G1 X-1.2084 Y6.0524
G1 X-1.2240 Y6.0598
G1 X-1.2405 Y6.0645
G1 X-1.2579 Y6.0659
G1 X-1.2751 Y6.0641
G1 X-1.2916 Y6.0592
G1 X-1.3069 Y6.0514
G1 X-1.3195 Y6.0420
G1 X-1.5400 Y5.8456
G1 X-1.5518 Y5.8331
G1 X-1.5610 Y5.8184
G1 X-1.5676 Y5.8024
G1 X-1.5709 Y5.7854
G1 X-1.5712 Y5.7683
G1 X-1.5684 Y5.7511
G1 X-1.5623 Y5.7350
G1 X-1.5534 Y5.7200
G1 X-1.5421 Y5.7072
G1 X-1.5284 Y5.6965
; Retract
G1 Z3.0400 F2540

; Path 72
; Rapid to initial position
G1 X-1.1708 Y6.2000 F2540
G1 Z0.5000
; plunge
G1 Z-2.6750 F127
; cut
G1 X-1.1573 Y6.2125 F1016
G1 X-1.0058 Y6.3430
G1 X-1.0039 Y6.3445
G1 X-0.8525 Y6.4663
G1 X-0.6895 Y6.5887
G1 X-0.5252 Y6.7031
G1 X-0.3428 Y6.8217
G1 X-0.3414 Y6.8228
G1 X-0.1467 Y6.9425
G1 X0.0674 Y7.0682
G1 X0.0691 Y7.0690
G1 X0.2975 Y7.1977
G1 X0.5292 Y7.3239
G1 X0.7664 Y7.4485
G1 X1.0049 Y7.5697
G1 X1.2379 Y7.6839
G1 X1.4677 Y7.7925
G1 X1.4677 Y7.7923
G1 X1.6849 Y7.8905
G1 X1.8842 Y7.9764
G1 X1.8848 Y7.9766
G1 X2.0744 Y8.0533
G1 X2.2330 Y8.1119
G1 X2.3737 Y8.1574
G1 X2.4744 Y8.1830
G1 X2.5637 Y8.1956
G1 X2.5878 Y8.2015
G1 X2.6073 Y8.2083
G1 X2.6291 Y8.2180
G1 X2.6476 Y8.2286
G1 X2.6675 Y8.2424
G1 X2.6833 Y8.2557
G1 X2.7001 Y8.2728
G1 X2.7135 Y8.2890
G1 X2.7270 Y8.3093
G1 X2.7373 Y8.3280
G1 X2.7466 Y8.3497
G1 X2.7529 Y8.3686
G1 X2.7584 Y8.3925
G1 X2.7612 Y8.4133
G1 X2.7622 Y8.4372
G1 X2.7612 Y8.4582
G1 X2.7578 Y8.4824
G1 X2.7529 Y8.5018
G1 X2.7452 Y8.5249
G1 X2.7395 Y8.5383
G1 X2.7357 Y8.5459
G1 X2.7186 Y8.5750
G1 X2.6222 Y8.7128
G1 X2.6063 Y8.7311
G1 X2.5916 Y8.7452
G1 X2.5720 Y8.7608
G1 X2.5528 Y8.7730
G1 X2.5303 Y8.7846
G1 X2.5180 Y8.7902
G1 X2.1934 Y8.9154
G1 X2.1915 Y8.9159
G1 X1.8828 Y9.0402
G1 X1.5863 Y9.1651
G1 X1.2996 Y9.2916
G1 X1.0187 Y9.4215
G1 X0.7573 Y9.5485
G1 X0.4979 Y9.6811
G1 X0.2537 Y9.8124
G1 X0.0220 Y9.9440
G1 X-0.1981 Y10.0765
G1 X-0.4112 Y10.2121
G1 X-0.6098 Y10.3467
G1 X-0.8009 Y10.4846
G1 X-0.9824 Y10.6247
G1 X-1.1462 Y10.7598
G1 X-1.3080 Y10.9035
G1 X-1.4554 Y11.0450
G1 X-1.5892 Y11.1843
G1 X-1.7207 Y11.3329
G1 X-1.8326 Y11.4718
G1 X-1.9395 Y11.6182
G1 X-2.0395 Y11.7702
G1 X-2.1222 Y11.9109
G1 X-2.2038 Y12.0687
G1 X-2.2692 Y12.2144
G1 X-2.3283 Y12.3680
G1 X-2.3496 Y12.4342
G1 X-2.3378 Y12.4305
G1 X-2.3169 Y12.4259
G1 X-2.2927 Y12.4232
G1 X-2.2732 Y12.4227
G1 X-2.2489 Y12.4242
G1 X-2.2271 Y12.4277
G1 X-2.2038 Y12.4337
G1 X-2.1851 Y12.4404
G1 X-2.1631 Y12.4506
G1 X-2.1454 Y12.4608
G1 X-2.1256 Y12.4749
G1 X-2.1100 Y12.4883
G1 X-2.0929 Y12.5058
G1 X-2.0796 Y12.5225
G1 X-2.0665 Y12.5423
G1 X-2.0568 Y12.5601
G1 X-2.0472 Y12.5827
G1 X-2.0454 Y12.5889
G1 X-2.0167 Y12.5052
G1 X-1.9024 Y12.2472
G1 X-1.7614 Y11.9880
G1 X-1.5939 Y11.7295
G1 X-1.4003 Y11.4744
G1 X-1.1813 Y11.2252
G1 X-0.9390 Y10.9859
G1 X-0.7604 Y10.8303
G1 X-0.5625 Y10.6735
G1 X-0.3482 Y10.5171
G1 X-0.1189 Y10.3614
G1 X0.1231 Y10.2074
G1 X0.3761 Y10.0557
G1 X0.6376 Y9.9079
G1 X0.9055 Y9.7650
G1 X1.1782 Y9.6276
G1 X1.4532 Y9.4973
G1 X1.7288 Y9.3750
G1 X2.0026 Y9.2619
G1 X2.2730 Y9.1593
G1 X2.5373 Y9.0680
G1 X2.7945 Y8.9886
G1 X3.0369 Y8.9247
G1 X3.3261 Y8.8557
G1 X3.5503 Y8.8056
G1 X3.7107 Y8.7773
G1 X3.7201 Y8.7764
G1 X3.5969 Y8.7331
G1 X3.5756 Y8.7230
G1 X3.5571 Y8.7122
G1 X3.5376 Y8.6979
G1 X3.5229 Y8.6850
G1 X3.5059 Y8.6673
G1 X3.4930 Y8.6507
G1 X3.4796 Y8.6306
G1 X3.4702 Y8.6124
G1 X3.4610 Y8.5905
G1 X3.4545 Y8.5699
G1 X3.4494 Y8.5459
G1 X3.4472 Y8.5254
G1 X3.4466 Y8.5010
G1 X3.4481 Y8.4803
G1 X3.4519 Y8.4566
G1 X3.4570 Y8.4372
G1 X3.4650 Y8.4145
G1 X3.4744 Y8.3944
G1 X3.4862 Y8.3743
G1 X3.4956 Y8.3609
G1 X3.5081 Y8.3452
G1 X3.6102 Y8.2314
G1 X3.6284 Y8.2147
G1 X3.6453 Y8.2020
G1 X3.6608 Y8.1924
G1 X3.4422 Y8.1581
G1 X3.1771 Y8.1078
G1 X2.8984 Y8.0388
G1 X2.6078 Y7.9536
G1 X2.3085 Y7.8525
G1 X2.0028 Y7.7377
G1 X1.6925 Y7.6108
G1 X1.3811 Y7.4720
G1 X1.0709 Y7.3235
G1 X0.7649 Y7.1664
G1 X0.4652 Y7.0020
G1 X0.1753 Y6.8319
G1 X-0.1033 Y6.6568
G1 X-0.3670 Y6.4784
G1 X-0.6133 Y6.2971
G1 X-0.8406 Y6.1140
G1 X-0.9739 Y5.9938
G1 X-0.9760 Y6.0014
G1 X-0.9841 Y6.0237
G1 X-0.9925 Y6.0420
G1 X-1.0010 Y6.0570
G1 X-1.0055 Y6.0638
G1 X-1.0195 Y6.0828
G1 X-1.0373 Y6.1027
G1 X-1.0470 Y6.1122
G1 X-1.1049 Y6.1630
G1 X-1.1251 Y6.1774
G1 X-1.1434 Y6.1880
G1 X-1.1649 Y6.1980
G1 X-1.1708 Y6.2000
G1 X-1.0449 Y6.2101
G1 X-0.9577 Y6.2852
G1 X-0.9568 Y6.2860
G1 X-0.8073 Y6.4061
G1 X-0.6444 Y6.5286
G1 X-0.4822 Y6.6413
G1 X-0.3020 Y6.7588
G1 X-0.1086 Y6.8777
G1 X0.1025 Y7.0019
G1 X0.1060 Y7.0034
G1 X0.3344 Y7.1322
G1 X0.5642 Y7.2574
G1 X0.8004 Y7.3816
G1 X1.0380 Y7.5022
G1 X1.2701 Y7.6160
G1 X1.4964 Y7.7229
G1 X1.4987 Y7.7237
G1 X1.7160 Y7.8219
G1 X1.9123 Y7.9067
G1 X1.9130 Y7.9069
G1 X2.1016 Y7.9833
G1 X2.2561 Y8.0403
G1 X2.3954 Y8.0853
G1 X2.4890 Y8.1092
G1 X2.5816 Y8.1225
G1 X2.6126 Y8.1305
G1 X2.6379 Y8.1396
G1 X2.6664 Y8.1526
G1 X2.6906 Y8.1668
G1 X2.7162 Y8.1851
G1 X2.7367 Y8.2029
G1 X2.7582 Y8.2250
G1 X2.7761 Y8.2472
G1 X2.7929 Y8.2730
G1 X2.8066 Y8.2985
G1 X2.8179 Y8.3256
G1 X2.8263 Y8.3521
G1 X2.8328 Y8.3823
G1 X2.8363 Y8.4103
G1 X2.8373 Y8.4405
G1 X2.8357 Y8.4690
G1 X2.8308 Y8.5004
G1 X2.8242 Y8.5259
G1 X2.8142 Y8.5545
G1 X2.8068 Y8.5718
G1 X2.8006 Y8.5838
G1 X2.7802 Y8.6182
G1 X2.6837 Y8.7559
G1 X2.6789 Y8.7621
G1 X2.6583 Y8.7854
G1 X2.6384 Y8.8039
G1 X2.6188 Y8.8195
G1 X2.6125 Y8.8242
G1 X2.5873 Y8.8398
G1 X2.5613 Y8.8531
G1 X2.5451 Y8.8604
G1 X2.2205 Y8.9856
G1 X2.2164 Y8.9869
G1 X1.9108 Y9.1099
G1 X1.6167 Y9.2339
G1 X1.3311 Y9.3599
G1 X1.0503 Y9.4898
G1 X0.7915 Y9.6155
G1 X0.5321 Y9.7481
G1 X0.2893 Y9.8786
G1 X0.0608 Y10.0084
G1 X-0.1575 Y10.1401
G1 X-0.3708 Y10.2757
G1 X-0.5657 Y10.4076
G1 X-0.7569 Y10.5456
G1 X-0.9364 Y10.6842
G1 X-1.0968 Y10.8166
G1 X-1.2569 Y10.9588
G1 X-1.4022 Y11.0982
G1 X-1.5337 Y11.2350
G1 X-1.6643 Y11.3827
G1 X-1.7717 Y11.5162
G1 X-1.8779 Y11.6615
G1 X-1.9766 Y11.8116
G1 X-2.0561 Y11.9470
G1 X-2.1370 Y12.1032
G1 X-2.1994 Y12.2423
G1 X-2.2408 Y12.3497
G1 X-2.2370 Y12.3500
G1 X-2.2081 Y12.3549
G1 X-2.1787 Y12.3629
G1 X-2.1534 Y12.3721
G1 X-2.1256 Y12.3855
G1 X-2.1018 Y12.3995
G1 X-2.0767 Y12.4178
G1 X-2.0647 Y12.4283
G1 X-1.9685 Y12.2112
G1 X-1.8244 Y11.9470
G1 X-1.6537 Y11.6839
G1 X-1.4568 Y11.4247
G1 X-1.2341 Y11.1717
G1 X-0.9883 Y10.9293
G1 X-0.8070 Y10.7714
G1 X-0.6068 Y10.6128
G1 X-0.3904 Y10.4549
G1 X-0.1593 Y10.2981
G1 X0.0844 Y10.1430
G1 X0.3390 Y9.9903
G1 X0.6023 Y9.8415
G1 X0.8717 Y9.6978
G1 X1.1461 Y9.5596
G1 X1.4227 Y9.4285
G1 X1.7002 Y9.3055
G1 X1.9759 Y9.1915
G1 X2.2485 Y9.0881
G1 X2.5152 Y8.9963
G1 X2.7753 Y8.9159
G1 X3.0194 Y8.8514
G1 X3.3096 Y8.7824
G1 X3.4774 Y8.7450
G1 X3.4688 Y8.7372
G1 X3.4518 Y8.7195
G1 X3.4466 Y8.7135
G1 X3.4303 Y8.6923
G1 X3.4169 Y8.6721
G1 X3.4128 Y8.6651
G1 X3.4009 Y8.6415
G1 X3.3894 Y8.6132
G1 X3.3810 Y8.5855
G1 X3.3746 Y8.5540
G1 X3.3721 Y8.5272
G1 X3.3716 Y8.4953
G1 X3.3739 Y8.4684
G1 X3.3792 Y8.4375
G1 X3.3861 Y8.4124
G1 X3.3969 Y8.3826
G1 X3.4096 Y8.3563
G1 X3.4246 Y8.3311
G1 X3.4368 Y8.3140
G1 X3.4521 Y8.2951
G1 X3.4989 Y8.2430
G1 X3.4283 Y8.2319
G1 X3.1591 Y8.1808
G1 X2.8773 Y8.1109
G1 X2.5838 Y8.0249
G1 X2.2821 Y7.9228
G1 X1.9742 Y7.8073
G1 X1.6620 Y7.6795
G1 X1.3486 Y7.5398
G1 X1.0365 Y7.3903
G1 X0.7288 Y7.2323
G1 X0.4272 Y7.0668
G1 X0.1353 Y6.8955
G1 X-0.1454 Y6.7190
G1 X-0.4115 Y6.5390
G1 X-0.6605 Y6.3557
G1 X-0.8909 Y6.1698
G1 X-0.9506 Y6.1160
G1 X-0.9635 Y6.1329
G1 X-0.9846 Y6.1563
G1 X-0.9975 Y6.1687
G1 X-1.0449 Y6.2101
; Retract
G1 Z3.0400 F2540

; Path 73
; Rapid to initial position
G1 X-0.0366 Y4.8651 F2540
G1 Z0.5000
; plunge
G1 Z-2.6750 F127
; cut
G1 X0.1803 Y4.9140 F1016
G1 X0.4367 Y4.8140
G1 X0.6177 Y4.6638
G1 X0.6807 Y4.5163
G1 X0.6477 Y4.3651
G1 X0.4992 Y4.1946
G1 X0.2817 Y4.0584
G1 X-0.0164 Y4.1380
G1 X-0.1944 Y4.2802
G1 X-0.2563 Y4.4887
G1 X-0.2048 Y4.7058
G1 X-0.0366 Y4.8651
G1 X0.0000 Y4.7962
G1 X0.1744 Y4.8355
G1 X0.3982 Y4.7483
G1 X0.5558 Y4.6177
G1 X0.6021 Y4.5089
G1 X0.5782 Y4.3996
G1 X0.4499 Y4.2524
G1 X0.2695 Y4.1394
G1 X0.0184 Y4.2064
G1 X-0.1290 Y4.3244
G1 X-0.1785 Y4.4908
G1 X-0.1368 Y4.6666
G1 X0.0000 Y4.7962
G1 X0.0486 Y4.7364
G1 X-0.0824 Y4.6194
G1 X-0.0942 Y4.6068
G1 X-0.1029 Y4.5955
G1 X-0.1122 Y4.5809
G1 X-0.1180 Y4.5693
G1 X-0.1246 Y4.5534
G1 X-0.1289 Y4.5393
G1 X-0.1322 Y4.5223
G1 X-0.1335 Y4.5093
G1 X-0.1338 Y4.4921
G1 X-0.1328 Y4.4782
G1 X-0.1300 Y4.4612
G1 X-0.1263 Y4.4474
G1 X-0.1203 Y4.4311
G1 X-0.1144 Y4.4188
G1 X-0.1055 Y4.4039
G1 X-0.0967 Y4.3920
G1 X-0.0833 Y4.3772
G1 X-0.0775 Y4.3714
G1 X0.0540 Y4.2546
G1 X0.0679 Y4.2444
G1 X0.0793 Y4.2376
G1 X0.0949 Y4.2299
G1 X0.1086 Y4.2249
G1 X0.1253 Y4.2204
G1 X0.1377 Y4.2182
G1 X0.1549 Y4.2166
G1 X0.1695 Y4.2166
G1 X0.1867 Y4.2183
G1 X0.2006 Y4.2210
G1 X0.2171 Y4.2260
G1 X0.2295 Y4.2309
G1 X0.2450 Y4.2387
G1 X0.2561 Y4.2455
G1 X0.2736 Y4.2591
G1 X0.4049 Y4.3765
G1 X0.4167 Y4.3893
G1 X0.4248 Y4.3999
G1 X0.4340 Y4.4144
G1 X0.4404 Y4.4265
G1 X0.4469 Y4.4426
G1 X0.4509 Y4.4562
G1 X0.4543 Y4.4731
G1 X0.4557 Y4.4863
G1 X0.4560 Y4.5037
G1 X0.4549 Y4.5183
G1 X0.4519 Y4.5354
G1 X0.4485 Y4.5478
G1 X0.4426 Y4.5640
G1 X0.4364 Y4.5772
G1 X0.4275 Y4.5920
G1 X0.4189 Y4.6036
G1 X0.4055 Y4.6184
G1 X0.3996 Y4.6242
G1 X0.2684 Y4.7406
G1 X0.2543 Y4.7510
G1 X0.2424 Y4.7582
G1 X0.2270 Y4.7656
G1 X0.2142 Y4.7704
G1 X0.1976 Y4.7750
G1 X0.1837 Y4.7776
G1 X0.1665 Y4.7790
G1 X0.1526 Y4.7789
G1 X0.1355 Y4.7771
G1 X0.1218 Y4.7744
G1 X0.1051 Y4.7695
G1 X0.0922 Y4.7644
G1 X0.0769 Y4.7566
G1 X0.0661 Y4.7499
G1 X0.0486 Y4.7364
G1 X0.0986 Y4.6802
G1 X-0.0275 Y4.5680
G1 X-0.0393 Y4.5554
G1 X-0.0485 Y4.5408
G1 X-0.0550 Y4.5249
G1 X-0.0584 Y4.5078
G1 X-0.0587 Y4.4906
G1 X-0.0558 Y4.4736
G1 X-0.0498 Y4.4574
G1 X-0.0409 Y4.4424
G1 X-0.0275 Y4.4276
G1 X0.0986 Y4.3153
G1 X0.1124 Y4.3051
G1 X0.1280 Y4.2974
G1 X0.1447 Y4.2930
G1 X0.1619 Y4.2914
G1 X0.1791 Y4.2932
G1 X0.1956 Y4.2980
G1 X0.2111 Y4.3059
G1 X0.2236 Y4.3153
G1 X0.3497 Y4.4276
G1 X0.3615 Y4.4403
G1 X0.3707 Y4.4548
G1 X0.3772 Y4.4709
G1 X0.3806 Y4.4878
G1 X0.3809 Y4.5051
G1 X0.3778 Y4.5222
G1 X0.3719 Y4.5384
G1 X0.3630 Y4.5532
G1 X0.3497 Y4.5680
G1 X0.2236 Y4.6802
G1 X0.2096 Y4.6905
G1 X0.1942 Y4.6980
G1 X0.1775 Y4.7026
G1 X0.1603 Y4.7041
G1 X0.1431 Y4.7023
G1 X0.1264 Y4.6974
G1 X0.1111 Y4.6896
G1 X0.0986 Y4.6802
; Retract
G1 Z3.0400 F2540

; Path 74
; Rapid to initial position
G1 X1.2264 Y3.2022 F2540
G1 Z0.5000
; plunge
G1 Z-2.6750 F127
; cut
G1 X1.4814 Y3.3917 F1016
G1 X1.7395 Y3.6075
G1 X1.9961 Y3.8440
G1 X2.2461 Y4.0975
G1 X2.4838 Y4.3630
G1 X2.7024 Y4.6342
G1 X2.8125 Y4.7854
G1 X2.9256 Y4.9512
G1 X3.0409 Y5.1298
G1 X3.1566 Y5.3187
G1 X3.2718 Y5.5151
G1 X3.3857 Y5.7169
G1 X3.4967 Y5.9212
G1 X3.6033 Y6.1259
G1 X3.7042 Y6.3285
G1 X3.7984 Y6.5258
G1 X3.8850 Y6.7166
G1 X3.9618 Y6.8980
G1 X4.0281 Y7.0680
G1 X4.0833 Y7.2262
G1 X4.1251 Y7.3722
G1 X4.1496 Y7.4918
G1 X4.2176 Y7.9460
G1 X4.3090 Y7.6656
G1 X4.3188 Y7.6433
G1 X4.3288 Y7.6259
G1 X4.3425 Y7.6059
G1 X4.3559 Y7.5899
G1 X4.3729 Y7.5729
G1 X4.3897 Y7.5590
G1 X4.4100 Y7.5453
G1 X4.4277 Y7.5358
G1 X4.4489 Y7.5264
G1 X4.4679 Y7.5197
G1 X4.4922 Y7.5140
G1 X4.5139 Y7.5109
G1 X4.5382 Y7.5100
G1 X4.5577 Y7.5109
G1 X4.5819 Y7.5143
G1 X4.6021 Y7.5191
G1 X4.6253 Y7.5267
G1 X4.6441 Y7.5351
G1 X4.6648 Y7.5464
G1 X4.6821 Y7.5582
G1 X4.7011 Y7.5738
G1 X4.7154 Y7.5881
G1 X4.7313 Y7.6069
G1 X4.7436 Y7.6250
G1 X4.7546 Y7.6442
G1 X4.7605 Y7.6557
G1 X4.8571 Y7.8768
G1 X4.8575 Y7.8709
G1 X4.8593 Y7.8584
G1 X4.8819 Y7.7400
G1 X4.8868 Y7.7207
G1 X4.9246 Y7.6009
G1 X4.9766 Y7.4291
G1 X5.0369 Y7.2248
G1 X5.1011 Y7.0050
G1 X5.1628 Y6.8158
G1 X5.2406 Y6.6157
G1 X5.3328 Y6.4066
G1 X5.4386 Y6.1894
G1 X5.5567 Y5.9661
G1 X5.6854 Y5.7387
G1 X5.8237 Y5.5083
G1 X5.9703 Y5.2773
G1 X6.1242 Y5.0477
G1 X6.2840 Y4.8210
G1 X6.4481 Y4.5997
G1 X6.6155 Y4.3851
G1 X6.7852 Y4.1795
G1 X6.9559 Y3.9853
G1 X7.1268 Y3.8033
G1 X7.3013 Y3.6322
G1 X7.5308 Y3.4361
G1 X7.7898 Y3.2472
G1 X8.0672 Y3.0710
G1 X8.3532 Y2.9114
G1 X8.6373 Y2.7744
G1 X8.8972 Y2.6711
G1 X8.9113 Y2.6663
G1 X9.1466 Y2.5980
G1 X9.1724 Y2.5930
G1 X9.3592 Y2.5691
G1 X9.5903 Y2.5425
G1 X9.7836 Y2.4784
G1 X9.8118 Y2.4720
G1 X10.0848 Y2.4308
G1 X10.1021 Y2.4298
G1 X10.1102 Y2.4298
G1 X10.1320 Y2.4314
G1 X10.1573 Y2.4351
G1 X10.1720 Y2.4381
G1 X10.4990 Y2.5279
G1 X10.5128 Y2.5329
G1 X10.5353 Y2.5427
G1 X10.5214 Y2.5113
G1 X10.5140 Y2.4886
G1 X10.5095 Y2.4688
G1 X10.5062 Y2.4450
G1 X10.5054 Y2.4241
G1 X10.5065 Y2.4000
G1 X10.5095 Y2.3791
G1 X10.5152 Y2.3555
G1 X10.5219 Y2.3358
G1 X10.5320 Y2.3133
G1 X10.5391 Y2.3009
G1 X10.2779 Y2.2794
G1 X9.9533 Y2.2776
G1 X9.6075 Y2.2984
G1 X9.2629 Y2.3416
G1 X8.9273 Y2.4073
G1 X8.6251 Y2.4922
G1 X8.4062 Y2.5762
G1 X8.1734 Y2.6883
G1 X7.9412 Y2.8208
G1 X7.7015 Y2.9781
G1 X7.4610 Y3.1560
G1 X7.2153 Y3.3575
G1 X6.9823 Y3.5676
G1 X6.7431 Y3.8033
G1 X6.5100 Y4.0527
G1 X6.2905 Y4.3073
G1 X6.0720 Y4.5824
G1 X5.8633 Y4.8678
G1 X5.6727 Y5.1519
G1 X5.4873 Y5.4544
G1 X5.3211 Y5.7535
G1 X5.1668 Y6.0646
G1 X5.0498 Y6.3071
G1 X4.9443 Y6.5106
G1 X4.8492 Y6.6751
G1 X4.7710 Y6.7910
G1 X4.7552 Y6.8101
G1 X4.6901 Y6.8797
G1 X4.6723 Y6.8957
G1 X4.6548 Y6.9086
G1 X4.6352 Y6.9203
G1 X4.6207 Y6.9275
G1 X4.6061 Y6.9337
G1 X4.5531 Y6.9530
G1 X4.5298 Y6.9592
G1 X4.5103 Y6.9624
G1 X4.4861 Y6.9643
G1 X4.4638 Y6.9640
G1 X4.4399 Y6.9613
G1 X4.4206 Y6.9571
G1 X4.3974 Y6.9503
G1 X4.3774 Y6.9422
G1 X4.3559 Y6.9309
G1 X4.3381 Y6.9194
G1 X4.3198 Y6.9049
G1 X4.3067 Y6.8928
G1 X4.2887 Y6.8732
G1 X4.2565 Y6.8317
G1 X4.2435 Y6.8118
G1 X4.2335 Y6.7927
G1 X4.2243 Y6.7697
G1 X4.2184 Y6.7488
G1 X4.2120 Y6.7157
G1 X4.2049 Y6.6489
G1 X4.1993 Y6.6159
G1 X4.1796 Y6.5570
G1 X4.1428 Y6.4690
G1 X4.0849 Y6.3453
G1 X4.0139 Y6.2047
G1 X4.0133 Y6.2029
G1 X3.9332 Y6.0519
G1 X3.9320 Y6.0501
G1 X3.8397 Y5.8829
G1 X3.7386 Y5.7054
G1 X3.7387 Y5.7054
G1 X3.6329 Y5.5252
G1 X3.5212 Y5.3405
G1 X3.4088 Y5.1594
G1 X3.4069 Y5.1568
G1 X3.2907 Y4.9752
G1 X3.1760 Y4.8010
G1 X3.1750 Y4.7992
G1 X3.0650 Y4.6380
G1 X2.9591 Y4.4886
G1 X2.9589 Y4.4887
G1 X2.8571 Y4.3524
G1 X2.6591 Y4.1063
G1 X2.4466 Y3.8660
G1 X2.2375 Y3.6504
G1 X2.0136 Y3.4417
G1 X1.7973 Y3.2596
G1 X1.5651 Y3.0843
G1 X1.3393 Y2.9328
G1 X1.1034 Y2.7933
G1 X0.8690 Y2.6732
G1 X0.6989 Y2.5984
G1 X0.7036 Y2.6089
G1 X0.7086 Y2.6224
G1 X0.7110 Y2.6301
G1 X0.7165 Y2.6541
G1 X0.7189 Y2.6732
G1 X0.7202 Y2.6970
G1 X0.7194 Y2.7180
G1 X0.7164 Y2.7415
G1 X0.7119 Y2.7616
G1 X0.7041 Y2.7854
G1 X0.6957 Y2.8046
G1 X0.6837 Y2.8263
G1 X0.6716 Y2.8438
G1 X0.6570 Y2.8616
G1 X0.6435 Y2.8754
G1 X0.7434 Y2.9180
G1 X0.9793 Y3.0425
G1 X1.2264 Y3.2022
G1 X1.2713 Y3.1418
G1 X1.5296 Y3.3341
G1 X1.7904 Y3.5523
G1 X2.0496 Y3.7912
G1 X2.3021 Y4.0474
G1 X2.5424 Y4.3159
G1 X2.7632 Y4.5900
G1 X2.8746 Y4.7430
G1 X2.9888 Y4.9104
G1 X3.1050 Y5.0905
G1 X3.2214 Y5.2806
G1 X3.3372 Y5.4782
G1 X3.4518 Y5.6811
G1 X3.5633 Y5.8865
G1 X3.6706 Y6.0923
G1 X3.7720 Y6.2960
G1 X3.8669 Y6.4948
G1 X3.9542 Y6.6873
G1 X4.0319 Y6.8708
G1 X4.0991 Y7.0432
G1 X4.1555 Y7.2056
G1 X4.1988 Y7.3571
G1 X4.2240 Y7.4807
G1 X4.2453 Y7.6236
G1 X4.2501 Y7.6130
G1 X4.2536 Y7.6059
G1 X4.2669 Y7.5832
G1 X4.2848 Y7.5579
G1 X4.3028 Y7.5367
G1 X4.3251 Y7.5149
G1 X4.3478 Y7.4966
G1 X4.3742 Y7.4791
G1 X4.3971 Y7.4670
G1 X4.4240 Y7.4554
G1 X4.4431 Y7.4487
G1 X4.4506 Y7.4465
G1 X4.4818 Y7.4395
G1 X4.5109 Y7.4358
G1 X4.5418 Y7.4349
G1 X4.5680 Y7.4364
G1 X4.5992 Y7.4411
G1 X4.6257 Y7.4476
G1 X4.6489 Y7.4552
G1 X4.6562 Y7.4581
G1 X4.6801 Y7.4691
G1 X4.7070 Y7.4842
G1 X4.7299 Y7.5001
G1 X4.7543 Y7.5207
G1 X4.7727 Y7.5396
G1 X4.7887 Y7.5584
G1 X4.7937 Y7.5649
G1 X4.8088 Y7.5876
G1 X4.8216 Y7.6101
G1 X4.8294 Y7.6257
G1 X4.8343 Y7.6370
G1 X4.8528 Y7.5782
G1 X4.9045 Y7.4078
G1 X4.9647 Y7.2038
G1 X5.0296 Y6.9816
G1 X5.0927 Y6.7886
G1 X5.1719 Y6.5853
G1 X5.2651 Y6.3737
G1 X5.3721 Y6.1542
G1 X5.4913 Y5.9290
G1 X5.6210 Y5.7000
G1 X5.7602 Y5.4680
G1 X5.9079 Y5.2354
G1 X6.0628 Y5.0044
G1 X6.2235 Y4.7763
G1 X6.3888 Y4.5534
G1 X6.5576 Y4.3372
G1 X6.7286 Y4.1299
G1 X6.9012 Y3.9339
G1 X7.0741 Y3.7497
G1 X7.2524 Y3.5750
G1 X7.4865 Y3.3754
G1 X7.7496 Y3.1837
G1 X8.0306 Y3.0053
G1 X8.3206 Y2.8436
G1 X8.6096 Y2.7045
G1 X8.8732 Y2.5998
G1 X8.8904 Y2.5941
G1 X9.1320 Y2.5244
G1 X9.1628 Y2.5183
G1 X9.3506 Y2.4945
G1 X9.5741 Y2.4688
G1 X9.7671 Y2.4050
G1 X9.8005 Y2.3977
G1 X10.0806 Y2.3557
G1 X10.1021 Y2.3547
G1 X10.1156 Y2.3549
G1 X10.1429 Y2.3569
G1 X10.1726 Y2.3614
G1 X10.1919 Y2.3655
G1 X10.4306 Y2.4314
G1 X10.4303 Y2.4206
G1 X10.4320 Y2.3894
G1 X10.4353 Y2.3679
G1 X10.2734 Y2.3546
G1 X9.9573 Y2.3526
G1 X9.6142 Y2.3734
G1 X9.2752 Y2.4160
G1 X8.9443 Y2.4806
G1 X8.6481 Y2.5638
G1 X8.4369 Y2.6450
G1 X8.2070 Y2.7556
G1 X7.9810 Y2.8847
G1 X7.7451 Y3.0394
G1 X7.5064 Y3.2160
G1 X7.2630 Y3.4156
G1 X7.0352 Y3.6212
G1 X6.7960 Y3.8569
G1 X6.5648 Y4.1041
G1 X6.3492 Y4.3542
G1 X6.1309 Y4.6292
G1 X5.9240 Y4.9122
G1 X5.7368 Y5.1912
G1 X5.5514 Y5.4937
G1 X5.3877 Y5.7883
G1 X5.2346 Y6.0972
G1 X5.1165 Y6.3418
G1 X5.0094 Y6.5481
G1 X4.9115 Y6.7173
G1 X4.8289 Y6.8389
G1 X4.8101 Y6.8613
G1 X4.7402 Y6.9358
G1 X4.7169 Y6.9562
G1 X4.6936 Y6.9730
G1 X4.6685 Y6.9876
G1 X4.6500 Y6.9967
G1 X4.6317 Y7.0044
G1 X4.5725 Y7.0255
G1 X4.5420 Y7.0333
G1 X4.5162 Y7.0373
G1 X4.4850 Y7.0394
G1 X4.4554 Y7.0386
G1 X4.4243 Y7.0348
G1 X4.3992 Y7.0292
G1 X4.3693 Y7.0200
G1 X4.3424 Y7.0087
G1 X4.3154 Y6.9940
G1 X4.2915 Y6.9783
G1 X4.2687 Y6.9601
G1 X4.2513 Y6.9437
G1 X4.2294 Y6.9194
G1 X4.1934 Y6.8726
G1 X4.1770 Y6.8468
G1 X4.1670 Y6.8277
G1 X4.1637 Y6.8205
G1 X4.1544 Y6.7975
G1 X4.1519 Y6.7900
G1 X4.1445 Y6.7630
G1 X4.1372 Y6.7237
G1 X4.1304 Y6.6592
G1 X4.1261 Y6.6341
G1 X4.1092 Y6.5836
G1 X4.0747 Y6.5009
G1 X4.0177 Y6.3792
G1 X3.9467 Y6.2386
G1 X3.9452 Y6.2348
G1 X3.8687 Y6.0905
G1 X3.8660 Y6.0864
G1 X3.7742 Y5.9201
G1 X3.6732 Y5.7427
G1 X3.6722 Y5.7404
G1 X3.5686 Y5.5641
G1 X3.4573 Y5.3801
G1 X3.3466 Y5.2015
G1 X3.3435 Y5.1974
G1 X3.2279 Y5.0166
G1 X3.1130 Y4.8416
G1 X3.0038 Y4.6814
G1 X2.9002 Y4.5354
G1 X2.8986 Y4.5338
G1 X2.7967 Y4.3974
G1 X2.6028 Y4.1561
G1 X2.3915 Y3.9172
G1 X2.1861 Y3.7052
G1 X1.9623 Y3.4968
G1 X1.7519 Y3.3197
G1 X1.5202 Y3.1446
G1 X1.3003 Y2.9970
G1 X1.0655 Y2.8583
G1 X0.8370 Y2.7411
G1 X0.7944 Y2.7224
G1 X0.7940 Y2.7277
G1 X0.7897 Y2.7577
G1 X0.7833 Y2.7852
G1 X0.7730 Y2.8156
G1 X0.7615 Y2.8409
G1 X0.7602 Y2.8435
G1 X0.7786 Y2.8514
G1 X1.0200 Y2.9794
G1 X1.2713 Y3.1418
G1 X1.6497 Y3.3366
G1 X1.8414 Y3.4971
G1 X2.1030 Y3.7383
G1 X2.3581 Y3.9973
G1 X2.5606 Y4.2236
G1 X2.5464 Y4.2059
G1 X2.3360 Y3.9680
G1 X2.1340 Y3.7595
G1 X1.9111 Y3.5518
G1 X1.7066 Y3.3796
G1 X1.6497 Y3.3366
G1 X0.5548 Y2.7492
G1 X0.5440 Y2.7626
G1 X0.5310 Y2.7740
G1 X0.5162 Y2.7828
G1 X0.4999 Y2.7887
G1 X0.4829 Y2.7914
G1 X0.4655 Y2.7911
G1 X0.4455 Y2.7865
G1 X0.1304 Y2.6776
G1 X0.1146 Y2.6705
G1 X0.1004 Y2.6606
G1 X0.0883 Y2.6484
G1 X0.0798 Y2.6359
G1 X0.0167 Y2.5271
G1 X0.0094 Y2.5113
G1 X0.0053 Y2.4946
G1 X0.0042 Y2.4774
G1 X0.0063 Y2.4603
G1 X0.0113 Y2.4437
G1 X0.0194 Y2.4284
G1 X0.0303 Y2.4150
G1 X0.0433 Y2.4036
G1 X0.0581 Y2.3948
G1 X0.0744 Y2.3890
G1 X0.0914 Y2.3862
G1 X0.1087 Y2.3866
G1 X0.1288 Y2.3911
G1 X0.4439 Y2.5000
G1 X0.4596 Y2.5072
G1 X0.4738 Y2.5170
G1 X0.4859 Y2.5293
G1 X0.4945 Y2.5417
G1 X0.5575 Y2.6505
G1 X0.5648 Y2.6663
G1 X0.5690 Y2.6831
G1 X0.5701 Y2.7002
G1 X0.5680 Y2.7174
G1 X0.5629 Y2.7339
G1 X0.5548 Y2.7492
; Retract
G1 Z3.0400 F2540

; Path 75
; Rapid to initial position
G1 X-0.1138 Y2.6004 F2540
G1 Z0.5000
; plunge
G1 Z-2.6750 F127
; cut
G1 X-0.1195 Y2.5904 F1016
G1 X-0.1294 Y2.5688
G1 X-0.1343 Y2.5552
G1 X-0.1367 Y2.5476
G1 X-0.1422 Y2.5235
G1 X-0.1446 Y2.5045
G1 X-0.1459 Y2.4806
G1 X-0.1451 Y2.4596
G1 X-0.1421 Y2.4362
G1 X-0.1377 Y2.4160
G1 X-0.1298 Y2.3923
G1 X-0.1214 Y2.3730
G1 X-0.1095 Y2.3514
G1 X-0.1082 Y2.3495
G1 X-0.1139 Y2.3482
G1 X-0.3630 Y2.3092
G1 X-0.6219 Y2.2859
G1 X-0.8726 Y2.2804
G1 X-1.1914 Y2.2918
G1 X-1.5082 Y2.3177
G1 X-1.7635 Y2.3512
G1 X-1.9201 Y2.3861
G1 X-1.9957 Y2.4192
G1 X-2.0687 Y2.4678
G1 X-2.1394 Y2.5339
G1 X-2.2073 Y2.6189
G1 X-2.2258 Y2.6488
G1 X-2.2196 Y2.6458
G1 X-2.1986 Y2.6383
G1 X-2.1757 Y2.6324
G1 X-2.1571 Y2.6294
G1 X-2.1329 Y2.6275
G1 X-2.1106 Y2.6278
G1 X-2.0865 Y2.6305
G1 X-2.0657 Y2.6349
G1 X-2.0429 Y2.6422
G1 X-2.0243 Y2.6498
G1 X-2.0028 Y2.6611
G1 X-1.9850 Y2.6725
G1 X-1.9658 Y2.6878
G1 X-1.9513 Y2.7018
G1 X-1.9357 Y2.7195
G1 X-1.9234 Y2.7360
G1 X-1.9107 Y2.7574
G1 X-1.9019 Y2.7761
G1 X-1.8935 Y2.7990
G1 X-1.8881 Y2.8197
G1 X-1.8867 Y2.8284
G1 X-1.8278 Y2.7647
G1 X-1.8167 Y2.7545
G1 X-1.7928 Y2.7351
G1 X-1.7803 Y2.7265
G1 X-1.5241 Y2.5688
G1 X-1.5112 Y2.5618
G1 X-1.4864 Y2.5506
G1 X-1.4740 Y2.5460
G1 X-1.3074 Y2.4928
G1 X-1.2996 Y2.4908
G1 X-1.2676 Y2.4846
G1 X-1.0607 Y2.4610
G1 X-1.0389 Y2.4606
G1 X-0.8068 Y2.4665
G1 X-0.7881 Y2.4680
G1 X-0.5162 Y2.5042
G1 X-0.2250 Y2.5678
G1 X-0.1138 Y2.6004
G1 X-0.2204 Y2.4921
G1 X-0.2211 Y2.4777
G1 X-0.2197 Y2.4499
G1 X-0.2155 Y2.4200
G1 X-0.2129 Y2.4088
G1 X-0.3717 Y2.3840
G1 X-0.6279 Y2.3609
G1 X-0.8715 Y2.3555
G1 X-1.1861 Y2.3668
G1 X-1.5017 Y2.3926
G1 X-1.7499 Y2.4252
G1 X-1.8962 Y2.4578
G1 X-1.9599 Y2.4857
G1 X-2.0216 Y2.5269
G1 X-2.0573 Y2.5600
G1 X-2.0431 Y2.5632
G1 X-2.0145 Y2.5726
G1 X-1.9893 Y2.5833
G1 X-1.9623 Y2.5979
G1 X-1.9382 Y2.6136
G1 X-1.9135 Y2.6337
G1 X-1.8949 Y2.6520
G1 X-1.8752 Y2.6747
G1 X-1.8613 Y2.6940
G1 X-1.8356 Y2.6734
G1 X-1.8198 Y2.6625
G1 X-1.5601 Y2.5027
G1 X-1.5420 Y2.4932
G1 X-1.5127 Y2.4801
G1 X-1.4969 Y2.4744
G1 X-1.3266 Y2.4201
G1 X-1.3139 Y2.4170
G1 X-1.2760 Y2.4099
G1 X-1.0623 Y2.3859
G1 X-1.0370 Y2.3854
G1 X-0.8005 Y2.3915
G1 X-0.7782 Y2.3935
G1 X-0.5002 Y2.4306
G1 X-0.2204 Y2.4921
G1 X-1.6871 Y2.4927
G1 X-1.7364 Y2.4992
G1 X-1.8727 Y2.5296
G1 X-1.9069 Y2.5446
G1 X-1.8908 Y2.5552
G1 X-1.8609 Y2.5801
G1 X-1.8488 Y2.5920
G1 X-1.6871 Y2.4927
G1 X-2.0514 Y2.8153
G1 X-2.0423 Y2.8299
G1 X-2.0361 Y2.8462
G1 X-2.0331 Y2.8630
G1 X-2.0331 Y2.8804
G1 X-2.0363 Y2.8974
G1 X-2.0407 Y2.9093
G1 X-2.1247 Y3.1002
G1 X-2.1330 Y3.1153
G1 X-2.1440 Y3.1287
G1 X-2.1574 Y3.1396
G1 X-2.1724 Y3.1480
G1 X-2.1887 Y3.1536
G1 X-2.2002 Y3.1557
G1 X-2.3493 Y3.1726
G1 X-2.3665 Y3.1729
G1 X-2.3835 Y3.1700
G1 X-2.3997 Y3.1641
G1 X-2.4147 Y3.1554
G1 X-2.4278 Y3.1441
G1 X-2.4384 Y3.1306
G1 X-2.4466 Y3.1153
G1 X-2.4516 Y3.0989
G1 X-2.4537 Y3.0817
G1 X-2.4526 Y3.0643
G1 X-2.4483 Y3.0477
G1 X-2.4412 Y3.0321
G1 X-2.4311 Y3.0179
G1 X-2.4224 Y3.0089
G1 X-2.1892 Y2.8013
G1 X-2.1752 Y2.7911
G1 X-2.1598 Y2.7834
G1 X-2.1430 Y2.7790
G1 X-2.1259 Y2.7774
G1 X-2.1087 Y2.7792
G1 X-2.0921 Y2.7841
G1 X-2.0767 Y2.7919
G1 X-2.0630 Y2.8024
G1 X-2.0514 Y2.8153
; Retract
G1 Z3.0400 F2540

; Path 76
; Rapid to initial position
G1 X3.3288 Y5.3152 F2540
G1 Z0.5000
; plunge
G1 Z-2.6750 F127
; cut
G1 X3.4026 Y5.4412 F1016
G1 X3.5179 Y5.6453
G1 X3.6300 Y5.8518
G1 X3.7379 Y6.0589
G1 X3.8398 Y6.2637
G1 X3.9353 Y6.4638
G1 X4.0234 Y6.6581
G1 X4.0685 Y6.7645
G1 X4.0625 Y6.7316
G1 X4.0559 Y6.6703
G1 X4.0529 Y6.6521
G1 X4.0387 Y6.6100
G1 X4.0066 Y6.5327
G1 X3.9506 Y6.4131
G1 X3.8773 Y6.2675
G1 X3.8770 Y6.2667
G1 X3.8046 Y6.1299
G1 X3.8002 Y6.1227
G1 X3.7088 Y5.9574
G1 X3.6078 Y5.7799
G1 X3.6054 Y5.7751
G1 X3.5043 Y5.6029
G1 X3.3935 Y5.4197
G1 X3.3288 Y5.3152
G1 X4.1272 Y6.9086
G1 X4.1701 Y7.0185
G1 X4.2278 Y7.1849
G1 X4.2725 Y7.3421
G1 X4.2932 Y7.4443
G1 X4.3063 Y7.4339
G1 X4.3390 Y7.4126
G1 X4.3674 Y7.3980
G1 X4.3992 Y7.3844
G1 X4.4216 Y7.3766
G1 X4.4342 Y7.3731
G1 X4.4724 Y7.3648
G1 X4.5085 Y7.3607
G1 X4.5464 Y7.3598
G1 X4.5790 Y7.3621
G1 X4.6172 Y7.3680
G1 X4.6492 Y7.3762
G1 X4.6763 Y7.3852
G1 X4.6876 Y7.3898
G1 X4.7170 Y7.4035
G1 X4.7498 Y7.4225
G1 X4.7784 Y7.4427
G1 X4.8077 Y7.4678
G1 X4.8324 Y7.3865
G1 X4.8925 Y7.1826
G1 X4.9581 Y6.9583
G1 X5.0227 Y6.7614
G1 X5.1031 Y6.5551
G1 X5.1737 Y6.3947
G1 X5.0744 Y6.5858
G1 X4.9737 Y6.7594
G1 X4.8865 Y6.8871
G1 X4.8650 Y6.9127
G1 X4.7896 Y6.9925
G1 X4.7611 Y7.0170
G1 X4.7315 Y7.0380
G1 X4.7016 Y7.0551
G1 X4.6789 Y7.0661
G1 X4.6570 Y7.0752
G1 X4.5911 Y7.0984
G1 X4.5534 Y7.1077
G1 X4.5211 Y7.1123
G1 X4.4829 Y7.1145
G1 X4.4461 Y7.1133
G1 X4.4081 Y7.1081
G1 X4.3771 Y7.1010
G1 X4.3402 Y7.0894
G1 X4.3066 Y7.0747
G1 X4.2739 Y7.0567
G1 X4.2445 Y7.0370
G1 X4.2171 Y7.0147
G1 X4.1955 Y6.9940
G1 X4.1697 Y6.9652
G1 X4.1299 Y6.9129
G1 X4.1272 Y6.9086
G1 X4.2957 Y7.1519
G1 X4.3001 Y7.1643
G1 X4.3457 Y7.3255
G1 X4.3745 Y7.3135
G1 X4.4014 Y7.3042
G1 X4.4183 Y7.2996
G1 X4.4638 Y7.2902
G1 X4.5066 Y7.2856
G1 X4.5518 Y7.2848
G1 X4.5905 Y7.2878
G1 X4.6357 Y7.2952
G1 X4.6731 Y7.3049
G1 X4.7048 Y7.3156
G1 X4.7192 Y7.3217
G1 X4.7546 Y7.3385
G1 X4.7662 Y7.3453
G1 X4.8205 Y7.1614
G1 X4.8596 Y7.0273
G1 X4.8386 Y7.0494
G1 X4.8046 Y7.0782
G1 X4.7689 Y7.1032
G1 X4.7343 Y7.1228
G1 X4.7076 Y7.1357
G1 X4.6820 Y7.1462
G1 X4.6090 Y7.1715
G1 X4.5641 Y7.1821
G1 X4.5256 Y7.1874
G1 X4.4804 Y7.1896
G1 X4.4361 Y7.1877
G1 X4.3912 Y7.1814
G1 X4.3544 Y7.1727
G1 X4.3175 Y7.1611
G1 X4.3101 Y7.1583
G1 X4.2957 Y7.1519
G1 X4.6753 Y7.2278
G1 X4.6974 Y7.2337
G1 X4.7186 Y7.2410
G1 X4.7281 Y7.2084
G1 X4.7066 Y7.2172
G1 X4.6753 Y7.2278
G1 X4.5793 Y7.5907
G1 X4.5959 Y7.5959
G1 X4.6086 Y7.6014
G1 X4.6237 Y7.6094
G1 X4.6352 Y7.6170
G1 X4.6487 Y7.6277
G1 X4.6586 Y7.6373
G1 X4.6699 Y7.6504
G1 X4.6783 Y7.6623
G1 X4.6879 Y7.6790
G1 X4.6915 Y7.6860
G1 X4.8298 Y8.0016
G1 X4.8353 Y8.0180
G1 X4.8378 Y8.0280
G1 X4.8402 Y8.0415
G1 X4.8561 Y8.1666
G1 X5.0609 Y8.1889
G1 X5.0779 Y8.1923
G1 X5.0893 Y8.1955
G1 X5.1031 Y8.2007
G1 X5.4418 Y8.3465
G1 X5.4569 Y8.3547
G1 X5.4682 Y8.3622
G1 X5.4817 Y8.3732
G1 X5.4914 Y8.3828
G1 X5.5026 Y8.3958
G1 X5.5107 Y8.4073
G1 X5.5193 Y8.4222
G1 X5.5250 Y8.4348
G1 X5.5308 Y8.4512
G1 X5.5341 Y8.4649
G1 X5.5367 Y8.4819
G1 X5.5374 Y8.4951
G1 X5.5370 Y8.5125
G1 X5.5353 Y8.5263
G1 X5.5317 Y8.5432
G1 X5.5276 Y8.5564
G1 X5.5209 Y8.5723
G1 X5.5140 Y8.5849
G1 X5.5044 Y8.5992
G1 X5.4941 Y8.6116
G1 X5.4768 Y8.6283
G1 X5.4695 Y8.6345
G1 X5.3218 Y8.7440
G1 X5.3071 Y8.7529
G1 X5.2949 Y8.7588
G1 X5.2786 Y8.7650
G1 X5.2650 Y8.7688
G1 X5.2412 Y8.7729
G1 X4.9855 Y8.7950
G1 X4.9848 Y8.7951
G1 X4.8521 Y8.8083
G1 X4.8395 Y8.9285
G1 X4.8364 Y8.9455
G1 X4.8333 Y8.9571
G1 X4.8281 Y8.9711
G1 X4.6938 Y9.2869
G1 X4.6855 Y9.3020
G1 X4.6783 Y9.3128
G1 X4.6675 Y9.3264
G1 X4.6576 Y9.3365
G1 X4.6446 Y9.3477
G1 X4.6338 Y9.3555
G1 X4.6188 Y9.3642
G1 X4.6058 Y9.3703
G1 X4.5895 Y9.3760
G1 X4.5762 Y9.3794
G1 X4.5590 Y9.3821
G1 X4.5453 Y9.3828
G1 X4.5281 Y9.3824
G1 X4.5149 Y9.3809
G1 X4.4981 Y9.3774
G1 X4.4842 Y9.3732
G1 X4.4683 Y9.3665
G1 X4.4560 Y9.3598
G1 X4.4415 Y9.3502
G1 X4.4312 Y9.3421
G1 X4.4186 Y9.3302
G1 X4.4084 Y9.3182
G1 X4.3962 Y9.3004
G1 X4.3915 Y9.2928
G1 X4.2292 Y8.9839
G1 X4.2253 Y8.9748
G1 X4.2167 Y8.9514
G1 X4.2138 Y8.9417
G1 X4.1852 Y8.8119
G1 X4.0219 Y8.7970
G1 X4.0131 Y8.7957
G1 X3.9907 Y8.7910
G1 X3.9815 Y8.7885
G1 X3.6283 Y8.6648
G1 X3.6127 Y8.6576
G1 X3.6006 Y8.6507
G1 X3.5864 Y8.6407
G1 X3.5764 Y8.6321
G1 X3.5643 Y8.6199
G1 X3.5554 Y8.6089
G1 X3.5457 Y8.5944
G1 X3.5392 Y8.5825
G1 X3.5323 Y8.5667
G1 X3.5279 Y8.5534
G1 X3.5241 Y8.5365
G1 X3.5223 Y8.5227
G1 X3.5217 Y8.5053
G1 X3.5224 Y8.4915
G1 X3.5250 Y8.4744
G1 X3.5282 Y8.4614
G1 X3.5338 Y8.4450
G1 X3.5397 Y8.4317
G1 X3.5482 Y8.4168
G1 X3.5544 Y8.4078
G1 X3.5643 Y8.3953
G1 X3.6618 Y8.2860
G1 X3.6744 Y8.2740
G1 X3.6857 Y8.2653
G1 X3.7002 Y8.2561
G1 X3.7123 Y8.2497
G1 X3.7284 Y8.2432
G1 X3.7422 Y8.2390
G1 X3.7593 Y8.2357
G1 X3.7694 Y8.2344
G1 X3.7855 Y8.2338
G1 X4.0873 Y8.2369
G1 X4.0884 Y8.2371
G1 X4.2513 Y8.2349
G1 X4.2538 Y8.0968
G1 X4.2555 Y8.0796
G1 X4.2576 Y8.0680
G1 X4.2615 Y8.0538
G1 X4.3780 Y7.6954
G1 X4.3849 Y7.6795
G1 X4.3914 Y7.6675
G1 X4.4009 Y7.6532
G1 X4.4097 Y7.6424
G1 X4.4218 Y7.6300
G1 X4.4326 Y7.6208
G1 X4.4468 Y7.6109
G1 X4.4587 Y7.6042
G1 X4.4745 Y7.5970
G1 X4.4867 Y7.5926
G1 X4.5034 Y7.5883
G1 X4.5181 Y7.5861
G1 X4.5354 Y7.5851
G1 X4.5486 Y7.5856
G1 X4.5657 Y7.5876
G1 X4.5793 Y7.5907
G1 X4.5566 Y7.6623
G1 X4.5731 Y7.6675
G1 X4.5883 Y7.6757
G1 X4.6018 Y7.6865
G1 X4.6131 Y7.6995
G1 X4.6226 Y7.7163
G1 X4.7584 Y8.0252
G1 X4.7638 Y8.0415
G1 X4.7655 Y8.0511
G1 X4.7890 Y8.2351
G1 X5.0464 Y8.2628
G1 X5.0635 Y8.2661
G1 X5.0735 Y8.2698
G1 X5.4056 Y8.4124
G1 X5.4207 Y8.4207
G1 X5.4343 Y8.4316
G1 X5.4454 Y8.4447
G1 X5.4540 Y8.4596
G1 X5.4598 Y8.4760
G1 X5.4623 Y8.4930
G1 X5.4618 Y8.5104
G1 X5.4581 Y8.5272
G1 X5.4515 Y8.5432
G1 X5.4419 Y8.5575
G1 X5.4246 Y8.5742
G1 X5.2826 Y8.6797
G1 X5.2680 Y8.6886
G1 X5.2518 Y8.6948
G1 X5.2347 Y8.6979
G1 X4.9774 Y8.7202
G1 X4.9774 Y8.7203
G1 X4.7837 Y8.7396
G1 X4.7657 Y8.9146
G1 X4.7625 Y8.9317
G1 X4.7589 Y8.9418
G1 X4.6279 Y9.2507
G1 X4.6196 Y9.2659
G1 X4.6088 Y9.2794
G1 X4.5957 Y9.2905
G1 X4.5808 Y9.2993
G1 X4.5645 Y9.3050
G1 X4.5474 Y9.3078
G1 X4.5302 Y9.3073
G1 X4.5133 Y9.3037
G1 X4.4974 Y9.2970
G1 X4.4829 Y9.2875
G1 X4.4704 Y9.2755
G1 X4.4581 Y9.2578
G1 X4.2957 Y8.9489
G1 X4.2872 Y8.9254
G1 X4.2466 Y8.7421
G1 X4.0287 Y8.7222
G1 X4.0063 Y8.7175
G1 X3.6596 Y8.5965
G1 X3.6440 Y8.5893
G1 X3.6299 Y8.5793
G1 X3.6178 Y8.5670
G1 X3.6081 Y8.5526
G1 X3.6013 Y8.5368
G1 X3.5974 Y8.5200
G1 X3.5967 Y8.5026
G1 X3.5993 Y8.4856
G1 X3.6049 Y8.4692
G1 X3.6135 Y8.4542
G1 X3.6205 Y8.4453
G1 X3.7136 Y8.3406
G1 X3.7261 Y8.3286
G1 X3.7407 Y8.3194
G1 X3.7567 Y8.3129
G1 X3.7737 Y8.3096
G1 X3.7847 Y8.3089
G1 X4.0865 Y8.3121
G1 X4.0865 Y8.3123
G1 X4.3252 Y8.3091
G1 X4.3285 Y8.1044
G1 X4.3303 Y8.0872
G1 X4.3330 Y8.0771
G1 X4.4471 Y7.7252
G1 X4.4539 Y7.7093
G1 X4.4635 Y7.6949
G1 X4.4756 Y7.6825
G1 X4.4897 Y7.6727
G1 X4.5055 Y7.6655
G1 X4.5222 Y7.6612
G1 X4.5395 Y7.6602
G1 X4.5566 Y7.6623
G1 X4.9548 Y7.7584
G1 X4.9586 Y7.7433
G1 X4.9963 Y7.6235
G1 X5.0487 Y7.4505
G1 X5.1091 Y7.2458
G1 X5.1725 Y7.0282
G1 X5.2328 Y6.8430
G1 X5.3093 Y6.6462
G1 X5.4004 Y6.4396
G1 X5.5051 Y6.2245
G1 X5.6221 Y6.0032
G1 X5.7499 Y5.7774
G1 X5.8872 Y5.5485
G1 X6.0328 Y5.3192
G1 X6.1857 Y5.0910
G1 X6.3443 Y4.8658
G1 X6.5073 Y4.6460
G1 X6.6734 Y4.4330
G1 X6.8417 Y4.2292
G1 X7.0107 Y4.0368
G1 X7.1795 Y3.8569
G1 X7.3501 Y3.6893
G1 X7.5751 Y3.4969
G1 X7.8301 Y3.3107
G1 X8.1040 Y3.1366
G1 X8.3858 Y2.9791
G1 X8.6652 Y2.8443
G1 X8.9209 Y2.7424
G1 X8.9324 Y2.7386
G1 X9.1615 Y2.6717
G1 X9.1819 Y2.6676
G1 X9.3678 Y2.6437
G1 X9.6065 Y2.6162
G1 X9.8010 Y2.5516
G1 X9.8231 Y2.5463
G1 X10.0889 Y2.5059
G1 X10.1063 Y2.5049
G1 X10.1212 Y2.5057
G1 X10.1430 Y2.5089
G1 X10.1521 Y2.5107
G1 X10.4736 Y2.5985
G1 X10.4833 Y2.6021
G1 X10.5063 Y2.6119
G1 X10.5151 Y2.6162
G1 X10.8304 Y2.8032
G1 X10.8444 Y2.8132
G1 X10.8533 Y2.8207
G1 X10.8641 Y2.8315
G1 X11.0923 Y3.0838
G1 X11.1026 Y3.0976
G1 X11.1092 Y3.1078
G1 X11.1160 Y3.1212
G1 X11.1709 Y3.2410
G1 X11.1786 Y3.2630
G1 X11.2134 Y3.3962
G1 X11.2168 Y3.4151
G1 X11.2330 Y3.5594
G1 X11.2336 Y3.5760
G1 X11.2317 Y3.7310
G1 X11.2308 Y3.7447
G1 X11.2096 Y3.9195
G1 X11.1716 Y4.0998
G1 X11.1175 Y4.2846
G1 X11.0481 Y4.4725
G1 X10.9640 Y4.6625
G1 X10.8660 Y4.8534
G1 X10.7543 Y5.0435
G1 X10.6300 Y5.2319
G1 X10.4934 Y5.4166
G1 X10.3451 Y5.5964
G1 X10.1857 Y5.7700
G1 X10.0150 Y5.9360
G1 X9.8175 Y6.1064
G1 X9.5951 Y6.2788
G1 X9.3508 Y6.4520
G1 X9.0875 Y6.6247
G1 X8.8085 Y6.7953
G1 X8.5172 Y6.9625
G1 X8.2167 Y7.1244
G1 X7.9100 Y7.2799
G1 X7.6006 Y7.4272
G1 X7.2915 Y7.5644
G1 X6.9862 Y7.6903
G1 X6.6873 Y7.8031
G1 X6.3982 Y7.9015
G1 X6.1221 Y7.9833
G1 X5.8610 Y8.0473
G1 X5.6213 Y8.0909
G1 X5.3226 Y8.1280
G1 X5.3034 Y8.1286
G1 X5.1407 Y8.1246
G1 X5.1235 Y8.1227
G1 X5.1095 Y8.1197
G1 X5.0931 Y8.1146
G1 X5.0803 Y8.1093
G1 X5.0649 Y8.1012
G1 X5.0525 Y8.0930
G1 X5.0370 Y8.0804
G1 X5.0311 Y8.0751
G1 X4.9748 Y8.0180
G1 X4.9638 Y8.0048
G1 X4.9559 Y7.9933
G1 X4.9474 Y7.9782
G1 X4.9417 Y7.9651
G1 X4.9363 Y7.9488
G1 X4.9333 Y7.9356
G1 X4.9309 Y7.9183
G1 X4.9305 Y7.9024
G1 X4.9320 Y7.8808
G1 X4.9331 Y7.8724
G1 X4.9548 Y7.7584
G1 X5.0277 Y7.7767
G1 X5.0304 Y7.7659
G1 X5.0681 Y7.6460
G1 X5.1208 Y7.4718
G1 X5.1814 Y7.2668
G1 X5.2439 Y7.0515
G1 X5.3028 Y6.8702
G1 X5.3781 Y6.6765
G1 X5.4680 Y6.4725
G1 X5.5716 Y6.2597
G1 X5.6875 Y6.0403
G1 X5.8143 Y5.8160
G1 X5.9508 Y5.5888
G1 X6.0954 Y5.3610
G1 X6.2471 Y5.1343
G1 X6.4046 Y4.9104
G1 X6.5665 Y4.6923
G1 X6.7313 Y4.4809
G1 X6.8981 Y4.2788
G1 X7.0655 Y4.0881
G1 X7.2322 Y3.9106
G1 X7.3990 Y3.7465
G1 X7.6195 Y3.5576
G1 X7.8706 Y3.3742
G1 X8.1408 Y3.2022
G1 X8.4186 Y3.0467
G1 X8.6930 Y2.9141
G1 X8.9451 Y2.8135
G1 X8.9535 Y2.8107
G1 X9.1771 Y2.7453
G1 X9.1915 Y2.7422
G1 X9.3764 Y2.7183
G1 X9.6229 Y2.6899
G1 X9.8193 Y2.6245
G1 X9.8346 Y2.6207
G1 X10.0930 Y2.5810
G1 X10.1104 Y2.5801
G1 X10.1322 Y2.5833
G1 X10.4536 Y2.6711
G1 X10.4768 Y2.6810
G1 X10.7866 Y2.8643
G1 X10.8006 Y2.8744
G1 X10.8084 Y2.8820
G1 X11.0321 Y3.1288
G1 X11.0425 Y3.1427
G1 X11.0477 Y3.1527
G1 X11.1003 Y3.2668
G1 X11.1058 Y3.2821
G1 X11.1396 Y3.4100
G1 X11.1421 Y3.4235
G1 X11.1579 Y3.5636
G1 X11.1585 Y3.5752
G1 X11.1568 Y3.7261
G1 X11.1561 Y3.7358
G1 X11.1361 Y3.9040
G1 X11.0995 Y4.0787
G1 X11.0470 Y4.2586
G1 X10.9793 Y4.4421
G1 X10.8972 Y4.6281
G1 X10.8011 Y4.8153
G1 X10.6916 Y5.0021
G1 X10.5695 Y5.1872
G1 X10.4353 Y5.3688
G1 X10.2897 Y5.5457
G1 X10.1331 Y5.7162
G1 X9.9659 Y5.8792
G1 X9.7716 Y6.0471
G1 X9.5516 Y6.2175
G1 X9.3095 Y6.3891
G1 X9.0482 Y6.5605
G1 X8.7711 Y6.7300
G1 X8.4815 Y6.8963
G1 X8.1826 Y7.0574
G1 X7.8777 Y7.2119
G1 X7.5701 Y7.3585
G1 X7.2629 Y7.4948
G1 X6.9596 Y7.6200
G1 X6.6631 Y7.7320
G1 X6.3769 Y7.8294
G1 X6.1041 Y7.9103
G1 X5.8474 Y7.9733
G1 X5.6119 Y8.0162
G1 X5.3190 Y8.0529
G1 X5.3052 Y8.0535
G1 X5.1489 Y8.0498
G1 X5.1318 Y8.0479
G1 X5.1154 Y8.0428
G1 X5.0999 Y8.0347
G1 X5.0845 Y8.0221
G1 X5.0326 Y7.9699
G1 X5.0216 Y7.9567
G1 X5.0132 Y7.9416
G1 X5.0078 Y7.9252
G1 X5.0054 Y7.9080
G1 X5.0070 Y7.8864
G1 X5.0277 Y7.7767
G1 X4.9194 Y8.0686
G1 X4.9232 Y8.0984
G1 X4.9518 Y8.1015
G1 X4.9194 Y8.0686
G1 X5.2998 Y8.2037
G1 X5.4779 Y8.2806
G1 X5.4984 Y8.2920
G1 X5.5156 Y8.3038
G1 X5.5344 Y8.3196
G1 X5.5486 Y8.3339
G1 X5.5640 Y8.3524
G1 X5.5759 Y8.3698
G1 X5.5877 Y8.3910
G1 X5.5960 Y8.4099
G1 X5.6038 Y8.4334
G1 X5.6084 Y8.4537
G1 X5.6117 Y8.4774
G1 X5.6125 Y8.4972
G1 X5.6116 Y8.5210
G1 X5.6089 Y8.5422
G1 X5.6034 Y8.5656
G1 X5.5969 Y8.5855
G1 X5.5869 Y8.6083
G1 X5.5766 Y8.6265
G1 X5.5670 Y8.6409
G1 X5.5622 Y8.6473
G1 X5.5519 Y8.6597
G1 X5.5463 Y8.6657
G1 X5.5255 Y8.6856
G1 X5.5142 Y8.6950
G1 X5.3959 Y8.7824
G1 X5.4763 Y8.7988
G1 X5.7010 Y8.8490
G1 X5.9595 Y8.9109
G1 X6.2034 Y8.9760
G1 X6.4552 Y9.0521
G1 X6.7127 Y9.1393
G1 X6.9753 Y9.2358
G1 X7.2409 Y9.3415
G1 X7.5088 Y9.4556
G1 X7.7773 Y9.5770
G1 X8.0448 Y9.7056
G1 X8.3100 Y9.8402
G1 X8.5712 Y9.9804
G1 X8.8278 Y10.1251
G1 X9.0777 Y10.2740
G1 X9.3192 Y10.4265
G1 X9.5518 Y10.5819
G1 X9.7731 Y10.7394
G1 X9.9813 Y10.8976
G1 X9.9947 Y10.9093
G1 X10.1747 Y11.0782
G1 X10.1874 Y11.0920
G1 X10.3840 Y11.3249
G1 X10.5800 Y11.5963
G1 X10.7691 Y11.8937
G1 X10.9430 Y12.2036
G1 X11.0936 Y12.5138
G1 X11.2074 Y12.7969
G1 X11.2128 Y12.8135
G1 X11.2836 Y13.0609
G1 X11.2862 Y13.0730
G1 X11.2912 Y13.1061
G1 X11.3121 Y13.3983
G1 X11.3117 Y13.4198
G1 X11.3099 Y13.4373
G1 X11.3071 Y13.4527
G1 X11.2505 Y13.7187
G1 X11.2438 Y13.7400
G1 X11.2376 Y13.7552
G1 X11.2301 Y13.7705
G1 X11.2276 Y13.7752
G1 X11.2421 Y13.7670
G1 X11.2639 Y13.7569
G1 X11.2825 Y13.7504
G1 X11.3058 Y13.7442
G1 X11.3269 Y13.7406
G1 X11.3511 Y13.7390
G1 X11.3731 Y13.7395
G1 X11.3971 Y13.7425
G1 X11.4167 Y13.7468
G1 X11.4394 Y13.7540
G1 X11.4580 Y13.7616
G1 X11.4795 Y13.7729
G1 X11.4974 Y13.7844
G1 X11.5166 Y13.7999
G1 X11.5317 Y13.8143
G1 X11.5473 Y13.8321
G1 X11.5541 Y13.8417
G1 X11.5808 Y13.7586
G1 X11.6151 Y13.5885
G1 X11.6277 Y13.4204
G1 X11.6192 Y13.2405
G1 X11.5882 Y13.0398
G1 X11.5351 Y12.8188
G1 X11.4555 Y12.5601
G1 X11.4103 Y12.4315
G1 X11.3640 Y12.3119
G1 X11.3137 Y12.1945
G1 X11.2581 Y12.0759
G1 X11.1980 Y11.9579
G1 X11.1362 Y11.8468
G1 X11.0656 Y11.7295
G1 X10.9944 Y11.6203
G1 X10.9162 Y11.5083
G1 X10.8400 Y11.4072
G1 X10.7530 Y11.2990
G1 X10.6645 Y11.1963
G1 X10.5655 Y11.0886
G1 X10.4691 Y10.9898
G1 X10.3593 Y10.8838
G1 X10.2533 Y10.7876
G1 X10.1357 Y10.6866
G1 X10.0160 Y10.5892
G1 X9.8863 Y10.4889
G1 X9.7569 Y10.3941
G1 X9.6157 Y10.2957
G1 X9.4727 Y10.2004
G1 X9.3242 Y10.1060
G1 X9.1642 Y10.0088
G1 X9.1623 Y10.0075
G1 X9.0085 Y9.9177
G1 X9.0061 Y9.9166
G1 X8.8337 Y9.8203
G1 X8.6653 Y9.7298
G1 X8.6628 Y9.7287
G1 X8.4799 Y9.6341
G1 X8.2932 Y9.5413
G1 X8.1006 Y9.4489
G1 X7.8984 Y9.3552
G1 X7.8966 Y9.3541
G1 X7.6907 Y9.2618
G1 X7.4141 Y9.1384
G1 X7.1617 Y9.0229
G1 X6.9381 Y8.9177
G1 X6.7476 Y8.8249
G1 X6.5939 Y8.7461
G1 X6.4861 Y8.6859
G1 X6.4724 Y8.6774
G1 X6.4095 Y8.6334
G1 X6.3912 Y8.6178
G1 X6.3769 Y8.6030
G1 X6.3620 Y8.5847
G1 X6.3502 Y8.5673
G1 X6.3386 Y8.5457
G1 X6.3299 Y8.5257
G1 X6.3227 Y8.5024
G1 X6.3189 Y8.4841
G1 X6.3163 Y8.4670
G1 X6.3155 Y8.4587
G1 X6.3148 Y8.4413
G1 X6.3150 Y8.4323
G1 X6.3177 Y8.4030
G1 X6.3201 Y8.3881
G1 X6.3258 Y8.3638
G1 X6.3336 Y8.3401
G1 X6.3420 Y8.3208
G1 X6.3537 Y8.2995
G1 X6.3655 Y8.2823
G1 X6.3811 Y8.2634
G1 X6.3954 Y8.2491
G1 X6.4135 Y8.2336
G1 X6.4304 Y8.2218
G1 X6.4516 Y8.2098
G1 X6.4704 Y8.2014
G1 X6.4866 Y8.1955
G1 X6.4944 Y8.1930
G1 X6.5106 Y8.1891
G1 X6.5190 Y8.1875
G1 X6.5489 Y8.1840
G1 X6.5630 Y8.1835
G1 X6.7583 Y8.1848
G1 X6.7672 Y8.1832
G1 X6.8174 Y8.1671
G1 X6.9155 Y8.1299
G1 X6.9172 Y8.1294
G1 X7.0293 Y8.0828
G1 X7.1724 Y8.0202
G1 X7.3346 Y7.9467
G1 X7.4996 Y7.8700
G1 X7.5011 Y7.8690
G1 X7.6837 Y7.7817
G1 X7.8742 Y7.6889
G1 X8.0663 Y7.5934
G1 X8.2593 Y7.4957
G1 X8.4500 Y7.3972
G1 X8.6336 Y7.3000
G1 X8.8057 Y7.2070
G1 X8.8065 Y7.2065
G1 X8.9731 Y7.1137
G1 X9.1103 Y7.0344
G1 X9.3915 Y6.8613
G1 X9.6635 Y6.6792
G1 X9.9081 Y6.5005
G1 X10.1408 Y6.3141
G1 X10.3505 Y6.1292
G1 X10.5457 Y5.9390
G1 X10.7296 Y5.7390
G1 X10.8918 Y5.5410
G1 X11.0369 Y5.3397
G1 X11.1687 Y5.1309
G1 X11.2779 Y4.9294
G1 X11.3767 Y4.7131
G1 X11.4573 Y4.4992
G1 X11.5236 Y4.2764
G1 X11.5734 Y4.0527
G1 X11.6076 Y3.8260
G1 X11.6197 Y3.5830
G1 X11.6011 Y3.3519
G1 X11.5540 Y3.1339
G1 X11.4813 Y2.9334
G1 X11.3877 Y2.7589
G1 X11.3775 Y2.7457
G1 X11.3654 Y2.7610
G1 X11.3503 Y2.7766
G1 X11.3325 Y2.7919
G1 X11.3162 Y2.8037
G1 X11.2951 Y2.8161
G1 X11.2771 Y2.8244
G1 X11.2542 Y2.8328
G1 X11.2335 Y2.8382
G1 X11.2091 Y2.8422
G1 X11.1877 Y2.8435
G1 X11.1595 Y2.8427
G1 X10.9581 Y2.8235
G1 X11.1525 Y3.0387
G1 X11.1660 Y3.0571
G1 X11.1762 Y3.0736
G1 X11.1845 Y3.0898
G1 X11.2419 Y3.2163
G1 X11.2513 Y3.2439
G1 X11.2874 Y3.3831
G1 X11.2914 Y3.4067
G1 X11.3081 Y3.5566
G1 X11.3088 Y3.5770
G1 X11.3067 Y3.7363
G1 X11.3054 Y3.7538
G1 X11.2831 Y3.9351
G1 X11.2437 Y4.1209
G1 X11.1880 Y4.3106
G1 X11.1169 Y4.5029
G1 X11.0309 Y4.6969
G1 X10.9308 Y4.8914
G1 X10.8170 Y5.0849
G1 X10.6905 Y5.2767
G1 X10.5514 Y5.4645
G1 X10.4005 Y5.6474
G1 X10.2380 Y5.8240
G1 X10.0642 Y5.9930
G1 X9.8635 Y6.1658
G1 X9.6385 Y6.3401
G1 X9.3920 Y6.5148
G1 X9.1267 Y6.6888
G1 X8.8459 Y6.8605
G1 X8.5528 Y7.0287
G1 X8.2508 Y7.1914
G1 X7.9423 Y7.3478
G1 X7.6311 Y7.4960
G1 X7.3202 Y7.6339
G1 X7.0127 Y7.7606
G1 X6.7115 Y7.8743
G1 X6.4195 Y7.9736
G1 X6.1400 Y8.0564
G1 X5.8745 Y8.1213
G1 X5.6305 Y8.1655
G1 X5.3251 Y8.2031
G1 X5.3016 Y8.2037
G1 X5.2998 Y8.2037
G1 X5.5672 Y8.2489
G1 X5.5878 Y8.2667
G1 X5.6062 Y8.2857
G1 X5.6261 Y8.3100
G1 X5.6417 Y8.3333
G1 X5.6566 Y8.3609
G1 X5.6673 Y8.3863
G1 X5.6771 Y8.4168
G1 X5.6829 Y8.4432
G1 X5.6868 Y8.4744
G1 X5.6877 Y8.5002
G1 X5.6862 Y8.5306
G1 X5.6821 Y8.5591
G1 X5.6749 Y8.5890
G1 X5.6657 Y8.6158
G1 X5.6523 Y8.6452
G1 X5.6391 Y8.6683
G1 X5.6272 Y8.6859
G1 X5.6201 Y8.6953
G1 X5.6073 Y8.7106
G1 X5.5982 Y8.7202
G1 X5.5736 Y8.7434
G1 X5.5734 Y8.7435
G1 X5.7185 Y8.7760
G1 X5.9789 Y8.8384
G1 X6.2253 Y8.9041
G1 X6.4794 Y8.9810
G1 X6.7387 Y9.0688
G1 X7.0032 Y9.1659
G1 X7.2704 Y9.2722
G1 X7.5398 Y9.3871
G1 X7.8099 Y9.5092
G1 X8.0788 Y9.6386
G1 X8.3454 Y9.7740
G1 X8.6082 Y9.9149
G1 X8.8663 Y10.0605
G1 X9.1178 Y10.2104
G1 X9.3610 Y10.3640
G1 X9.5954 Y10.5206
G1 X9.8187 Y10.6796
G1 X10.0306 Y10.8408
G1 X10.0461 Y10.8545
G1 X10.2298 Y11.0270
G1 X10.2449 Y11.0434
G1 X10.4449 Y11.2808
G1 X10.6435 Y11.5560
G1 X10.8346 Y11.8569
G1 X11.0107 Y12.1708
G1 X11.1633 Y12.4858
G1 X11.2788 Y12.7735
G1 X11.2850 Y12.7928
G1 X11.3571 Y13.0455
G1 X11.3605 Y13.0616
G1 X11.3662 Y13.1007
G1 X11.3872 Y13.3999
G1 X11.3864 Y13.4272
G1 X11.3839 Y13.4504
G1 X11.3807 Y13.4683
G1 X11.3387 Y13.6647
G1 X11.3527 Y13.6639
G1 X11.3746 Y13.6644
G1 X11.3825 Y13.6649
G1 X11.4132 Y13.6692
G1 X11.4393 Y13.6750
G1 X11.4679 Y13.6844
G1 X11.4930 Y13.6951
G1 X11.5145 Y13.7067
G1 X11.5405 Y13.5780
G1 X11.5524 Y13.4197
G1 X11.5443 Y13.2479
G1 X11.5142 Y13.0537
G1 X11.4632 Y12.8410
G1 X11.3845 Y12.5851
G1 X11.3401 Y12.4587
G1 X11.2938 Y12.3392
G1 X11.2456 Y12.2264
G1 X11.1912 Y12.1100
G1 X11.1323 Y11.9945
G1 X11.0718 Y11.8856
G1 X11.0014 Y11.7687
G1 X10.9316 Y11.6617
G1 X10.8546 Y11.5514
G1 X10.7815 Y11.4543
G1 X10.6961 Y11.3480
G1 X10.6091 Y11.2473
G1 X10.5102 Y11.1395
G1 X10.4169 Y11.0438
G1 X10.3071 Y10.9379
G1 X10.2043 Y10.8446
G1 X10.0867 Y10.7435
G1 X9.9700 Y10.6487
G1 X9.8403 Y10.5484
G1 X9.7139 Y10.4558
G1 X9.5727 Y10.3574
G1 X9.4324 Y10.2639
G1 X9.2852 Y10.1703
G1 X9.1244 Y10.0724
G1 X8.9718 Y9.9834
G1 X8.9694 Y9.9822
G1 X8.7981 Y9.8866
G1 X8.6317 Y9.7971
G1 X8.6283 Y9.7955
G1 X8.4454 Y9.7010
G1 X8.2608 Y9.6091
G1 X8.0690 Y9.5172
G1 X7.8667 Y9.4234
G1 X7.8623 Y9.4210
G1 X7.6600 Y9.3303
G1 X7.3828 Y9.2068
G1 X7.1297 Y9.0908
G1 X6.9051 Y8.9853
G1 X6.7133 Y8.8917
G1 X6.5573 Y8.8116
G1 X6.4462 Y8.7496
G1 X6.4293 Y8.7390
G1 X6.3608 Y8.6907
G1 X6.3373 Y8.6702
G1 X6.3187 Y8.6506
G1 X6.2997 Y8.6269
G1 X6.2880 Y8.6096
G1 X6.2840 Y8.6029
G1 X6.2695 Y8.5754
G1 X6.2582 Y8.5483
G1 X6.2491 Y8.5179
G1 X6.2445 Y8.4951
G1 X6.2415 Y8.4741
G1 X6.2404 Y8.4614
G1 X6.2397 Y8.4401
G1 X6.2402 Y8.4254
G1 X6.2435 Y8.3910
G1 X6.2469 Y8.3710
G1 X6.2544 Y8.3403
G1 X6.2647 Y8.3099
G1 X6.2760 Y8.2849
G1 X6.2916 Y8.2570
G1 X6.3074 Y8.2346
G1 X6.3279 Y8.2103
G1 X6.3467 Y8.1918
G1 X6.3706 Y8.1720
G1 X6.3932 Y8.1566
G1 X6.4207 Y8.1411
G1 X6.4447 Y8.1307
G1 X6.4646 Y8.1235
G1 X6.4766 Y8.1200
G1 X6.4966 Y8.1152
G1 X6.5103 Y8.1128
G1 X6.5464 Y8.1089
G1 X6.5635 Y8.1084
G1 X6.7504 Y8.1096
G1 X6.7917 Y8.0965
G1 X6.8883 Y8.0602
G1 X6.8883 Y8.0600
G1 X6.9992 Y8.0138
G1 X7.1423 Y7.9513
G1 X7.3030 Y7.8786
G1 X7.4655 Y7.8030
G1 X7.4687 Y7.8012
G1 X7.6508 Y7.7140
G1 X7.8412 Y7.6212
G1 X8.0324 Y7.5262
G1 X8.2248 Y7.4288
G1 X8.4148 Y7.3306
G1 X8.5978 Y7.2339
G1 X8.7699 Y7.1408
G1 X8.9365 Y7.0480
G1 X9.0708 Y6.9705
G1 X9.3496 Y6.7987
G1 X9.6216 Y6.6167
G1 X9.8612 Y6.4418
G1 X10.0938 Y6.2554
G1 X10.2980 Y6.0754
G1 X10.4903 Y5.8881
G1 X10.6742 Y5.6881
G1 X10.8315 Y5.4962
G1 X10.9732 Y5.2996
G1 X11.1051 Y5.0908
G1 X11.2101 Y4.8969
G1 X11.3076 Y4.6834
G1 X11.3857 Y4.4763
G1 X11.4511 Y4.2569
G1 X11.4994 Y4.0388
G1 X11.5327 Y3.8189
G1 X11.5445 Y3.5841
G1 X11.5266 Y3.3631
G1 X11.4815 Y3.1542
G1 X11.4123 Y2.9638
G1 X11.3594 Y2.8650
G1 X11.3543 Y2.8686
G1 X11.3264 Y2.8844
G1 X11.3030 Y2.8948
G1 X11.2732 Y2.9055
G1 X11.2456 Y2.9124
G1 X11.2136 Y2.9173
G1 X11.1856 Y2.9186
G1 X11.1523 Y2.9175
G1 X11.1432 Y2.9166
G1 X11.2130 Y2.9940
G1 X11.2299 Y3.0176
G1 X11.2432 Y3.0394
G1 X11.2529 Y3.0588
G1 X11.3130 Y3.1922
G1 X11.3241 Y3.2249
G1 X11.3616 Y3.3705
G1 X11.3662 Y3.3984
G1 X11.3833 Y3.5542
G1 X11.3839 Y3.5779
G1 X11.3816 Y3.7417
G1 X11.3801 Y3.7630
G1 X11.3566 Y3.9507
G1 X11.3158 Y4.1421
G1 X11.2585 Y4.3368
G1 X11.1856 Y4.5333
G1 X11.0977 Y4.7312
G1 X10.9956 Y4.9294
G1 X10.8797 Y5.1263
G1 X10.7509 Y5.3214
G1 X10.6093 Y5.5124
G1 X10.4559 Y5.6982
G1 X10.2904 Y5.8779
G1 X10.1132 Y6.0500
G1 X9.9095 Y6.2254
G1 X9.6820 Y6.4014
G1 X9.4332 Y6.5777
G1 X9.1660 Y6.7529
G1 X8.8833 Y6.9257
G1 X8.5885 Y7.0949
G1 X8.2848 Y7.2584
G1 X7.9746 Y7.4158
G1 X7.6617 Y7.5647
G1 X7.3489 Y7.7035
G1 X7.0393 Y7.8310
G1 X6.7357 Y7.9454
G1 X6.4409 Y8.0457
G1 X6.1578 Y8.1294
G1 X5.8878 Y8.1953
G1 X5.6397 Y8.2401
G1 X5.5672 Y8.2489
G1 X5.7110 Y8.3035
G1 X5.7259 Y8.3318
G1 X5.7389 Y8.3632
G1 X5.7507 Y8.4009
G1 X5.7575 Y8.4337
G1 X5.7620 Y8.4720
G1 X5.7628 Y8.5037
G1 X5.7607 Y8.5414
G1 X5.7551 Y8.5766
G1 X5.7461 Y8.6135
G1 X5.7341 Y8.6468
G1 X5.7176 Y8.6826
G1 X5.7091 Y8.6969
G1 X5.7360 Y8.7030
G1 X5.9983 Y8.7658
G1 X6.2471 Y8.8322
G1 X6.5036 Y8.9099
G1 X6.7499 Y8.9933
G1 X6.6790 Y8.9586
G1 X6.5206 Y8.8772
G1 X6.4061 Y8.8131
G1 X6.3860 Y8.8004
G1 X6.3175 Y8.7521
G1 X6.3115 Y8.7474
G1 X6.2829 Y8.7220
G1 X6.2600 Y8.6975
G1 X6.2375 Y8.6691
G1 X6.2234 Y8.6480
G1 X6.2175 Y8.6379
G1 X6.2001 Y8.6043
G1 X6.1888 Y8.5772
G1 X6.1861 Y8.5698
G1 X6.1754 Y8.5328
G1 X6.1701 Y8.5058
G1 X6.1665 Y8.4806
G1 X6.1653 Y8.4636
G1 X6.1646 Y8.4376
G1 X6.1654 Y8.4181
G1 X6.1694 Y8.3786
G1 X6.1739 Y8.3532
G1 X6.1833 Y8.3161
G1 X6.1963 Y8.2788
G1 X6.2105 Y8.2481
G1 X6.2300 Y8.2139
G1 X6.2499 Y8.1861
G1 X6.2563 Y8.1786
G1 X6.1756 Y8.2024
G1 X5.9013 Y8.2693
G1 X5.7110 Y8.3035
G1 X5.8167 Y8.3609
G1 X5.8242 Y8.3854
G1 X5.8321 Y8.4249
G1 X5.8371 Y8.4702
G1 X5.8379 Y8.5079
G1 X5.8350 Y8.5532
G1 X5.8282 Y8.5946
G1 X5.8191 Y8.6315
G1 X5.8169 Y8.6390
G1 X5.8148 Y8.6445
G1 X6.0177 Y8.6933
G1 X6.1990 Y8.7416
G1 X6.1751 Y8.7111
G1 X6.1583 Y8.6856
G1 X6.1506 Y8.6724
G1 X6.1307 Y8.6333
G1 X6.1182 Y8.6029
G1 X6.1138 Y8.5906
G1 X6.1018 Y8.5477
G1 X6.0956 Y8.5161
G1 X6.0916 Y8.4862
G1 X6.0902 Y8.4655
G1 X6.0895 Y8.4346
G1 X6.0906 Y8.4106
G1 X6.0954 Y8.3657
G1 X6.1009 Y8.3347
G1 X6.1112 Y8.2955
G1 X5.9146 Y8.3433
G1 X5.8167 Y8.3609
G1 X5.9075 Y8.4210
G1 X5.9122 Y8.4685
G1 X5.9130 Y8.5126
G1 X5.9092 Y8.5655
G1 X5.9052 Y8.5890
G1 X6.0372 Y8.6207
G1 X6.0456 Y8.6229
G1 X6.0414 Y8.6109
G1 X6.0279 Y8.5621
G1 X6.0211 Y8.5260
G1 X6.0166 Y8.4915
G1 X6.0150 Y8.4671
G1 X6.0144 Y8.4311
G1 X6.0158 Y8.4027
G1 X6.0166 Y8.3958
G1 X5.9279 Y8.4173
G1 X5.9075 Y8.4210
G1 X5.6835 Y8.9221
G1 X5.9400 Y8.9836
G1 X6.1816 Y9.0480
G1 X6.4312 Y9.1234
G1 X6.6868 Y9.2098
G1 X6.9475 Y9.3057
G1 X7.2115 Y9.4107
G1 X7.4778 Y9.5240
G1 X7.7446 Y9.6448
G1 X8.0107 Y9.7726
G1 X8.2744 Y9.9064
G1 X8.5343 Y10.0458
G1 X8.7893 Y10.1897
G1 X9.0375 Y10.3376
G1 X9.2776 Y10.4891
G1 X9.5081 Y10.6432
G1 X9.7276 Y10.7992
G1 X9.9325 Y10.9547
G1 X9.9433 Y10.9640
G1 X10.1199 Y11.1298
G1 X10.1299 Y11.1405
G1 X10.3230 Y11.3690
G1 X10.5165 Y11.6367
G1 X10.7035 Y11.9305
G1 X10.8754 Y12.2365
G1 X11.0239 Y12.5418
G1 X11.1361 Y12.8209
G1 X11.1405 Y12.8341
G1 X11.2103 Y13.0773
G1 X11.2120 Y13.0851
G1 X11.2163 Y13.1115
G1 X11.2370 Y13.3968
G1 X11.2367 Y13.4141
G1 X11.2358 Y13.4244
G1 X11.2336 Y13.4371
G1 X11.1788 Y13.6964
G1 X11.1736 Y13.7128
G1 X11.1698 Y13.7227
G1 X11.1639 Y13.7349
G1 X11.0451 Y13.9553
G1 X11.0395 Y13.9641
G1 X11.0242 Y13.9849
G1 X11.0175 Y13.9929
G1 X10.8409 Y14.1749
G1 X10.8337 Y14.1815
G1 X10.8149 Y14.1964
G1 X10.8071 Y14.2019
G1 X10.5808 Y14.3390
G1 X10.5730 Y14.3432
G1 X10.5531 Y14.3522
G1 X10.5450 Y14.3554
G1 X10.2770 Y14.4416
G1 X10.2692 Y14.4437
G1 X10.2493 Y14.4479
G1 X10.2412 Y14.4490
G1 X9.9392 Y14.4778
G1 X9.9313 Y14.4781
G1 X9.9053 Y14.4776
G1 X9.5724 Y14.4422
G1 X9.5559 Y14.4393
G1 X9.2756 Y14.3721
G1 X9.0006 Y14.2865
G1 X8.7306 Y14.1826
G1 X8.4662 Y14.0607
G1 X8.2073 Y13.9205
G1 X7.9546 Y13.7626
G1 X7.7073 Y13.5871
G1 X7.4665 Y13.3940
G1 X7.2316 Y13.1839
G1 X7.0029 Y12.9567
G1 X6.7805 Y12.7124
G1 X6.5645 Y12.4512
G1 X6.3548 Y12.1732
G1 X6.1519 Y11.8791
G1 X5.9550 Y11.5680
G1 X5.7658 Y11.2415
G1 X5.6630 Y11.0517
G1 X5.5642 Y10.8589
G1 X5.4704 Y10.6657
G1 X5.3821 Y10.4740
G1 X5.2998 Y10.2854
G1 X5.2242 Y10.1019
G1 X5.1563 Y9.9255
G1 X5.0964 Y9.7583
G1 X5.0452 Y9.6014
G1 X5.0033 Y9.4564
G1 X4.9715 Y9.3240
G1 X4.9524 Y9.2162
G1 X4.9509 Y9.2041
G1 X4.9438 Y9.1126
G1 X4.9441 Y9.0906
G1 X4.9506 Y9.0213
G1 X4.9537 Y9.0042
G1 X4.9573 Y8.9908
G1 X4.9656 Y8.9698
G1 X4.9874 Y8.9248
G1 X4.9963 Y8.9099
G1 X5.0044 Y8.8989
G1 X5.0157 Y8.8860
G1 X5.0261 Y8.8761
G1 X5.0398 Y8.8655
G1 X5.0513 Y8.8581
G1 X5.0738 Y8.8468
G1 X5.1128 Y8.8314
G1 X5.1294 Y8.8265
G1 X5.1432 Y8.8237
G1 X5.1604 Y8.8220
G1 X5.1728 Y8.8218
G1 X5.1937 Y8.8234
G1 X5.2903 Y8.8376
G1 X5.4599 Y8.8722
G1 X5.6835 Y8.9221
G1 X5.6660 Y8.9953
G1 X5.9207 Y9.0561
G1 X6.1598 Y9.1199
G1 X6.4071 Y9.1947
G1 X6.6608 Y9.2804
G1 X6.9196 Y9.3755
G1 X7.1821 Y9.4799
G1 X7.4467 Y9.5925
G1 X7.7122 Y9.7126
G1 X7.9767 Y9.8396
G1 X8.2390 Y9.9727
G1 X8.4974 Y10.1113
G1 X8.7508 Y10.2543
G1 X8.9974 Y10.4012
G1 X9.2358 Y10.5516
G1 X9.4645 Y10.7044
G1 X9.6821 Y10.8591
G1 X9.8844 Y11.0127
G1 X9.8919 Y11.0189
G1 X10.0652 Y11.1812
G1 X10.0725 Y11.1890
G1 X10.2620 Y11.4131
G1 X10.4532 Y11.6771
G1 X10.6380 Y11.9673
G1 X10.8078 Y12.2695
G1 X10.9542 Y12.5698
G1 X11.0651 Y12.8457
G1 X11.0683 Y12.8548
G1 X11.1380 Y13.0980
G1 X11.1414 Y13.1171
G1 X11.1618 Y13.3954
G1 X11.1615 Y13.4126
G1 X11.1601 Y13.4217
G1 X11.1070 Y13.6741
G1 X11.1019 Y13.6905
G1 X11.0977 Y13.6992
G1 X10.9788 Y13.9197
G1 X10.9636 Y13.9405
G1 X10.7869 Y14.1226
G1 X10.7681 Y14.1376
G1 X10.5419 Y14.2747
G1 X10.5219 Y14.2838
G1 X10.2539 Y14.3700
G1 X10.2340 Y14.3742
G1 X9.9320 Y14.4030
G1 X9.9132 Y14.4029
G1 X9.5853 Y14.3682
G1 X9.5734 Y14.3661
G1 X9.2979 Y14.3004
G1 X9.0275 Y14.2163
G1 X8.7621 Y14.1143
G1 X8.5020 Y13.9945
G1 X8.2471 Y13.8566
G1 X7.9980 Y13.7013
G1 X7.7542 Y13.5283
G1 X7.5166 Y13.3380
G1 X7.2845 Y13.1306
G1 X7.0584 Y12.9061
G1 X6.8385 Y12.6645
G1 X6.6246 Y12.4059
G1 X6.4167 Y12.1306
G1 X6.2154 Y11.8388
G1 X6.0201 Y11.5302
G1 X5.8318 Y11.2057
G1 X5.7298 Y11.0173
G1 X5.6318 Y10.8262
G1 X5.5387 Y10.6342
G1 X5.4510 Y10.4439
G1 X5.3694 Y10.2567
G1 X5.2944 Y10.0748
G1 X5.2271 Y9.9002
G1 X5.1679 Y9.7349
G1 X5.1174 Y9.5805
G1 X5.0764 Y9.4387
G1 X5.0455 Y9.3109
G1 X5.0270 Y9.2065
G1 X5.0259 Y9.1979
G1 X5.0189 Y9.1134
G1 X5.0190 Y9.0974
G1 X5.0246 Y9.0344
G1 X5.0277 Y9.0175
G1 X5.0334 Y9.0023
G1 X5.0520 Y8.9633
G1 X5.0609 Y8.9484
G1 X5.0722 Y8.9355
G1 X5.0859 Y8.9248
G1 X5.1018 Y8.9165
G1 X5.1343 Y8.9035
G1 X5.1509 Y8.8985
G1 X5.1680 Y8.8968
G1 X5.1828 Y8.8978
G1 X5.2753 Y8.9113
G1 X5.4435 Y8.9455
G1 X5.6660 Y8.9953
; Retract
G1 Z3.0400 F2540

; Path 77
; Rapid to initial position
G1 X4.9290 Y8.8763 F2540
G1 Z0.5000
; plunge
G1 Z-2.6750 F127
; cut
G1 X4.9204 Y8.8771 F1016
G1 X4.9185 Y8.8952
G1 X4.9228 Y8.8863
G1 X4.9290 Y8.8763
G1 X4.8716 Y9.0611
G1 X4.7596 Y9.3230
G1 X4.7482 Y9.3435
G1 X4.7371 Y9.3598
G1 X4.7215 Y9.3787
G1 X4.7065 Y9.3937
G1 X4.6885 Y9.4086
G1 X4.6718 Y9.4204
G1 X4.6505 Y9.4325
G1 X4.6308 Y9.4413
G1 X4.6078 Y9.4489
G1 X4.5878 Y9.4537
G1 X4.5633 Y9.4572
G1 X4.5432 Y9.4579
G1 X4.5200 Y9.4572
G1 X4.4996 Y9.4546
G1 X4.4758 Y9.4492
G1 X4.4551 Y9.4425
G1 X4.4323 Y9.4325
G1 X4.4147 Y9.4225
G1 X4.3951 Y9.4094
G1 X4.3794 Y9.3967
G1 X4.3669 Y9.3848
G1 X4.3615 Y9.3791
G1 X4.3513 Y9.3671
G1 X4.3465 Y9.3609
G1 X4.3319 Y9.3393
G1 X4.3251 Y9.3278
G1 X4.1743 Y9.0410
G1 X4.1850 Y9.1177
G1 X4.1861 Y9.1398
G1 X4.1864 Y9.2527
G1 X4.1749 Y9.3995
G1 X4.1719 Y9.4192
G1 X4.1358 Y9.5993
G1 X4.0791 Y9.7973
G1 X4.0021 Y10.0135
G1 X3.9055 Y10.2491
G1 X3.7887 Y10.5045
G1 X3.6526 Y10.7792
G1 X3.4965 Y11.0740
G1 X3.3278 Y11.3750
G1 X3.1577 Y11.6607
G1 X2.9857 Y11.9317
G1 X2.8117 Y12.1881
G1 X2.6353 Y12.4304
G1 X2.4561 Y12.6584
G1 X2.2742 Y12.8727
G1 X2.0885 Y13.0732
G1 X1.8996 Y13.2597
G1 X1.7066 Y13.4333
G1 X1.5095 Y13.5936
G1 X1.3084 Y13.7406
G1 X1.1024 Y13.8751
G1 X0.8920 Y13.9965
G1 X0.6768 Y14.1057
G1 X0.4596 Y14.2007
G1 X0.1794 Y14.3101
G1 X-0.0733 Y14.3967
G1 X-0.3057 Y14.4608
G1 X-0.5080 Y14.5007
G1 X-0.5253 Y14.5032
G1 X-0.7204 Y14.5225
G1 X-0.7368 Y14.5230
G1 X-0.9289 Y14.5224
G1 X-0.9440 Y14.5214
G1 X-1.1277 Y14.5028
G1 X-1.0709 Y14.6022
G1 X-1.0610 Y14.6239
G1 X-1.0561 Y14.6375
G1 X-1.0537 Y14.6451
G1 X-1.0481 Y14.6691
G1 X-1.0457 Y14.6882
G1 X-1.0445 Y14.7121
G1 X-1.0452 Y14.7331
G1 X-1.0482 Y14.7565
G1 X-1.0528 Y14.7767
G1 X-1.0556 Y14.7854
G1 X-0.8967 Y14.7834
G1 X-0.6542 Y14.7654
G1 X-0.5016 Y14.7453
G1 X-0.3382 Y14.7162
G1 X-0.1672 Y14.6785
G1 X0.0049 Y14.6339
G1 X0.1797 Y14.5824
G1 X0.3659 Y14.5211
G1 X0.5422 Y14.4573
G1 X0.7154 Y14.3885
G1 X0.8961 Y14.3109
G1 X1.0582 Y14.2353
G1 X1.2264 Y14.1501
G1 X1.3789 Y14.0667
G1 X1.5234 Y13.9803
G1 X1.6539 Y13.8948
G1 X1.7773 Y13.8052
G1 X1.8797 Y13.7217
G1 X2.0257 Y13.5843
G1 X2.1929 Y13.4079
G1 X2.3664 Y13.2097
G1 X2.5561 Y12.9792
G1 X2.7529 Y12.7283
G1 X2.9509 Y12.4644
G1 X2.9511 Y12.4644
G1 X3.1451 Y12.1955
G1 X3.3353 Y11.9214
G1 X3.5161 Y11.6502
G1 X3.6850 Y11.3856
G1 X3.8345 Y11.1387
G1 X3.9673 Y10.9057
G1 X4.0737 Y10.7017
G1 X4.1490 Y10.5366
G1 X4.1912 Y10.4168
G1 X4.2087 Y10.3156
G1 X4.2130 Y10.2989
G1 X4.2159 Y10.2903
G1 X4.2222 Y10.2740
G1 X4.2258 Y10.2665
G1 X4.2392 Y10.2410
G1 X4.2474 Y10.2281
G1 X4.2677 Y10.1999
G1 X4.2836 Y10.1816
G1 X4.2983 Y10.1676
G1 X4.3175 Y10.1523
G1 X4.3349 Y10.1410
G1 X4.3561 Y10.1297
G1 X4.3755 Y10.1216
G1 X4.3992 Y10.1143
G1 X4.4194 Y10.1101
G1 X4.4427 Y10.1073
G1 X4.4641 Y10.1066
G1 X4.4882 Y10.1083
G1 X4.5079 Y10.1114
G1 X4.5313 Y10.1173
G1 X4.5510 Y10.1243
G1 X4.5725 Y10.1342
G1 X4.5860 Y10.1418
G1 X4.6029 Y10.1526
G1 X4.6427 Y10.1816
G1 X4.6534 Y10.1905
G1 X4.6729 Y10.2090
G1 X4.6815 Y10.2182
G1 X4.7504 Y10.2997
G1 X4.8316 Y10.4113
G1 X4.9268 Y10.5539
G1 X5.0342 Y10.7248
G1 X5.1519 Y10.9208
G1 X5.2764 Y11.1363
G1 X5.3783 Y11.3151
G1 X5.3784 Y11.3151
G1 X5.4758 Y11.4823
G1 X5.5727 Y11.6455
G1 X5.6682 Y11.8026
G1 X5.7626 Y11.9548
G1 X5.7636 Y11.9567
G1 X5.8536 Y12.0979
G1 X5.9455 Y12.2383
G1 X6.0345 Y12.3705
G1 X6.1239 Y12.4993
G1 X6.2110 Y12.6208
G1 X6.2983 Y12.7383
G1 X6.3863 Y12.8529
G1 X6.4704 Y12.9581
G1 X6.5571 Y13.0622
G1 X6.6410 Y13.1588
G1 X6.7285 Y13.2552
G1 X6.7283 Y13.2554
G1 X6.8114 Y13.3426
G1 X6.8966 Y13.4281
G1 X6.9855 Y13.5129
G1 X7.0700 Y13.5896
G1 X7.1583 Y13.6656
G1 X7.2451 Y13.7362
G1 X7.3350 Y13.8057
G1 X7.4236 Y13.8703
G1 X7.5129 Y13.9317
G1 X7.6078 Y13.9935
G1 X7.7034 Y14.0521
G1 X7.7989 Y14.1073
G1 X7.8952 Y14.1600
G1 X7.9961 Y14.2120
G1 X8.0787 Y14.2520
G1 X8.0816 Y14.2326
G1 X8.0865 Y14.2125
G1 X8.0944 Y14.1895
G1 X8.1034 Y14.1700
G1 X8.1118 Y14.1549
G1 X8.1162 Y14.1479
G1 X8.1299 Y14.1294
G1 X8.1479 Y14.1089
G1 X8.1586 Y14.0984
G1 X8.2397 Y14.0266
G1 X8.2423 Y14.0249
G1 X8.1675 Y13.9843
G1 X7.9111 Y13.8239
G1 X7.6602 Y13.6458
G1 X7.4163 Y13.4500
G1 X7.1786 Y13.2373
G1 X6.9473 Y13.0073
G1 X6.7226 Y12.7603
G1 X6.5046 Y12.4966
G1 X6.2929 Y12.2158
G1 X6.0884 Y11.9193
G1 X5.8899 Y11.6057
G1 X5.6997 Y11.2774
G1 X5.5962 Y11.0861
G1 X5.4965 Y10.8917
G1 X5.4021 Y10.6972
G1 X5.3132 Y10.5041
G1 X5.2303 Y10.3140
G1 X5.1540 Y10.1289
G1 X5.0855 Y9.9509
G1 X5.0249 Y9.7817
G1 X4.9729 Y9.6222
G1 X4.9303 Y9.4739
G1 X4.8975 Y9.3370
G1 X4.8778 Y9.2251
G1 X4.8760 Y9.2100
G1 X4.8687 Y9.1115
G1 X4.8693 Y9.0836
G1 X4.8716 Y9.0611
G1 X4.8257 Y9.3591
G1 X4.8254 Y9.3596
G1 X4.8103 Y9.3860
G1 X4.7952 Y9.4075
G1 X4.7746 Y9.4319
G1 X4.7546 Y9.4514
G1 X4.7318 Y9.4700
G1 X4.7089 Y9.4858
G1 X4.6810 Y9.5012
G1 X4.6544 Y9.5126
G1 X4.6252 Y9.5221
G1 X4.5984 Y9.5281
G1 X4.5663 Y9.5323
G1 X4.5407 Y9.5331
G1 X4.5106 Y9.5318
G1 X4.4831 Y9.5280
G1 X4.4527 Y9.5208
G1 X4.4248 Y9.5113
G1 X4.3952 Y9.4979
G1 X4.3729 Y9.4850
G1 X4.3475 Y9.4677
G1 X4.3278 Y9.4513
G1 X4.3123 Y9.4363
G1 X4.3043 Y9.4279
G1 X4.2918 Y9.4130
G1 X4.2843 Y9.4031
G1 X4.2672 Y9.3777
G1 X4.2585 Y9.3628
G1 X4.2538 Y9.3539
G1 X4.2492 Y9.4110
G1 X4.2456 Y9.4339
G1 X4.2081 Y9.6200
G1 X4.1500 Y9.8225
G1 X4.0717 Y10.0420
G1 X3.9739 Y10.2803
G1 X3.8560 Y10.5380
G1 X3.7190 Y10.8144
G1 X3.5621 Y11.1107
G1 X3.3924 Y11.4136
G1 X3.2212 Y11.7010
G1 X3.0479 Y11.9739
G1 X2.8725 Y12.2324
G1 X2.6944 Y12.4769
G1 X2.5135 Y12.7071
G1 X2.3294 Y12.9237
G1 X2.1414 Y13.1266
G1 X1.9499 Y13.3155
G1 X1.7540 Y13.4917
G1 X1.5539 Y13.6542
G1 X1.3494 Y13.8037
G1 X1.1400 Y13.9402
G1 X0.9261 Y14.0635
G1 X0.7068 Y14.1746
G1 X0.4870 Y14.2707
G1 X0.2038 Y14.3812
G1 X-0.0533 Y14.4690
G1 X-0.2910 Y14.5344
G1 X-0.4970 Y14.5750
G1 X-0.5180 Y14.5781
G1 X-0.7182 Y14.5977
G1 X-0.7372 Y14.5981
G1 X-0.9337 Y14.5975
G1 X-0.9517 Y14.5962
G1 X-0.9930 Y14.5921
G1 X-0.9904 Y14.5981
G1 X-0.9843 Y14.6150
G1 X-0.9805 Y14.6281
G1 X-0.9749 Y14.6521
G1 X-0.9735 Y14.6597
G1 X-0.9706 Y14.6842
G1 X-0.9695 Y14.7092
G1 X-0.9008 Y14.7083
G1 X-0.6614 Y14.6906
G1 X-0.5140 Y14.6712
G1 X-0.3522 Y14.6423
G1 X-0.1841 Y14.6053
G1 X-0.0164 Y14.5618
G1 X0.1561 Y14.5109
G1 X0.3424 Y14.4496
G1 X0.5166 Y14.3866
G1 X0.6857 Y14.3195
G1 X0.8663 Y14.2418
G1 X1.0243 Y14.1681
G1 X1.1925 Y14.0829
G1 X1.3427 Y14.0009
G1 X1.4822 Y13.9175
G1 X1.6109 Y13.8331
G1 X1.7306 Y13.7462
G1 X1.8302 Y13.6650
G1 X1.9727 Y13.5311
G1 X2.1383 Y13.3561
G1 X2.3083 Y13.1619
G1 X2.4969 Y12.9328
G1 X2.6928 Y12.6831
G1 X2.8908 Y12.4192
G1 X2.8920 Y12.4178
G1 X3.0833 Y12.1527
G1 X3.2727 Y11.8797
G1 X3.4528 Y11.6098
G1 X3.6206 Y11.3466
G1 X3.7691 Y11.1015
G1 X3.9019 Y10.8685
G1 X4.0064 Y10.6682
G1 X4.0790 Y10.5090
G1 X4.1182 Y10.3979
G1 X4.1358 Y10.2968
G1 X4.1417 Y10.2752
G1 X4.1458 Y10.2630
G1 X4.1539 Y10.2427
G1 X4.1593 Y10.2311
G1 X4.1756 Y10.2009
G1 X4.1864 Y10.1840
G1 X4.2109 Y10.1505
G1 X4.2316 Y10.1274
G1 X4.2515 Y10.1087
G1 X4.2765 Y10.0893
G1 X4.2996 Y10.0747
G1 X4.3271 Y10.0603
G1 X4.3534 Y10.0499
G1 X4.3841 Y10.0406
G1 X4.4102 Y10.0355
G1 X4.4404 Y10.0322
G1 X4.4690 Y10.0317
G1 X4.5001 Y10.0341
G1 X4.5262 Y10.0385
G1 X4.5565 Y10.0465
G1 X4.5824 Y10.0561
G1 X4.6094 Y10.0688
G1 X4.6266 Y10.0785
G1 X4.6471 Y10.0918
G1 X4.6909 Y10.1240
G1 X4.7049 Y10.1358
G1 X4.7280 Y10.1578
G1 X4.7390 Y10.1697
G1 X4.8112 Y10.2554
G1 X4.8942 Y10.3695
G1 X4.9904 Y10.5139
G1 X5.0986 Y10.6861
G1 X5.2170 Y10.8833
G1 X5.3417 Y11.0991
G1 X5.4424 Y11.2759
G1 X5.4434 Y11.2772
G1 X5.5404 Y11.4440
G1 X5.6370 Y11.6064
G1 X5.7322 Y11.7629
G1 X5.8269 Y11.9163
G1 X5.9165 Y12.0567
G1 X6.0078 Y12.1963
G1 X6.0962 Y12.3276
G1 X6.1857 Y12.4563
G1 X6.2712 Y12.5760
G1 X6.3580 Y12.6925
G1 X6.4460 Y12.8071
G1 X6.5281 Y12.9100
G1 X6.6139 Y13.0128
G1 X6.6967 Y13.1082
G1 X6.7842 Y13.2046
G1 X6.7853 Y13.2062
G1 X6.8647 Y13.2896
G1 X6.9484 Y13.3736
G1 X7.0361 Y13.4572
G1 X7.1206 Y13.5339
G1 X7.2058 Y13.6073
G1 X7.2910 Y13.6767
G1 X7.3810 Y13.7462
G1 X7.4663 Y13.8084
G1 X7.5540 Y13.8687
G1 X7.6471 Y13.9294
G1 X7.7412 Y13.9870
G1 X7.8367 Y14.0422
G1 X7.9298 Y14.0932
G1 X8.0306 Y14.1452
G1 X8.0319 Y14.1458
G1 X8.0377 Y14.1334
G1 X8.0483 Y14.1145
G1 X8.0558 Y14.1032
G1 X8.0734 Y14.0799
G1 X8.0951 Y14.0552
G1 X8.1088 Y14.0420
G1 X8.1126 Y14.0387
G1 X7.8677 Y13.8851
G1 X7.6130 Y13.7044
G1 X7.3662 Y13.5061
G1 X7.1256 Y13.2906
G1 X6.8918 Y13.0579
G1 X6.6647 Y12.8082
G1 X6.4445 Y12.5418
G1 X6.2310 Y12.2585
G1 X6.0249 Y11.9596
G1 X5.8248 Y11.6434
G1 X5.6337 Y11.3131
G1 X5.5293 Y11.1204
G1 X5.4289 Y10.9245
G1 X5.3339 Y10.7287
G1 X5.2443 Y10.5341
G1 X5.1607 Y10.3427
G1 X5.0838 Y10.1560
G1 X5.0146 Y9.9762
G1 X4.9535 Y9.8051
G1 X4.9007 Y9.6430
G1 X4.8572 Y9.4914
G1 X4.8257 Y9.3591
G1 X4.7877 Y9.5215
G1 X4.7744 Y9.5319
G1 X4.7454 Y9.5515
G1 X4.7175 Y9.5670
G1 X4.7105 Y9.5705
G1 X4.6777 Y9.5840
G1 X4.6417 Y9.5955
G1 X4.6080 Y9.6028
G1 X4.5687 Y9.6074
G1 X4.5375 Y9.6082
G1 X4.5003 Y9.6063
G1 X4.4659 Y9.6012
G1 X4.4283 Y9.5920
G1 X4.3939 Y9.5799
G1 X4.3575 Y9.5630
G1 X4.3306 Y9.5471
G1 X4.3033 Y9.5280
G1 X4.2803 Y9.6406
G1 X4.2208 Y9.8479
G1 X4.1412 Y10.0705
G1 X4.0424 Y10.3116
G1 X3.9234 Y10.5713
G1 X3.7855 Y10.8495
G1 X3.6276 Y11.1475
G1 X3.4570 Y11.4521
G1 X3.3684 Y11.6007
G1 X3.3894 Y11.5694
G1 X3.5563 Y11.3076
G1 X3.7037 Y11.0643
G1 X3.8365 Y10.8312
G1 X3.9391 Y10.6346
G1 X4.0090 Y10.4813
G1 X4.0454 Y10.3780
G1 X4.0632 Y10.2771
G1 X4.0704 Y10.2512
G1 X4.0761 Y10.2349
G1 X4.0858 Y10.2111
G1 X4.0932 Y10.1956
G1 X4.1123 Y10.1603
G1 X4.1258 Y10.1396
G1 X4.1548 Y10.1006
G1 X4.1802 Y10.0724
G1 X4.2053 Y10.0494
G1 X4.2362 Y10.0258
G1 X4.2648 Y10.0080
G1 X4.2992 Y9.9905
G1 X4.3317 Y9.9779
G1 X4.3697 Y9.9668
G1 X4.4019 Y9.9607
G1 X4.4392 Y9.9571
G1 X4.4748 Y9.9567
G1 X4.5128 Y9.9599
G1 X4.5453 Y9.9658
G1 X4.5824 Y9.9760
G1 X4.6143 Y9.9881
G1 X4.6464 Y10.0034
G1 X4.6677 Y10.0155
G1 X4.6917 Y10.0312
G1 X4.7393 Y10.0664
G1 X4.7568 Y10.0814
G1 X4.7834 Y10.1068
G1 X4.7964 Y10.1213
G1 X4.8720 Y10.2112
G1 X4.9567 Y10.3279
G1 X5.0541 Y10.4740
G1 X5.1631 Y10.6474
G1 X5.2821 Y10.8457
G1 X5.4069 Y11.0618
G1 X5.5065 Y11.2368
G1 X5.5083 Y11.2393
G1 X5.4625 Y11.1548
G1 X5.3612 Y10.9573
G1 X5.2656 Y10.7603
G1 X5.1754 Y10.5642
G1 X5.0912 Y10.3713
G1 X5.0137 Y10.1831
G1 X4.9438 Y10.0014
G1 X4.8821 Y9.8283
G1 X4.8284 Y9.6638
G1 X4.7877 Y9.5215
G1 X4.7430 Y9.6383
G1 X4.7392 Y9.6400
G1 X4.7004 Y9.6556
G1 X4.6576 Y9.6690
G1 X4.6167 Y9.6774
G1 X4.5706 Y9.6825
G1 X4.5336 Y9.6833
G1 X4.4893 Y9.6806
G1 X4.4479 Y9.6742
G1 X4.4033 Y9.6630
G1 X4.3624 Y9.6482
G1 X4.3559 Y9.6451
G1 X4.3526 Y9.6613
G1 X4.2916 Y9.8732
G1 X4.2752 Y9.9192
G1 X4.3105 Y9.9058
G1 X4.3559 Y9.8929
G1 X4.3945 Y9.8859
G1 X4.4385 Y9.8819
G1 X4.4810 Y9.8817
G1 X4.5262 Y9.8859
G1 X4.5652 Y9.8932
G1 X4.6090 Y9.9056
G1 X4.6468 Y9.9203
G1 X4.6835 Y9.9380
G1 X4.7089 Y9.9526
G1 X4.7364 Y9.9707
G1 X4.7882 Y10.0093
G1 X4.8088 Y10.0271
G1 X4.8392 Y10.0565
G1 X4.8540 Y10.0729
G1 X4.9219 Y10.1539
G1 X4.8730 Y10.0267
G1 X4.8106 Y9.8515
G1 X4.7561 Y9.6844
G1 X4.7430 Y9.6383
G1 X4.6941 Y9.7361
G1 X4.6727 Y9.7427
G1 X4.6250 Y9.7522
G1 X4.5722 Y9.7576
G1 X4.5291 Y9.7584
G1 X4.4778 Y9.7549
G1 X4.4294 Y9.7472
G1 X4.4078 Y9.7414
G1 X4.3877 Y9.8109
G1 X4.4382 Y9.8068
G1 X4.4878 Y9.8070
G1 X4.5400 Y9.8121
G1 X4.5857 Y9.8208
G1 X4.6360 Y9.8354
G1 X4.6794 Y9.8527
G1 X4.7208 Y9.8727
G1 X4.7430 Y9.8856
G1 X4.7392 Y9.8748
G1 X4.6941 Y9.7361
G1 X4.0635 Y9.5786
G1 X4.0083 Y9.7721
G1 X3.9326 Y9.9851
G1 X3.8371 Y10.2179
G1 X3.7214 Y10.4711
G1 X3.5863 Y10.7440
G1 X3.4310 Y11.0372
G1 X3.2632 Y11.3366
G1 X3.0942 Y11.6205
G1 X2.9234 Y11.8896
G1 X2.7509 Y12.1439
G1 X2.5763 Y12.3839
G1 X2.3989 Y12.6097
G1 X2.2190 Y12.8215
G1 X2.0357 Y13.0197
G1 X1.8493 Y13.2038
G1 X1.6591 Y13.3750
G1 X1.4652 Y13.5329
G1 X1.2672 Y13.6777
G1 X1.0649 Y13.8100
G1 X0.8580 Y13.9296
G1 X0.6465 Y14.0368
G1 X0.4323 Y14.1307
G1 X0.1549 Y14.2389
G1 X-0.0934 Y14.3242
G1 X-0.3204 Y14.3871
G1 X-0.5194 Y14.4264
G1 X-0.5328 Y14.4285
G1 X-0.7231 Y14.4474
G1 X-0.7367 Y14.4479
G1 X-0.9241 Y14.4474
G1 X-0.9365 Y14.4466
G1 X-1.1374 Y14.4264
G1 X-1.3425 Y14.3900
G1 X-1.3586 Y14.3858
G1 X-1.5402 Y14.3286
G1 X-1.5482 Y14.3255
G1 X-1.5671 Y14.3171
G1 X-1.5744 Y14.3133
G1 X-1.7253 Y14.2254
G1 X-1.7325 Y14.2206
G1 X-1.7503 Y14.2073
G1 X-1.7573 Y14.2014
G1 X-1.8778 Y14.0856
G1 X-1.8838 Y14.0791
G1 X-1.8978 Y14.0621
G1 X-1.9031 Y14.0549
G1 X-1.9935 Y13.9141
G1 X-1.9973 Y13.9074
G1 X-2.0062 Y13.8898
G1 X-2.0094 Y13.8823
G1 X-2.0729 Y13.7126
G1 X-2.0789 Y13.6889
G1 X-2.1120 Y13.4995
G1 X-2.1135 Y13.4799
G1 X-2.1171 Y13.2759
G1 X-2.1162 Y13.2579
G1 X-2.0914 Y13.0399
G1 X-2.0886 Y13.0252
G1 X-2.0361 Y12.7964
G1 X-2.0323 Y12.7835
G1 X-1.9479 Y12.5356
G1 X-1.8364 Y12.2831
G1 X-1.6982 Y12.0289
G1 X-1.5340 Y11.7749
G1 X-1.3438 Y11.5240
G1 X-1.1285 Y11.2786
G1 X-0.8896 Y11.0426
G1 X-0.7136 Y10.8892
G1 X-0.5183 Y10.7343
G1 X-0.3058 Y10.5793
G1 X-0.0784 Y10.4248
G1 X0.1617 Y10.2718
G1 X0.4130 Y10.1212
G1 X0.6729 Y9.9742
G1 X0.9392 Y9.8321
G1 X1.2103 Y9.6956
G1 X1.4838 Y9.5660
G1 X1.7575 Y9.4446
G1 X2.0293 Y9.3323
G1 X2.2975 Y9.2304
G1 X2.5595 Y9.1398
G1 X2.8138 Y9.0614
G1 X3.0544 Y8.9979
G1 X3.3425 Y8.9291
G1 X3.5633 Y8.8796
G1 X3.7190 Y8.8521
G1 X3.7362 Y8.8502
G1 X3.8431 Y8.8454
G1 X3.8603 Y8.8462
G1 X3.8726 Y8.8478
G1 X3.8936 Y8.8526
G1 X3.9600 Y8.8732
G1 X3.9759 Y8.8799
G1 X3.9868 Y8.8857
G1 X4.0015 Y8.8949
G1 X4.0131 Y8.9040
G1 X4.0257 Y8.9159
G1 X4.0336 Y8.9247
G1 X4.0427 Y8.9369
G1 X4.0753 Y8.9846
G1 X4.0838 Y8.9996
G1 X4.0905 Y9.0157
G1 X4.0976 Y9.0405
G1 X4.0998 Y9.0507
G1 X4.1098 Y9.1225
G1 X4.1110 Y9.1401
G1 X4.1115 Y9.2469
G1 X4.1005 Y9.3889
G1 X4.0982 Y9.4045
G1 X4.0635 Y9.5786
G1 X3.9913 Y9.5581
G1 X3.9375 Y9.7470
G1 X3.8630 Y9.9566
G1 X3.7687 Y10.1867
G1 X3.6541 Y10.4377
G1 X3.5197 Y10.7089
G1 X3.3654 Y11.0004
G1 X3.1986 Y11.2980
G1 X3.0307 Y11.5802
G1 X2.8612 Y11.8474
G1 X2.6901 Y12.0997
G1 X2.5171 Y12.3375
G1 X2.3415 Y12.5610
G1 X2.1638 Y12.7705
G1 X1.9828 Y12.9662
G1 X1.7991 Y13.1480
G1 X1.6117 Y13.3168
G1 X1.4207 Y13.4723
G1 X1.2259 Y13.6149
G1 X1.0272 Y13.7449
G1 X0.8239 Y13.8625
G1 X0.6162 Y13.9679
G1 X0.4049 Y14.0607
G1 X0.1304 Y14.1678
G1 X-0.1136 Y14.2518
G1 X-0.3348 Y14.3134
G1 X-0.5315 Y14.3522
G1 X-0.5403 Y14.3537
G1 X-0.7268 Y14.3723
G1 X-0.7365 Y14.3728
G1 X-0.9202 Y14.3723
G1 X-0.9291 Y14.3718
G1 X-1.1244 Y14.3524
G1 X-1.3241 Y14.3171
G1 X-1.3360 Y14.3140
G1 X-1.5176 Y14.2567
G1 X-1.5365 Y14.2483
G1 X-1.6874 Y14.1604
G1 X-1.7053 Y14.1471
G1 X-1.8257 Y14.0314
G1 X-1.8397 Y14.0144
G1 X-1.9301 Y13.8735
G1 X-1.9390 Y13.8559
G1 X-2.0003 Y13.6927
G1 X-2.0049 Y13.6759
G1 X-2.0371 Y13.4930
G1 X-2.0383 Y13.4785
G1 X-2.0420 Y13.2788
G1 X-2.0415 Y13.2664
G1 X-2.0172 Y13.0525
G1 X-2.0154 Y13.0422
G1 X-1.9637 Y12.8168
G1 X-1.9612 Y12.8077
G1 X-1.8792 Y12.5660
G1 X-1.7703 Y12.3190
G1 X-1.6350 Y12.0696
G1 X-1.4740 Y11.8202
G1 X-1.2873 Y11.5735
G1 X-1.0756 Y11.3321
G1 X-0.8401 Y11.0992
G1 X-0.6668 Y10.9480
G1 X-0.4739 Y10.7951
G1 X-0.2635 Y10.6415
G1 X-0.0380 Y10.4881
G1 X0.2004 Y10.3363
G1 X0.4499 Y10.1865
G1 X0.7082 Y10.0406
G1 X0.9731 Y9.8993
G1 X1.2425 Y9.7635
G1 X1.5143 Y9.6348
G1 X1.7862 Y9.5141
G1 X2.0561 Y9.4026
G1 X2.3220 Y9.3014
G1 X2.5816 Y9.2116
G1 X2.8328 Y9.1341
G1 X3.0719 Y9.0711
G1 X3.3590 Y9.0025
G1 X3.5766 Y8.9536
G1 X3.7279 Y8.9267
G1 X3.7398 Y8.9253
G1 X3.8397 Y8.9205
G1 X3.8568 Y8.9213
G1 X3.8716 Y8.9245
G1 X3.9308 Y8.9427
G1 X3.9467 Y8.9493
G1 X3.9614 Y8.9586
G1 X3.9739 Y8.9705
G1 X3.9808 Y8.9794
G1 X4.0098 Y9.0216
G1 X4.0182 Y9.0365
G1 X4.0254 Y9.0614
G1 X4.0349 Y9.1282
G1 X4.0358 Y9.1406
G1 X4.0365 Y9.2412
G1 X4.0260 Y9.3791
G1 X4.0246 Y9.3898
G1 X3.9913 Y9.5581
G1 X4.1369 Y8.9417
G1 X4.1236 Y8.8819
G1 X4.0933 Y8.8790
G1 X4.0941 Y8.8799
G1 X4.1048 Y8.8944
G1 X4.1369 Y8.9417
; Retract
G1 Z3.0400 F2540

; Path 78
; Rapid to initial position
G1 X4.1571 Y8.1611 F2540
G1 Z0.5000
; plunge
G1 Z-2.6750 F127
; cut
G1 X4.1776 Y8.1608 F1016
G1 X4.1781 Y8.1349
G1 X4.1735 Y8.1415
G1 X4.1583 Y8.1599
G1 X4.1571 Y8.1611
G1 X3.3587 Y8.2952
G1 X3.1410 Y8.2539
G1 X2.8561 Y8.1830
G1 X2.8082 Y8.1690
G1 X2.8168 Y8.1779
G1 X2.8389 Y8.2059
G1 X2.8593 Y8.2375
G1 X2.8760 Y8.2696
G1 X2.8895 Y8.3027
G1 X2.8999 Y8.3361
G1 X2.9075 Y8.3729
G1 X2.9115 Y8.4079
G1 X2.9124 Y8.4447
G1 X2.9100 Y8.4806
G1 X2.9037 Y8.5190
G1 X2.8952 Y8.5507
G1 X2.8833 Y8.5843
G1 X2.8734 Y8.6065
G1 X2.8652 Y8.6221
G1 X2.8418 Y8.6613
G1 X2.7432 Y8.8018
G1 X2.7352 Y8.8121
G1 X2.7093 Y8.8405
G1 X2.6852 Y8.8626
G1 X2.6801 Y8.8666
G1 X2.7560 Y8.8432
G1 X3.0021 Y8.7782
G1 X3.2933 Y8.7090
G1 X3.3450 Y8.6975
G1 X3.3311 Y8.6697
G1 X3.3175 Y8.6352
G1 X3.3073 Y8.6005
G1 X3.3009 Y8.5690
G1 X3.2998 Y8.5611
G1 X3.2969 Y8.5284
G1 X3.2964 Y8.4964
G1 X3.2966 Y8.4886
G1 X3.2998 Y8.4558
G1 X3.3066 Y8.4178
G1 X3.3154 Y8.3868
G1 X3.3293 Y8.3498
G1 X3.3449 Y8.3182
G1 X3.3587 Y8.2952
G1 X3.2487 Y8.3508
G1 X3.1228 Y8.3267
G1 X2.9633 Y8.2871
G1 X2.9736 Y8.3208
G1 X2.9821 Y8.3645
G1 X2.9866 Y8.4060
G1 X2.9874 Y8.4496
G1 X2.9842 Y8.4929
G1 X2.9764 Y8.5384
G1 X2.9660 Y8.5758
G1 X2.9521 Y8.6146
G1 X2.9398 Y8.6417
G1 X2.9298 Y8.6606
G1 X2.9034 Y8.7044
G1 X2.8844 Y8.7314
G1 X2.9847 Y8.7051
G1 X3.2419 Y8.6441
G1 X3.2336 Y8.6155
G1 X3.2264 Y8.5796
G1 X3.2248 Y8.5677
G1 X3.2218 Y8.5295
G1 X3.2214 Y8.4948
G1 X3.2218 Y8.4812
G1 X3.2258 Y8.4425
G1 X3.2342 Y8.3974
G1 X3.2451 Y8.3603
G1 X3.2487 Y8.3508
G1 X3.1556 Y8.4095
G1 X3.1047 Y8.3996
G1 X3.0602 Y8.3885
G1 X3.0617 Y8.4046
G1 X3.0623 Y8.4552
G1 X3.0584 Y8.5056
G1 X3.0488 Y8.5584
G1 X3.0367 Y8.6013
G1 X3.0311 Y8.6167
G1 X3.1518 Y8.5881
G1 X3.1499 Y8.5736
G1 X3.1467 Y8.5306
G1 X3.1462 Y8.4921
G1 X3.1470 Y8.4736
G1 X3.1519 Y8.4286
G1 X3.1556 Y8.4095
; Retract
G1 Z3.0400 F2540

; Path 79
; Rapid to initial position
G1 X5.3377 Y6.0584 F2540
G1 Z0.5000
; plunge
G1 Z-2.6750 F127
; cut
G1 X5.4259 Y5.8920 F1016
G1 X5.5565 Y5.6613
G1 X5.6967 Y5.4277
G1 X5.8456 Y5.1936
G1 X6.0013 Y4.9611
G1 X6.1632 Y4.7316
G1 X6.3296 Y4.5070
G1 X6.4534 Y4.3484
G1 X6.4080 Y4.4012
G1 X6.1898 Y4.6760
G1 X5.9846 Y4.9566
G1 X5.8009 Y5.2305
G1 X5.6165 Y5.5314
G1 X5.4534 Y5.8249
G1 X5.3377 Y6.0584
; Retract
G1 Z3.0400 F2540

; Path 80
; Rapid to initial position
G1 X6.7078 Y8.0343 F2540
G1 Z0.5000
; plunge
G1 Z-2.6750 F127
; cut
G1 X6.7387 Y8.0344 F1016
G1 X6.7680 Y8.0252
G1 X6.8586 Y7.9911
G1 X6.8595 Y7.9906
G1 X6.9691 Y7.9450
G1 X7.1122 Y7.8824
G1 X7.1164 Y7.8805
G1 X7.0659 Y7.9014
G1 X6.7598 Y8.0166
G1 X6.7078 Y8.0343
; Retract
G1 Z3.0400 F2540

; Path 81
; Rapid to initial position
G1 X8.8341 Y4.9251 F2540
G1 Z0.5000
; plunge
G1 Z-2.6750 F127
; cut
G1 X9.1043 Y5.0179 F1016
G1 X9.3170 Y4.9838
G1 X9.4606 Y4.8487
G1 X9.5179 Y4.6122
G1 X9.4402 Y4.3489
G1 X9.2516 Y4.1963
G1 X9.0021 Y4.1697
G1 X8.7400 Y4.2995
G1 X8.6142 Y4.4644
G1 X8.5904 Y4.6229
G1 X8.6586 Y4.7776
G1 X8.8341 Y4.9251
G1 X8.8719 Y4.8584
G1 X9.1109 Y4.9405
G1 X9.2823 Y4.9132
G1 X9.3928 Y4.8093
G1 X9.4400 Y4.6141
G1 X9.3746 Y4.3925
G1 X9.2217 Y4.2688
G1 X9.0157 Y4.2468
G1 X8.7892 Y4.3590
G1 X8.6857 Y4.4946
G1 X8.6679 Y4.6125
G1 X8.7204 Y4.7312
G1 X8.8719 Y4.8584
G1 X8.9982 Y4.8487
G1 X8.8670 Y4.7312
G1 X8.8552 Y4.7185
G1 X8.8471 Y4.7079
G1 X8.8378 Y4.6934
G1 X8.8315 Y4.6813
G1 X8.8249 Y4.6652
G1 X8.8210 Y4.6515
G1 X8.8176 Y4.6347
G1 X8.8162 Y4.6215
G1 X8.8159 Y4.6041
G1 X8.8170 Y4.5895
G1 X8.8200 Y4.5724
G1 X8.8234 Y4.5600
G1 X8.8293 Y4.5438
G1 X8.8355 Y4.5306
G1 X8.8444 Y4.5158
G1 X8.8529 Y4.5042
G1 X8.8663 Y4.4894
G1 X8.8722 Y4.4836
G1 X9.0035 Y4.3672
G1 X9.0175 Y4.3568
G1 X9.0294 Y4.3496
G1 X9.0449 Y4.3422
G1 X9.0576 Y4.3374
G1 X9.0743 Y4.3328
G1 X9.0882 Y4.3302
G1 X9.1053 Y4.3288
G1 X9.1192 Y4.3289
G1 X9.1364 Y4.3307
G1 X9.1501 Y4.3334
G1 X9.1668 Y4.3383
G1 X9.1797 Y4.3434
G1 X9.1950 Y4.3512
G1 X9.2061 Y4.3583
G1 X9.2231 Y4.3714
G1 X9.3539 Y4.4881
G1 X9.3659 Y4.5007
G1 X9.3746 Y4.5119
G1 X9.3838 Y4.5264
G1 X9.3902 Y4.5385
G1 X9.3967 Y4.5546
G1 X9.4009 Y4.5685
G1 X9.4043 Y4.5855
G1 X9.4055 Y4.5985
G1 X9.4058 Y4.6157
G1 X9.4049 Y4.6296
G1 X9.4020 Y4.6466
G1 X9.3984 Y4.6604
G1 X9.3923 Y4.6767
G1 X9.3866 Y4.6886
G1 X9.3778 Y4.7034
G1 X9.3687 Y4.7156
G1 X9.3552 Y4.7306
G1 X9.3495 Y4.7364
G1 X9.2180 Y4.8530
G1 X9.2040 Y4.8634
G1 X9.1921 Y4.8705
G1 X9.1766 Y4.8780
G1 X9.1639 Y4.8828
G1 X9.1472 Y4.8874
G1 X9.1334 Y4.8900
G1 X9.1162 Y4.8914
G1 X9.1023 Y4.8912
G1 X9.0852 Y4.8895
G1 X9.0713 Y4.8868
G1 X9.0548 Y4.8818
G1 X9.0424 Y4.8769
G1 X9.0269 Y4.8691
G1 X9.0157 Y4.8623
G1 X8.9982 Y4.8487
G1 X9.0482 Y4.7925
G1 X8.9222 Y4.6802
G1 X8.9104 Y4.6675
G1 X8.9012 Y4.6530
G1 X8.8947 Y4.6369
G1 X8.8913 Y4.6200
G1 X8.8910 Y4.6027
G1 X8.8940 Y4.5856
G1 X8.8999 Y4.5694
G1 X8.9088 Y4.5546
G1 X8.9222 Y4.5398
G1 X9.0482 Y4.4276
G1 X9.0622 Y4.4173
G1 X9.0777 Y4.4098
G1 X9.0944 Y4.4052
G1 X9.1116 Y4.4037
G1 X9.1288 Y4.4055
G1 X9.1455 Y4.4104
G1 X9.1607 Y4.4182
G1 X9.1732 Y4.4276
G1 X9.2994 Y4.5398
G1 X9.3113 Y4.5524
G1 X9.3206 Y4.5669
G1 X9.3271 Y4.5829
G1 X9.3304 Y4.6000
G1 X9.3307 Y4.6172
G1 X9.3278 Y4.6342
G1 X9.3218 Y4.6504
G1 X9.3130 Y4.6652
G1 X9.2995 Y4.6802
G1 X9.1733 Y4.7925
G1 X9.1593 Y4.8029
G1 X9.1439 Y4.8104
G1 X9.1271 Y4.8150
G1 X9.1100 Y4.8164
G1 X9.0928 Y4.8146
G1 X9.0763 Y4.8098
G1 X9.0608 Y4.8019
G1 X9.0482 Y4.7925
; Retract
G1 Z3.0400 F2540

; Path 82
; Rapid to initial position
G1 X10.3878 Y5.8830 F2540
G1 Z0.5000
; plunge
G1 Z-2.6750 F127
; cut
G1 X10.4349 Y5.8372 F1016
G1 X10.6189 Y5.6371
G1 X10.7715 Y5.4508
G1 X10.9096 Y5.2595
G1 X11.0414 Y5.0507
G1 X11.1423 Y4.8645
G1 X11.2383 Y4.6542
G1 X11.3142 Y4.4527
G1 X11.3784 Y4.2369
G1 X11.4254 Y4.0256
G1 X11.4577 Y3.8117
G1 X11.4690 Y3.5853
G1 X11.4521 Y3.3744
G1 X11.4088 Y3.1747
G1 X11.3435 Y2.9942
G1 X11.3282 Y2.9657
G1 X11.2936 Y2.9778
G1 X11.2943 Y2.9786
G1 X11.3105 Y3.0058
G1 X11.3215 Y3.0279
G1 X11.3843 Y3.1683
G1 X11.3967 Y3.2062
G1 X11.4358 Y3.3583
G1 X11.4410 Y3.3903
G1 X11.4583 Y3.5521
G1 X11.4590 Y3.5789
G1 X11.4566 Y3.7473
G1 X11.4547 Y3.7722
G1 X11.4302 Y3.9664
G1 X11.3878 Y4.1633
G1 X11.3289 Y4.3628
G1 X11.2543 Y4.5638
G1 X11.1646 Y4.7658
G1 X11.0603 Y4.9676
G1 X10.9424 Y5.1677
G1 X10.8113 Y5.3661
G1 X10.6672 Y5.5603
G1 X10.5111 Y5.7492
G1 X10.3878 Y5.8830
; Retract
G1 Z3.0400 F2540

; Path 83
; Rapid to initial position
G1 X10.8038 Y2.6585 F2540
G1 Z0.5000
; plunge
G1 Z-2.6750 F127
; cut
G1 X10.7868 Y2.6554 F1016
G1 X10.7707 Y2.6492
G1 X10.7560 Y2.6401
G1 X10.7432 Y2.6284
G1 X10.7328 Y2.6146
G1 X10.7268 Y2.6035
G1 X10.6637 Y2.4630
G1 X10.6581 Y2.4465
G1 X10.6556 Y2.4295
G1 X10.6563 Y2.4121
G1 X10.6601 Y2.3953
G1 X10.6669 Y2.3794
G1 X10.6766 Y2.3651
G1 X10.6887 Y2.3528
G1 X10.7029 Y2.3428
G1 X10.7186 Y2.3356
G1 X10.7353 Y2.3315
G1 X10.7525 Y2.3305
G1 X10.7697 Y2.3326
G1 X10.7785 Y2.3350
G1 X11.0357 Y2.4184
G1 X11.0501 Y2.4246
G1 X11.2257 Y2.5163
G1 X11.2404 Y2.5255
G1 X11.2528 Y2.5374
G1 X11.2629 Y2.5514
G1 X11.2704 Y2.5670
G1 X11.2749 Y2.5838
G1 X11.2761 Y2.6009
G1 X11.2744 Y2.6181
G1 X11.2694 Y2.6346
G1 X11.2615 Y2.6499
G1 X11.2510 Y2.6636
G1 X11.2379 Y2.6751
G1 X11.2233 Y2.6840
G1 X11.2071 Y2.6902
G1 X11.1900 Y2.6932
G1 X11.1735 Y2.6931
G1 X10.8038 Y2.6585
; Retract
G1 Z3.0400 F2540

; Path 84
; Rapid to initial position
G1 X10.9397 Y2.3084 F2540
G1 Z0.5000
; plunge
G1 Z-2.6750 F127
; cut
G1 X10.8456 Y2.2764 F1016
G1 X10.8364 Y2.2748
G1 X10.9397 Y2.3084
; Retract
G1 Z3.0400 F2540

; Path 85
; Rapid to initial position
G1 X10.1322 Y-5.6757 F2540
G1 Z0.5000
; plunge
G1 Z-2.6750 F127
; cut
G1 X10.1150 Y-5.6750 F1016
G1 X10.0961 Y-5.6778
G1 X9.8440 Y-5.7419
G1 X9.8278 Y-5.7476
G1 X9.8134 Y-5.7559
G1 X9.5613 Y-5.9323
G1 X9.5481 Y-5.9434
G1 X9.5372 Y-5.9568
G1 X9.5288 Y-5.9721
G1 X9.5234 Y-5.9884
G1 X9.5212 Y-6.0055
G1 X9.5222 Y-6.0228
G1 X9.5261 Y-6.0396
G1 X9.5331 Y-6.0555
G1 X9.5430 Y-6.0696
G1 X9.5553 Y-6.0817
G1 X9.5696 Y-6.0916
G1 X9.5853 Y-6.0985
G1 X9.6022 Y-6.1024
G1 X9.6194 Y-6.1032
G1 X9.6383 Y-6.1003
G1 X9.8904 Y-6.0362
G1 X9.9066 Y-6.0305
G1 X9.9210 Y-6.0222
G1 X10.1731 Y-5.8459
G1 X10.1863 Y-5.8347
G1 X10.1972 Y-5.8213
G1 X10.2056 Y-5.8061
G1 X10.2110 Y-5.7897
G1 X10.2132 Y-5.7726
G1 X10.2122 Y-5.7553
G1 X10.2083 Y-5.7386
G1 X10.2013 Y-5.7227
G1 X10.1914 Y-5.7085
G1 X10.1791 Y-5.6964
G1 X10.1648 Y-5.6865
G1 X10.1491 Y-5.6797
G1 X10.1322 Y-5.6757
; Retract
G1 Z3.0400 F2540

; Path 86
; Rapid to initial position
G1 X9.3838 Y-5.9313 F2540
G1 Z0.5000
; plunge
G1 Z-2.6750 F127
; cut
G1 X9.3805 Y-5.9414 F1016
G1 X9.3784 Y-5.9488
G1 X9.3745 Y-5.9691
G1 X9.3716 Y-5.9922
G1 X9.3710 Y-6.0137
G1 X9.3726 Y-6.0378
G1 X9.3758 Y-6.0575
G1 X9.3818 Y-6.0814
G1 X9.3887 Y-6.1000
G1 X9.3985 Y-6.1219
G1 X9.4055 Y-6.1347
G1 X9.4096 Y-6.1414
G1 X9.4240 Y-6.1613
G1 X9.4373 Y-6.1766
G1 X9.4545 Y-6.1931
G1 X9.4645 Y-6.2011
G1 X9.4335 Y-6.2122
G1 X9.3855 Y-6.2270
G1 X9.3858 Y-6.2232
G1 X9.3863 Y-6.1995
G1 X9.3846 Y-6.1796
G1 X9.3808 Y-6.1559
G1 X9.3773 Y-6.1416
G1 X9.3751 Y-6.1339
G1 X9.3665 Y-6.1112
G1 X9.3581 Y-6.0936
G1 X9.3457 Y-6.0726
G1 X9.3333 Y-6.0558
G1 X9.3177 Y-6.0379
G1 X9.3027 Y-6.0236
G1 X9.2892 Y-6.0127
G1 X9.2828 Y-6.0080
G1 X9.2653 Y-5.9971
G1 X9.2441 Y-5.9859
G1 X9.2331 Y-5.9815
G1 X9.3838 Y-5.9313
G1 X9.2078 Y-6.1404
G1 X9.1943 Y-6.1295
G1 X9.1792 Y-6.1213
G1 X9.1627 Y-6.1161
G1 X9.1423 Y-6.1137
G1 X8.8272 Y-6.1137
G1 X8.8100 Y-6.1153
G1 X8.7933 Y-6.1201
G1 X8.7778 Y-6.1277
G1 X8.7640 Y-6.1381
G1 X8.7524 Y-6.1508
G1 X8.7431 Y-6.1656
G1 X8.7369 Y-6.1817
G1 X8.7336 Y-6.1985
G1 X8.7336 Y-6.2159
G1 X8.7366 Y-6.2329
G1 X8.7427 Y-6.2490
G1 X8.7518 Y-6.2638
G1 X8.7632 Y-6.2766
G1 X8.7769 Y-6.2872
G1 X8.7954 Y-6.2963
G1 X8.9529 Y-6.3529
G1 X8.9696 Y-6.3572
G1 X8.9870 Y-6.3583
G1 X9.0040 Y-6.3564
G1 X9.0165 Y-6.3529
G1 X9.1741 Y-6.2963
G1 X9.1897 Y-6.2889
G1 X9.2037 Y-6.2789
G1 X9.2158 Y-6.2663
G1 X9.2252 Y-6.2520
G1 X9.2319 Y-6.2359
G1 X9.2355 Y-6.2191
G1 X9.2360 Y-6.2019
G1 X9.2335 Y-6.1849
G1 X9.2276 Y-6.1684
G1 X9.2190 Y-6.1535
G1 X9.2078 Y-6.1404
; Retract
G1 Z3.0400 F2540

; Path 87
; Rapid to initial position
G1 X16.6439 Y-5.0468 F2540
G1 Z0.5000
; plunge
G1 Z-2.6750 F127
; cut
G1 X16.6479 Y-5.0636 F1016
G1 X16.6548 Y-5.0794
G1 X16.6647 Y-5.0936
G1 X16.6794 Y-5.1077
G1 X16.9813 Y-5.3422
G1 X17.2880 Y-5.5537
G1 X17.3029 Y-5.5621
G1 X17.3193 Y-5.5677
G1 X17.3365 Y-5.5702
G1 X17.3537 Y-5.5694
G1 X17.3651 Y-5.5672
G1 X17.4541 Y-5.5438
G1 X17.4703 Y-5.5379
G1 X17.4853 Y-5.5292
G1 X17.4982 Y-5.5177
G1 X17.5090 Y-5.5042
G1 X17.5170 Y-5.4889
G1 X17.5222 Y-5.4725
G1 X17.5241 Y-5.4553
G1 X17.5230 Y-5.4380
G1 X17.5187 Y-5.4213
G1 X17.5114 Y-5.4057
G1 X17.5014 Y-5.3915
G1 X17.4909 Y-5.3812
G1 X17.3892 Y-5.2954
G1 X17.3766 Y-5.2863
G1 X17.1285 Y-5.1391
G1 X16.7818 Y-4.9510
G1 X16.7659 Y-4.9441
G1 X16.7491 Y-4.9403
G1 X16.7319 Y-4.9397
G1 X16.7147 Y-4.9422
G1 X16.6983 Y-4.9479
G1 X16.6833 Y-4.9564
G1 X16.6701 Y-4.9675
G1 X16.6591 Y-4.9809
G1 X16.6509 Y-4.9960
G1 X16.6455 Y-5.0124
G1 X16.6431 Y-5.0296
G1 X16.6439 Y-5.0468
; Retract
G1 Z3.0400 F2540

; Path 88
; Rapid to initial position
G1 X17.6680 Y-5.3975 F2540
G1 Z0.5000
; plunge
G1 Z-2.6750 F127
; cut
G1 X17.8311 Y-5.4832 F1016
G1 X18.1017 Y-5.6078
G1 X18.3900 Y-5.7203
G1 X18.6891 Y-5.8198
G1 X18.9916 Y-5.9040
G1 X19.2905 Y-5.9709
G1 X19.5795 Y-6.0190
G1 X19.8524 Y-6.0453
G1 X20.0950 Y-6.0472
G1 X20.4170 Y-6.0238
G1 X20.4294 Y-6.0222
G1 X20.4545 Y-6.0174
G1 X20.4661 Y-6.0144
G1 X20.6538 Y-5.9576
G1 X20.6765 Y-5.9479
G1 X20.6940 Y-5.9383
G1 X20.7141 Y-5.9251
G1 X20.7311 Y-5.9116
G1 X20.7469 Y-5.8963
G1 X20.7577 Y-5.8844
G1 X20.7702 Y-5.8681
G1 X20.8581 Y-5.7419
G1 X20.8665 Y-5.7270
G1 X20.8702 Y-5.7193
G1 X20.8789 Y-5.6977
G1 X20.8875 Y-5.6695
G1 X20.8910 Y-5.6544
G1 X20.9263 Y-5.4426
G1 X20.9276 Y-5.4287
G1 X20.9288 Y-5.3950
G1 X20.9184 Y-5.1755
G1 X20.9145 Y-5.1491
G1 X20.8518 Y-4.8543
G1 X20.7497 Y-4.5197
G1 X20.6165 Y-4.1624
G1 X20.5199 Y-3.9394
G1 X20.5311 Y-3.9493
G1 X20.5509 Y-3.9638
G1 X20.5701 Y-3.9749
G1 X20.5924 Y-3.9852
G1 X20.6117 Y-3.9919
G1 X20.6345 Y-3.9978
G1 X20.6549 Y-4.0011
G1 X20.6791 Y-4.0028
G1 X20.7010 Y-4.0023
G1 X20.7251 Y-3.9993
G1 X20.7446 Y-3.9949
G1 X20.7674 Y-3.9878
G1 X20.7860 Y-3.9802
G1 X20.8075 Y-3.9689
G1 X20.8253 Y-3.9574
G1 X20.8446 Y-3.9420
G1 X20.8597 Y-3.9275
G1 X20.8753 Y-3.9097
G1 X20.8799 Y-3.9032
G1 X20.8896 Y-3.9243
G1 X20.9504 Y-4.0704
G1 X21.0074 Y-4.2214
G1 X21.0516 Y-4.3547
G1 X21.0881 Y-4.4831
G1 X21.1186 Y-4.6118
G1 X21.1445 Y-4.7517
G1 X21.1608 Y-4.8711
G1 X21.1729 Y-5.0052
G1 X21.1788 Y-5.1377
G1 X21.1793 Y-5.2721
G1 X21.1745 Y-5.4136
G1 X21.1642 Y-5.5968
G1 X21.1640 Y-5.5968
G1 X21.1508 Y-5.7481
G1 X21.1339 Y-5.8723
G1 X21.1113 Y-5.9771
G1 X21.0871 Y-6.0481
G1 X21.0595 Y-6.1005
G1 X21.0321 Y-6.1342
G1 X20.9986 Y-6.1605
G1 X20.9461 Y-6.1870
G1 X20.8692 Y-6.2109
G1 X20.7617 Y-6.2302
G1 X20.6272 Y-6.2427
G1 X20.4596 Y-6.2486
G1 X20.2599 Y-6.2479
G1 X20.2586 Y-6.2480
G1 X20.0361 Y-6.2415
G1 X19.7756 Y-6.2303
G1 X19.4323 Y-6.2117
G1 X19.1552 Y-6.1896
G1 X18.9210 Y-6.1600
G1 X18.7113 Y-6.1193
G1 X18.5188 Y-6.0663
G1 X18.3117 Y-5.9929
G1 X18.0654 Y-5.8911
G1 X17.7826 Y-5.7639
G1 X17.5612 Y-5.6592
G1 X17.5613 Y-5.6590
G1 X17.5677 Y-5.6547
G1 X17.5852 Y-5.6415
G1 X17.6028 Y-5.6256
G1 X17.6156 Y-5.6116
G1 X17.6308 Y-5.5920
G1 X17.6424 Y-5.5736
G1 X17.6530 Y-5.5527
G1 X17.6602 Y-5.5347
G1 X17.6674 Y-5.5114
G1 X17.6706 Y-5.4967
G1 X17.6718 Y-5.4891
G1 X17.6741 Y-5.4646
G1 X17.6741 Y-5.4458
G1 X17.6723 Y-5.4222
G1 X17.6702 Y-5.4082
G1 X17.6688 Y-5.4004
G1 X17.6680 Y-5.3975
G1 X17.7422 Y-5.5214
G1 X17.7996 Y-5.5515
G1 X18.0743 Y-5.6778
G1 X18.3664 Y-5.7916
G1 X18.6689 Y-5.8922
G1 X18.9753 Y-5.9773
G1 X19.2781 Y-6.0451
G1 X19.5724 Y-6.0938
G1 X19.8518 Y-6.1204
G1 X20.1004 Y-6.1221
G1 X20.4265 Y-6.0985
G1 X20.4434 Y-6.0960
G1 X20.4734 Y-6.0902
G1 X20.4879 Y-6.0864
G1 X20.6756 Y-6.0295
G1 X20.6832 Y-6.0268
G1 X20.7125 Y-6.0139
G1 X20.7354 Y-6.0012
G1 X20.7608 Y-5.9840
G1 X20.7835 Y-5.9656
G1 X20.8026 Y-5.9468
G1 X20.8172 Y-5.9303
G1 X20.8320 Y-5.9111
G1 X20.9237 Y-5.7788
G1 X20.9343 Y-5.7594
G1 X20.9399 Y-5.7475
G1 X20.9509 Y-5.7196
G1 X20.9608 Y-5.6865
G1 X20.9652 Y-5.6667
G1 X21.0010 Y-5.4504
G1 X21.0028 Y-5.4313
G1 X21.0039 Y-5.3915
G1 X20.9927 Y-5.1644
G1 X20.9880 Y-5.1335
G1 X20.9237 Y-4.8324
G1 X20.8202 Y-4.4934
G1 X20.6856 Y-4.1325
G1 X20.6614 Y-4.0768
G1 X20.6806 Y-4.0779
G1 X20.7026 Y-4.0774
G1 X20.7104 Y-4.0770
G1 X20.7412 Y-4.0726
G1 X20.7672 Y-4.0667
G1 X20.7959 Y-4.0573
G1 X20.8211 Y-4.0467
G1 X20.8481 Y-4.0320
G1 X20.8519 Y-4.0295
G1 X20.8801 Y-4.0970
G1 X20.9370 Y-4.2480
G1 X20.9803 Y-4.3783
G1 X21.0148 Y-4.5004
G1 X21.0446 Y-4.6255
G1 X21.0706 Y-4.7654
G1 X21.0858 Y-4.8778
G1 X21.0979 Y-5.0119
G1 X21.1037 Y-5.1410
G1 X21.1041 Y-5.2696
G1 X21.0994 Y-5.4093
G1 X21.0892 Y-5.5895
G1 X21.0890 Y-5.5902
G1 X21.0760 Y-5.7400
G1 X21.0599 Y-5.8586
G1 X21.0386 Y-5.9576
G1 X21.0182 Y-6.0176
G1 X20.9962 Y-6.0588
G1 X20.9786 Y-6.0806
G1 X20.9584 Y-6.0965
G1 X20.9173 Y-6.1174
G1 X20.8516 Y-6.1377
G1 X20.7510 Y-6.1557
G1 X20.6231 Y-6.1676
G1 X20.4572 Y-6.1735
G1 X20.2602 Y-6.1728
G1 X20.2585 Y-6.1729
G1 X20.0393 Y-6.1664
G1 X19.7797 Y-6.1552
G1 X19.4365 Y-6.1366
G1 X19.1635 Y-6.1148
G1 X18.9327 Y-6.0857
G1 X18.7289 Y-6.0461
G1 X18.5401 Y-5.9940
G1 X18.3405 Y-5.9234
G1 X18.0942 Y-5.8215
G1 X17.8135 Y-5.6953
G1 X17.6906 Y-5.6372
G1 X17.6944 Y-5.6321
G1 X17.7094 Y-5.6078
G1 X17.7229 Y-5.5805
G1 X17.7321 Y-5.5567
G1 X17.7409 Y-5.5273
G1 X17.7422 Y-5.5214
; Retract
G1 Z3.0400 F2540

; Path 89
; Rapid to initial position
G1 X17.6197 Y-3.7164 F2540
G1 Z0.5000
; plunge
G1 Z-2.6750 F127
; cut
G1 X17.4183 Y-3.6821 F1016
G1 X17.2654 Y-3.6032
G1 X17.1686 Y-3.4761
G1 X17.1377 Y-3.3424
G1 X17.1624 Y-3.2054
G1 X17.2368 Y-3.0760
G1 X17.3538 Y-2.9683
G1 X17.5015 Y-2.8976
G1 X17.6692 Y-2.8761
G1 X17.8502 Y-2.9158
G1 X17.9904 Y-3.0033
G1 X18.0721 Y-3.1152
G1 X18.1045 Y-3.2427
G1 X18.0910 Y-3.3778
G1 X18.0329 Y-3.5061
G1 X17.9341 Y-3.6135
G1 X17.7955 Y-3.6883
G1 X17.6197 Y-3.7164
G1 X17.6697 Y-3.6324
G1 X17.6772 Y-3.6294
G1 X17.6927 Y-3.6216
G1 X17.7038 Y-3.6147
G1 X17.7213 Y-3.6012
G1 X17.9258 Y-3.4187
G1 X17.9376 Y-3.4061
G1 X17.9464 Y-3.3948
G1 X17.9556 Y-3.3802
G1 X17.9616 Y-3.3684
G1 X17.9682 Y-3.3523
G1 X17.9721 Y-3.3386
G1 X17.9754 Y-3.3218
G1 X17.9769 Y-3.3085
G1 X17.9772 Y-3.2912
G1 X17.9761 Y-3.2766
G1 X17.9731 Y-3.2595
G1 X17.9697 Y-3.2468
G1 X17.9638 Y-3.2307
G1 X17.9578 Y-3.2182
G1 X17.9489 Y-3.2032
G1 X17.9408 Y-3.1922
G1 X17.9294 Y-3.1793
G1 X17.9191 Y-3.1694
G1 X17.9055 Y-3.1588
G1 X17.8940 Y-3.1515
G1 X17.8787 Y-3.1435
G1 X17.8661 Y-3.1383
G1 X17.8496 Y-3.1332
G1 X17.8357 Y-3.1303
G1 X17.8185 Y-3.1284
G1 X17.8068 Y-3.1281
G1 X17.7870 Y-3.1292
G1 X17.4309 Y-3.1749
G1 X17.4140 Y-3.1787
G1 X17.4014 Y-3.1827
G1 X17.3855 Y-3.1894
G1 X17.3732 Y-3.1961
G1 X17.3588 Y-3.2056
G1 X17.3476 Y-3.2145
G1 X17.3352 Y-3.2266
G1 X17.3260 Y-3.2374
G1 X17.3161 Y-3.2516
G1 X17.3098 Y-3.2625
G1 X17.3024 Y-3.2782
G1 X17.2975 Y-3.2920
G1 X17.2934 Y-3.3087
G1 X17.2914 Y-3.3221
G1 X17.2904 Y-3.3394
G1 X17.2907 Y-3.3532
G1 X17.2927 Y-3.3703
G1 X17.2956 Y-3.3837
G1 X17.3007 Y-3.4001
G1 X17.3061 Y-3.4131
G1 X17.3142 Y-3.4284
G1 X17.3236 Y-3.4422
G1 X17.3397 Y-3.4609
G1 X17.3467 Y-3.4679
G1 X17.5017 Y-3.6057
G1 X17.5155 Y-3.6159
G1 X17.5270 Y-3.6227
G1 X17.5319 Y-3.6251
G1 X17.4425 Y-3.6099
G1 X17.3148 Y-3.5439
G1 X17.2382 Y-3.4434
G1 X17.2144 Y-3.3407
G1 X17.2341 Y-3.2315
G1 X17.2962 Y-3.1235
G1 X17.3963 Y-3.0313
G1 X17.5229 Y-2.9708
G1 X17.6659 Y-2.9524
G1 X17.8216 Y-2.9866
G1 X17.9382 Y-3.0595
G1 X18.0027 Y-3.1476
G1 X18.0284 Y-3.2486
G1 X18.0175 Y-3.3580
G1 X17.9695 Y-3.4637
G1 X17.8872 Y-3.5533
G1 X17.7708 Y-3.6162
G1 X17.6697 Y-3.6324
G1 X17.6433 Y-3.5622
G1 X17.6588 Y-3.5545
G1 X17.6713 Y-3.5451
G1 X17.8709 Y-3.3673
G1 X17.8827 Y-3.3547
G1 X17.8919 Y-3.3401
G1 X17.8984 Y-3.3240
G1 X17.9018 Y-3.3072
G1 X17.9021 Y-3.2898
G1 X17.8991 Y-3.2728
G1 X17.8932 Y-3.2567
G1 X17.8843 Y-3.2417
G1 X17.8730 Y-3.2288
G1 X17.8593 Y-3.2182
G1 X17.8440 Y-3.2102
G1 X17.8274 Y-3.2051
G1 X17.8103 Y-3.2032
G1 X17.7966 Y-3.2038
G1 X17.4474 Y-3.2483
G1 X17.4305 Y-3.2521
G1 X17.4146 Y-3.2587
G1 X17.4001 Y-3.2683
G1 X17.3877 Y-3.2804
G1 X17.3779 Y-3.2946
G1 X17.3706 Y-3.3102
G1 X17.3664 Y-3.3268
G1 X17.3653 Y-3.3442
G1 X17.3674 Y-3.3614
G1 X17.3724 Y-3.3778
G1 X17.3806 Y-3.3931
G1 X17.3966 Y-3.4117
G1 X17.5462 Y-3.5451
G1 X17.5601 Y-3.5552
G1 X17.5757 Y-3.5629
G1 X17.5924 Y-3.5673
G1 X17.6096 Y-3.5689
G1 X17.6268 Y-3.5672
G1 X17.6433 Y-3.5622
; Retract
G1 Z3.0400 F2540

; Path 90
; Rapid to initial position
G1 X17.4339 Y-3.0990 F2540
G1 Z0.5000
; plunge
G1 Z-2.6750 F127
; cut
G1 X17.4392 Y-3.0942 F1016
G1 X17.5442 Y-3.0439
G1 X17.6629 Y-3.0287
G1 X17.7802 Y-3.0544
G1 X17.7775 Y-3.0546
G1 X17.4339 Y-3.0990
; Retract
G1 Z3.0400 F2540

; Path 91
; Rapid to initial position
G1 X19.4514 Y-2.3061 F2540
G1 Z0.5000
; plunge
G1 Z-2.6750 F127
; cut
G1 X19.4625 Y-2.3120 F1016
G1 X19.5056 Y-2.3392
G1 X19.5053 Y-2.3398
G1 X19.5049 Y-2.3414
G1 X19.4514 Y-2.3061
G1 X19.7926 Y-2.4282
G1 X19.7873 Y-2.4447
G1 X19.7855 Y-2.4619
G1 X19.7866 Y-2.4791
G1 X19.7899 Y-2.4929
G1 X19.8618 Y-2.7175
G1 X19.8685 Y-2.7334
G1 X19.8808 Y-2.7511
G1 X20.0788 Y-2.9756
G1 X20.0914 Y-2.9874
G1 X20.1058 Y-2.9968
G1 X20.1219 Y-3.0033
G1 X20.1388 Y-3.0068
G1 X20.1561 Y-3.0072
G1 X20.1731 Y-3.0043
G1 X20.1893 Y-2.9984
G1 X20.2042 Y-2.9896
G1 X20.2172 Y-2.9783
G1 X20.2281 Y-2.9648
G1 X20.2360 Y-2.9495
G1 X20.2412 Y-2.9330
G1 X20.2432 Y-2.9158
G1 X20.2420 Y-2.8986
G1 X20.2387 Y-2.8847
G1 X20.1668 Y-2.6602
G1 X20.1601 Y-2.6443
G1 X20.1478 Y-2.6266
G1 X19.9499 Y-2.4021
G1 X19.9373 Y-2.3903
G1 X19.9228 Y-2.3809
G1 X19.9067 Y-2.3744
G1 X19.8898 Y-2.3709
G1 X19.8725 Y-2.3706
G1 X19.8555 Y-2.3734
G1 X19.8392 Y-2.3793
G1 X19.8244 Y-2.3881
G1 X19.8114 Y-2.3993
G1 X19.8006 Y-2.4129
G1 X19.7926 Y-2.4282
; Retract
G1 Z3.0400 F2540

; Path 92
; Rapid to initial position
G1 X20.1114 Y-3.1545 F2540
G1 Z0.5000
; plunge
G1 Z-2.6750 F127
; cut
G1 X20.1157 Y-3.1553 F1016
G1 X20.1359 Y-3.1570
G1 X20.1599 Y-3.1572
G1 X20.1810 Y-3.1555
G1 X20.2048 Y-3.1511
G1 X20.2244 Y-3.1456
G1 X20.2468 Y-3.1372
G1 X20.2658 Y-3.1279
G1 X20.2865 Y-3.1154
G1 X20.3025 Y-3.1033
G1 X20.3204 Y-3.0875
G1 X20.3346 Y-3.0722
G1 X20.3498 Y-3.0526
G1 X20.3614 Y-3.0342
G1 X20.3722 Y-3.0129
G1 X20.3793 Y-2.9951
G1 X20.3862 Y-2.9718
G1 X20.3875 Y-2.9659
G1 X20.4321 Y-3.0339
G1 X20.5384 Y-3.2236
G1 X20.5405 Y-3.2282
G1 X20.5869 Y-3.3137
G1 X20.5751 Y-3.3141
G1 X20.5539 Y-3.3168
G1 X20.5306 Y-3.3223
G1 X20.5107 Y-3.3288
G1 X20.4948 Y-3.3355
G1 X20.4876 Y-3.3390
G1 X20.4737 Y-3.3466
G1 X20.4671 Y-3.3507
G1 X20.4450 Y-3.3663
G1 X20.4346 Y-3.3748
G1 X20.3543 Y-3.4470
G1 X20.3380 Y-3.4650
G1 X20.3249 Y-3.4822
G1 X20.3124 Y-3.5029
G1 X20.3116 Y-3.5047
G1 X20.2869 Y-3.4553
G1 X20.1123 Y-3.1560
G1 X20.1114 Y-3.1545
G1 X20.2367 Y-3.2201
G1 X20.2508 Y-3.2159
G1 X20.2798 Y-3.2048
G1 X20.3048 Y-3.1922
G1 X20.3316 Y-3.1755
G1 X20.3523 Y-3.1596
G1 X20.3753 Y-3.1389
G1 X20.3935 Y-3.1189
G1 X20.4712 Y-3.2575
G1 X20.4737 Y-3.2627
G1 X20.4617 Y-3.2680
G1 X20.4513 Y-3.2731
G1 X20.4341 Y-3.2826
G1 X20.4238 Y-3.2893
G1 X20.3974 Y-3.3081
G1 X20.3843 Y-3.3189
G1 X20.3253 Y-3.3719
G1 X20.2367 Y-3.2201
G1 X20.4848 Y-3.4308
G1 X20.4091 Y-3.4985
G1 X20.3974 Y-3.5110
G1 X20.3886 Y-3.5223
G1 X20.3794 Y-3.5369
G1 X20.3735 Y-3.5486
G1 X20.3670 Y-3.5645
G1 X20.3627 Y-3.5785
G1 X20.3593 Y-3.5955
G1 X20.3581 Y-3.6085
G1 X20.3578 Y-3.6258
G1 X20.3587 Y-3.6396
G1 X20.3616 Y-3.6566
G1 X20.3652 Y-3.6704
G1 X20.3713 Y-3.6867
G1 X20.3770 Y-3.6986
G1 X20.3858 Y-3.7134
G1 X20.3952 Y-3.7260
G1 X20.4090 Y-3.7411
G1 X20.4145 Y-3.7467
G1 X20.5761 Y-3.8891
G1 X20.5900 Y-3.8995
G1 X20.6025 Y-3.9071
G1 X20.6181 Y-3.9146
G1 X20.6311 Y-3.9194
G1 X20.6479 Y-3.9238
G1 X20.6611 Y-3.9262
G1 X20.6783 Y-3.9276
G1 X20.6927 Y-3.9275
G1 X20.7100 Y-3.9256
G1 X20.7231 Y-3.9229
G1 X20.7397 Y-3.9179
G1 X20.7521 Y-3.9130
G1 X20.7675 Y-3.9052
G1 X20.7795 Y-3.8977
G1 X20.7932 Y-3.8872
G1 X20.8035 Y-3.8775
G1 X20.8150 Y-3.8646
G1 X20.8229 Y-3.8540
G1 X20.8320 Y-3.8392
G1 X20.8383 Y-3.8261
G1 X20.8444 Y-3.8099
G1 X20.8479 Y-3.7968
G1 X20.8509 Y-3.7800
G1 X20.8521 Y-3.7667
G1 X20.8521 Y-3.7494
G1 X20.8508 Y-3.7349
G1 X20.8474 Y-3.7179
G1 X20.8444 Y-3.7071
G1 X20.8388 Y-3.6921
G1 X20.7497 Y-3.4844
G1 X20.7415 Y-3.4691
G1 X20.7338 Y-3.4577
G1 X20.7230 Y-3.4443
G1 X20.7135 Y-3.4345
G1 X20.7004 Y-3.4233
G1 X20.6892 Y-3.4154
G1 X20.6741 Y-3.4066
G1 X20.6614 Y-3.4007
G1 X20.6452 Y-3.3950
G1 X20.6313 Y-3.3916
G1 X20.6143 Y-3.3891
G1 X20.6011 Y-3.3883
G1 X20.5837 Y-3.3888
G1 X20.5699 Y-3.3904
G1 X20.5530 Y-3.3940
G1 X20.5398 Y-3.3981
G1 X20.5239 Y-3.4048
G1 X20.5100 Y-3.4125
G1 X20.4917 Y-3.4252
G1 X20.4848 Y-3.4308
G1 X20.5347 Y-3.4870
G1 X20.4640 Y-3.5498
G1 X20.4523 Y-3.5624
G1 X20.4430 Y-3.5770
G1 X20.4365 Y-3.5929
G1 X20.4332 Y-3.6100
G1 X20.4329 Y-3.6271
G1 X20.4357 Y-3.6442
G1 X20.4418 Y-3.6604
G1 X20.4505 Y-3.6753
G1 X20.4643 Y-3.6904
G1 X20.6211 Y-3.8290
G1 X20.6350 Y-3.8393
G1 X20.6506 Y-3.8468
G1 X20.6673 Y-3.8513
G1 X20.6845 Y-3.8527
G1 X20.7017 Y-3.8508
G1 X20.7182 Y-3.8458
G1 X20.7336 Y-3.8381
G1 X20.7474 Y-3.8275
G1 X20.7588 Y-3.8147
G1 X20.7679 Y-3.7998
G1 X20.7739 Y-3.7836
G1 X20.7769 Y-3.7667
G1 X20.7769 Y-3.7494
G1 X20.7736 Y-3.7323
G1 X20.7698 Y-3.7217
G1 X20.6837 Y-3.5203
G1 X20.6754 Y-3.5050
G1 X20.6646 Y-3.4916
G1 X20.6515 Y-3.4805
G1 X20.6364 Y-3.4717
G1 X20.6202 Y-3.4659
G1 X20.6031 Y-3.4634
G1 X20.5858 Y-3.4639
G1 X20.5689 Y-3.4676
G1 X20.5530 Y-3.4743
G1 X20.5347 Y-3.4870
; Retract
G1 Z3.0400 F2540

; Path 93
; Rapid to initial position
G1 X20.7696 Y-4.1431 F2540
G1 Z0.5000
; plunge
G1 Z-2.6750 F127
; cut
G1 X20.7906 Y-4.1382 F1016
G1 X20.8124 Y-4.1309
G1 X20.8667 Y-4.2746
G1 X20.9079 Y-4.3989
G1 X20.9425 Y-4.5209
G1 X20.9706 Y-4.6392
G1 X20.9966 Y-4.7791
G1 X21.0100 Y-4.8770
G1 X20.9956 Y-4.8104
G1 X20.8907 Y-4.4672
G1 X20.7696 Y-4.1431
G1 X20.9900 Y-5.8141
G1 X20.9859 Y-5.8451
G1 X20.9659 Y-5.9380
G1 X20.9491 Y-5.9874
G1 X20.9332 Y-6.0172
G1 X20.9254 Y-6.0268
G1 X20.9178 Y-6.0328
G1 X20.8890 Y-6.0475
G1 X20.8339 Y-6.0646
G1 X20.7486 Y-6.0798
G1 X20.7489 Y-6.0797
G1 X20.7774 Y-6.0636
G1 X20.8085 Y-6.0422
G1 X20.8362 Y-6.0192
G1 X20.8586 Y-5.9969
G1 X20.8769 Y-5.9762
G1 X20.8937 Y-5.9539
G1 X20.9854 Y-5.8217
G1 X20.9895 Y-5.8150
G1 X20.9900 Y-5.8141
; Retract
G1 Z3.0400 F2540

; Path 94
; Rapid to initial position
G1 X10.5370 Y11.2799 F2540
G1 Z0.5000
; plunge
G1 Z-2.6750 F127
; cut
G1 X10.7070 Y11.5158 F1016
G1 X10.9003 Y11.8202
G1 X11.0783 Y12.1380
G1 X11.2330 Y12.4578
G1 X11.3504 Y12.7504
G1 X11.3573 Y12.7720
G1 X11.4308 Y13.0302
G1 X11.4348 Y13.0507
G1 X11.4412 Y13.0955
G1 X11.4623 Y13.4021
G1 X11.4612 Y13.4356
G1 X11.4579 Y13.4634
G1 X11.4542 Y13.4841
G1 X11.4303 Y13.5960
G1 X11.4588 Y13.6027
G1 X11.4659 Y13.5678
G1 X11.4771 Y13.4188
G1 X11.4694 Y13.2556
G1 X11.4402 Y13.0673
G1 X11.3912 Y12.8631
G1 X11.3135 Y12.6101
G1 X11.2699 Y12.4859
G1 X11.2236 Y12.3664
G1 X11.2237 Y12.3664
G1 X11.1774 Y12.2582
G1 X11.1241 Y12.1442
G1 X11.0653 Y12.0287
G1 X11.0073 Y11.9243
G1 X10.9384 Y11.8097
G1 X10.8687 Y11.7031
G1 X10.7944 Y11.5966
G1 X10.7214 Y11.4995
G1 X10.6390 Y11.3972
G1 X10.5525 Y11.2968
G1 X10.5370 Y11.2799
; Retract
G1 Z3.0400 F2540

; Path 95
; Rapid to initial position
G1 X9.2632 Y12.2916 F2540
G1 Z0.5000
; plunge
G1 Z-2.6750 F127
; cut
G1 X9.1577 Y12.1901 F1016
G1 X9.0234 Y12.1242
G1 X8.8729 Y12.1029
G1 X8.7191 Y12.1340
G1 X8.5732 Y12.2247
G1 X8.4871 Y12.3572
G1 X8.4522 Y12.5188
G1 X8.5561 Y12.7885
G1 X8.7981 Y12.9263
G1 X9.0781 Y12.9099
G1 X9.2960 Y12.7132
G1 X9.3417 Y12.5616
G1 X9.3275 Y12.4178
G1 X9.2632 Y12.2916
G1 X9.2019 Y12.3371
G1 X9.1140 Y12.2523
G1 X9.0011 Y12.1970
G1 X8.8751 Y12.1791
G1 X8.7471 Y12.2050
G1 X8.6273 Y12.2797
G1 X8.5577 Y12.3866
G1 X8.5305 Y12.5128
G1 X8.6168 Y12.7366
G1 X8.8157 Y12.8499
G1 X9.0472 Y12.8363
G1 X9.2303 Y12.6712
G1 X9.2655 Y12.5544
G1 X9.2541 Y12.4395
G1 X9.2019 Y12.3371
G1 X9.1727 Y12.3546
G1 X9.1816 Y12.3664
G1 X9.1907 Y12.3812
G1 X9.1964 Y12.3928
G1 X9.2028 Y12.4089
G1 X9.2067 Y12.4225
G1 X9.2099 Y12.4395
G1 X9.2112 Y12.4534
G1 X9.2112 Y12.4708
G1 X9.2099 Y12.4853
G1 X9.2060 Y12.5055
G1 X9.2037 Y12.5138
G1 X9.1455 Y12.6958
G1 X9.1386 Y12.7118
G1 X9.1326 Y12.7229
G1 X9.1232 Y12.7374
G1 X9.1140 Y12.7490
G1 X9.1019 Y12.7614
G1 X9.0919 Y12.7700
G1 X9.0778 Y12.7800
G1 X9.0651 Y12.7873
G1 X9.0493 Y12.7945
G1 X9.0371 Y12.7990
G1 X9.0204 Y12.8032
G1 X9.0065 Y12.8053
G1 X8.9893 Y12.8064
G1 X8.9761 Y12.8062
G1 X8.9590 Y12.8044
G1 X8.9445 Y12.8012
G1 X8.9279 Y12.7959
G1 X8.9160 Y12.7910
G1 X8.9007 Y12.7831
G1 X8.8907 Y12.7768
G1 X8.8798 Y12.7687
G1 X8.7465 Y12.6594
G1 X8.7341 Y12.6471
G1 X8.7251 Y12.6366
G1 X8.7153 Y12.6225
G1 X8.7088 Y12.6108
G1 X8.7016 Y12.5952
G1 X8.6968 Y12.5819
G1 X8.6927 Y12.5650
G1 X8.6906 Y12.5512
G1 X8.6897 Y12.5339
G1 X8.6902 Y12.5209
G1 X8.6922 Y12.5037
G1 X8.6954 Y12.4891
G1 X8.7008 Y12.4727
G1 X8.7059 Y12.4609
G1 X8.7140 Y12.4457
G1 X8.7220 Y12.4337
G1 X8.7328 Y12.4203
G1 X8.7424 Y12.4104
G1 X8.7556 Y12.3992
G1 X8.7692 Y12.3900
G1 X8.7899 Y12.3790
G1 X8.7982 Y12.3752
G1 X8.9881 Y12.3026
G1 X9.0046 Y12.2978
G1 X9.0185 Y12.2952
G1 X9.0357 Y12.2937
G1 X9.0503 Y12.2937
G1 X9.0675 Y12.2954
G1 X9.0799 Y12.2978
G1 X9.0966 Y12.3024
G1 X9.1105 Y12.3077
G1 X9.1259 Y12.3155
G1 X9.1373 Y12.3226
G1 X9.1510 Y12.3329
G1 X9.1609 Y12.3419
G1 X9.1727 Y12.3546
G1 X9.1175 Y12.4057
G1 X9.1265 Y12.4205
G1 X9.1329 Y12.4366
G1 X9.1361 Y12.4534
G1 X9.1361 Y12.4708
G1 X9.1321 Y12.4910
G1 X9.0764 Y12.6661
G1 X9.0695 Y12.6820
G1 X9.0602 Y12.6965
G1 X9.0481 Y12.7089
G1 X9.0341 Y12.7189
G1 X9.0183 Y12.7260
G1 X9.0016 Y12.7304
G1 X8.9844 Y12.7315
G1 X8.9672 Y12.7296
G1 X8.9507 Y12.7243
G1 X8.9354 Y12.7163
G1 X8.9274 Y12.7104
G1 X8.7993 Y12.6059
G1 X8.7869 Y12.5937
G1 X8.7770 Y12.5795
G1 X8.7699 Y12.5639
G1 X8.7657 Y12.5470
G1 X8.7648 Y12.5298
G1 X8.7669 Y12.5126
G1 X8.7722 Y12.4962
G1 X8.7804 Y12.4810
G1 X8.7912 Y12.4676
G1 X8.8044 Y12.4563
G1 X8.8251 Y12.4453
G1 X9.0089 Y12.3748
G1 X9.0254 Y12.3700
G1 X9.0427 Y12.3685
G1 X9.0598 Y12.3702
G1 X9.0766 Y12.3748
G1 X9.0920 Y12.3826
G1 X9.1057 Y12.3930
G1 X9.1175 Y12.4057
; Retract
G1 Z3.0400 F2540

; Path 96
; Rapid to initial position
G1 X8.8948 Y12.2579 F2540
G1 Z0.5000
; plunge
G1 Z-2.6750 F127
; cut
G1 X8.8771 Y12.2553 F1016
G1 X8.7754 Y12.2760
G1 X8.6812 Y12.3347
G1 X8.6284 Y12.4160
G1 X8.6088 Y12.5069
G1 X8.6150 Y12.5229
G1 X8.6155 Y12.5120
G1 X8.6187 Y12.4878
G1 X8.6219 Y12.4732
G1 X8.6239 Y12.4655
G1 X8.6317 Y12.4428
G1 X8.6395 Y12.4256
G1 X8.6514 Y12.4039
G1 X8.6635 Y12.3864
G1 X8.6788 Y12.3680
G1 X8.6935 Y12.3534
G1 X8.7067 Y12.3420
G1 X8.7135 Y12.3368
G1 X8.7272 Y12.3276
G1 X8.7341 Y12.3236
G1 X8.7584 Y12.3107
G1 X8.7713 Y12.3049
G1 X8.8948 Y12.2579
; Retract
G1 Z3.0400 F2540

; Path 97
; Rapid to initial position
G1 X8.4094 Y14.1258 F2540
G1 Z0.5000
; plunge
G1 Z-2.6750 F127
; cut
G1 X8.4259 Y14.1307 F1016
G1 X8.4414 Y14.1385
G1 X8.4541 Y14.1480
G1 X8.6096 Y14.2875
G1 X8.6214 Y14.3002
G1 X8.6306 Y14.3148
G1 X8.6370 Y14.3309
G1 X8.6404 Y14.3478
G1 X8.6407 Y14.3651
G1 X8.6376 Y14.3821
G1 X8.6316 Y14.3982
G1 X8.6227 Y14.4130
G1 X8.6112 Y14.4261
G1 X8.5977 Y14.4366
G1 X8.5823 Y14.4445
G1 X8.5657 Y14.4496
G1 X8.5485 Y14.4514
G1 X8.5313 Y14.4501
G1 X8.5169 Y14.4465
G1 X8.2909 Y14.3699
G1 X8.2749 Y14.3629
G1 X8.2608 Y14.3532
G1 X8.2485 Y14.3410
G1 X8.2388 Y14.3266
G1 X8.2318 Y14.3109
G1 X8.2278 Y14.2940
G1 X8.2270 Y14.2768
G1 X8.2294 Y14.2596
G1 X8.2348 Y14.2432
G1 X8.2432 Y14.2281
G1 X8.2584 Y14.2108
G1 X8.3289 Y14.1479
G1 X8.3427 Y14.1377
G1 X8.3583 Y14.1301
G1 X8.3750 Y14.1256
G1 X8.3922 Y14.1240
G1 X8.4094 Y14.1258
; Retract
G1 Z3.0400 F2540

; Path 98
; Rapid to initial position
G1 X8.7788 Y14.2816 F2540
G1 Z0.5000
; plunge
G1 Z-2.6750 F127
; cut
G1 X8.7789 Y14.2821 F1016
G1 X8.7843 Y14.3016
G1 X8.7888 Y14.3250
G1 X8.7905 Y14.3449
G1 X8.7907 Y14.3694
G1 X8.7887 Y14.3915
G1 X8.7840 Y14.4154
G1 X8.7783 Y14.4350
G1 X8.7699 Y14.4568
G1 X8.7605 Y14.4759
G1 X8.7477 Y14.4964
G1 X8.7357 Y14.5123
G1 X8.7307 Y14.5178
G1 X8.8065 Y14.5453
G1 X9.0919 Y14.6317
G1 X9.3679 Y14.6985
G1 X9.6320 Y14.7458
G1 X9.8806 Y14.7738
G1 X10.1170 Y14.7831
G1 X10.3375 Y14.7741
G1 X10.5393 Y14.7475
G1 X10.7258 Y14.7036
G1 X10.8913 Y14.6444
G1 X11.0383 Y14.5703
G1 X11.1665 Y14.4818
G1 X11.2273 Y14.4248
G1 X11.2266 Y14.4248
G1 X11.2031 Y14.4194
G1 X11.1829 Y14.4129
G1 X11.1670 Y14.4062
G1 X11.1595 Y14.4026
G1 X11.1396 Y14.3909
G1 X11.1181 Y14.3759
G1 X11.1070 Y14.3670
G1 X11.0259 Y14.2943
G1 X11.0097 Y14.2762
G1 X10.9986 Y14.2612
G1 X10.9855 Y14.2403
G1 X10.9755 Y14.2203
G1 X10.9670 Y14.1987
G1 X10.9615 Y14.1794
G1 X10.9581 Y14.1619
G1 X10.8915 Y14.2305
G1 X10.8805 Y14.2403
G1 X10.8577 Y14.2582
G1 X10.8461 Y14.2661
G1 X10.6160 Y14.4054
G1 X10.6042 Y14.4116
G1 X10.5805 Y14.4223
G1 X10.5681 Y14.4271
G1 X10.2962 Y14.5144
G1 X10.2845 Y14.5174
G1 X10.2595 Y14.5224
G1 X10.2484 Y14.5238
G1 X9.9422 Y14.5529
G1 X9.9299 Y14.5532
G1 X9.8973 Y14.5524
G1 X9.5596 Y14.5163
G1 X9.5384 Y14.5123
G1 X9.2534 Y14.4439
G1 X8.9736 Y14.3567
G1 X8.7788 Y14.2816
G1 X8.8636 Y14.3949
G1 X8.8625 Y14.4059
G1 X8.8561 Y14.4366
G1 X8.8485 Y14.4621
G1 X8.8423 Y14.4776
G1 X9.1117 Y14.5591
G1 X9.3831 Y14.6249
G1 X9.6437 Y14.6715
G1 X9.8855 Y14.6989
G1 X10.1169 Y14.7078
G1 X10.3316 Y14.6992
G1 X10.5251 Y14.6737
G1 X10.7043 Y14.6314
G1 X10.8614 Y14.5752
G1 X11.0002 Y14.5052
G1 X11.0866 Y14.4457
G1 X11.0712 Y14.4347
G1 X11.0566 Y14.4230
G1 X10.9757 Y14.3503
G1 X10.9699 Y14.3444
G1 X10.9494 Y14.3210
G1 X10.9349 Y14.3012
G1 X10.9314 Y14.2954
G1 X10.9268 Y14.2995
G1 X10.9003 Y14.3202
G1 X10.8851 Y14.3304
G1 X10.6510 Y14.4719
G1 X10.6351 Y14.4802
G1 X10.6076 Y14.4925
G1 X10.5912 Y14.4987
G1 X10.3148 Y14.5873
G1 X10.2991 Y14.5911
G1 X10.2690 Y14.5970
G1 X10.2555 Y14.5986
G1 X9.9440 Y14.6281
G1 X9.9280 Y14.6284
G1 X9.8893 Y14.6272
G1 X9.5457 Y14.5901
G1 X9.5209 Y14.5854
G1 X9.2310 Y14.5157
G1 X8.9466 Y14.4269
G1 X8.8636 Y14.3949
; Retract
G1 Z3.0400 F2540

; Path 99
; Rapid to initial position
G1 X7.8573 Y13.9673 F2540
G1 Z0.5000
; plunge
G1 Z-2.6750 F127
; cut
G1 X7.8241 Y13.9464 F1016
G1 X7.5659 Y13.7629
G1 X7.3160 Y13.5621
G1 X7.0726 Y13.3439
G1 X6.8361 Y13.1085
G1 X6.6067 Y12.8561
G1 X6.3846 Y12.5869
G1 X6.1743 Y12.3081
G1 X6.2474 Y12.4133
G1 X6.3316 Y12.5311
G1 X6.4177 Y12.6467
G1 X6.5057 Y12.7613
G1 X6.5859 Y12.8618
G1 X6.6707 Y12.9635
G1 X6.7524 Y13.0576
G1 X6.8399 Y13.1540
G1 X6.8421 Y13.1569
G1 X6.9180 Y13.2366
G1 X7.0003 Y13.3192
G1 X7.0867 Y13.4015
G1 X7.1712 Y13.4782
G1 X7.2532 Y13.5489
G1 X7.3371 Y13.6172
G1 X7.4270 Y13.6867
G1 X7.5090 Y13.7465
G1 X7.5951 Y13.8057
G1 X7.6864 Y13.8653
G1 X7.7789 Y13.9219
G1 X7.8573 Y13.9673
; Retract
G1 Z3.0400 F2540

; Path 100
; Rapid to initial position
G1 X10.5528 Y14.5898 F2540
G1 Z0.5000
; plunge
G1 Z-2.6750 F127
; cut
G1 X10.6831 Y14.5591 F1016
G1 X10.8315 Y14.5060
G1 X10.9620 Y14.4401
G1 X10.9628 Y14.4396
G1 X10.9217 Y14.4027
G1 X10.9177 Y14.3985
G1 X10.6857 Y14.5386
G1 X10.6657 Y14.5489
G1 X10.6341 Y14.5628
G1 X10.6141 Y14.5703
G1 X10.5528 Y14.5898
G1 X11.0616 Y14.2203
G1 X11.0522 Y14.2058
G1 X11.0454 Y14.1926
G1 X11.0390 Y14.1765
G1 X11.0352 Y14.1641
G1 X11.0317 Y14.1472
G1 X11.0303 Y14.1334
G1 X11.0299 Y14.1161
G1 X11.0309 Y14.1022
G1 X11.0338 Y14.0852
G1 X11.0376 Y14.0712
G1 X11.0436 Y14.0551
G1 X11.0491 Y14.0435
G1 X11.0578 Y14.0286
G1 X11.0674 Y14.0158
G1 X11.0812 Y14.0007
G1 X11.0867 Y13.9951
G1 X11.2486 Y13.8522
G1 X11.2625 Y13.8420
G1 X11.2746 Y13.8348
G1 X11.2902 Y13.8274
G1 X11.3026 Y13.8227
G1 X11.3192 Y13.8182
G1 X11.3331 Y13.8156
G1 X11.3503 Y13.8141
G1 X11.3648 Y13.8143
G1 X11.3820 Y13.8162
G1 X11.3952 Y13.8189
G1 X11.4117 Y13.8239
G1 X11.4241 Y13.8288
G1 X11.4396 Y13.8366
G1 X11.4515 Y13.8441
G1 X11.4652 Y13.8546
G1 X11.4756 Y13.8643
G1 X11.4870 Y13.8772
G1 X11.4950 Y13.8878
G1 X11.5040 Y13.9026
G1 X11.5102 Y13.9155
G1 X11.5163 Y13.9316
G1 X11.5199 Y13.9448
G1 X11.5230 Y13.9618
G1 X11.5241 Y13.9750
G1 X11.5241 Y13.9924
G1 X11.5227 Y14.0071
G1 X11.5193 Y14.0239
G1 X11.5166 Y14.0343
G1 X11.5110 Y14.0495
G1 X11.4221 Y14.2569
G1 X11.4140 Y14.2720
G1 X11.4061 Y14.2839
G1 X11.3952 Y14.2975
G1 X11.3857 Y14.3072
G1 X11.3726 Y14.3183
G1 X11.3618 Y14.3261
G1 X11.3468 Y14.3349
G1 X11.3336 Y14.3410
G1 X11.3172 Y14.3467
G1 X11.3035 Y14.3500
G1 X11.2865 Y14.3526
G1 X11.2732 Y14.3534
G1 X11.2561 Y14.3529
G1 X11.2424 Y14.3513
G1 X11.2254 Y14.3476
G1 X11.2120 Y14.3435
G1 X11.1961 Y14.3368
G1 X11.1824 Y14.3292
G1 X11.1642 Y14.3166
G1 X11.1571 Y14.3110
G1 X11.0812 Y14.2432
G1 X11.0694 Y14.2305
G1 X11.0616 Y14.2203
G1 X11.1246 Y14.1794
G1 X11.1152 Y14.1649
G1 X11.1089 Y14.1489
G1 X11.1054 Y14.1320
G1 X11.1051 Y14.1146
G1 X11.1079 Y14.0976
G1 X11.1140 Y14.0815
G1 X11.1227 Y14.0666
G1 X11.1366 Y14.0514
G1 X11.2932 Y13.9128
G1 X11.3070 Y13.9026
G1 X11.3226 Y13.8952
G1 X11.3393 Y13.8905
G1 X11.3565 Y13.8891
G1 X11.3737 Y13.8910
G1 X11.3902 Y13.8960
G1 X11.4057 Y13.9037
G1 X11.4194 Y13.9143
G1 X11.4308 Y13.9272
G1 X11.4399 Y13.9420
G1 X11.4459 Y13.9580
G1 X11.4490 Y13.9750
G1 X11.4490 Y13.9924
G1 X11.4456 Y14.0093
G1 X11.4418 Y14.0201
G1 X11.3559 Y14.2214
G1 X11.3477 Y14.2365
G1 X11.3368 Y14.2500
G1 X11.3237 Y14.2612
G1 X11.3088 Y14.2700
G1 X11.2924 Y14.2757
G1 X11.2753 Y14.2782
G1 X11.2581 Y14.2777
G1 X11.2411 Y14.2741
G1 X11.2252 Y14.2674
G1 X11.2071 Y14.2548
G1 X11.1364 Y14.1922
G1 X11.1246 Y14.1794
; Retract
G1 Z3.0400 F2540

; Path 101
; Rapid to initial position
G1 X17.3429 Y19.9938 F2540
G1 Z0.5000
; plunge
G1 Z-2.6750 F127
; cut
G1 X17.2889 Y20.1064 F1016
G1 X17.3010 Y20.2229
G1 X17.3865 Y20.3957
G1 X17.4853 Y20.4995
G1 X17.6153 Y20.5542
G1 X17.7738 Y20.5663
G1 X17.9419 Y20.5356
G1 X18.1001 Y20.4664
G1 X18.2288 Y20.3658
G1 X18.3128 Y20.2434
G1 X18.3407 Y20.1136
G1 X18.2877 Y19.9872
G1 X18.1336 Y19.8237
G1 X17.9382 Y19.6904
G1 X17.7875 Y19.6448
G1 X17.6857 Y19.6916
G1 X17.4928 Y19.8396
G1 X17.3429 Y19.9938
G1 X17.4053 Y20.0375
G1 X17.3659 Y20.1198
G1 X17.3744 Y20.2021
G1 X17.4485 Y20.3519
G1 X17.5291 Y20.4364
G1 X17.6330 Y20.4802
G1 X17.7504 Y20.4891
G1 X17.7423 Y20.4861
G1 X17.7267 Y20.4785
G1 X17.7152 Y20.4717
G1 X17.7014 Y20.4614
G1 X17.6906 Y20.4517
G1 X17.6731 Y20.4320
G1 X17.5430 Y20.2578
G1 X17.5340 Y20.2430
G1 X17.5279 Y20.2307
G1 X17.5217 Y20.2146
G1 X17.5179 Y20.2007
G1 X17.5149 Y20.1838
G1 X17.5138 Y20.1705
G1 X17.5138 Y20.1532
G1 X17.5150 Y20.1391
G1 X17.5182 Y20.1223
G1 X17.5219 Y20.1093
G1 X17.5281 Y20.0932
G1 X17.5343 Y20.0807
G1 X17.5471 Y20.0607
G1 X17.6777 Y19.8868
G1 X17.6893 Y19.8740
G1 X17.6990 Y19.8650
G1 X17.7127 Y19.8544
G1 X17.7246 Y19.8470
G1 X17.7401 Y19.8392
G1 X17.7525 Y19.8343
G1 X17.7690 Y19.8293
G1 X17.7829 Y19.8266
G1 X17.8001 Y19.8249
G1 X17.8145 Y19.8249
G1 X17.8319 Y19.8264
G1 X17.8447 Y19.8287
G1 X17.8612 Y19.8331
G1 X17.8747 Y19.8382
G1 X17.8903 Y19.8458
G1 X17.9018 Y19.8527
G1 X17.9156 Y19.8629
G1 X17.9264 Y19.8726
G1 X17.9439 Y19.8923
G1 X18.0740 Y20.0665
G1 X18.0830 Y20.0812
G1 X18.0893 Y20.0942
G1 X18.0953 Y20.1102
G1 X18.0988 Y20.1228
G1 X18.1020 Y20.1398
G1 X18.1033 Y20.1537
G1 X18.1033 Y20.1708
G1 X18.1020 Y20.1847
G1 X18.0988 Y20.2017
G1 X18.0951 Y20.2149
G1 X18.0889 Y20.2310
G1 X18.0827 Y20.2434
G1 X18.0700 Y20.2635
G1 X17.9393 Y20.4376
G1 X17.9277 Y20.4503
G1 X17.9180 Y20.4594
G1 X17.9110 Y20.4648
G1 X17.9199 Y20.4632
G1 X18.0614 Y20.4013
G1 X18.1736 Y20.3136
G1 X18.2424 Y20.2133
G1 X18.2622 Y20.1210
G1 X18.2236 Y20.0287
G1 X18.0843 Y19.8811
G1 X17.9056 Y19.7589
G1 X17.7929 Y19.7250
G1 X17.7251 Y19.7561
G1 X17.5426 Y19.8963
G1 X17.4053 Y20.0375
G1 X17.5983 Y20.1202
G1 X17.6072 Y20.1057
G1 X17.7333 Y19.9374
G1 X17.7449 Y19.9247
G1 X17.7585 Y19.9141
G1 X17.7740 Y19.9063
G1 X17.7905 Y19.9014
G1 X17.8077 Y19.8997
G1 X17.8251 Y19.9012
G1 X17.8416 Y19.9057
G1 X17.8572 Y19.9133
G1 X17.8711 Y19.9235
G1 X17.8838 Y19.9374
G1 X18.0098 Y20.1057
G1 X18.0189 Y20.1205
G1 X18.0249 Y20.1366
G1 X18.0281 Y20.1537
G1 X18.0281 Y20.1708
G1 X18.0249 Y20.1879
G1 X18.0187 Y20.2039
G1 X18.0098 Y20.2184
G1 X17.8838 Y20.3869
G1 X17.8722 Y20.3997
G1 X17.8585 Y20.4102
G1 X17.8430 Y20.4180
G1 X17.8265 Y20.4229
G1 X17.8093 Y20.4247
G1 X17.7921 Y20.4231
G1 X17.7754 Y20.4187
G1 X17.7598 Y20.4110
G1 X17.7460 Y20.4008
G1 X17.7333 Y20.3869
G1 X17.6072 Y20.2184
G1 X17.5981 Y20.2036
G1 X17.5919 Y20.1876
G1 X17.5889 Y20.1705
G1 X17.5889 Y20.1532
G1 X17.5921 Y20.1363
G1 X17.5983 Y20.1202
; Retract
G1 Z3.0400 F2540

; Path 102
; Rapid to initial position
G1 X18.1679 Y20.0903 F2540
G1 Z0.5000
; plunge
G1 Z-2.6750 F127
; cut
G1 X18.1726 Y20.1089 F1016
G1 X18.1768 Y20.1329
G1 X18.1784 Y20.1532
G1 X18.1838 Y20.1284
G1 X18.1679 Y20.0903
; Retract
G1 Z3.0400 F2540

; Path 103
; Rapid to initial position
G1 X19.1737 Y19.1459 F2540
G1 Z0.5000
; plunge
G1 Z-2.6750 F127
; cut
G1 X19.2434 Y19.1787 F1016
G1 X19.3892 Y19.2554
G1 X19.5258 Y19.3356
G1 X19.6526 Y19.4202
G1 X19.7700 Y19.5093
G1 X19.8792 Y19.6038
G1 X19.9508 Y19.6751
G1 X19.9739 Y19.6549
G1 X19.9320 Y19.6105
G1 X19.7083 Y19.4348
G1 X19.4219 Y19.2638
G1 X19.2984 Y19.2021
G1 X19.1737 Y19.1459
G1 X20.0722 Y19.9716
G1 X20.0859 Y19.9565
G1 X20.1566 Y19.8936
G1 X20.1706 Y19.8833
G1 X20.1862 Y19.8758
G1 X20.2028 Y19.8712
G1 X20.2201 Y19.8697
G1 X20.2373 Y19.8715
G1 X20.2538 Y19.8764
G1 X20.2691 Y19.8842
G1 X20.2830 Y19.8947
G1 X20.2944 Y19.9076
G1 X20.3056 Y19.9269
G1 X20.3915 Y20.1282
G1 X20.3967 Y20.1446
G1 X20.3990 Y20.1618
G1 X20.3980 Y20.1791
G1 X20.3939 Y20.1958
G1 X20.3867 Y20.2116
G1 X20.3768 Y20.2257
G1 X20.3646 Y20.2378
G1 X20.3503 Y20.2475
G1 X20.3343 Y20.2544
G1 X20.3175 Y20.2582
G1 X20.3003 Y20.2590
G1 X20.2833 Y20.2564
G1 X20.2669 Y20.2509
G1 X20.2518 Y20.2425
G1 X20.2429 Y20.2354
G1 X20.0862 Y20.0970
G1 X20.0743 Y20.0844
G1 X20.0651 Y20.0700
G1 X20.0585 Y20.0539
G1 X20.0551 Y20.0370
G1 X20.0547 Y20.0198
G1 X20.0576 Y20.0026
G1 X20.0635 Y19.9864
G1 X20.0722 Y19.9716
; Retract
G1 Z3.0400 F2540

; Path 104
; Rapid to initial position
G1 X20.5467 Y20.1992 F2540
G1 Z0.5000
; plunge
G1 Z-2.6750 F127
; cut
G1 X20.5441 Y20.2154 F1016
G1 X20.5377 Y20.2393
G1 X20.5308 Y20.2579
G1 X20.5293 Y20.2609
G1 X20.5400 Y20.2585
G1 X20.5597 Y20.2558
G1 X20.5763 Y20.2552
G1 X20.5467 Y20.1992
G1 X20.5680 Y20.4061
G1 X20.5852 Y20.4051
G1 X20.6024 Y20.4073
G1 X20.6187 Y20.4128
G1 X20.6339 Y20.4210
G1 X20.6474 Y20.4320
G1 X20.6587 Y20.4453
G1 X20.7847 Y20.6271
G1 X20.7934 Y20.6422
G1 X20.7989 Y20.6586
G1 X20.8014 Y20.6757
G1 X20.8008 Y20.6930
G1 X20.7970 Y20.7097
G1 X20.7902 Y20.7256
G1 X20.7805 Y20.7400
G1 X20.7684 Y20.7524
G1 X20.7543 Y20.7623
G1 X20.7378 Y20.7697
G1 X20.6117 Y20.8125
G1 X20.5949 Y20.8165
G1 X20.5777 Y20.8175
G1 X20.5605 Y20.8152
G1 X20.5441 Y20.8098
G1 X20.5290 Y20.8015
G1 X20.5156 Y20.7906
G1 X20.5043 Y20.7772
G1 X20.3783 Y20.5956
G1 X20.3697 Y20.5805
G1 X20.3641 Y20.5643
G1 X20.3616 Y20.5470
G1 X20.3622 Y20.5299
G1 X20.3660 Y20.5130
G1 X20.3729 Y20.4971
G1 X20.3826 Y20.4828
G1 X20.3945 Y20.4703
G1 X20.4086 Y20.4605
G1 X20.4251 Y20.4530
G1 X20.5511 Y20.4101
G1 X20.5680 Y20.4061
; Retract
G1 Z3.0400 F2540

; Path 105
; Rapid to initial position
G1 X20.8622 Y20.8693 F2540
G1 Z0.5000
; plunge
G1 Z-2.6750 F127
; cut
G1 X20.8549 Y20.8752 F1016
G1 X20.8355 Y20.8886
G1 X20.8232 Y20.8958
G1 X20.8150 Y20.8999
G1 X20.7860 Y20.9121
G1 X20.6461 Y20.9589
G1 X20.6229 Y20.9640
G1 X20.6031 Y20.9667
G1 X20.5793 Y20.9677
G1 X20.5583 Y20.9667
G1 X20.5451 Y20.9648
G1 X20.6253 Y21.1479
G1 X20.7383 Y21.4423
G1 X20.8285 Y21.7197
G1 X20.8899 Y21.9621
G1 X20.8930 Y21.9772
G1 X20.9259 Y22.1898
G1 X20.9275 Y22.2150
G1 X20.9284 Y22.3865
G1 X20.9273 Y22.4042
G1 X20.8853 Y22.7842
G1 X20.8806 Y22.8074
G1 X20.8740 Y22.8284
G1 X20.8675 Y22.8445
G1 X20.8642 Y22.8515
G1 X20.8541 Y22.8697
G1 X20.8412 Y22.8893
G1 X20.8285 Y22.9052
G1 X20.8118 Y22.9225
G1 X20.7970 Y22.9353
G1 X20.7771 Y22.9497
G1 X20.7580 Y22.9609
G1 X20.7362 Y22.9710
G1 X20.7176 Y22.9776
G1 X20.6947 Y22.9836
G1 X20.6811 Y22.9861
G1 X20.6726 Y22.9873
G1 X20.6440 Y22.9890
G1 X19.8831 Y22.9879
G1 X19.6541 Y22.9831
G1 X19.4393 Y22.9677
G1 X19.2313 Y22.9398
G1 X19.0249 Y22.8972
G1 X18.8135 Y22.8388
G1 X18.5885 Y22.7638
G1 X18.3420 Y22.6700
G1 X18.0647 Y22.5554
G1 X17.7501 Y22.4196
G1 X17.4944 Y22.3004
G1 X17.3118 Y22.2006
G1 X17.3120 Y22.2230
G1 X17.3099 Y22.2452
G1 X17.3055 Y22.2686
G1 X17.3002 Y22.2870
G1 X17.2918 Y22.3096
G1 X17.2819 Y22.3297
G1 X17.2690 Y22.3504
G1 X17.2558 Y22.3677
G1 X17.2389 Y22.3860
G1 X17.2305 Y22.3942
G1 X17.1726 Y22.4449
G1 X17.1524 Y22.4594
G1 X17.1481 Y22.4619
G1 X17.2776 Y22.5345
G1 X17.5041 Y22.6461
G1 X17.7713 Y22.7672
G1 X17.7741 Y22.7682
G1 X17.9290 Y22.8361
G1 X18.0708 Y22.8965
G1 X18.1957 Y22.9480
G1 X18.3100 Y22.9916
G1 X18.4260 Y23.0325
G1 X18.5229 Y23.0629
G1 X18.6273 Y23.0913
G1 X18.7317 Y23.1152
G1 X18.7331 Y23.1157
G1 X18.8363 Y23.1349
G1 X18.9477 Y23.1514
G1 X19.0702 Y23.1654
G1 X19.0718 Y23.1654
G1 X19.2096 Y23.1775
G1 X19.2116 Y23.1778
G1 X19.3558 Y23.1876
G1 X19.3578 Y23.1875
G1 X19.5292 Y23.1965
G1 X19.7167 Y23.2045
G1 X19.9263 Y23.2121
G1 X21.0481 Y23.2502
G1 X21.1093 Y23.1069
G1 X21.1527 Y22.9839
G1 X21.1846 Y22.8461
G1 X21.2051 Y22.6938
G1 X21.2141 Y22.5173
G1 X21.2111 Y22.3458
G1 X21.1947 Y22.1420
G1 X21.1670 Y21.9403
G1 X21.1266 Y21.7259
G1 X21.0763 Y21.5156
G1 X21.0106 Y21.2863
G1 X20.9380 Y21.0686
G1 X20.8622 Y20.8693
G1 X20.8231 Y20.9781
G1 X20.8099 Y20.9834
G1 X20.6700 Y21.0302
G1 X20.6622 Y21.0323
G1 X20.6571 Y21.0334
G1 X20.6955 Y21.1210
G1 X20.8097 Y21.4190
G1 X20.9014 Y21.7012
G1 X20.9636 Y21.9472
G1 X20.9673 Y21.9657
G1 X21.0009 Y22.1850
G1 X21.0026 Y22.2145
G1 X21.0036 Y22.3913
G1 X21.0021 Y22.4125
G1 X20.9590 Y22.7994
G1 X20.9523 Y22.8297
G1 X20.9437 Y22.8567
G1 X20.9353 Y22.8769
G1 X20.9299 Y22.8880
G1 X20.9170 Y22.9111
G1 X20.8999 Y22.9362
G1 X20.8826 Y22.9574
G1 X20.8608 Y22.9795
G1 X20.8412 Y22.9960
G1 X20.8150 Y23.0146
G1 X20.7898 Y23.0290
G1 X20.7610 Y23.0420
G1 X20.7368 Y23.0503
G1 X20.7085 Y23.0574
G1 X20.6909 Y23.0608
G1 X20.6771 Y23.0624
G1 X20.6439 Y23.0641
G1 X19.8816 Y23.0630
G1 X19.6487 Y23.0581
G1 X19.4293 Y23.0422
G1 X19.2160 Y23.0135
G1 X19.0048 Y22.9696
G1 X18.7898 Y22.9101
G1 X18.5618 Y22.8340
G1 X18.3133 Y22.7395
G1 X18.0350 Y22.6244
G1 X17.7183 Y22.4877
G1 X17.4582 Y22.3665
G1 X17.3689 Y22.3178
G1 X17.3593 Y22.3429
G1 X17.3457 Y22.3695
G1 X17.3288 Y22.3959
G1 X17.3110 Y22.4187
G1 X17.2911 Y22.4401
G1 X17.2806 Y22.4500
G1 X17.3117 Y22.4673
G1 X17.5373 Y22.5786
G1 X17.7996 Y22.6975
G1 X17.8044 Y22.6992
G1 X17.9585 Y22.7668
G1 X18.0994 Y22.8271
G1 X18.2244 Y22.8784
G1 X18.2244 Y22.8786
G1 X18.3350 Y22.9208
G1 X18.3350 Y22.9206
G1 X18.4510 Y22.9615
G1 X18.5439 Y22.9906
G1 X18.6449 Y23.0182
G1 X18.7470 Y23.0420
G1 X18.7470 Y23.0419
G1 X18.8487 Y23.0608
G1 X18.9573 Y23.0769
G1 X19.0755 Y23.0904
G1 X19.0784 Y23.0904
G1 X19.2170 Y23.1028
G1 X19.3573 Y23.1124
G1 X19.3618 Y23.1124
G1 X19.5332 Y23.1215
G1 X19.7199 Y23.1294
G1 X19.9290 Y23.1370
G1 X20.9991 Y23.1734
G1 X21.0400 Y23.0775
G1 X21.0803 Y22.9634
G1 X21.1105 Y22.8336
G1 X21.1301 Y22.6876
G1 X21.1390 Y22.5148
G1 X21.1362 Y22.3518
G1 X21.1199 Y22.1497
G1 X21.0927 Y21.9521
G1 X21.0529 Y21.7406
G1 X21.0041 Y21.5363
G1 X20.9387 Y21.3081
G1 X20.8677 Y21.0953
G1 X20.8231 Y20.9781
G1 X20.7787 Y21.0730
G1 X20.7593 Y21.0796
G1 X20.7657 Y21.0940
G1 X20.8812 Y21.3958
G1 X20.9189 Y21.5121
G1 X20.8670 Y21.3311
G1 X20.7973 Y21.1220
G1 X20.7787 Y21.0730
G1 X21.0613 Y22.5609
G1 X21.0338 Y22.8076
G1 X21.0324 Y22.8154
G1 X21.0239 Y22.8525
G1 X21.0130 Y22.8859
G1 X21.0029 Y22.9096
G1 X20.9954 Y22.9246
G1 X20.9792 Y22.9532
G1 X20.9581 Y22.9838
G1 X20.9361 Y23.0102
G1 X20.9093 Y23.0369
G1 X20.8847 Y23.0573
G1 X20.8522 Y23.0801
G1 X20.8299 Y23.0923
G1 X20.9501 Y23.0965
G1 X20.9698 Y23.0505
G1 X21.0082 Y22.9416
G1 X21.0365 Y22.8198
G1 X21.0549 Y22.6827
G1 X21.0613 Y22.5609
; Retract
G1 Z3.0400 F2540

; Path 106
; Rapid to initial position
G1 X18.6321 Y22.9367 F2540
G1 Z0.5000
; plunge
G1 Z-2.6750 F127
; cut
G1 X18.5350 Y22.9044 F1016
G1 X18.2847 Y22.8090
G1 X18.0052 Y22.6935
G1 X17.6865 Y22.5558
G1 X17.4222 Y22.4325
G1 X17.4018 Y22.4212
G1 X17.3984 Y22.4263
G1 X17.5706 Y22.5111
G1 X17.8268 Y22.6273
G1 X17.8346 Y22.6303
G1 X17.9879 Y22.6976
G1 X18.1281 Y22.7575
G1 X18.2530 Y22.8089
G1 X18.2546 Y22.8097
G1 X18.3584 Y22.8493
G1 X18.3600 Y22.8496
G1 X18.4760 Y22.8905
G1 X18.5650 Y22.9183
G1 X18.6321 Y22.9367
G1 X17.2236 Y22.2776
G1 X17.2174 Y22.2908
G1 X17.2085 Y22.3056
G1 X17.1999 Y22.3173
G1 X17.1866 Y22.3321
G1 X17.1807 Y22.3378
G1 X17.1278 Y22.3844
G1 X17.1138 Y22.3948
G1 X17.1016 Y22.4021
G1 X17.0860 Y22.4096
G1 X17.0737 Y22.4142
G1 X17.0572 Y22.4188
G1 X17.0432 Y22.4213
G1 X17.0258 Y22.4228
G1 X17.0120 Y22.4226
G1 X16.9948 Y22.4208
G1 X16.9810 Y22.4182
G1 X16.9644 Y22.4133
G1 X16.9517 Y22.4081
G1 X16.9364 Y22.4004
G1 X16.9251 Y22.3932
G1 X16.9112 Y22.3827
G1 X16.9001 Y22.3724
G1 X16.8835 Y22.3529
G1 X16.7072 Y22.1089
G1 X16.6983 Y22.0942
G1 X16.6921 Y22.0809
G1 X16.6862 Y22.0647
G1 X16.6827 Y22.0515
G1 X16.6798 Y22.0344
G1 X16.6789 Y22.0206
G1 X16.6792 Y22.0032
G1 X16.6806 Y21.9894
G1 X16.6841 Y21.9725
G1 X16.6881 Y21.9595
G1 X16.6946 Y21.9434
G1 X16.7010 Y21.9313
G1 X16.7102 Y21.9168
G1 X16.7190 Y21.9056
G1 X16.7310 Y21.8930
G1 X16.7410 Y21.8841
G1 X16.7548 Y21.8739
G1 X16.7669 Y21.8667
G1 X16.7825 Y21.8593
G1 X16.7949 Y21.8546
G1 X16.8116 Y21.8500
G1 X16.8254 Y21.8475
G1 X16.8427 Y21.8460
G1 X16.8571 Y21.8462
G1 X16.8743 Y21.8481
G1 X16.8875 Y21.8508
G1 X16.9041 Y21.8557
G1 X16.9165 Y21.8607
G1 X16.9320 Y21.8685
G1 X16.9432 Y21.8756
G1 X16.9603 Y21.8887
G1 X17.1856 Y22.0898
G1 X17.1974 Y22.1024
G1 X17.2061 Y22.1137
G1 X17.2154 Y22.1284
G1 X17.2214 Y22.1401
G1 X17.2279 Y22.1562
G1 X17.2320 Y22.1699
G1 X17.2353 Y22.1868
G1 X17.2367 Y22.2000
G1 X17.2370 Y22.2173
G1 X17.2359 Y22.2319
G1 X17.2329 Y22.2490
G1 X17.2295 Y22.2614
G1 X17.2236 Y22.2776
G1 X17.1530 Y22.2520
G1 X17.1440 Y22.2668
G1 X17.1307 Y22.2816
G1 X17.0831 Y22.3240
G1 X17.0691 Y22.3343
G1 X17.0535 Y22.3418
G1 X17.0370 Y22.3464
G1 X17.0196 Y22.3479
G1 X17.0024 Y22.3461
G1 X16.9859 Y22.3411
G1 X16.9706 Y22.3333
G1 X16.9568 Y22.3229
G1 X16.9445 Y22.3088
G1 X16.7717 Y22.0701
G1 X16.7628 Y22.0553
G1 X16.7569 Y22.0391
G1 X16.7540 Y22.0220
G1 X16.7543 Y22.0047
G1 X16.7578 Y21.9878
G1 X16.7643 Y21.9718
G1 X16.7736 Y21.9573
G1 X16.7855 Y21.9447
G1 X16.7994 Y21.9345
G1 X16.8150 Y21.9271
G1 X16.8316 Y21.9224
G1 X16.8489 Y21.9210
G1 X16.8660 Y21.9229
G1 X16.8826 Y21.9278
G1 X16.8981 Y21.9356
G1 X16.9103 Y21.9448
G1 X17.1307 Y22.1413
G1 X17.1425 Y22.1538
G1 X17.1517 Y22.1685
G1 X17.1583 Y22.1846
G1 X17.1616 Y22.2014
G1 X17.1619 Y22.2188
G1 X17.1589 Y22.2358
G1 X17.1530 Y22.2520
; Retract
G1 Z3.0400 F2540

; Path 107
; Rapid to initial position
G1 X2.1826 Y13.1916 F2540
G1 Z0.5000
; plunge
G1 Z-2.6750 F127
; cut
G1 X2.0002 Y13.3714 F1016
G1 X1.8014 Y13.5501
G1 X1.5984 Y13.7148
G1 X1.3905 Y13.8666
G1 X1.1776 Y14.0053
G1 X1.1760 Y14.0062
G1 X1.3066 Y13.9348
G1 X1.4422 Y13.8538
G1 X1.5680 Y13.7713
G1 X1.6863 Y13.6854
G1 X1.7796 Y13.6093
G1 X1.9197 Y13.4777
G1 X2.0838 Y13.3044
G1 X2.1826 Y13.1916
; Retract
G1 Z3.0400 F2540

; Path 108
; Rapid to initial position
G1 X0.5071 Y12.4864 F2540
G1 Z0.5000
; plunge
G1 Z-2.6750 F127
; cut
G1 X0.5127 Y12.3364 F1016
G1 X0.4498 Y12.1727
G1 X0.2733 Y12.0307
G1 X0.0190 Y11.9965
G1 X-0.2366 Y12.0708
G1 X-0.4101 Y12.2430
G1 X-0.4642 Y12.4496
G1 X-0.3127 Y12.6443
G1 X-0.1421 Y12.7534
G1 X0.0312 Y12.7948
G1 X0.1964 Y12.7787
G1 X0.3388 Y12.7153
G1 X0.4463 Y12.6140
G1 X0.5071 Y12.4864
G1 X0.4326 Y12.4679
G1 X0.4369 Y12.3490
G1 X0.3869 Y12.2185
G1 X0.2424 Y12.1024
G1 X0.0249 Y12.0732
G1 X-0.0044 Y12.0817
G1 X-0.0008 Y12.0807
G1 X0.0117 Y12.0785
G1 X0.0288 Y12.0769
G1 X0.0435 Y12.0769
G1 X0.0607 Y12.0787
G1 X0.0745 Y12.0814
G1 X0.0910 Y12.0863
G1 X0.1034 Y12.0912
G1 X0.1189 Y12.0990
G1 X0.1301 Y12.1059
G1 X0.1476 Y12.1194
G1 X0.2789 Y12.2368
G1 X0.2907 Y12.2495
G1 X0.2987 Y12.2603
G1 X0.3080 Y12.2747
G1 X0.3143 Y12.2868
G1 X0.3209 Y12.3029
G1 X0.3249 Y12.3166
G1 X0.3282 Y12.3334
G1 X0.3296 Y12.3467
G1 X0.3299 Y12.3640
G1 X0.3288 Y12.3786
G1 X0.3258 Y12.3957
G1 X0.3225 Y12.4081
G1 X0.3166 Y12.4243
G1 X0.3103 Y12.4375
G1 X0.3014 Y12.4523
G1 X0.2929 Y12.4640
G1 X0.2795 Y12.4787
G1 X0.2736 Y12.4845
G1 X0.1423 Y12.6010
G1 X0.1283 Y12.6113
G1 X0.1164 Y12.6185
G1 X0.1009 Y12.6260
G1 X0.0882 Y12.6307
G1 X0.0715 Y12.6353
G1 X0.0576 Y12.6379
G1 X0.0405 Y12.6393
G1 X0.0266 Y12.6391
G1 X0.0094 Y12.6374
G1 X-0.0043 Y12.6347
G1 X-0.0210 Y12.6298
G1 X-0.0339 Y12.6247
G1 X-0.0491 Y12.6169
G1 X-0.0600 Y12.6102
G1 X-0.0775 Y12.5967
G1 X-0.2085 Y12.4797
G1 X-0.2202 Y12.4672
G1 X-0.2290 Y12.4558
G1 X-0.2382 Y12.4412
G1 X-0.2441 Y12.4296
G1 X-0.2506 Y12.4136
G1 X-0.2549 Y12.3997
G1 X-0.2583 Y12.3826
G1 X-0.2595 Y12.3696
G1 X-0.2598 Y12.3524
G1 X-0.2589 Y12.3385
G1 X-0.2560 Y12.3215
G1 X-0.2524 Y12.3077
G1 X-0.2463 Y12.2915
G1 X-0.2404 Y12.2792
G1 X-0.2315 Y12.2642
G1 X-0.2228 Y12.2523
G1 X-0.2094 Y12.2375
G1 X-0.2035 Y12.2317
G1 X-0.0721 Y12.1150
G1 X-0.0582 Y12.1047
G1 X-0.0467 Y12.0979
G1 X-0.0311 Y12.0903
G1 X-0.0213 Y12.0866
G1 X-0.1973 Y12.1378
G1 X-0.3426 Y12.2819
G1 X-0.3821 Y12.4328
G1 X-0.2613 Y12.5878
G1 X-0.1123 Y12.6831
G1 X0.0368 Y12.7187
G1 X0.1767 Y12.7052
G1 X0.2967 Y12.6517
G1 X0.3844 Y12.5690
G1 X0.4326 Y12.4679
G1 X0.2459 Y12.3987
G1 X0.2370 Y12.4135
G1 X0.2236 Y12.4283
G1 X0.0976 Y12.5405
G1 X0.0836 Y12.5509
G1 X0.0682 Y12.5583
G1 X0.0514 Y12.5630
G1 X0.0343 Y12.5644
G1 X0.0170 Y12.5626
G1 X0.0004 Y12.5577
G1 X-0.0149 Y12.5499
G1 X-0.0275 Y12.5405
G1 X-0.1536 Y12.4283
G1 X-0.1654 Y12.4157
G1 X-0.1746 Y12.4011
G1 X-0.1811 Y12.3852
G1 X-0.1844 Y12.3682
G1 X-0.1847 Y12.3509
G1 X-0.1819 Y12.3339
G1 X-0.1758 Y12.3177
G1 X-0.1669 Y12.3027
G1 X-0.1536 Y12.2880
G1 X-0.0275 Y12.1755
G1 X-0.0137 Y12.1654
G1 X0.0019 Y12.1578
G1 X0.0187 Y12.1533
G1 X0.0358 Y12.1517
G1 X0.0530 Y12.1534
G1 X0.0695 Y12.1584
G1 X0.0850 Y12.1662
G1 X0.0976 Y12.1755
G1 X0.2236 Y12.2880
G1 X0.2354 Y12.3007
G1 X0.2446 Y12.3151
G1 X0.2512 Y12.3312
G1 X0.2545 Y12.3481
G1 X0.2548 Y12.3655
G1 X0.2518 Y12.3824
G1 X0.2459 Y12.3987
; Retract
G1 Z3.0400 F2540

; Path 109
; Rapid to initial position
G1 X-1.0376 Y10.8726 F2540
G1 Z0.5000
; plunge
G1 Z-2.6750 F127
; cut
G1 X-0.8823 Y10.7373 F1016
G1 X-0.8904 Y10.7437
G1 X-1.0475 Y10.8734
G1 X-1.2070 Y11.0149
G1 X-1.3491 Y11.1513
G1 X-1.4781 Y11.2858
G1 X-1.6080 Y11.4325
G1 X-1.7122 Y11.5621
G1 X-1.8150 Y11.7029
G1 X-1.9137 Y11.8530
G1 X-1.9893 Y11.9816
G1 X-2.0702 Y12.1377
G1 X-2.1295 Y12.2701
G1 X-2.1398 Y12.2972
G1 X-2.1209 Y12.3043
G1 X-2.0971 Y12.3160
G1 X-2.0345 Y12.1752
G1 X-1.8875 Y11.9061
G1 X-1.7135 Y11.6385
G1 X-1.5133 Y11.3750
G1 X-1.2870 Y11.1182
G1 X-1.0376 Y10.8726
G1 X-2.1737 Y12.5326
G1 X-2.1631 Y12.5415
G1 X-2.1509 Y12.5537
G1 X-2.1418 Y12.5647
G1 X-2.1321 Y12.5790
G1 X-2.1256 Y12.5906
G1 X-2.1185 Y12.6064
G1 X-2.1141 Y12.6198
G1 X-2.1101 Y12.6366
G1 X-2.1083 Y12.6484
G1 X-2.1073 Y12.6668
G1 X-2.1076 Y12.9546
G1 X-2.1091 Y12.9718
G1 X-2.1117 Y12.9854
G1 X-2.1165 Y13.0022
G1 X-2.1214 Y13.0149
G1 X-2.1291 Y13.0304
G1 X-2.1362 Y13.0420
G1 X-2.1466 Y13.0558
G1 X-2.1561 Y13.0663
G1 X-2.1689 Y13.0779
G1 X-2.1796 Y13.0862
G1 X-2.1945 Y13.0955
G1 X-2.2072 Y13.1018
G1 X-2.2232 Y13.1080
G1 X-2.2357 Y13.1115
G1 X-2.2526 Y13.1148
G1 X-2.2672 Y13.1163
G1 X-2.2845 Y13.1163
G1 X-2.2977 Y13.1152
G1 X-2.3148 Y13.1121
G1 X-2.3280 Y13.1085
G1 X-2.3440 Y13.1024
G1 X-2.3570 Y13.0962
G1 X-2.3717 Y13.0871
G1 X-2.3824 Y13.0792
G1 X-2.3953 Y13.0678
G1 X-2.4050 Y13.0574
G1 X-2.4155 Y13.0437
G1 X-2.4222 Y13.0334
G1 X-2.4305 Y13.0173
G1 X-2.4965 Y12.8709
G1 X-2.5023 Y12.8547
G1 X-2.5056 Y12.8406
G1 X-2.5081 Y12.8235
G1 X-2.5090 Y12.8098
G1 X-2.5083 Y12.7926
G1 X-2.5066 Y12.7787
G1 X-2.5028 Y12.7619
G1 X-2.4996 Y12.7512
G1 X-2.4940 Y12.7375
G1 X-2.4274 Y12.5911
G1 X-2.4189 Y12.5760
G1 X-2.4109 Y12.5645
G1 X-2.3997 Y12.5513
G1 X-2.3896 Y12.5415
G1 X-2.3762 Y12.5306
G1 X-2.3655 Y12.5233
G1 X-2.3504 Y12.5149
G1 X-2.3374 Y12.5091
G1 X-2.3210 Y12.5037
G1 X-2.3071 Y12.5005
G1 X-2.2900 Y12.4984
G1 X-2.2768 Y12.4979
G1 X-2.2595 Y12.4987
G1 X-2.2451 Y12.5007
G1 X-2.2282 Y12.5049
G1 X-2.2156 Y12.5091
G1 X-2.1999 Y12.5161
G1 X-2.1879 Y12.5229
G1 X-2.1737 Y12.5326
G1 X-2.2163 Y12.5946
G1 X-2.2040 Y12.6069
G1 X-2.1943 Y12.6212
G1 X-2.1873 Y12.6369
G1 X-2.1833 Y12.6538
G1 X-2.1824 Y12.6668
G1 X-2.1824 Y12.9476
G1 X-2.1840 Y12.9648
G1 X-2.1887 Y12.9815
G1 X-2.1964 Y12.9969
G1 X-2.2067 Y13.0108
G1 X-2.2194 Y13.0224
G1 X-2.2343 Y13.0316
G1 X-2.2503 Y13.0378
G1 X-2.2672 Y13.0411
G1 X-2.2845 Y13.0411
G1 X-2.3016 Y13.0381
G1 X-2.3177 Y13.0321
G1 X-2.3325 Y13.0230
G1 X-2.3454 Y13.0116
G1 X-2.3558 Y12.9979
G1 X-2.3620 Y12.9863
G1 X-2.4256 Y12.8459
G1 X-2.4313 Y12.8297
G1 X-2.4338 Y12.8125
G1 X-2.4332 Y12.7953
G1 X-2.4294 Y12.7784
G1 X-2.4256 Y12.7685
G1 X-2.3620 Y12.6282
G1 X-2.3534 Y12.6131
G1 X-2.3423 Y12.5999
G1 X-2.3289 Y12.5890
G1 X-2.3138 Y12.5806
G1 X-2.2974 Y12.5752
G1 X-2.2803 Y12.5730
G1 X-2.2630 Y12.5737
G1 X-2.2462 Y12.5779
G1 X-2.2305 Y12.5849
G1 X-2.2163 Y12.5946
; Retract
G1 Z3.0400 F2540

; Path 110
; Rapid to initial position
G1 X-2.4799 Y13.0824 F2540
G1 Z0.5000
; plunge
G1 Z-2.6750 F127
; cut
G1 X-2.4870 Y13.1651 F1016
G1 X-2.4919 Y13.3269
G1 X-2.4849 Y13.5398
G1 X-2.4698 Y13.6718
G1 X-2.4537 Y13.6644
G1 X-2.4306 Y13.6563
G1 X-2.4114 Y13.6514
G1 X-2.3875 Y13.6474
G1 X-2.3679 Y13.6461
G1 X-2.3442 Y13.6463
G1 X-2.3298 Y13.6475
G1 X-2.3218 Y13.6487
G1 X-2.2976 Y13.6539
G1 X-2.2783 Y13.6599
G1 X-2.2567 Y13.6687
G1 X-2.2384 Y13.6781
G1 X-2.2175 Y13.6915
G1 X-2.2013 Y13.7044
G1 X-2.1795 Y13.7250
G1 X-2.1268 Y13.7829
G1 X-2.1432 Y13.7390
G1 X-2.1457 Y13.7312
G1 X-2.1529 Y13.7018
G1 X-2.1870 Y13.5049
G1 X-2.1886 Y13.4812
G1 X-2.1922 Y13.2719
G1 X-2.1908 Y13.2495
G1 X-2.1820 Y13.1726
G1 X-2.2029 Y13.1804
G1 X-2.2211 Y13.1852
G1 X-2.2452 Y13.1896
G1 X-2.2672 Y13.1914
G1 X-2.2909 Y13.1913
G1 X-2.3110 Y13.1892
G1 X-2.3348 Y13.1846
G1 X-2.3544 Y13.1789
G1 X-2.3767 Y13.1702
G1 X-2.3962 Y13.1604
G1 X-2.4168 Y13.1475
G1 X-2.4324 Y13.1354
G1 X-2.4501 Y13.1192
G1 X-2.4647 Y13.1032
G1 X-2.4787 Y13.0844
G1 X-2.4799 Y13.0824
G1 X-2.4139 Y13.2356
G1 X-2.4168 Y13.3265
G1 X-2.4100 Y13.5345
G1 X-2.4053 Y13.5743
G1 X-2.3924 Y13.5724
G1 X-2.3675 Y13.5710
G1 X-2.3377 Y13.5713
G1 X-2.3192 Y13.5730
G1 X-2.3059 Y13.5751
G1 X-2.2750 Y13.5821
G1 X-2.2502 Y13.5902
G1 X-2.2486 Y13.5909
G1 X-2.2612 Y13.5178
G1 X-2.2620 Y13.5100
G1 X-2.2637 Y13.4825
G1 X-2.2672 Y13.2672
G1 X-2.2672 Y13.2665
G1 X-2.2677 Y13.2665
G1 X-2.2986 Y13.2660
G1 X-2.3253 Y13.2630
G1 X-2.3560 Y13.2567
G1 X-2.3815 Y13.2490
G1 X-2.4106 Y13.2374
G1 X-2.4139 Y13.2356
G1 X-2.3679 Y13.7963
G1 X-2.3508 Y13.7963
G1 X-2.3337 Y13.7997
G1 X-2.3177 Y13.8061
G1 X-2.3030 Y13.8151
G1 X-2.2906 Y13.8264
G1 X-2.0485 Y14.0911
G1 X-2.0382 Y14.1049
G1 X-2.0304 Y14.1203
G1 X-2.0256 Y14.1369
G1 X-2.0239 Y14.1541
G1 X-2.0254 Y14.1715
G1 X-2.0301 Y14.1880
G1 X-2.0420 Y14.2101
G1 X-2.0880 Y14.2730
G1 X-2.0994 Y14.2859
G1 X-2.1132 Y14.2965
G1 X-2.1284 Y14.3045
G1 X-2.1450 Y14.3094
G1 X-2.1622 Y14.3113
G1 X-2.1793 Y14.3101
G1 X-2.1961 Y14.3057
G1 X-2.2117 Y14.2983
G1 X-2.2256 Y14.2883
G1 X-2.2376 Y14.2757
G1 X-2.2446 Y14.2656
G1 X-2.4407 Y13.9381
G1 X-2.4481 Y13.9225
G1 X-2.4526 Y13.9060
G1 X-2.4540 Y13.8886
G1 X-2.4521 Y13.8715
G1 X-2.4472 Y13.8549
G1 X-2.4394 Y13.8396
G1 X-2.4287 Y13.8259
G1 X-2.4159 Y13.8143
G1 X-2.4012 Y13.8054
G1 X-2.3850 Y13.7994
G1 X-2.3679 Y13.7963
; Retract
G1 Z3.0400 F2540

; Path 111
; Rapid to initial position
G1 X-1.8766 Y14.1910 F2540
G1 Z0.5000
; plunge
G1 Z-2.6750 F127
; cut
G1 X-1.8766 Y14.1915 F1016
G1 X-1.8806 Y14.2119
G1 X-1.8852 Y14.2284
G1 X-1.8880 Y14.2362
G1 X-1.8942 Y14.2517
G1 X-1.8976 Y14.2593
G1 X-1.9123 Y14.2862
G1 X-1.9209 Y14.2991
G1 X-1.9756 Y14.3729
G1 X-1.9919 Y14.3908
G1 X-2.0071 Y14.4046
G1 X-2.0266 Y14.4192
G1 X-2.0437 Y14.4299
G1 X-2.0652 Y14.4407
G1 X-2.0855 Y14.4487
G1 X-2.1083 Y14.4552
G1 X-2.1152 Y14.4565
G1 X-2.0596 Y14.5076
G1 X-1.9464 Y14.5857
G1 X-1.8741 Y14.6228
G1 X-1.8841 Y14.6054
G1 X-1.8940 Y14.5838
G1 X-1.8989 Y14.5703
G1 X-1.9013 Y14.5626
G1 X-1.9069 Y14.5386
G1 X-1.9093 Y14.5195
G1 X-1.9105 Y14.4957
G1 X-1.9098 Y14.4746
G1 X-1.9067 Y14.4512
G1 X-1.9023 Y14.4310
G1 X-1.8945 Y14.4073
G1 X-1.8860 Y14.3880
G1 X-1.8741 Y14.3664
G1 X-1.8620 Y14.3489
G1 X-1.8474 Y14.3311
G1 X-1.8336 Y14.3171
G1 X-1.8150 Y14.3012
G1 X-1.7977 Y14.2891
G1 X-1.7800 Y14.2789
G1 X-1.7987 Y14.2649
G1 X-1.8093 Y14.2556
G1 X-1.8766 Y14.1910
G1 X-1.7213 Y14.4186
G1 X-1.7065 Y14.4098
G1 X-1.6903 Y14.4039
G1 X-1.6732 Y14.4012
G1 X-1.6559 Y14.4015
G1 X-1.6358 Y14.4062
G1 X-1.3207 Y14.5150
G1 X-1.3050 Y14.5222
G1 X-1.2908 Y14.5321
G1 X-1.2787 Y14.5443
G1 X-1.2701 Y14.5567
G1 X-1.2071 Y14.6656
G1 X-1.1998 Y14.6814
G1 X-1.1957 Y14.6980
G1 X-1.1945 Y14.7153
G1 X-1.1966 Y14.7324
G1 X-1.2017 Y14.7490
G1 X-1.2098 Y14.7643
G1 X-1.2206 Y14.7776
G1 X-1.2337 Y14.7891
G1 X-1.2485 Y14.7979
G1 X-1.2647 Y14.8037
G1 X-1.2818 Y14.8064
G1 X-1.2991 Y14.8061
G1 X-1.3192 Y14.8015
G1 X-1.6343 Y14.6927
G1 X-1.6500 Y14.6855
G1 X-1.6642 Y14.6756
G1 X-1.6763 Y14.6634
G1 X-1.6848 Y14.6510
G1 X-1.7479 Y14.5421
G1 X-1.7552 Y14.5264
G1 X-1.7593 Y14.5096
G1 X-1.7605 Y14.4925
G1 X-1.7584 Y14.4752
G1 X-1.7533 Y14.4587
G1 X-1.7452 Y14.4434
G1 X-1.7343 Y14.4301
G1 X-1.7213 Y14.4186
; Retract
G1 Z3.0400 F2540

; Path 112
; Rapid to initial position
G1 X-4.5447 Y-9.8755 F2540
G1 Z0.5000
; plunge
G1 Z-2.6750 F127
; cut
G1 X-4.2750 Y-9.9107 F1016
G1 X-4.0393 Y-9.9826
G1 X-3.8603 Y-10.0881
G1 X-3.7374 Y-10.2173
G1 X-3.6682 Y-10.3623
G1 X-3.6510 Y-10.5196
G1 X-3.6882 Y-10.6859
G1 X-3.7858 Y-10.8582
G1 X-3.9538 Y-11.0318
G1 X-4.0907 Y-11.1571
G1 X-4.1023 Y-11.1700
G1 X-4.1114 Y-11.1846
G1 X-4.1162 Y-11.1961
G1 X-4.1538 Y-11.3057
G1 X-4.1577 Y-11.3224
G1 X-4.1586 Y-11.3398
G1 X-4.1565 Y-11.3568
G1 X-4.1503 Y-11.3753
G1 X-4.0804 Y-11.5276
G1 X-4.0708 Y-11.5438
G1 X-3.8830 Y-11.8013
G1 X-3.7301 Y-11.9897
G1 X-3.5623 Y-12.1736
G1 X-3.3976 Y-12.3343
G1 X-3.3663 Y-12.3601
G1 X-3.5511 Y-12.4731
G1 X-3.8565 Y-12.4648
G1 X-4.0479 Y-12.4117
G1 X-4.2067 Y-12.2734
G1 X-4.4249 Y-11.9807
G1 X-4.5686 Y-11.7731
G1 X-4.6731 Y-11.6089
G1 X-4.7362 Y-11.4864
G1 X-4.7604 Y-11.4040
G1 X-4.7574 Y-11.3505
G1 X-4.7324 Y-11.3008
G1 X-4.6711 Y-11.2359
G1 X-4.5696 Y-11.1533
G1 X-4.5549 Y-11.1385
G1 X-4.3784 Y-10.9139
G1 X-4.3690 Y-10.8995
G1 X-4.3610 Y-10.8778
G1 X-4.2924 Y-10.5926
G1 X-4.2898 Y-10.5756
G1 X-4.2907 Y-10.5571
G1 X-4.3326 Y-10.2683
G1 X-4.3366 Y-10.2515
G1 X-4.3471 Y-10.2301
G1 X-4.5024 Y-9.9947
G1 X-4.5099 Y-9.9848
G1 X-4.5969 Y-9.8845
G1 X-4.5447 Y-9.8755
G1 X-4.4316 Y-9.9661
G1 X-4.2915 Y-9.9842
G1 X-4.0697 Y-10.0520
G1 X-3.9075 Y-10.1476
G1 X-3.8001 Y-10.2606
G1 X-3.7415 Y-10.3830
G1 X-3.7271 Y-10.5156
G1 X-3.7592 Y-10.6585
G1 X-3.8466 Y-10.8129
G1 X-4.0056 Y-10.9771
G1 X-4.1466 Y-11.1068
G1 X-4.1582 Y-11.1197
G1 X-4.1663 Y-11.1303
G1 X-4.1754 Y-11.1450
G1 X-4.1808 Y-11.1557
G1 X-4.1873 Y-11.1718
G1 X-4.2269 Y-11.2884
G1 X-4.2309 Y-11.3051
G1 X-4.2328 Y-11.3183
G1 X-4.2338 Y-11.3357
G1 X-4.2331 Y-11.3495
G1 X-4.2309 Y-11.3666
G1 X-4.2278 Y-11.3808
G1 X-4.2216 Y-11.3993
G1 X-4.2185 Y-11.4067
G1 X-4.1451 Y-11.5658
G1 X-4.1316 Y-11.5881
G1 X-3.9414 Y-11.8488
G1 X-3.7857 Y-12.0404
G1 X-3.6148 Y-12.2274
G1 X-3.4907 Y-12.3481
G1 X-3.5712 Y-12.3973
G1 X-3.8453 Y-12.3900
G1 X-4.0115 Y-12.3439
G1 X-4.1512 Y-12.2221
G1 X-4.3646 Y-11.9358
G1 X-4.5053 Y-11.7327
G1 X-4.6075 Y-11.5718
G1 X-4.6664 Y-11.4579
G1 X-4.6845 Y-11.3955
G1 X-4.6831 Y-11.3701
G1 X-4.6703 Y-11.3446
G1 X-4.6194 Y-11.2906
G1 X-4.5222 Y-11.2115
G1 X-4.5161 Y-11.2061
G1 X-4.5014 Y-11.1913
G1 X-4.4959 Y-11.1850
G1 X-4.3154 Y-10.9548
G1 X-4.3060 Y-10.9404
G1 X-4.2987 Y-10.9258
G1 X-4.2906 Y-10.9042
G1 X-4.2879 Y-10.8953
G1 X-4.2180 Y-10.6037
G1 X-4.2155 Y-10.5867
G1 X-4.2147 Y-10.5718
G1 X-4.2163 Y-10.5463
G1 X-4.2594 Y-10.2509
G1 X-4.2634 Y-10.2342
G1 X-4.2691 Y-10.2184
G1 X-4.2796 Y-10.1969
G1 X-4.2844 Y-10.1887
G1 X-4.4316 Y-9.9661
G1 X-4.2739 Y-10.0682
G1 X-4.1001 Y-10.1214
G1 X-3.9548 Y-10.2070
G1 X-3.8628 Y-10.3039
G1 X-3.8149 Y-10.4037
G1 X-3.8031 Y-10.5114
G1 X-3.8302 Y-10.6313
G1 X-3.9072 Y-10.7674
G1 X-4.0575 Y-10.9225
G1 X-4.2024 Y-11.0565
G1 X-4.2180 Y-11.0742
G1 X-4.2303 Y-11.0907
G1 X-4.2424 Y-11.1109
G1 X-4.2505 Y-11.1273
G1 X-4.2585 Y-11.1476
G1 X-4.3001 Y-11.2711
G1 X-4.3054 Y-11.2943
G1 X-4.3080 Y-11.3142
G1 X-4.3089 Y-11.3392
G1 X-4.3076 Y-11.3592
G1 X-4.3043 Y-11.3828
G1 X-4.3011 Y-11.3971
G1 X-4.2991 Y-11.4049
G1 X-4.2911 Y-11.4280
G1 X-4.2868 Y-11.4382
G1 X-4.2134 Y-11.5973
G1 X-4.2095 Y-11.6048
G1 X-4.1924 Y-11.6323
G1 X-3.9998 Y-11.8962
G1 X-3.8412 Y-12.0911
G1 X-3.6672 Y-12.2813
G1 X-3.6268 Y-12.3206
G1 X-3.8341 Y-12.3152
G1 X-3.9750 Y-12.2761
G1 X-4.0956 Y-12.1709
G1 X-4.3043 Y-11.8909
G1 X-4.4434 Y-11.6901
G1 X-4.5419 Y-11.5347
G1 X-4.5962 Y-11.4299
G1 X-4.6081 Y-11.3885
G1 X-4.6080 Y-11.3881
G1 X-4.5683 Y-11.3460
G1 X-4.4721 Y-11.2676
G1 X-4.4627 Y-11.2590
G1 X-4.4448 Y-11.2408
G1 X-4.4367 Y-11.2314
G1 X-4.2524 Y-10.9957
G1 X-4.2430 Y-10.9812
G1 X-4.2388 Y-10.9743
G1 X-4.2316 Y-10.9597
G1 X-4.2284 Y-10.9523
G1 X-4.2187 Y-10.9260
G1 X-4.2148 Y-10.9128
G1 X-4.1437 Y-10.6149
G1 X-4.1404 Y-10.5907
G1 X-4.1395 Y-10.5757
G1 X-4.1395 Y-10.5671
G1 X-4.1420 Y-10.5355
G1 X-4.1862 Y-10.2335
G1 X-4.1902 Y-10.2169
G1 X-4.1927 Y-10.2086
G1 X-4.1984 Y-10.1928
G1 X-4.2016 Y-10.1854
G1 X-4.2145 Y-10.1594
G1 X-4.2217 Y-10.1471
G1 X-4.2739 Y-10.0682
G1 X-4.1173 Y-10.1986
G1 X-4.0021 Y-10.2664
G1 X-3.9254 Y-10.3472
G1 X-3.8883 Y-10.4244
G1 X-3.8792 Y-10.5072
G1 X-3.9012 Y-10.6039
G1 X-3.9680 Y-10.7220
G1 X-4.1095 Y-10.8681
G1 X-4.1318 Y-10.8889
G1 X-4.0692 Y-10.6252
G1 X-4.0652 Y-10.5947
G1 X-4.0645 Y-10.5757
G1 X-4.0646 Y-10.5614
G1 X-4.0676 Y-10.5245
G1 X-4.1130 Y-10.2162
G1 X-4.1173 Y-10.1986
G1 X-4.0159 Y-10.3610
G1 X-3.9880 Y-10.3903
G1 X-3.9617 Y-10.4454
G1 X-3.9555 Y-10.5028
G1 X-3.9721 Y-10.5767
G1 X-3.9917 Y-10.6112
G1 X-3.9901 Y-10.5978
G1 X-3.9893 Y-10.5750
G1 X-3.9897 Y-10.5552
G1 X-3.9933 Y-10.5135
G1 X-4.0159 Y-10.3610
G1 X-4.3789 Y-11.2793
G1 X-4.3800 Y-11.2847
G1 X-4.3831 Y-11.3113
G1 X-4.3838 Y-11.3439
G1 X-4.3821 Y-11.3697
G1 X-4.3776 Y-11.3990
G1 X-4.3738 Y-11.4164
G1 X-4.3702 Y-11.4294
G1 X-4.3603 Y-11.4572
G1 X-4.3551 Y-11.4697
G1 X-4.2798 Y-11.6327
G1 X-4.2734 Y-11.6444
G1 X-4.2532 Y-11.6767
G1 X-4.0581 Y-11.9436
G1 X-3.8967 Y-12.1419
G1 X-3.8061 Y-12.2407
G1 X-3.8229 Y-12.2404
G1 X-3.9384 Y-12.2083
G1 X-4.0402 Y-12.1193
G1 X-4.2440 Y-11.8461
G1 X-4.3800 Y-11.6496
G1 X-4.4768 Y-11.4969
G1 X-4.5229 Y-11.4076
G1 X-4.5164 Y-11.4008
G1 X-4.4212 Y-11.3231
G1 X-4.4090 Y-11.3116
G1 X-4.3880 Y-11.2900
G1 X-4.3789 Y-11.2793
; Retract
G1 Z3.0400 F2540

; Path 113
; Rapid to initial position
G1 X-5.2373 Y-11.4132 F2540
G1 Z0.5000
; plunge
G1 Z-2.6750 F127
; cut
G1 X-5.2217 Y-11.6764 F1016
G1 X-5.2025 Y-11.9067
G1 X-5.1794 Y-12.1031
G1 X-5.1524 Y-12.2659
G1 X-5.1236 Y-12.3844
G1 X-5.1197 Y-12.3967
G1 X-5.0987 Y-12.4500
G1 X-5.2886 Y-12.4675
G1 X-5.5570 Y-12.4745
G1 X-5.9308 Y-12.4696
G1 X-6.0648 Y-12.4545
G1 X-6.0298 Y-12.3990
G1 X-6.0202 Y-12.3786
G1 X-5.9906 Y-12.2899
G1 X-5.9874 Y-12.2778
G1 X-5.9632 Y-12.1497
G1 X-5.9461 Y-11.9906
G1 X-5.9357 Y-11.7988
G1 X-5.9314 Y-11.5720
G1 X-5.9336 Y-11.3095
G1 X-5.9417 Y-11.0100
G1 X-5.9811 Y-9.8833
G1 X-5.2873 Y-9.9181
G1 X-5.2491 Y-11.1173
G1 X-5.2373 Y-11.4132
G1 X-5.3125 Y-11.4176
G1 X-5.2967 Y-11.6826
G1 X-5.2771 Y-11.9154
G1 X-5.2536 Y-12.1153
G1 X-5.2254 Y-12.2837
G1 X-5.2009 Y-12.3840
G1 X-5.2926 Y-12.3924
G1 X-5.5579 Y-12.3994
G1 X-5.9261 Y-12.3945
G1 X-5.9456 Y-12.3924
G1 X-5.9179 Y-12.3090
G1 X-5.9136 Y-12.2918
G1 X-5.8885 Y-12.1578
G1 X-5.8709 Y-11.9946
G1 X-5.8606 Y-11.8002
G1 X-5.8563 Y-11.5714
G1 X-5.8585 Y-11.3075
G1 X-5.8667 Y-11.0075
G1 X-5.9031 Y-9.9625
G1 X-5.3602 Y-9.9897
G1 X-5.3242 Y-11.1203
G1 X-5.3125 Y-11.4176
G1 X-5.3876 Y-11.4221
G1 X-5.3717 Y-11.6890
G1 X-5.3518 Y-11.9242
G1 X-5.3278 Y-12.1277
G1 X-5.2985 Y-12.3015
G1 X-5.2947 Y-12.3171
G1 X-5.2966 Y-12.3173
G1 X-5.5588 Y-12.3243
G1 X-5.8434 Y-12.3204
G1 X-5.8397 Y-12.3057
G1 X-5.8137 Y-12.1658
G1 X-5.7958 Y-11.9985
G1 X-5.7855 Y-11.8016
G1 X-5.7812 Y-11.5707
G1 X-5.7834 Y-11.3054
G1 X-5.7915 Y-11.0050
G1 X-5.8251 Y-10.0418
G1 X-5.4331 Y-10.0614
G1 X-5.3994 Y-11.1234
G1 X-5.3876 Y-11.4221
G1 X-5.4627 Y-11.4265
G1 X-5.4466 Y-11.6953
G1 X-5.4264 Y-11.9330
G1 X-5.4019 Y-12.1402
G1 X-5.3843 Y-12.2444
G1 X-5.5600 Y-12.2491
G1 X-5.7524 Y-12.2466
G1 X-5.7388 Y-12.1738
G1 X-5.7207 Y-12.0025
G1 X-5.7103 Y-11.8031
G1 X-5.7061 Y-11.5701
G1 X-5.7083 Y-11.3033
G1 X-5.7164 Y-11.0024
G1 X-5.7471 Y-10.1211
G1 X-5.5060 Y-10.1330
G1 X-5.4745 Y-11.1264
G1 X-5.4627 Y-11.4265
G1 X-5.5378 Y-11.4310
G1 X-5.5216 Y-11.7017
G1 X-5.5011 Y-11.9417
G1 X-5.4761 Y-12.1527
G1 X-5.4729 Y-12.1717
G1 X-5.5611 Y-12.1741
G1 X-5.6631 Y-12.1726
G1 X-5.6456 Y-12.0063
G1 X-5.6352 Y-11.8045
G1 X-5.6310 Y-11.5694
G1 X-5.6331 Y-11.3013
G1 X-5.6413 Y-10.9998
G1 X-5.6691 Y-10.2001
G1 X-5.5789 Y-10.2046
G1 X-5.5496 Y-11.1294
G1 X-5.5378 Y-11.4310
G1 X-5.5700 Y-11.9995
G1 X-5.5580 Y-12.0988
G1 X-5.5620 Y-12.0990
G1 X-5.5797 Y-12.0986
G1 X-5.5705 Y-12.0101
G1 X-5.5700 Y-11.9995
; Retract
G1 Z3.0400 F2540

; Path 114
; Rapid to initial position
G1 X-7.6860 Y-12.3454 F2540
G1 Z0.5000
; plunge
G1 Z-2.6750 F127
; cut
G1 X-7.9148 Y-12.4728 F1016
G1 X-8.1608 Y-12.4374
G1 X-8.2725 Y-12.3657
G1 X-8.2892 Y-12.2938
G1 X-8.3145 Y-12.0969
G1 X-8.3362 Y-11.8426
G1 X-8.3521 Y-11.5496
G1 X-8.3751 Y-11.1869
G1 X-8.3764 Y-11.1756
G1 X-8.4185 Y-10.9490
G1 X-8.4234 Y-10.9324
G1 X-8.4300 Y-10.9184
G1 X-8.5019 Y-10.7961
G1 X-8.5120 Y-10.7822
G1 X-8.5246 Y-10.7702
G1 X-8.5451 Y-10.7580
G1 X-8.6565 Y-10.7088
G1 X-8.6727 Y-10.7032
G1 X-8.6899 Y-10.7008
G1 X-8.7071 Y-10.7016
G1 X-8.7240 Y-10.7056
G1 X-8.7358 Y-10.7104
G1 X-9.0194 Y-10.8495
G1 X-9.0341 Y-10.8584
G1 X-9.0469 Y-10.8700
G1 X-9.0576 Y-10.8837
G1 X-9.0666 Y-10.9026
G1 X-9.1731 Y-11.2048
G1 X-9.3177 Y-11.2599
G1 X-9.4370 Y-11.0943
G1 X-9.3598 Y-10.9214
G1 X-9.1336 Y-10.7988
G1 X-9.0017 Y-10.7689
G1 X-8.7526 Y-10.7073
G1 X-8.5957 Y-10.6840
G1 X-8.4352 Y-10.6909
G1 X-8.2640 Y-10.7282
G1 X-8.0860 Y-10.7964
G1 X-7.8873 Y-10.9018
G1 X-7.7976 Y-11.0050
G1 X-7.7568 Y-11.1929
G1 X-7.7479 Y-11.5555
G1 X-7.7417 Y-11.8306
G1 X-7.7249 Y-12.0843
G1 X-7.7005 Y-12.2829
G1 X-7.6986 Y-12.2938
G1 X-7.6860 Y-12.3454
G1 X-7.7724 Y-12.3074
G1 X-7.9292 Y-12.3946
G1 X-8.1341 Y-12.3652
G1 X-8.2061 Y-12.3191
G1 X-8.2150 Y-12.2810
G1 X-8.2398 Y-12.0873
G1 X-8.2612 Y-11.8362
G1 X-8.2771 Y-11.5448
G1 X-8.3005 Y-11.1784
G1 X-8.3026 Y-11.1619
G1 X-8.3463 Y-10.9281
G1 X-8.3511 Y-10.9115
G1 X-8.3556 Y-10.9001
G1 X-8.3653 Y-10.8802
G1 X-8.4311 Y-10.7688
G1 X-8.2852 Y-10.8006
G1 X-8.1167 Y-10.8652
G1 X-7.9349 Y-10.9617
G1 X-7.8671 Y-11.0395
G1 X-7.8318 Y-11.2023
G1 X-7.8231 Y-11.5572
G1 X-7.8167 Y-11.8355
G1 X-7.7995 Y-12.0934
G1 X-7.7745 Y-12.2959
G1 X-7.7724 Y-12.3074
G1 X-7.8538 Y-12.2665
G1 X-7.9435 Y-12.3165
G1 X-8.1073 Y-12.2931
G1 X-8.1399 Y-12.2721
G1 X-8.1410 Y-12.2670
G1 X-8.1652 Y-12.0778
G1 X-8.1862 Y-11.8298
G1 X-8.2021 Y-11.5400
G1 X-8.2259 Y-11.1691
G1 X-8.2287 Y-11.1480
G1 X-8.2741 Y-10.9072
G1 X-8.2811 Y-10.8843
G1 X-8.2819 Y-10.8824
G1 X-8.1474 Y-10.9340
G1 X-7.9825 Y-11.0215
G1 X-7.9365 Y-11.0742
G1 X-7.9068 Y-11.2117
G1 X-7.8982 Y-11.5590
G1 X-7.8917 Y-11.8405
G1 X-7.8741 Y-12.1026
G1 X-7.8538 Y-12.2665
G1 X-7.9346 Y-12.2255
G1 X-7.9580 Y-12.2384
G1 X-8.0709 Y-12.2223
G1 X-8.0905 Y-12.0683
G1 X-8.1113 Y-11.8235
G1 X-8.1272 Y-11.5352
G1 X-8.1514 Y-11.1589
G1 X-8.1549 Y-11.1342
G1 X-8.1797 Y-11.0021
G1 X-8.1788 Y-11.0024
G1 X-8.0301 Y-11.0813
G1 X-8.0059 Y-11.1090
G1 X-7.9817 Y-11.2211
G1 X-7.9733 Y-11.5607
G1 X-7.9666 Y-11.8454
G1 X-7.9487 Y-12.1118
G1 X-7.9346 Y-12.2255
G1 X-8.0468 Y-11.6264
G1 X-8.0522 Y-11.5305
G1 X-8.0769 Y-11.1483
G1 X-8.0780 Y-11.1410
G1 X-8.0777 Y-11.1412
G1 X-8.0753 Y-11.1439
G1 X-8.0566 Y-11.2305
G1 X-8.0484 Y-11.5624
G1 X-8.0468 Y-11.6264
; Retract
G1 Z3.0400 F2540

; Path 115
; Rapid to initial position
G1 X-8.9584 Y-11.6884 F2540
G1 Z0.5000
; plunge
G1 Z-2.6750 F127
; cut
G1 X-8.9637 Y-11.8895 F1016
G1 X-8.9731 Y-12.1338
G1 X-8.9721 Y-12.1511
G1 X-8.9681 Y-12.1679
G1 X-8.9619 Y-12.1818
G1 X-8.8841 Y-12.3270
G1 X-8.8761 Y-12.3396
G1 X-8.7945 Y-12.4467
G1 X-8.8061 Y-12.4554
G1 X-9.0221 Y-12.4726
G1 X-9.2846 Y-12.4374
G1 X-9.4561 Y-12.3610
G1 X-9.5509 Y-12.2154
G1 X-9.5654 Y-12.0357
G1 X-9.4986 Y-11.8562
G1 X-9.3504 Y-11.7097
G1 X-9.1313 Y-11.6129
G1 X-9.0106 Y-11.6205
G1 X-8.9584 Y-11.6884
G1 X-9.0341 Y-11.7130
G1 X-9.0388 Y-11.8866
G1 X-9.0482 Y-12.1379
G1 X-9.0472 Y-12.1553
G1 X-9.0453 Y-12.1685
G1 X-9.0413 Y-12.1852
G1 X-9.0368 Y-12.1983
G1 X-9.0281 Y-12.2173
G1 X-8.9476 Y-12.3672
G1 X-8.9360 Y-12.3851
G1 X-8.9321 Y-12.3900
G1 X-9.0202 Y-12.3970
G1 X-9.2637 Y-12.3644
G1 X-9.4051 Y-12.3014
G1 X-9.4776 Y-12.1903
G1 X-9.4892 Y-12.0464
G1 X-9.4338 Y-11.8979
G1 X-9.3074 Y-11.7728
G1 X-9.1175 Y-11.6890
G1 X-9.0494 Y-11.6933
G1 X-9.0341 Y-11.7130
G1 X-9.1108 Y-11.7683
G1 X-9.1139 Y-11.8838
G1 X-9.1233 Y-12.1421
G1 X-9.1217 Y-12.1661
G1 X-9.1185 Y-12.1859
G1 X-9.1125 Y-12.2095
G1 X-9.1051 Y-12.2296
G1 X-9.0943 Y-12.2530
G1 X-9.0604 Y-12.3159
G1 X-9.2427 Y-12.2914
G1 X-9.3542 Y-12.2417
G1 X-9.4042 Y-12.1651
G1 X-9.4129 Y-12.0571
G1 X-9.3690 Y-11.9396
G1 X-9.2645 Y-11.8360
G1 X-9.1108 Y-11.7683
G1 X-9.1892 Y-11.8849
G1 X-9.1982 Y-12.1470
G1 X-9.1959 Y-12.1780
G1 X-9.1914 Y-12.2045
G1 X-9.1865 Y-12.2231
G1 X-9.2216 Y-12.2183
G1 X-9.3034 Y-12.1820
G1 X-9.3308 Y-12.1400
G1 X-9.3365 Y-12.0677
G1 X-9.3044 Y-11.9817
G1 X-9.2212 Y-11.8991
G1 X-9.1892 Y-11.8849
; Retract
G1 Z3.0400 F2540

; Path 116
; Rapid to initial position
G1 X-9.2905 Y-11.1691 F2540
G1 Z0.5000
; plunge
G1 Z-2.6750 F127
; cut
G1 X-9.3507 Y-11.0855 F1016
G1 X-9.3015 Y-10.9753
G1 X-9.1414 Y-10.8886
G1 X-9.2325 Y-11.1469
G1 X-9.2905 Y-11.1691
; Retract
G1 Z3.0400 F2540

; Path 117
; Rapid to initial position
G1 X-10.0454 Y-10.7810 F2540
G1 Z0.5000
; plunge
G1 Z-2.6750 F127
; cut
G1 X-10.1994 Y-11.0277 F1016
G1 X-10.3363 Y-11.2068
G1 X-10.3571 Y-11.0476
G1 X-10.3624 Y-10.8248
G1 X-10.3221 Y-10.7312
G1 X-10.2478 Y-10.7035
G1 X-10.0888 Y-10.7352
G1 X-10.0454 Y-10.7810
G1 X-10.1461 Y-10.8005
G1 X-10.2615 Y-10.9850
G1 X-10.2828 Y-11.0131
G1 X-10.2870 Y-10.8396
G1 X-10.2658 Y-10.7906
G1 X-10.2415 Y-10.7813
G1 X-10.1461 Y-10.8005
; Retract
G1 Z3.0400 F2540

; Path 118
; Rapid to initial position
G1 X-11.0202 Y-11.3186 F2540
G1 Z0.5000
; plunge
G1 Z-2.6750 F127
; cut
G1 X-10.9199 Y-11.5276 F1016
G1 X-10.8513 Y-11.7412
G1 X-10.8224 Y-11.9396
G1 X-10.8378 Y-12.1147
G1 X-10.8819 Y-12.2668
G1 X-10.9248 Y-12.3617
G1 X-10.9459 Y-12.3834
G1 X-10.9853 Y-12.3571
G1 X-11.0652 Y-12.2622
G1 X-11.1693 Y-12.1020
G1 X-11.2964 Y-11.8773
G1 X-11.4514 Y-11.6015
G1 X-11.6138 Y-11.3301
G1 X-11.7652 Y-11.0933
G1 X-11.8837 Y-10.9255
G1 X-12.0358 Y-10.7169
G1 X-12.0476 Y-10.6930
G1 X-11.8447 Y-10.7409
G1 X-11.5721 Y-10.7973
G1 X-11.4285 Y-10.8550
G1 X-11.2855 Y-10.9666
G1 X-11.1452 Y-11.1262
G1 X-11.0202 Y-11.3186
G1 X-11.0857 Y-11.3558
G1 X-10.9899 Y-11.5553
G1 X-10.9247 Y-11.7587
G1 X-10.8979 Y-11.9412
G1 X-10.9121 Y-12.1010
G1 X-10.9527 Y-12.2411
G1 X-10.9640 Y-12.2659
G1 X-11.0047 Y-12.2173
G1 X-11.1045 Y-12.0637
G1 X-11.2310 Y-11.8402
G1 X-11.3870 Y-11.5627
G1 X-11.5504 Y-11.2897
G1 X-11.7037 Y-11.0498
G1 X-11.8229 Y-10.8813
G1 X-11.8740 Y-10.8113
G1 X-11.8600 Y-10.8146
G1 X-11.5932 Y-10.8697
G1 X-11.4669 Y-10.9206
G1 X-11.3370 Y-11.0218
G1 X-11.2054 Y-11.1718
G1 X-11.0857 Y-11.3558
G1 X-11.1518 Y-11.3920
G1 X-11.0598 Y-11.5835
G1 X-10.9981 Y-11.7762
G1 X-10.9737 Y-11.9428
G1 X-10.9864 Y-12.0873
G1 X-10.9905 Y-12.1013
G1 X-11.0397 Y-12.0256
G1 X-11.1656 Y-11.8031
G1 X-11.3226 Y-11.5241
G1 X-11.4871 Y-11.2493
G1 X-11.6423 Y-11.0064
G1 X-11.7002 Y-10.9245
G1 X-11.6147 Y-10.9421
G1 X-11.5048 Y-10.9864
G1 X-11.3891 Y-11.0766
G1 X-11.2651 Y-11.2177
G1 X-11.1518 Y-11.3920
G1 X-11.2175 Y-11.4288
G1 X-11.1298 Y-11.6113
G1 X-11.0714 Y-11.7937
G1 X-11.0668 Y-11.8250
G1 X-11.1002 Y-11.7660
G1 X-11.2581 Y-11.4854
G1 X-11.4237 Y-11.2089
G1 X-11.5051 Y-11.0817
G1 X-11.4407 Y-11.1318
G1 X-11.3253 Y-11.2632
G1 X-11.2175 Y-11.4288
; Retract
G1 Z3.0400 F2540

; Path 119
; Rapid to initial position
G1 X-12.6580 Y-11.4477 F2540
G1 Z0.5000
; plunge
G1 Z-2.6750 F127
; cut
G1 X-12.6509 Y-11.6831 F1016
G1 X-12.6414 Y-11.8963
G1 X-12.6299 Y-12.0820
G1 X-12.6164 Y-12.2349
G1 X-12.6021 Y-12.3431
G1 X-12.6002 Y-12.3536
G1 X-12.5903 Y-12.3931
G1 X-12.6038 Y-12.4478
G1 X-12.9069 Y-12.4765
G1 X-13.2954 Y-12.4765
G1 X-13.2954 Y-11.1956
G1 X-13.2930 Y-10.9090
G1 X-13.2931 Y-10.9090
G1 X-13.2860 Y-10.6461
G1 X-13.2748 Y-10.4067
G1 X-13.2597 Y-10.1951
G1 X-13.2415 Y-10.0216
G1 X-13.2217 Y-9.8939
G1 X-13.2018 Y-9.8172
G1 X-13.2002 Y-9.8144
G1 X-13.0706 Y-9.7703
G1 X-12.8499 Y-9.7466
G1 X-12.8056 Y-9.7469
G1 X-12.7735 Y-9.7490
G1 X-12.7512 Y-9.7531
G1 X-12.7385 Y-9.7582
G1 X-12.7321 Y-9.7630
G1 X-12.7231 Y-9.7746
G1 X-12.7114 Y-9.8004
G1 X-12.6998 Y-9.8409
G1 X-12.6887 Y-9.9048
G1 X-12.6801 Y-9.9856
G1 X-12.6739 Y-10.0828
G1 X-12.6692 Y-10.2049
G1 X-12.6664 Y-10.3495
G1 X-12.6665 Y-10.3495
G1 X-12.6650 Y-10.5178
G1 X-12.6643 Y-10.7117
G1 X-12.6642 Y-10.9337
G1 X-12.6624 Y-11.1958
G1 X-12.6580 Y-11.4477
G1 X-12.7331 Y-11.4500
G1 X-12.7261 Y-11.6864
G1 X-12.7165 Y-11.9010
G1 X-12.7049 Y-12.0887
G1 X-12.6909 Y-12.2447
G1 X-12.6761 Y-12.3566
G1 X-12.6731 Y-12.3719
G1 X-12.6713 Y-12.3787
G1 X-12.9105 Y-12.4013
G1 X-13.2202 Y-12.4013
G1 X-13.2202 Y-11.1963
G1 X-13.2179 Y-10.9096
G1 X-13.2180 Y-10.9087
G1 X-13.2108 Y-10.6496
G1 X-13.1999 Y-10.4121
G1 X-13.1849 Y-10.2028
G1 X-13.1672 Y-10.0332
G1 X-13.1478 Y-9.9086
G1 X-13.1386 Y-9.8728
G1 X-13.0547 Y-9.8443
G1 X-12.8453 Y-9.8217
G1 X-12.8082 Y-9.8220
G1 X-12.7835 Y-9.8236
G1 X-12.7821 Y-9.8268
G1 X-12.7730 Y-9.8582
G1 X-12.7635 Y-9.9127
G1 X-12.7549 Y-9.9936
G1 X-12.7490 Y-10.0857
G1 X-12.7444 Y-10.2063
G1 X-12.7415 Y-10.3483
G1 X-12.7417 Y-10.3501
G1 X-12.7401 Y-10.5181
G1 X-12.7394 Y-10.7117
G1 X-12.7393 Y-10.9341
G1 X-12.7375 Y-11.1971
G1 X-12.7331 Y-11.4500
G1 X-12.8082 Y-11.4521
G1 X-12.8012 Y-11.6897
G1 X-12.7917 Y-11.9056
G1 X-12.7799 Y-12.0954
G1 X-12.7654 Y-12.2546
G1 X-12.7578 Y-12.3114
G1 X-12.9142 Y-12.3262
G1 X-13.1451 Y-12.3262
G1 X-13.1451 Y-11.1969
G1 X-13.1427 Y-10.9102
G1 X-13.1429 Y-10.9087
G1 X-13.1357 Y-10.6531
G1 X-13.1249 Y-10.4176
G1 X-13.1101 Y-10.2107
G1 X-13.0926 Y-10.0433
G1 X-13.0751 Y-9.9305
G1 X-13.0388 Y-9.9183
G1 X-12.8424 Y-9.8971
G1 X-12.8383 Y-9.9207
G1 X-12.8297 Y-10.0015
G1 X-12.8241 Y-10.0886
G1 X-12.8195 Y-10.2079
G1 X-12.8166 Y-10.3475
G1 X-12.8168 Y-10.3507
G1 X-12.8152 Y-10.5184
G1 X-12.8145 Y-10.7117
G1 X-12.8144 Y-10.9346
G1 X-12.8127 Y-11.1983
G1 X-12.8082 Y-11.4521
G1 X-12.8833 Y-11.4544
G1 X-12.8763 Y-11.6931
G1 X-12.8667 Y-11.9102
G1 X-12.8546 Y-12.1023
G1 X-12.8418 Y-12.2439
G1 X-12.9179 Y-12.2511
G1 X-13.0700 Y-12.2511
G1 X-13.0700 Y-11.1975
G1 X-13.0676 Y-10.9109
G1 X-13.0677 Y-10.9084
G1 X-13.0606 Y-10.6566
G1 X-13.0499 Y-10.4229
G1 X-13.0353 Y-10.2184
G1 X-13.0183 Y-10.0548
G1 X-13.0083 Y-9.9907
G1 X-12.9076 Y-9.9799
G1 X-12.9044 Y-10.0095
G1 X-12.8992 Y-10.0914
G1 X-12.8946 Y-10.2095
G1 X-12.8917 Y-10.3453
G1 X-12.8919 Y-10.3513
G1 X-12.8903 Y-10.5188
G1 X-12.8897 Y-10.7117
G1 X-12.8895 Y-10.9351
G1 X-12.8878 Y-11.1996
G1 X-12.8833 Y-11.4544
G1 X-12.9584 Y-11.4566
G1 X-12.9514 Y-11.6964
G1 X-12.9419 Y-11.9149
G1 X-12.9294 Y-12.1091
G1 X-12.9234 Y-12.1760
G1 X-12.9949 Y-12.1760
G1 X-12.9949 Y-11.1981
G1 X-12.9925 Y-10.9063
G1 X-12.9925 Y-10.9058
G1 X-12.9855 Y-10.6601
G1 X-12.9750 Y-10.4283
G1 X-12.9674 Y-10.3222
G1 X-12.9669 Y-10.3434
G1 X-12.9670 Y-10.3520
G1 X-12.9654 Y-10.5191
G1 X-12.9648 Y-10.7117
G1 X-12.9647 Y-10.9355
G1 X-12.9629 Y-11.2009
G1 X-12.9584 Y-11.4566
; Retract
G1 Z3.0400 F2540

; Path 120
; Rapid to initial position
G1 X-13.8019 Y-11.3724 F2540
G1 Z0.5000
; plunge
G1 Z-2.6750 F127
; cut
G1 X-13.8261 Y-11.3976 F1016
G1 X-13.9165 Y-11.4318
G1 X-14.0771 Y-11.4552
G1 X-14.3040 Y-11.4624
G1 X-14.5657 Y-11.4560
G1 X-14.4640 Y-11.3542
G1 X-14.4530 Y-11.3409
G1 X-14.4445 Y-11.3258
G1 X-14.4390 Y-11.3094
G1 X-14.4364 Y-11.2867
G1 X-14.4396 Y-11.0538
G1 X-14.4533 Y-10.8667
G1 X-14.4195 Y-10.8310
G1 X-14.3049 Y-10.8501
G1 X-14.0804 Y-11.0040
G1 X-13.9305 Y-11.1490
G1 X-13.8347 Y-11.2682
G1 X-13.8000 Y-11.3438
G1 X-13.8019 Y-11.3724
G1 X-13.8846 Y-11.3393
G1 X-13.9351 Y-11.3584
G1 X-14.0847 Y-11.3802
G1 X-14.3046 Y-11.3872
G1 X-14.3925 Y-11.3850
G1 X-14.3873 Y-11.3775
G1 X-14.3788 Y-11.3624
G1 X-14.3734 Y-11.3500
G1 X-14.3679 Y-11.3336
G1 X-14.3642 Y-11.3178
G1 X-14.3617 Y-11.2951
G1 X-14.3613 Y-11.2857
G1 X-14.3647 Y-11.0484
G1 X-14.3744 Y-10.9147
G1 X-14.3338 Y-10.9216
G1 X-14.1280 Y-11.0625
G1 X-13.9862 Y-11.1998
G1 X-13.8990 Y-11.3081
G1 X-13.8846 Y-11.3393
G1 X-14.0077 Y-11.2930
G1 X-14.0924 Y-11.3053
G1 X-14.2880 Y-11.3115
G1 X-14.2865 Y-11.2976
G1 X-14.2862 Y-11.2846
G1 X-14.2897 Y-11.0430
G1 X-14.1756 Y-11.1211
G1 X-14.0417 Y-11.2507
G1 X-14.0077 Y-11.2930
G1 X-14.1686 Y-11.2325
G1 X-14.2119 Y-11.2338
G1 X-14.2125 Y-11.1901
G1 X-14.1686 Y-11.2325
; Retract
G1 Z3.0400 F2540

; Path 121
; Rapid to initial position
G1 X-14.8952 Y-10.7100 F2540
G1 Z0.5000
; plunge
G1 Z-2.6750 F127
; cut
G1 X-15.0429 Y-10.9033 F1016
G1 X-15.0522 Y-10.9179
G1 X-15.0595 Y-10.9375
G1 X-15.1425 Y-11.2690
G1 X-15.1454 Y-11.2914
G1 X-15.1472 Y-11.6570
G1 X-15.1456 Y-11.6741
G1 X-15.1430 Y-11.6849
G1 X-15.0514 Y-11.9862
G1 X-15.0449 Y-12.0021
G1 X-15.0363 Y-12.0157
G1 X-14.9326 Y-12.1520
G1 X-14.9211 Y-12.1647
G1 X-14.9091 Y-12.1739
G1 X-14.7800 Y-12.2579
G1 X-14.7647 Y-12.2661
G1 X-14.7503 Y-12.2706
G1 X-14.5696 Y-12.3132
G1 X-14.5524 Y-12.3156
G1 X-14.3184 Y-12.3262
G1 X-14.2227 Y-12.3864
G1 X-14.3748 Y-12.4287
G1 X-14.5722 Y-12.4573
G1 X-14.7865 Y-12.4669
G1 X-15.0025 Y-12.4565
G1 X-15.2041 Y-12.4271
G1 X-15.3808 Y-12.3790
G1 X-15.5117 Y-12.3176
G1 X-15.6957 Y-12.1226
G1 X-15.7514 Y-11.7991
G1 X-15.7449 Y-11.5812
G1 X-15.7252 Y-11.3961
G1 X-15.6910 Y-11.2462
G1 X-15.6418 Y-11.1276
G1 X-15.5758 Y-11.0320
G1 X-15.4868 Y-10.9486
G1 X-15.3705 Y-10.8735
G1 X-15.2234 Y-10.8033
G1 X-14.9462 Y-10.7148
G1 X-14.8952 Y-10.7100
G1 X-15.0883 Y-10.8391
G1 X-15.1066 Y-10.8632
G1 X-15.1159 Y-10.8778
G1 X-15.1227 Y-10.8916
G1 X-15.1300 Y-10.9112
G1 X-15.1324 Y-10.9192
G1 X-15.2155 Y-11.2507
G1 X-15.2172 Y-11.2594
G1 X-15.2201 Y-11.2818
G1 X-15.2206 Y-11.2911
G1 X-15.2220 Y-11.6640
G1 X-15.2204 Y-11.6812
G1 X-15.2188 Y-11.6917
G1 X-15.2150 Y-11.7067
G1 X-15.1209 Y-12.0147
G1 X-15.1144 Y-12.0307
G1 X-15.1083 Y-12.0424
G1 X-15.0961 Y-12.0612
G1 X-14.9882 Y-12.2025
G1 X-14.9766 Y-12.2152
G1 X-14.9670 Y-12.2242
G1 X-14.9502 Y-12.2369
G1 X-14.8154 Y-12.3243
G1 X-14.8001 Y-12.3324
G1 X-14.7875 Y-12.3377
G1 X-14.7675 Y-12.3439
G1 X-14.5987 Y-12.3832
G1 X-14.7862 Y-12.3916
G1 X-14.9963 Y-12.3816
G1 X-15.1879 Y-12.3536
G1 X-15.3546 Y-12.3082
G1 X-15.4670 Y-12.2554
G1 X-15.6254 Y-12.0878
G1 X-15.6761 Y-11.7934
G1 X-15.6700 Y-11.5873
G1 X-15.6509 Y-11.4087
G1 X-15.6189 Y-11.2685
G1 X-15.5756 Y-11.1639
G1 X-15.5186 Y-11.0815
G1 X-15.4402 Y-11.0080
G1 X-15.3332 Y-10.9389
G1 X-15.1961 Y-10.8735
G1 X-15.0883 Y-10.8391
G1 X-15.2225 Y-10.9693
G1 X-15.2892 Y-11.2359
G1 X-15.2919 Y-11.2499
G1 X-15.2952 Y-11.2780
G1 X-15.2957 Y-11.2908
G1 X-15.2968 Y-11.6710
G1 X-15.2947 Y-11.6925
G1 X-15.2917 Y-11.7103
G1 X-15.2869 Y-11.7286
G1 X-15.1905 Y-12.0433
G1 X-15.1813 Y-12.0651
G1 X-15.1752 Y-12.0768
G1 X-15.1714 Y-12.0835
G1 X-15.1560 Y-12.1069
G1 X-15.0437 Y-12.2532
G1 X-15.0278 Y-12.2702
G1 X-15.0183 Y-12.2791
G1 X-15.0124 Y-12.2842
G1 X-14.9910 Y-12.3000
G1 X-14.9801 Y-12.3071
G1 X-14.9901 Y-12.3066
G1 X-15.1717 Y-12.2800
G1 X-15.3283 Y-12.2374
G1 X-15.4225 Y-12.1931
G1 X-15.5551 Y-12.0530
G1 X-15.6008 Y-11.7876
G1 X-15.5951 Y-11.5933
G1 X-15.5766 Y-11.4211
G1 X-15.5470 Y-11.2916
G1 X-15.5090 Y-11.1998
G1 X-15.4610 Y-11.1305
G1 X-15.3935 Y-11.0673
G1 X-15.2960 Y-11.0043
G1 X-15.2225 Y-10.9693
G1 X-15.3378 Y-11.1208
G1 X-15.3630 Y-11.2216
G1 X-15.3665 Y-11.2410
G1 X-15.3703 Y-11.2752
G1 X-15.3708 Y-11.2906
G1 X-15.3716 Y-11.6782
G1 X-15.3689 Y-11.7050
G1 X-15.3644 Y-11.7292
G1 X-15.3588 Y-11.7506
G1 X-15.2624 Y-12.0652
G1 X-15.2597 Y-12.0725
G1 X-15.2481 Y-12.0994
G1 X-15.2405 Y-12.1141
G1 X-15.2341 Y-12.1249
G1 X-15.2156 Y-12.1527
G1 X-15.1792 Y-12.2000
G1 X-15.3021 Y-12.1666
G1 X-15.3778 Y-12.1311
G1 X-15.4847 Y-12.0179
G1 X-15.5255 Y-11.7818
G1 X-15.5201 Y-11.5994
G1 X-15.5023 Y-11.4337
G1 X-15.4749 Y-11.3139
G1 X-15.4427 Y-11.2364
G1 X-15.4036 Y-11.1797
G1 X-15.3469 Y-11.1267
G1 X-15.3378 Y-11.1208
G1 X-15.4464 Y-11.6484
G1 X-15.4464 Y-11.6856
G1 X-15.4429 Y-11.7188
G1 X-15.4372 Y-11.7482
G1 X-15.4308 Y-11.7725
G1 X-15.3429 Y-12.0584
G1 X-15.4144 Y-11.9828
G1 X-15.4502 Y-11.7759
G1 X-15.4464 Y-11.6484
; Retract
G1 Z3.0400 F2540

; Path 122
; Rapid to initial position
G1 X-16.3712 Y-11.6810 F2540
G1 Z0.5000
; plunge
G1 Z-2.6750 F127
; cut
G1 X-16.3661 Y-11.7964 F1016
G1 X-16.3898 Y-11.9218
G1 X-16.4925 Y-12.1176
G1 X-16.6699 Y-12.2980
G1 X-16.8805 Y-12.4274
G1 X-16.9825 Y-12.4518
G1 X-16.9841 Y-12.3689
G1 X-16.9340 Y-12.2788
G1 X-16.9269 Y-12.2630
G1 X-16.9242 Y-12.2530
G1 X-16.9011 Y-12.1464
G1 X-16.8991 Y-12.1292
G1 X-16.9005 Y-12.1099
G1 X-16.9191 Y-12.0063
G1 X-16.9237 Y-11.9896
G1 X-16.9312 Y-11.9741
G1 X-16.9936 Y-11.8710
G1 X-17.0084 Y-11.8524
G1 X-17.1168 Y-11.7468
G1 X-17.1281 Y-11.7374
G1 X-17.2845 Y-11.6268
G1 X-17.2922 Y-11.6218
G1 X-17.5040 Y-11.5008
G1 X-17.7620 Y-11.3729
G1 X-18.0029 Y-11.2467
G1 X-18.1937 Y-11.1192
G1 X-18.3383 Y-10.9902
G1 X-18.4373 Y-10.8609
G1 X-18.4936 Y-10.7333
G1 X-18.5120 Y-10.6020
G1 X-18.4931 Y-10.4634
G1 X-18.4358 Y-10.3176
G1 X-18.2671 Y-10.1091
G1 X-18.0763 Y-9.9901
G1 X-18.0257 Y-10.0101
G1 X-18.0259 Y-10.0103
G1 X-18.0672 Y-10.0956
G1 X-18.0734 Y-10.1118
G1 X-18.0763 Y-10.1288
G1 X-18.0763 Y-10.1454
G1 X-18.0672 Y-10.2425
G1 X-18.0640 Y-10.2595
G1 X-18.0563 Y-10.2786
G1 X-17.9977 Y-10.3865
G1 X-17.9845 Y-10.4052
G1 X-17.8774 Y-10.5223
G1 X-17.8672 Y-10.5318
G1 X-17.7125 Y-10.6572
G1 X-17.7048 Y-10.6628
G1 X-17.4976 Y-10.7985
G1 X-17.2496 Y-10.9370
G1 X-16.9769 Y-11.0861
G1 X-16.7578 Y-11.2231
G1 X-16.5937 Y-11.3476
G1 X-16.4778 Y-11.4644
G1 X-16.4064 Y-11.5736
G1 X-16.3712 Y-11.6810
G1 X-16.4459 Y-11.6946
G1 X-16.4415 Y-11.7911
G1 X-16.4616 Y-11.8968
G1 X-16.5538 Y-12.0727
G1 X-16.7170 Y-12.2387
G1 X-16.8822 Y-12.3402
G1 X-16.8652 Y-12.3094
G1 X-16.8582 Y-12.2936
G1 X-16.8544 Y-12.2826
G1 X-16.8507 Y-12.2689
G1 X-16.8265 Y-12.1553
G1 X-16.8244 Y-12.1381
G1 X-16.8241 Y-12.1236
G1 X-16.8256 Y-12.1043
G1 X-16.8265 Y-12.0966
G1 X-16.8467 Y-11.9862
G1 X-16.8513 Y-11.9696
G1 X-16.8561 Y-11.9568
G1 X-16.8669 Y-11.9352
G1 X-16.9293 Y-11.8320
G1 X-16.9347 Y-11.8243
G1 X-16.9496 Y-11.8057
G1 X-16.9559 Y-11.7986
G1 X-17.0687 Y-11.6890
G1 X-17.0846 Y-11.6759
G1 X-17.2438 Y-11.5636
G1 X-17.2549 Y-11.5565
G1 X-17.4706 Y-11.4335
G1 X-17.7271 Y-11.3062
G1 X-17.9650 Y-11.1816
G1 X-18.1476 Y-11.0597
G1 X-18.2830 Y-10.9387
G1 X-18.3722 Y-10.8223
G1 X-18.4206 Y-10.7126
G1 X-18.4362 Y-10.6016
G1 X-18.4199 Y-10.4828
G1 X-18.3699 Y-10.3557
G1 X-18.2169 Y-10.1664
G1 X-18.1511 Y-10.1253
G1 X-18.1514 Y-10.1288
G1 X-18.1511 Y-10.1524
G1 X-18.1411 Y-10.2563
G1 X-18.1379 Y-10.2733
G1 X-18.1336 Y-10.2880
G1 X-18.1258 Y-10.3071
G1 X-18.1223 Y-10.3144
G1 X-18.0637 Y-10.4223
G1 X-18.0590 Y-10.4300
G1 X-18.0457 Y-10.4486
G1 X-18.0400 Y-10.4559
G1 X-17.9288 Y-10.5771
G1 X-17.9146 Y-10.5902
G1 X-17.7567 Y-10.7180
G1 X-17.7461 Y-10.7256
G1 X-17.5343 Y-10.8642
G1 X-17.2857 Y-11.0029
G1 X-17.0159 Y-11.1504
G1 X-16.8003 Y-11.2852
G1 X-16.6434 Y-11.4044
G1 X-16.5365 Y-11.5120
G1 X-16.4748 Y-11.6063
G1 X-16.4459 Y-11.6946
G1 X-16.5205 Y-11.7082
G1 X-16.5170 Y-11.7859
G1 X-16.5333 Y-11.8720
G1 X-16.6150 Y-12.0278
G1 X-16.7527 Y-12.1677
G1 X-16.7519 Y-12.1642
G1 X-16.7493 Y-12.1397
G1 X-16.7492 Y-12.1181
G1 X-16.7509 Y-12.0953
G1 X-16.7525 Y-12.0830
G1 X-16.7743 Y-11.9662
G1 X-16.7810 Y-11.9431
G1 X-16.7858 Y-11.9304
G1 X-16.7888 Y-11.9233
G1 X-16.8026 Y-11.8962
G1 X-16.8676 Y-11.7892
G1 X-16.8759 Y-11.7775
G1 X-16.8939 Y-11.7550
G1 X-16.9036 Y-11.7447
G1 X-17.0210 Y-11.6309
G1 X-17.0414 Y-11.6145
G1 X-17.2039 Y-11.4999
G1 X-17.2177 Y-11.4913
G1 X-17.4372 Y-11.3662
G1 X-17.6923 Y-11.2396
G1 X-17.9272 Y-11.1165
G1 X-18.1014 Y-11.0002
G1 X-18.2278 Y-10.8874
G1 X-18.3069 Y-10.7837
G1 X-18.3475 Y-10.6919
G1 X-18.3602 Y-10.6013
G1 X-18.3467 Y-10.5022
G1 X-18.3041 Y-10.3937
G1 X-18.2127 Y-10.2808
G1 X-18.2100 Y-10.2945
G1 X-18.2031 Y-10.3165
G1 X-18.1936 Y-10.3396
G1 X-18.1883 Y-10.3502
G1 X-18.1276 Y-10.4621
G1 X-18.1202 Y-10.4734
G1 X-18.1049 Y-10.4949
G1 X-18.0954 Y-10.5067
G1 X-17.9797 Y-10.6324
G1 X-17.9619 Y-10.6486
G1 X-17.8005 Y-10.7792
G1 X-17.7873 Y-10.7885
G1 X-17.5709 Y-10.9300
G1 X-17.3218 Y-11.0689
G1 X-17.0528 Y-11.2160
G1 X-16.8427 Y-11.3473
G1 X-16.6930 Y-11.4610
G1 X-16.5953 Y-11.5596
G1 X-16.5432 Y-11.6392
G1 X-16.5205 Y-11.7082
G1 X-16.5951 Y-11.7221
G1 X-16.5924 Y-11.7807
G1 X-16.6051 Y-11.8471
G1 X-16.6763 Y-11.9828
G1 X-16.6920 Y-11.9988
G1 X-16.7021 Y-11.9454
G1 X-16.7107 Y-11.9167
G1 X-16.7165 Y-11.9011
G1 X-16.7218 Y-11.8890
G1 X-16.7383 Y-11.8572
G1 X-16.8060 Y-11.7459
G1 X-16.8171 Y-11.7305
G1 X-16.8391 Y-11.7036
G1 X-16.8512 Y-11.6907
G1 X-16.9739 Y-11.5723
G1 X-16.9981 Y-11.5531
G1 X-17.1642 Y-11.4361
G1 X-17.1805 Y-11.4261
G1 X-17.4038 Y-11.2989
G1 X-17.6575 Y-11.1728
G1 X-17.8893 Y-11.0514
G1 X-18.0553 Y-10.9407
G1 X-18.1719 Y-10.8364
G1 X-18.2420 Y-10.7448
G1 X-18.2744 Y-10.6712
G1 X-18.2843 Y-10.6010
G1 X-18.2735 Y-10.5216
G1 X-18.2382 Y-10.4317
G1 X-18.2331 Y-10.4253
G1 X-18.1906 Y-10.5030
G1 X-18.1815 Y-10.5170
G1 X-18.1633 Y-10.5423
G1 X-18.1508 Y-10.5576
G1 X-18.0303 Y-10.6879
G1 X-18.0091 Y-10.7070
G1 X-17.8441 Y-10.8404
G1 X-17.8283 Y-10.8514
G1 X-17.6075 Y-10.9957
G1 X-17.3579 Y-11.1350
G1 X-17.0897 Y-11.2815
G1 X-16.8852 Y-11.4094
G1 X-16.7427 Y-11.5177
G1 X-16.6540 Y-11.6072
G1 X-16.6117 Y-11.6718
G1 X-16.5951 Y-11.7221
G1 X-16.6697 Y-11.7359
G1 X-16.6680 Y-11.7752
G1 X-16.6756 Y-11.8157
G1 X-16.7451 Y-11.7020
G1 X-16.7589 Y-11.6829
G1 X-16.7842 Y-11.6522
G1 X-16.7990 Y-11.6366
G1 X-16.9271 Y-11.5134
G1 X-16.9548 Y-11.4916
G1 X-17.1247 Y-11.3721
G1 X-17.1432 Y-11.3607
G1 X-17.3703 Y-11.2316
G1 X-17.6226 Y-11.1062
G1 X-17.8514 Y-10.9864
G1 X-18.0091 Y-10.8812
G1 X-18.1165 Y-10.7850
G1 X-18.1768 Y-10.7062
G1 X-18.2014 Y-10.6505
G1 X-18.2076 Y-10.6068
G1 X-18.2060 Y-10.6087
G1 X-18.0806 Y-10.7438
G1 X-18.0564 Y-10.7654
G1 X-17.8871 Y-10.9021
G1 X-17.8694 Y-10.9142
G1 X-17.6440 Y-11.0614
G1 X-17.3940 Y-11.2010
G1 X-17.1267 Y-11.3471
G1 X-16.9278 Y-11.4714
G1 X-16.7929 Y-11.5739
G1 X-16.7124 Y-11.6552
G1 X-16.6801 Y-11.7044
G1 X-16.6697 Y-11.7359
; Retract
G1 Z3.0400 F2540

; Path 123
; Rapid to initial position
G1 X-16.4783 Y-10.5278 F2540
G1 Z0.5000
; plunge
G1 Z-2.6750 F127
; cut
G1 X-16.6389 Y-10.3539 F1016
G1 X-16.6492 Y-10.3443
G1 X-16.9296 Y-10.1199
G1 X-16.9441 Y-10.1104
G1 X-16.9568 Y-10.1048
G1 X-17.2086 Y-10.0154
G1 X-17.2252 Y-10.0045
G1 X-17.2160 Y-10.0006
G1 X-16.9075 Y-9.9699
G1 X-16.6446 Y-9.9964
G1 X-16.5130 Y-10.0692
G1 X-16.4573 Y-10.2017
G1 X-16.4675 Y-10.4554
G1 X-16.4783 Y-10.5278
G1 X-16.5386 Y-10.3520
G1 X-16.5880 Y-10.2986
G1 X-16.6023 Y-10.2856
G1 X-16.8883 Y-10.0572
G1 X-16.9028 Y-10.0477
G1 X-16.9067 Y-10.0454
G1 X-16.6677 Y-10.0696
G1 X-16.5722 Y-10.1224
G1 X-16.5330 Y-10.2156
G1 X-16.5386 Y-10.3520
; Retract
G1 Z3.0400 F2540

; Path 124
; Rapid to initial position
G1 X-17.8468 Y-12.3814 F2540
G1 Z0.5000
; plunge
G1 Z-2.6750 F127
; cut
G1 X-17.7959 Y-12.4350 F1016
G1 X-17.8308 Y-12.4488
G1 X-17.9951 Y-12.4656
G1 X-18.1724 Y-12.4382
G1 X-18.3443 Y-12.3699
G1 X-18.4771 Y-12.2180
G1 X-18.5261 Y-11.9121
G1 X-18.5259 Y-11.8067
G1 X-18.4495 Y-11.9184
G1 X-18.4441 Y-11.9258
G1 X-18.3217 Y-12.0722
G1 X-18.3115 Y-12.0827
G1 X-18.1616 Y-12.2137
G1 X-18.1503 Y-12.2221
G1 X-17.9920 Y-12.3233
G1 X-17.9753 Y-12.3318
G1 X-17.8468 Y-12.3814
G1 X-18.0377 Y-12.3830
G1 X-18.1527 Y-12.3652
G1 X-18.2994 Y-12.3070
G1 X-18.4064 Y-12.1845
G1 X-18.4255 Y-12.0651
G1 X-18.3757 Y-12.1246
G1 X-18.3610 Y-12.1394
G1 X-18.2066 Y-12.2740
G1 X-18.1907 Y-12.2855
G1 X-18.0377 Y-12.3830
; Retract
G1 Z3.0400 F2540

; Path 125
; Rapid to initial position
G1 X-2.7398 Y-12.0935 F2540
G1 Z0.5000
; plunge
G1 Z-2.6750 F127
; cut
G1 X-2.6269 Y-11.8206 F1016
G1 X-2.3811 Y-11.6251
G1 X-2.1402 Y-11.6122
G1 X-2.1147 Y-11.7830
G1 X-2.1919 Y-11.9756
G1 X-2.1969 Y-11.9921
G1 X-2.1986 Y-12.0094
G1 X-2.1973 Y-12.0265
G1 X-2.1914 Y-12.0469
G1 X-2.0988 Y-12.2683
G1 X-2.0942 Y-12.2776
G1 X-1.9848 Y-12.4739
G1 X-1.9952 Y-12.4793
G1 X-2.2315 Y-12.4721
G1 X-2.5076 Y-12.4142
G1 X-2.6596 Y-12.3370
G1 X-2.7398 Y-12.0935
G1 X-2.6596 Y-12.0966
G1 X-2.5647 Y-11.8672
G1 X-2.3531 Y-11.6990
G1 X-2.2045 Y-11.6911
G1 X-2.1920 Y-11.7738
G1 X-2.2640 Y-11.9541
G1 X-2.2689 Y-11.9707
G1 X-2.2716 Y-11.9845
G1 X-2.2734 Y-12.0017
G1 X-2.2736 Y-12.0149
G1 X-2.2723 Y-12.0321
G1 X-2.2695 Y-12.0474
G1 X-2.2637 Y-12.0677
G1 X-2.2608 Y-12.0758
G1 X-2.1663 Y-12.3014
G1 X-2.1599 Y-12.3142
G1 X-2.1118 Y-12.4005
G1 X-2.2228 Y-12.3972
G1 X-2.4823 Y-12.3427
G1 X-2.5979 Y-12.2840
G1 X-2.6596 Y-12.0966
G1 X-2.5794 Y-12.0994
G1 X-2.5028 Y-11.9140
G1 X-2.3251 Y-11.7728
G1 X-2.2715 Y-11.7700
G1 X-2.3361 Y-11.9326
G1 X-2.3428 Y-11.9562
G1 X-2.3464 Y-11.9769
G1 X-2.3485 Y-12.0008
G1 X-2.3485 Y-12.0205
G1 X-2.3463 Y-12.0451
G1 X-2.3436 Y-12.0604
G1 X-2.3419 Y-12.0683
G1 X-2.3346 Y-12.0927
G1 X-2.3302 Y-12.1050
G1 X-2.2414 Y-12.3165
G1 X-2.4571 Y-12.2713
G1 X-2.5362 Y-12.2312
G1 X-2.5794 Y-12.0994
G1 X-2.4992 Y-12.1026
G1 X-2.4405 Y-11.9606
G1 X-2.4163 Y-11.9414
G1 X-2.4168 Y-11.9431
G1 X-2.4214 Y-11.9703
G1 X-2.4236 Y-12.0008
G1 X-2.4235 Y-12.0271
G1 X-2.4203 Y-12.0582
G1 X-2.4170 Y-12.0768
G1 X-2.4139 Y-12.0894
G1 X-2.4053 Y-12.1184
G1 X-2.3996 Y-12.1341
G1 X-2.3662 Y-12.2136
G1 X-2.4318 Y-12.1998
G1 X-2.4744 Y-12.1782
G1 X-2.4992 Y-12.1026
; Retract
G1 Z3.0400 F2540

; Path 126
; Rapid to initial position
G1 X-2.3609 Y-11.2164 F2540
G1 Z0.5000
; plunge
G1 Z-2.6750 F127
; cut
G1 X-2.5632 Y-11.0389 F1016
G1 X-2.5387 Y-10.9776
G1 X-2.4111 Y-10.8798
G1 X-2.2013 Y-10.7968
G1 X-1.9717 Y-10.7487
G1 X-2.1793 Y-10.9930
G1 X-2.1892 Y-11.0072
G1 X-2.1964 Y-11.0229
G1 X-2.1992 Y-11.0325
G1 X-2.2388 Y-11.2015
G1 X-2.3609 Y-11.2164
G1 X-2.3366 Y-11.1377
G1 X-2.4706 Y-11.0201
G1 X-2.3737 Y-10.9459
G1 X-2.1795 Y-10.8691
G1 X-2.1707 Y-10.8671
G1 X-2.2411 Y-10.9500
G1 X-2.2509 Y-10.9642
G1 X-2.2576 Y-10.9761
G1 X-2.2648 Y-10.9919
G1 X-2.2685 Y-11.0013
G1 X-2.2724 Y-11.0153
G1 X-2.3001 Y-11.1332
G1 X-2.3366 Y-11.1377
G1 X-2.3519 Y-11.0242
G1 X-2.3520 Y-11.0241
G1 X-2.3517 Y-11.0237
G1 X-2.3519 Y-11.0242
; Retract
G1 Z3.0400 F2540

; Path 127
; Rapid to initial position
G1 X-1.7935 Y-10.7323 F2540
G1 Z0.5000
; plunge
G1 Z-2.6750 F127
; cut
G1 X-1.6648 Y-10.7235 F1016
G1 X-1.4011 Y-10.7438
G1 X-1.1839 Y-10.8040
G1 X-1.0434 Y-10.8972
G1 X-0.9980 Y-10.9870
G1 X-0.9375 Y-11.1931
G1 X-0.8791 Y-11.4711
G1 X-0.8317 Y-11.7886
G1 X-0.7492 Y-12.4763
G1 X-1.0514 Y-12.4763
G1 X-1.3464 Y-12.4318
G1 X-1.4484 Y-12.2810
G1 X-1.4714 Y-12.1580
G1 X-1.4987 Y-11.9461
G1 X-1.5226 Y-11.6987
G1 X-1.5404 Y-11.4404
G1 X-1.5665 Y-11.1382
G1 X-1.5685 Y-11.1251
G1 X-1.6137 Y-10.9298
G1 X-1.6191 Y-10.9134
G1 X-1.6269 Y-10.8991
G1 X-1.6998 Y-10.7892
G1 X-1.7107 Y-10.7756
G1 X-1.7237 Y-10.7643
G1 X-1.7412 Y-10.7546
G1 X-1.7935 Y-10.7323
G1 X-1.6001 Y-10.8038
G1 X-1.4140 Y-10.8183
G1 X-1.2157 Y-10.8732
G1 X-1.1016 Y-10.9490
G1 X-1.0680 Y-11.0151
G1 X-1.0107 Y-11.2102
G1 X-0.9531 Y-11.4840
G1 X-0.9063 Y-11.7975
G1 X-0.8339 Y-12.4011
G1 X-1.0456 Y-12.4011
G1 X-1.3026 Y-12.3625
G1 X-1.3774 Y-12.2517
G1 X-1.3970 Y-12.1476
G1 X-1.4240 Y-11.9366
G1 X-1.4477 Y-11.6915
G1 X-1.4654 Y-11.4339
G1 X-1.4922 Y-11.1264
G1 X-1.4953 Y-11.1081
G1 X-1.5423 Y-10.9063
G1 X-1.5477 Y-10.8899
G1 X-1.5531 Y-10.8775
G1 X-1.5642 Y-10.8576
G1 X-1.6001 Y-10.8038
G1 X-1.4692 Y-10.8894
G1 X-1.4268 Y-10.8927
G1 X-1.2476 Y-10.9424
G1 X-1.1596 Y-11.0006
G1 X-1.1382 Y-11.0430
G1 X-1.0836 Y-11.2287
G1 X-1.0271 Y-11.4969
G1 X-0.9810 Y-11.8064
G1 X-0.9185 Y-12.3260
G1 X-1.0397 Y-12.3260
G1 X-1.2586 Y-12.2931
G1 X-1.3066 Y-12.2221
G1 X-1.3223 Y-12.1379
G1 X-1.3494 Y-11.9271
G1 X-1.3729 Y-11.6844
G1 X-1.3905 Y-11.4273
G1 X-1.4181 Y-11.1135
G1 X-1.4221 Y-11.0911
G1 X-1.4692 Y-10.8894
G1 X-1.3693 Y-10.9867
G1 X-1.2794 Y-11.0116
G1 X-1.2176 Y-11.0524
G1 X-1.2082 Y-11.0710
G1 X-1.1566 Y-11.2466
G1 X-1.1011 Y-11.5098
G1 X-1.0556 Y-11.8153
G1 X-1.0033 Y-12.2509
G1 X-1.0338 Y-12.2509
G1 X-1.2147 Y-12.2237
G1 X-1.2356 Y-12.1928
G1 X-1.2477 Y-12.1282
G1 X-1.2747 Y-11.9175
G1 X-1.2981 Y-11.6770
G1 X-1.3155 Y-11.4206
G1 X-1.3441 Y-11.1005
G1 X-1.3489 Y-11.0740
G1 X-1.3693 Y-10.9867
G1 X-1.2648 Y-11.1445
G1 X-1.2300 Y-11.2632
G1 X-1.1751 Y-11.5233
G1 X-1.1303 Y-11.8243
G1 X-1.0890 Y-12.1666
G1 X-1.1662 Y-12.1550
G1 X-1.1731 Y-12.1185
G1 X-1.2001 Y-11.9080
G1 X-1.2234 Y-11.6697
G1 X-1.2405 Y-11.4140
G1 X-1.2648 Y-11.1445
; Retract
G1 Z3.0400 F2540

; Return to 0,0
G0 X0 Y0 F2540
M2
