G21         ; Set units to mm
G90         ; Absolute positioning
G1 Z1.5 F2540      ; Move to clearance level

;
; Operation:    0
; Name:         
; Type:         Pocket
; Paths:        80
; Direction:    Conventional
; Cut Depth:    3.175
; Pass Depth:   3.175
; Plunge rate:  127
; Cut rate:     1016
;

; Path 0
; Rapid to initial position
G1 X12.911 Y-11.798 F2540
G1 Z0.5000
; plunge
G1 Z-2.6750 F127
; cut
G1 X12.936 Y-11.805 F1016
G1 X12.947 Y-11.808
G1 X12.926 Y-11.836
G1 X12.889 Y-11.831
G1 X12.893 Y-11.824
G1 X12.907 Y-11.796
G1 X12.911 Y-11.798
G1 X12.931 Y-11.735
G1 X12.952 Y-11.742
G1 X12.966 Y-11.745
G1 X13.002 Y-11.752
G1 X13.064 Y-11.759
G1 X13.067 Y-11.759
G1 X12.958 Y-11.905
G1 X12.768 Y-11.882
G1 X12.782 Y-11.866
G1 X12.799 Y-11.845
G1 X12.828 Y-11.801
G1 X12.832 Y-11.795
G1 X12.848 Y-11.765
G1 X12.859 Y-11.737
G1 X12.868 Y-11.710
G1 X12.868 Y-11.708
G1 X12.899 Y-11.723
G1 X12.931 Y-11.735
G1 X12.952 Y-11.673
G1 X12.968 Y-11.679
G1 X12.979 Y-11.681
G1 X13.010 Y-11.687
G1 X13.066 Y-11.694
G1 X13.094 Y-11.694
G1 X13.117 Y-11.693
G1 X13.145 Y-11.689
G1 X13.195 Y-11.679
G1 X13.210 Y-11.675
G1 X13.212 Y-11.674
G1 X12.990 Y-11.975
G1 X12.598 Y-11.927
G1 X12.601 Y-11.926
G1 X12.614 Y-11.919
G1 X12.637 Y-11.905
G1 X12.648 Y-11.897
G1 X12.695 Y-11.861
G1 X12.714 Y-11.843
G1 X12.727 Y-11.827
G1 X12.742 Y-11.809
G1 X12.771 Y-11.765
G1 X12.785 Y-11.741
G1 X12.794 Y-11.718
G1 X12.802 Y-11.695
G1 X12.805 Y-11.680
G1 X12.815 Y-11.629
G1 X12.817 Y-11.605
G1 X12.817 Y-11.596
G1 X12.823 Y-11.602
G1 X12.842 Y-11.617
G1 X12.859 Y-11.628
G1 X12.875 Y-11.637
G1 X12.926 Y-11.663
G1 X12.952 Y-11.673
G1 X12.973 Y-11.612
G1 X12.986 Y-11.615
G1 X12.993 Y-11.617
G1 X13.019 Y-11.622
G1 X13.068 Y-11.628
G1 X13.090 Y-11.629
G1 X13.107 Y-11.628
G1 X13.131 Y-11.625
G1 X13.176 Y-11.616
G1 X13.188 Y-11.613
G1 X13.211 Y-11.605
G1 X13.223 Y-11.601
G1 X13.279 Y-11.575
G1 X13.298 Y-11.564
G1 X13.365 Y-11.520
G1 X13.433 Y-11.467
G1 X13.474 Y-11.432
G1 X13.022 Y-12.045
G1 X12.235 Y-11.949
G1 X12.257 Y-11.947
G1 X12.348 Y-11.936
G1 X12.418 Y-11.922
G1 X12.434 Y-11.918
G1 X12.500 Y-11.899
G1 X12.520 Y-11.891
G1 X12.568 Y-11.869
G1 X12.578 Y-11.864
G1 X12.597 Y-11.852
G1 X12.605 Y-11.846
G1 X12.647 Y-11.814
G1 X12.662 Y-11.800
G1 X12.673 Y-11.788
G1 X12.685 Y-11.773
G1 X12.711 Y-11.735
G1 X12.722 Y-11.716
G1 X12.729 Y-11.699
G1 X12.736 Y-11.679
G1 X12.738 Y-11.668
G1 X12.747 Y-11.623
G1 X12.749 Y-11.603
G1 X12.749 Y-11.592
G1 X12.749 Y-11.585
G1 X12.747 Y-11.562
G1 X12.743 Y-11.534
G1 X12.738 Y-11.515
G1 X12.725 Y-11.471
G1 X12.707 Y-11.421
G1 X12.685 Y-11.364
G1 X12.657 Y-11.298
G1 X12.625 Y-11.225
G1 X12.588 Y-11.144
G1 X12.547 Y-11.056
G1 X12.502 Y-10.962
G1 X12.454 Y-10.862
G1 X12.402 Y-10.757
G1 X12.347 Y-10.648
G1 X12.290 Y-10.534
G1 X12.230 Y-10.418
G1 X12.167 Y-10.298
G1 X12.104 Y-10.178
G1 X11.676 Y-9.374
G1 X11.759 Y-9.440
G1 X11.776 Y-9.451
G1 X11.789 Y-9.459
G1 X11.805 Y-9.466
G1 X11.882 Y-9.496
G1 X11.903 Y-9.502
G1 X11.922 Y-9.506
G1 X11.943 Y-9.508
G1 X11.961 Y-9.509
G1 X11.983 Y-9.507
G1 X12.002 Y-9.504
G1 X12.023 Y-9.499
G1 X12.042 Y-9.492
G1 X12.062 Y-9.483
G1 X12.076 Y-9.475
G1 X12.089 Y-9.466
G1 X12.095 Y-9.462
G1 X12.107 Y-9.452
G1 X12.112 Y-9.447
G1 X12.128 Y-9.430
G1 X12.137 Y-9.419
G1 X12.142 Y-9.413
G1 X12.148 Y-9.454
G1 X12.163 Y-9.536
G1 X12.179 Y-9.623
G1 X12.198 Y-9.713
G1 X12.218 Y-9.806
G1 X12.241 Y-9.902
G1 X12.264 Y-10.000
G1 X12.289 Y-10.099
G1 X12.316 Y-10.199
G1 X12.343 Y-10.298
G1 X12.371 Y-10.397
G1 X12.399 Y-10.494
G1 X12.428 Y-10.589
G1 X12.458 Y-10.681
G1 X12.487 Y-10.769
G1 X12.516 Y-10.854
G1 X12.545 Y-10.931
G1 X12.592 Y-11.055
G1 X12.635 Y-11.166
G1 X12.677 Y-11.265
G1 X12.718 Y-11.353
G1 X12.755 Y-11.420
G1 X12.764 Y-11.435
G1 X12.801 Y-11.486
G1 X12.806 Y-11.492
G1 X12.824 Y-11.512
G1 X12.866 Y-11.552
G1 X12.882 Y-11.564
G1 X12.894 Y-11.572
G1 X12.907 Y-11.580
G1 X12.952 Y-11.603
G1 X12.973 Y-11.612
G1 X12.994 Y-11.550
G1 X13.007 Y-11.554
G1 X13.028 Y-11.558
G1 X13.072 Y-11.563
G1 X13.087 Y-11.564
G1 X13.099 Y-11.564
G1 X13.117 Y-11.561
G1 X13.159 Y-11.553
G1 X13.167 Y-11.551
G1 X13.186 Y-11.545
G1 X13.193 Y-11.542
G1 X13.244 Y-11.519
G1 X13.259 Y-11.510
G1 X13.322 Y-11.469
G1 X13.387 Y-11.419
G1 X13.457 Y-11.359
G1 X13.535 Y-11.289
G1 X13.624 Y-11.207
G1 X13.679 Y-11.154
G1 X13.737 Y-11.095
G1 X13.794 Y-11.032
G1 X13.854 Y-10.965
G1 X13.913 Y-10.895
G1 X13.972 Y-10.822
G1 X14.031 Y-10.746
G1 X14.090 Y-10.669
G1 X14.147 Y-10.590
G1 X14.203 Y-10.510
G1 X14.257 Y-10.430
G1 X14.308 Y-10.351
G1 X14.357 Y-10.272
G1 X14.403 Y-10.194
G1 X14.446 Y-10.118
G1 X14.484 Y-10.046
G1 X14.530 Y-9.953
G1 X14.574 Y-9.864
G1 X14.614 Y-9.780
G1 X14.650 Y-9.700
G1 X14.682 Y-9.624
G1 X14.711 Y-9.551
G1 X14.736 Y-9.482
G1 X14.756 Y-9.414
G1 X14.772 Y-9.350
G1 X14.784 Y-9.287
G1 X14.789 Y-9.236
G1 X14.789 Y-9.225
G1 X14.790 Y-9.176
G1 X14.789 Y-9.164
G1 X14.783 Y-9.118
G1 X14.781 Y-9.104
G1 X14.770 Y-9.061
G1 X14.764 Y-9.045
G1 X14.748 Y-9.006
G1 X14.739 Y-8.990
G1 X14.717 Y-8.954
G1 X14.707 Y-8.940
G1 X14.678 Y-8.906
G1 X14.666 Y-8.895
G1 X14.633 Y-8.865
G1 X14.621 Y-8.856
G1 X14.581 Y-8.829
G1 X14.570 Y-8.822
G1 X14.516 Y-8.794
G1 X14.457 Y-8.769
G1 X14.395 Y-8.748
G1 X14.328 Y-8.729
G1 X14.256 Y-8.713
G1 X14.179 Y-8.698
G1 X14.097 Y-8.684
G1 X14.009 Y-8.672
G1 X13.915 Y-8.662
G1 X13.814 Y-8.651
G1 X13.707 Y-8.642
G1 X13.594 Y-8.633
G1 X13.474 Y-8.624
G1 X12.251 Y-8.539
G1 X12.235 Y-8.540
G1 X12.223 Y-8.541
G1 X12.208 Y-8.544
G1 X12.196 Y-8.547
G1 X12.181 Y-8.553
G1 X12.170 Y-8.559
G1 X12.157 Y-8.567
G1 X12.147 Y-8.574
G1 X12.136 Y-8.584
G1 X12.127 Y-8.593
G1 X12.118 Y-8.605
G1 X12.112 Y-8.616
G1 X12.105 Y-8.629
G1 X12.101 Y-8.640
G1 X12.097 Y-8.655
G1 X12.095 Y-8.667
G1 X12.093 Y-8.682
G1 X12.093 Y-8.692
G1 X12.095 Y-8.708
G1 X12.215 Y-9.443
G1 X12.229 Y-9.525
G1 X12.246 Y-9.610
G1 X12.264 Y-9.699
G1 X12.285 Y-9.792
G1 X12.307 Y-9.887
G1 X12.330 Y-9.985
G1 X12.355 Y-10.083
G1 X12.381 Y-10.182
G1 X12.408 Y-10.281
G1 X12.436 Y-10.379
G1 X12.465 Y-10.476
G1 X12.493 Y-10.570
G1 X12.522 Y-10.661
G1 X12.552 Y-10.748
G1 X12.581 Y-10.832
G1 X12.609 Y-10.909
G1 X12.656 Y-11.033
G1 X12.698 Y-11.142
G1 X12.739 Y-11.238
G1 X12.778 Y-11.323
G1 X12.813 Y-11.386
G1 X12.821 Y-11.398
G1 X12.857 Y-11.449
G1 X12.872 Y-11.465
G1 X12.910 Y-11.502
G1 X12.922 Y-11.511
G1 X12.930 Y-11.517
G1 X12.940 Y-11.523
G1 X12.980 Y-11.544
G1 X12.994 Y-11.550
G1 X13.022 Y-11.490
G1 X13.037 Y-11.493
G1 X13.075 Y-11.498
G1 X13.090 Y-11.499
G1 X13.103 Y-11.497
G1 X13.145 Y-11.489
G1 X13.164 Y-11.483
G1 X13.210 Y-11.462
G1 X13.221 Y-11.456
G1 X13.279 Y-11.419
G1 X13.342 Y-11.370
G1 X13.411 Y-11.312
G1 X13.488 Y-11.242
G1 X13.576 Y-11.161
G1 X13.630 Y-11.109
G1 X13.686 Y-11.052
G1 X13.742 Y-10.990
G1 X13.801 Y-10.924
G1 X13.859 Y-10.855
G1 X13.918 Y-10.783
G1 X13.976 Y-10.708
G1 X14.034 Y-10.632
G1 X14.090 Y-10.554
G1 X14.146 Y-10.475
G1 X14.199 Y-10.396
G1 X14.250 Y-10.318
G1 X14.298 Y-10.240
G1 X14.343 Y-10.163
G1 X14.385 Y-10.089
G1 X14.422 Y-10.018
G1 X14.469 Y-9.925
G1 X14.512 Y-9.837
G1 X14.551 Y-9.754
G1 X14.587 Y-9.675
G1 X14.619 Y-9.601
G1 X14.647 Y-9.530
G1 X14.670 Y-9.463
G1 X14.690 Y-9.399
G1 X14.705 Y-9.339
G1 X14.716 Y-9.281
G1 X14.721 Y-9.232
G1 X14.721 Y-9.225
G1 X14.722 Y-9.180
G1 X14.721 Y-9.171
G1 X14.716 Y-9.129
G1 X14.715 Y-9.119
G1 X14.705 Y-9.081
G1 X14.701 Y-9.070
G1 X14.687 Y-9.034
G1 X14.681 Y-9.023
G1 X14.661 Y-8.991
G1 X14.654 Y-8.981
G1 X14.628 Y-8.951
G1 X14.620 Y-8.943
G1 X14.589 Y-8.915
G1 X14.581 Y-8.909
G1 X14.545 Y-8.884
G1 X14.537 Y-8.879
G1 X14.488 Y-8.853
G1 X14.434 Y-8.831
G1 X14.376 Y-8.811
G1 X14.312 Y-8.793
G1 X14.243 Y-8.777
G1 X14.168 Y-8.762
G1 X14.087 Y-8.749
G1 X14.000 Y-8.737
G1 X13.908 Y-8.726
G1 X13.808 Y-8.716
G1 X13.702 Y-8.707
G1 X13.589 Y-8.698
G1 X13.469 Y-8.689
G1 X12.252 Y-8.604
G1 X12.237 Y-8.605
G1 X12.221 Y-8.608
G1 X12.207 Y-8.613
G1 X12.194 Y-8.621
G1 X12.182 Y-8.632
G1 X12.173 Y-8.644
G1 X12.166 Y-8.657
G1 X12.162 Y-8.672
G1 X12.161 Y-8.687
G1 X12.162 Y-8.698
G1 X12.282 Y-9.433
G1 X12.296 Y-9.513
G1 X12.313 Y-9.597
G1 X12.331 Y-9.686
G1 X12.351 Y-9.778
G1 X12.373 Y-9.872
G1 X12.396 Y-9.969
G1 X12.421 Y-10.067
G1 X12.447 Y-10.166
G1 X12.474 Y-10.264
G1 X12.502 Y-10.361
G1 X12.530 Y-10.457
G1 X12.558 Y-10.551
G1 X12.587 Y-10.641
G1 X12.616 Y-10.728
G1 X12.645 Y-10.810
G1 X12.673 Y-10.886
G1 X12.719 Y-11.010
G1 X12.762 Y-11.118
G1 X12.801 Y-11.212
G1 X12.839 Y-11.293
G1 X12.872 Y-11.354
G1 X12.877 Y-11.361
G1 X12.910 Y-11.408
G1 X12.920 Y-11.419
G1 X12.953 Y-11.452
G1 X12.965 Y-11.461
G1 X12.973 Y-11.466
G1 X13.008 Y-11.484
G1 X13.022 Y-11.490
G1 X12.676 Y-11.547
G1 X12.673 Y-11.533
G1 X12.661 Y-11.492
G1 X12.644 Y-11.445
G1 X12.621 Y-11.388
G1 X12.594 Y-11.324
G1 X12.562 Y-11.251
G1 X12.526 Y-11.171
G1 X12.485 Y-11.083
G1 X12.440 Y-10.989
G1 X12.392 Y-10.890
G1 X12.341 Y-10.785
G1 X12.286 Y-10.676
G1 X12.229 Y-10.563
G1 X12.169 Y-10.447
G1 X12.107 Y-10.328
G1 X12.043 Y-10.208
G1 X11.419 Y-9.034
G1 X11.411 Y-9.021
G1 X11.403 Y-9.011
G1 X11.392 Y-9.001
G1 X11.383 Y-8.992
G1 X11.370 Y-8.983
G1 X11.360 Y-8.978
G1 X11.346 Y-8.971
G1 X11.334 Y-8.967
G1 X11.319 Y-8.963
G1 X11.307 Y-8.960
G1 X11.291 Y-8.959
G1 X11.278 Y-8.959
G1 X11.263 Y-8.961
G1 X11.251 Y-8.963
G1 X11.236 Y-8.967
G1 X11.224 Y-8.971
G1 X11.210 Y-8.978
G1 X11.200 Y-8.984
G1 X11.187 Y-8.993
G1 X11.179 Y-9.000
G1 X11.169 Y-9.011
G1 X10.322 Y-9.970
G1 X10.235 Y-10.070
G1 X10.152 Y-10.168
G1 X10.072 Y-10.263
G1 X9.997 Y-10.356
G1 X9.926 Y-10.446
G1 X9.860 Y-10.532
G1 X9.799 Y-10.614
G1 X9.744 Y-10.692
G1 X9.694 Y-10.764
G1 X9.651 Y-10.832
G1 X9.613 Y-10.895
G1 X9.582 Y-10.952
G1 X9.562 Y-10.997
G1 X9.557 Y-11.009
G1 X9.544 Y-11.049
G1 X9.540 Y-11.071
G1 X9.537 Y-11.101
G1 X9.536 Y-11.117
G1 X9.537 Y-11.129
G1 X9.540 Y-11.143
G1 X9.542 Y-11.152
G1 X9.546 Y-11.163
G1 X9.554 Y-11.184
G1 X9.561 Y-11.197
G1 X9.568 Y-11.208
G1 X9.577 Y-11.220
G1 X9.583 Y-11.227
G1 X9.591 Y-11.234
G1 X9.640 Y-11.278
G1 X9.650 Y-11.286
G1 X9.717 Y-11.334
G1 X9.792 Y-11.379
G1 X9.876 Y-11.423
G1 X9.966 Y-11.465
G1 X10.063 Y-11.505
G1 X10.166 Y-11.544
G1 X10.275 Y-11.581
G1 X10.388 Y-11.616
G1 X10.505 Y-11.651
G1 X10.625 Y-11.683
G1 X10.748 Y-11.713
G1 X10.873 Y-11.742
G1 X10.999 Y-11.768
G1 X11.125 Y-11.792
G1 X11.251 Y-11.814
G1 X11.376 Y-11.833
G1 X11.499 Y-11.850
G1 X11.619 Y-11.864
G1 X11.736 Y-11.875
G1 X11.848 Y-11.883
G1 X11.957 Y-11.888
G1 X12.059 Y-11.890
G1 X12.157 Y-11.888
G1 X12.249 Y-11.882
G1 X12.334 Y-11.872
G1 X12.402 Y-11.859
G1 X12.414 Y-11.856
G1 X12.474 Y-11.838
G1 X12.491 Y-11.832
G1 X12.535 Y-11.812
G1 X12.542 Y-11.808
G1 X12.557 Y-11.799
G1 X12.563 Y-11.795
G1 X12.601 Y-11.767
G1 X12.612 Y-11.756
G1 X12.619 Y-11.749
G1 X12.628 Y-11.737
G1 X12.652 Y-11.703
G1 X12.659 Y-11.690
G1 X12.664 Y-11.679
G1 X12.670 Y-11.662
G1 X12.672 Y-11.655
G1 X12.680 Y-11.616
G1 X12.681 Y-11.601
G1 X12.681 Y-11.591
G1 X12.680 Y-11.572
G1 X12.676 Y-11.547
G1 X12.609 Y-11.560
G1 X12.607 Y-11.551
G1 X12.596 Y-11.513
G1 X12.580 Y-11.468
G1 X12.558 Y-11.413
G1 X12.532 Y-11.349
G1 X12.500 Y-11.277
G1 X12.464 Y-11.197
G1 X12.423 Y-11.110
G1 X12.379 Y-11.017
G1 X12.331 Y-10.918
G1 X12.279 Y-10.813
G1 X12.225 Y-10.704
G1 X12.168 Y-10.592
G1 X12.108 Y-10.476
G1 X12.046 Y-10.357
G1 X11.983 Y-10.237
G1 X11.361 Y-9.068
G1 X11.353 Y-9.056
G1 X11.342 Y-9.045
G1 X11.330 Y-9.036
G1 X11.316 Y-9.029
G1 X11.301 Y-9.025
G1 X11.285 Y-9.024
G1 X11.270 Y-9.025
G1 X11.255 Y-9.030
G1 X11.241 Y-9.036
G1 X11.228 Y-9.045
G1 X11.221 Y-9.053
G1 X10.374 Y-10.012
G1 X10.288 Y-10.111
G1 X10.205 Y-10.208
G1 X10.126 Y-10.303
G1 X10.051 Y-10.396
G1 X9.981 Y-10.485
G1 X9.915 Y-10.570
G1 X9.855 Y-10.651
G1 X9.801 Y-10.727
G1 X9.752 Y-10.799
G1 X9.710 Y-10.864
G1 X9.674 Y-10.924
G1 X9.645 Y-10.978
G1 X9.625 Y-11.020
G1 X9.622 Y-11.029
G1 X9.611 Y-11.062
G1 X9.607 Y-11.078
G1 X9.605 Y-11.103
G1 X9.604 Y-11.118
G1 X9.607 Y-11.133
G1 X9.609 Y-11.140
G1 X9.615 Y-11.156
G1 X9.622 Y-11.169
G1 X9.632 Y-11.181
G1 X9.637 Y-11.187
G1 X9.684 Y-11.229
G1 X9.691 Y-11.234
G1 X9.754 Y-11.279
G1 X9.825 Y-11.322
G1 X9.905 Y-11.365
G1 X9.993 Y-11.405
G1 X10.088 Y-11.445
G1 X10.189 Y-11.482
G1 X10.296 Y-11.519
G1 X10.407 Y-11.554
G1 X10.523 Y-11.588
G1 X10.642 Y-11.620
G1 X10.764 Y-11.650
G1 X10.888 Y-11.678
G1 X11.013 Y-11.704
G1 X11.138 Y-11.728
G1 X11.262 Y-11.749
G1 X11.386 Y-11.769
G1 X11.507 Y-11.785
G1 X11.626 Y-11.799
G1 X11.741 Y-11.810
G1 X11.852 Y-11.818
G1 X11.958 Y-11.823
G1 X12.058 Y-11.825
G1 X12.153 Y-11.823
G1 X12.240 Y-11.818
G1 X12.321 Y-11.808
G1 X12.386 Y-11.796
G1 X12.394 Y-11.794
G1 X12.450 Y-11.778
G1 X12.461 Y-11.773
G1 X12.506 Y-11.753
G1 X12.521 Y-11.744
G1 X12.554 Y-11.719
G1 X12.565 Y-11.709
G1 X12.572 Y-11.701
G1 X12.592 Y-11.672
G1 X12.599 Y-11.659
G1 X12.605 Y-11.643
G1 X12.612 Y-11.610
G1 X12.613 Y-11.595
G1 X12.613 Y-11.582
G1 X12.609 Y-11.560
G1 X13.054 Y-12.114
G1 X11.831 Y-11.965
G1 X11.699 Y-11.948
G1 X11.698 Y-11.947
G1 X11.559 Y-11.927
G1 X11.418 Y-11.903
G1 X11.280 Y-11.878
G1 X11.138 Y-11.851
G1 X11.000 Y-11.822
G1 X11.000 Y-11.822
G1 X10.864 Y-11.791
G1 X10.729 Y-11.759
G1 X10.600 Y-11.726
G1 X10.478 Y-11.693
G1 X10.478 Y-11.693
G1 X10.359 Y-11.658
G1 X10.254 Y-11.625
G1 X10.253 Y-11.625
G1 X10.149 Y-11.590
G1 X10.062 Y-11.557
G1 X9.982 Y-11.525
G1 X9.913 Y-11.493
G1 X9.802 Y-11.438
G1 X9.697 Y-11.390
G1 X9.598 Y-11.351
G1 X9.513 Y-11.323
G1 X9.500 Y-11.320
G1 X9.419 Y-11.304
G1 X9.402 Y-11.302
G1 X9.325 Y-11.297
G1 X9.304 Y-11.298
G1 X9.229 Y-11.306
G1 X9.208 Y-11.310
G1 X9.135 Y-11.331
G1 X9.116 Y-11.338
G1 X9.043 Y-11.372
G1 X9.030 Y-11.380
G1 X8.955 Y-11.428
G1 X8.946 Y-11.435
G1 X8.862 Y-11.502
G1 X8.776 Y-11.582
G1 X8.683 Y-11.675
G1 X8.584 Y-11.784
G1 X8.474 Y-11.908
G1 X8.352 Y-12.049
G1 X8.277 Y-12.138
G1 X8.204 Y-12.226
G1 X8.134 Y-12.314
G1 X8.066 Y-12.401
G1 X8.002 Y-12.487
G1 X7.941 Y-12.570
G1 X7.884 Y-12.651
G1 X7.831 Y-12.728
G1 X7.782 Y-12.802
G1 X7.738 Y-12.872
G1 X7.700 Y-12.939
G1 X7.666 Y-13.001
G1 X7.638 Y-13.058
G1 X7.619 Y-13.105
G1 X7.616 Y-13.115
G1 X7.604 Y-13.156
G1 X7.600 Y-13.174
G1 X7.599 Y-13.183
G1 X7.559 Y-13.276
G1 X7.509 Y-13.297
G1 X7.458 Y-13.276
G1 X7.419 Y-13.183
G1 X7.417 Y-13.169
G1 X7.413 Y-13.151
G1 X7.400 Y-13.110
G1 X7.397 Y-13.101
G1 X7.375 Y-13.049
G1 X7.347 Y-12.993
G1 X7.314 Y-12.931
G1 X7.275 Y-12.866
G1 X7.230 Y-12.795
G1 X7.181 Y-12.721
G1 X7.127 Y-12.642
G1 X7.069 Y-12.560
G1 X7.007 Y-12.476
G1 X6.941 Y-12.389
G1 X6.920 Y-12.362
G1 X7.041 Y-12.495
G1 X7.212 Y-12.681
G1 X7.259 Y-12.733
G1 X7.307 Y-12.783
G1 X7.321 Y-12.797
G1 X7.330 Y-12.804
G1 X7.342 Y-12.814
G1 X7.353 Y-12.820
G1 X7.367 Y-12.827
G1 X7.378 Y-12.831
G1 X7.393 Y-12.835
G1 X7.405 Y-12.838
G1 X7.421 Y-12.839
G1 X7.433 Y-12.839
G1 X7.451 Y-12.838
G1 X7.462 Y-12.836
G1 X7.477 Y-12.833
G1 X7.489 Y-12.829
G1 X7.508 Y-12.820
G1 X7.515 Y-12.817
G1 X7.526 Y-12.809
G1 X7.536 Y-12.803
G1 X7.553 Y-12.790
G1 X7.572 Y-12.774
G1 X7.592 Y-12.756
G1 X7.617 Y-12.734
G1 X7.673 Y-12.680
G1 X7.741 Y-12.614
G1 X7.780 Y-12.576
G1 X7.866 Y-12.490
G1 X8.014 Y-12.341
G1 X8.068 Y-12.286
G1 X8.244 Y-12.106
G1 X8.371 Y-11.974
G1 X8.574 Y-11.761
G1 X8.792 Y-11.533
G1 X9.019 Y-11.293
G1 X9.190 Y-11.111
G1 X9.280 Y-11.014
G1 X9.454 Y-10.828
G1 X9.537 Y-10.738
G1 X9.617 Y-10.650
G1 X9.695 Y-10.564
G1 X9.771 Y-10.480
G1 X9.844 Y-10.398
G1 X9.916 Y-10.318
G1 X9.985 Y-10.240
G1 X10.051 Y-10.164
G1 X10.116 Y-10.089
G1 X10.178 Y-10.016
G1 X10.238 Y-9.945
G1 X10.295 Y-9.875
G1 X10.351 Y-9.807
G1 X10.405 Y-9.740
G1 X10.456 Y-9.674
G1 X10.506 Y-9.610
G1 X10.553 Y-9.547
G1 X10.599 Y-9.485
G1 X10.643 Y-9.424
G1 X10.684 Y-9.365
G1 X10.724 Y-9.306
G1 X10.762 Y-9.248
G1 X10.798 Y-9.192
G1 X10.833 Y-9.136
G1 X10.865 Y-9.081
G1 X10.896 Y-9.026
G1 X10.925 Y-8.972
G1 X10.952 Y-8.918
G1 X10.977 Y-8.866
G1 X11.001 Y-8.813
G1 X11.023 Y-8.761
G1 X11.044 Y-8.709
G1 X11.062 Y-8.658
G1 X11.079 Y-8.607
G1 X11.094 Y-8.557
G1 X11.108 Y-8.506
G1 X11.120 Y-8.456
G1 X11.131 Y-8.405
G1 X11.140 Y-8.355
G1 X11.147 Y-8.305
G1 X11.153 Y-8.255
G1 X11.157 Y-8.204
G1 X11.160 Y-8.155
G1 X11.161 Y-8.104
G1 X11.161 Y-8.055
G1 X11.160 Y-8.004
G1 X11.157 Y-7.954
G1 X11.153 Y-7.903
G1 X11.148 Y-7.852
G1 X11.142 Y-7.801
G1 X11.134 Y-7.750
G1 X11.125 Y-7.698
G1 X11.116 Y-7.645
G1 X11.105 Y-7.593
G1 X11.093 Y-7.539
G1 X11.080 Y-7.486
G1 X11.066 Y-7.431
G1 X11.052 Y-7.375
G1 X11.036 Y-7.319
G1 X11.020 Y-7.262
G1 X10.975 Y-7.114
G1 X10.932 Y-6.980
G1 X10.888 Y-6.859
G1 X10.844 Y-6.750
G1 X10.796 Y-6.652
G1 X10.751 Y-6.572
G1 X10.745 Y-6.563
G1 X10.696 Y-6.495
G1 X10.687 Y-6.484
G1 X10.633 Y-6.425
G1 X10.622 Y-6.415
G1 X10.563 Y-6.367
G1 X10.550 Y-6.357
G1 X10.486 Y-6.318
G1 X10.470 Y-6.310
G1 X10.400 Y-6.280
G1 X10.386 Y-6.275
G1 X10.310 Y-6.253
G1 X10.298 Y-6.250
G1 X10.205 Y-6.232
G1 X10.107 Y-6.222
G1 X10.001 Y-6.216
G1 X9.959 Y-6.216
G1 X9.999 Y-6.204
G1 X10.083 Y-6.178
G1 X10.180 Y-6.146
G1 X10.288 Y-6.108
G1 X10.406 Y-6.064
G1 X10.538 Y-6.014
G1 X10.598 Y-5.986
G1 X10.608 Y-5.981
G1 X10.679 Y-5.939
G1 X10.749 Y-5.891
G1 X10.819 Y-5.836
G1 X10.890 Y-5.774
G1 X10.961 Y-5.707
G1 X11.032 Y-5.634
G1 X11.103 Y-5.557
G1 X11.174 Y-5.475
G1 X11.245 Y-5.389
G1 X11.314 Y-5.300
G1 X11.383 Y-5.208
G1 X11.450 Y-5.114
G1 X11.516 Y-5.018
G1 X11.579 Y-4.921
G1 X11.641 Y-4.823
G1 X11.700 Y-4.724
G1 X11.756 Y-4.626
G1 X11.808 Y-4.529
G1 X11.857 Y-4.433
G1 X11.902 Y-4.338
G1 X11.943 Y-4.246
G1 X11.979 Y-4.156
G1 X12.011 Y-4.069
G1 X12.037 Y-3.984
G1 X12.058 Y-3.903
G1 X12.072 Y-3.825
G1 X12.079 Y-3.761
G1 X12.079 Y-3.749
G1 X12.079 Y-3.690
G1 X12.077 Y-3.674
G1 X12.068 Y-3.620
G1 X12.062 Y-3.599
G1 X12.047 Y-3.559
G1 X12.044 Y-3.551
G1 X12.034 Y-3.533
G1 X12.030 Y-3.526
G1 X12.004 Y-3.490
G1 X11.994 Y-3.479
G1 X11.986 Y-3.471
G1 X11.974 Y-3.462
G1 X11.928 Y-3.427
G1 X11.907 Y-3.416
G1 X11.843 Y-3.385
G1 X11.829 Y-3.380
G1 X11.741 Y-3.351
G1 X11.641 Y-3.326
G1 X11.637 Y-3.325
G1 X11.645 Y-3.324
G1 X11.659 Y-3.322
G1 X11.732 Y-3.306
G1 X11.747 Y-3.302
G1 X11.816 Y-3.277
G1 X11.831 Y-3.270
G1 X11.894 Y-3.237
G1 X11.909 Y-3.228
G1 X11.966 Y-3.186
G1 X11.979 Y-3.174
G1 X12.029 Y-3.124
G1 X12.040 Y-3.111
G1 X12.083 Y-3.053
G1 X12.092 Y-3.039
G1 X12.127 Y-2.973
G1 X12.133 Y-2.959
G1 X12.161 Y-2.885
G1 X12.164 Y-2.872
G1 X12.184 Y-2.791
G1 X12.187 Y-2.779
G1 X12.199 Y-2.679
G1 X12.203 Y-2.580
G1 X12.203 Y-2.569
G1 X12.199 Y-2.495
G1 X12.187 Y-2.418
G1 X12.175 Y-2.367
G1 X12.400 Y-3.222
G1 X12.405 Y-3.236
G1 X12.411 Y-3.248
G1 X12.419 Y-3.261
G1 X12.426 Y-3.270
G1 X12.436 Y-3.281
G1 X12.445 Y-3.290
G1 X12.457 Y-3.299
G1 X12.467 Y-3.305
G1 X12.481 Y-3.313
G1 X12.493 Y-3.318
G1 X12.508 Y-3.322
G1 X12.520 Y-3.325
G1 X12.535 Y-3.327
G1 X12.548 Y-3.327
G1 X12.563 Y-3.326
G1 X12.576 Y-3.324
G1 X12.591 Y-3.321
G1 X12.602 Y-3.317
G1 X12.620 Y-3.309
G1 X13.580 Y-2.808
G1 X13.683 Y-2.752
G1 X13.785 Y-2.691
G1 X13.886 Y-2.626
G1 X13.985 Y-2.559
G1 X14.081 Y-2.488
G1 X14.174 Y-2.415
G1 X14.263 Y-2.341
G1 X14.349 Y-2.265
G1 X14.430 Y-2.189
G1 X14.505 Y-2.112
G1 X14.575 Y-2.035
G1 X14.638 Y-1.958
G1 X14.695 Y-1.882
G1 X14.745 Y-1.805
G1 X14.786 Y-1.730
G1 X14.814 Y-1.666
G1 X14.818 Y-1.655
G1 X14.837 Y-1.596
G1 X14.853 Y-1.531
G1 X14.866 Y-1.462
G1 X14.876 Y-1.387
G1 X14.884 Y-1.309
G1 X14.891 Y-1.227
G1 X14.895 Y-1.141
G1 X14.897 Y-1.051
G1 X14.897 Y-0.959
G1 X14.896 Y-0.864
G1 X14.893 Y-0.767
G1 X14.888 Y-0.669
G1 X14.881 Y-0.569
G1 X14.873 Y-0.469
G1 X14.863 Y-0.368
G1 X14.852 Y-0.268
G1 X14.840 Y-0.168
G1 X14.826 Y-0.069
G1 X14.811 Y0.029
G1 X14.794 Y0.124
G1 X14.777 Y0.217
G1 X14.758 Y0.307
G1 X14.738 Y0.395
G1 X14.717 Y0.478
G1 X14.695 Y0.558
G1 X14.671 Y0.633
G1 X14.670 Y0.637
G1 X14.716 Y0.569
G1 X14.769 Y0.503
G1 X14.826 Y0.442
G1 X14.887 Y0.385
G1 X14.952 Y0.334
G1 X15.021 Y0.287
G1 X15.093 Y0.246
G1 X15.169 Y0.209
G1 X15.247 Y0.178
G1 X15.328 Y0.153
G1 X15.411 Y0.132
G1 X15.497 Y0.116
G1 X15.585 Y0.105
G1 X15.675 Y0.099
G1 X15.767 Y0.098
G1 X15.861 Y0.102
G1 X15.956 Y0.110
G1 X16.053 Y0.123
G1 X16.151 Y0.141
G1 X16.250 Y0.163
G1 X16.351 Y0.190
G1 X16.454 Y0.221
G1 X16.557 Y0.257
G1 X16.662 Y0.297
G1 X16.767 Y0.342
G1 X16.874 Y0.392
G1 X16.981 Y0.445
G1 X17.089 Y0.503
G1 X17.198 Y0.566
G1 X17.307 Y0.633
G1 X17.392 Y0.688
G1 X17.474 Y0.743
G1 X17.553 Y0.800
G1 X17.629 Y0.856
G1 X17.703 Y0.912
G1 X17.772 Y0.968
G1 X17.837 Y1.023
G1 X17.897 Y1.077
G1 X17.953 Y1.130
G1 X18.004 Y1.181
G1 X18.049 Y1.231
G1 X18.089 Y1.281
G1 X18.118 Y1.322
G1 X18.124 Y1.331
G1 X18.146 Y1.369
G1 X18.153 Y1.383
G1 X18.165 Y1.413
G1 X18.167 Y1.420
G1 X18.172 Y1.437
G1 X18.173 Y1.444
G1 X18.177 Y1.470
G1 X18.178 Y1.479
G1 X18.179 Y1.500
G1 X18.178 Y1.508
G1 X18.173 Y1.552
G1 X18.168 Y1.574
G1 X18.154 Y1.619
G1 X18.147 Y1.634
G1 X18.124 Y1.680
G1 X18.118 Y1.692
G1 X18.081 Y1.747
G1 X18.038 Y1.801
G1 X17.989 Y1.854
G1 X17.935 Y1.907
G1 X17.875 Y1.960
G1 X17.810 Y2.013
G1 X17.740 Y2.065
G1 X17.665 Y2.118
G1 X17.587 Y2.169
G1 X17.505 Y2.221
G1 X17.419 Y2.272
G1 X17.331 Y2.322
G1 X17.239 Y2.370
G1 X17.146 Y2.418
G1 X17.051 Y2.464
G1 X16.954 Y2.509
G1 X16.857 Y2.551
G1 X16.758 Y2.592
G1 X16.659 Y2.630
G1 X16.561 Y2.666
G1 X16.463 Y2.699
G1 X16.365 Y2.729
G1 X16.269 Y2.756
G1 X16.174 Y2.780
G1 X16.080 Y2.800
G1 X15.989 Y2.816
G1 X15.900 Y2.828
G1 X15.813 Y2.835
G1 X15.729 Y2.837
G1 X15.632 Y2.835
G1 X15.538 Y2.826
G1 X15.447 Y2.811
G1 X15.358 Y2.792
G1 X15.272 Y2.767
G1 X15.190 Y2.737
G1 X15.111 Y2.702
G1 X15.035 Y2.662
G1 X14.964 Y2.617
G1 X14.896 Y2.568
G1 X14.832 Y2.515
G1 X14.773 Y2.458
G1 X14.718 Y2.397
G1 X14.667 Y2.333
G1 X14.665 Y2.331
G1 X14.670 Y2.350
G1 X14.695 Y2.444
G1 X14.719 Y2.536
G1 X14.741 Y2.626
G1 X14.763 Y2.714
G1 X14.784 Y2.799
G1 X14.803 Y2.883
G1 X14.821 Y2.965
G1 X14.839 Y3.045
G1 X14.855 Y3.123
G1 X14.870 Y3.200
G1 X14.884 Y3.274
G1 X14.897 Y3.347
G1 X14.909 Y3.419
G1 X14.919 Y3.489
G1 X14.928 Y3.557
G1 X14.936 Y3.624
G1 X14.943 Y3.689
G1 X14.948 Y3.754
G1 X14.953 Y3.816
G1 X14.956 Y3.878
G1 X14.957 Y3.938
G1 X14.957 Y3.997
G1 X14.956 Y4.055
G1 X14.954 Y4.112
G1 X14.950 Y4.168
G1 X14.944 Y4.223
G1 X14.937 Y4.276
G1 X14.929 Y4.329
G1 X14.919 Y4.381
G1 X14.907 Y4.432
G1 X14.894 Y4.482
G1 X14.879 Y4.531
G1 X14.863 Y4.579
G1 X14.845 Y4.626
G1 X14.825 Y4.672
G1 X14.804 Y4.718
G1 X14.781 Y4.763
G1 X14.756 Y4.806
G1 X14.730 Y4.849
G1 X14.702 Y4.891
G1 X14.672 Y4.933
G1 X14.641 Y4.973
G1 X14.608 Y5.013
G1 X14.574 Y5.052
G1 X14.538 Y5.090
G1 X14.501 Y5.128
G1 X14.462 Y5.165
G1 X14.421 Y5.202
G1 X14.379 Y5.238
G1 X14.336 Y5.274
G1 X14.291 Y5.309
G1 X14.244 Y5.344
G1 X14.196 Y5.379
G1 X14.146 Y5.413
G1 X14.094 Y5.448
G1 X14.042 Y5.482
G1 X13.987 Y5.516
G1 X13.931 Y5.550
G1 X13.873 Y5.584
G1 X13.813 Y5.618
G1 X13.752 Y5.652
G1 X13.690 Y5.687
G1 X13.625 Y5.722
G1 X13.559 Y5.756
G1 X12.615 Y6.249
G1 X12.600 Y6.255
G1 X12.588 Y6.259
G1 X12.573 Y6.262
G1 X12.561 Y6.263
G1 X12.546 Y6.264
G1 X12.533 Y6.263
G1 X12.517 Y6.261
G1 X12.505 Y6.258
G1 X12.490 Y6.254
G1 X12.479 Y6.249
G1 X12.465 Y6.242
G1 X12.455 Y6.234
G1 X12.443 Y6.225
G1 X12.434 Y6.216
G1 X12.424 Y6.205
G1 X12.417 Y6.195
G1 X12.410 Y6.182
G1 X12.405 Y6.172
G1 X12.398 Y6.153
G1 X12.198 Y5.391
G1 X12.200 Y5.407
G1 X12.202 Y5.457
G1 X12.204 Y5.505
G1 X12.203 Y5.620
G1 X12.199 Y5.723
G1 X12.193 Y5.817
G1 X12.182 Y5.893
G1 X12.180 Y5.903
G1 X12.164 Y5.970
G1 X12.159 Y5.985
G1 X12.139 Y6.035
G1 X12.136 Y6.042
G1 X12.125 Y6.062
G1 X12.098 Y6.102
G1 X12.093 Y6.108
G1 X12.079 Y6.125
G1 X12.073 Y6.131
G1 X12.039 Y6.161
G1 X12.032 Y6.167
G1 X12.013 Y6.179
G1 X12.006 Y6.184
G1 X11.963 Y6.205
G1 X11.956 Y6.208
G1 X11.938 Y6.215
G1 X11.931 Y6.217
G1 X11.872 Y6.231
G1 X11.853 Y6.234
G1 X11.787 Y6.239
G1 X11.773 Y6.239
G1 X11.688 Y6.237
G1 X11.595 Y6.227
G1 X11.492 Y6.211
G1 X11.378 Y6.190
G1 X11.246 Y6.164
G1 X11.165 Y6.145
G1 X11.083 Y6.121
G1 X10.999 Y6.093
G1 X10.915 Y6.061
G1 X10.829 Y6.025
G1 X10.743 Y5.985
G1 X10.656 Y5.941
G1 X10.568 Y5.894
G1 X10.480 Y5.844
G1 X10.392 Y5.790
G1 X10.304 Y5.734
G1 X10.216 Y5.675
G1 X10.128 Y5.613
G1 X10.041 Y5.549
G1 X9.954 Y5.482
G1 X9.868 Y5.414
G1 X9.783 Y5.343
G1 X9.700 Y5.270
G1 X9.617 Y5.196
G1 X9.537 Y5.120
G1 X9.458 Y5.043
G1 X9.381 Y4.965
G1 X9.307 Y4.885
G1 X9.234 Y4.804
G1 X9.165 Y4.723
G1 X9.098 Y4.641
G1 X9.034 Y4.558
G1 X8.973 Y4.476
G1 X8.915 Y4.392
G1 X8.862 Y4.309
G1 X8.812 Y4.226
G1 X8.763 Y4.138
G1 X8.706 Y4.013
G1 X8.701 Y3.998
G1 X8.665 Y3.879
G1 X8.661 Y3.859
G1 X8.648 Y3.743
G1 X8.648 Y3.721
G1 X8.658 Y3.607
G1 X8.663 Y3.586
G1 X8.697 Y3.472
G1 X8.704 Y3.454
G1 X8.762 Y3.338
G1 X8.769 Y3.325
G1 X8.850 Y3.205
G1 X8.857 Y3.196
G1 X8.964 Y3.066
G1 X9.019 Y3.004
G1 X9.073 Y2.946
G1 X9.125 Y2.892
G1 X9.177 Y2.842
G1 X9.228 Y2.796
G1 X9.279 Y2.753
G1 X9.332 Y2.714
G1 X9.386 Y2.680
G1 X9.432 Y2.655
G1 X9.442 Y2.650
G1 X9.488 Y2.631
G1 X9.500 Y2.626
G1 X9.547 Y2.612
G1 X9.561 Y2.608
G1 X9.608 Y2.599
G1 X9.623 Y2.597
G1 X9.672 Y2.594
G1 X9.685 Y2.594
G1 X9.735 Y2.596
G1 X9.749 Y2.597
G1 X9.799 Y2.605
G1 X9.812 Y2.608
G1 X9.863 Y2.621
G1 X9.874 Y2.625
G1 X9.935 Y2.647
G1 X9.996 Y2.676
G1 X10.059 Y2.709
G1 X10.121 Y2.748
G1 X10.186 Y2.792
G1 X10.253 Y2.842
G1 X10.322 Y2.897
G1 X10.394 Y2.958
G1 X10.469 Y3.024
G1 X10.548 Y3.097
G1 X10.631 Y3.175
G1 X10.719 Y3.260
G1 X10.811 Y3.350
G1 X10.908 Y3.447
G1 X11.010 Y3.551
G1 X11.118 Y3.661
G1 X11.186 Y3.731
G1 X11.252 Y3.800
G1 X11.315 Y3.868
G1 X11.376 Y3.935
G1 X11.435 Y4.001
G1 X11.492 Y4.066
G1 X11.546 Y4.129
G1 X11.598 Y4.192
G1 X11.648 Y4.254
G1 X11.695 Y4.315
G1 X11.741 Y4.375
G1 X11.783 Y4.434
G1 X11.824 Y4.493
G1 X11.863 Y4.550
G1 X11.900 Y4.607
G1 X11.924 Y4.645
G1 X11.904 Y4.606
G1 X11.904 Y4.606
G1 X11.843 Y4.491
G1 X11.781 Y4.380
G1 X11.781 Y4.380
G1 X11.714 Y4.268
G1 X11.645 Y4.157
G1 X11.572 Y4.048
G1 X11.502 Y3.948
G1 X11.428 Y3.848
G1 X11.356 Y3.756
G1 X11.281 Y3.668
G1 X11.208 Y3.589
G1 X10.467 Y2.811
G1 X10.457 Y2.799
G1 X10.451 Y2.790
G1 X10.444 Y2.776
G1 X10.439 Y2.765
G1 X10.435 Y2.751
G1 X10.433 Y2.739
G1 X10.431 Y2.724
G1 X10.431 Y2.712
G1 X10.432 Y2.697
G1 X10.435 Y2.685
G1 X10.439 Y2.671
G1 X10.443 Y2.660
G1 X10.450 Y2.646
G1 X10.457 Y2.636
G1 X10.466 Y2.624
G1 X10.474 Y2.615
G1 X10.486 Y2.605
G1 X10.496 Y2.598
G1 X10.509 Y2.590
G1 X10.520 Y2.584
G1 X10.535 Y2.579
G1 X10.547 Y2.575
G1 X10.562 Y2.573
G1 X10.577 Y2.571
G1 X10.598 Y2.572
G1 X10.607 Y2.573
G1 X11.398 Y2.687
G1 X11.488 Y2.698
G1 X11.578 Y2.704
G1 X11.670 Y2.705
G1 X11.766 Y2.702
G1 X11.868 Y2.695
G1 X11.971 Y2.684
G1 X12.073 Y2.668
G1 X12.184 Y2.648
G1 X12.286 Y2.625
G1 X12.398 Y2.596
G1 X12.508 Y2.563
G1 X12.618 Y2.527
G1 X12.725 Y2.488
G1 X12.837 Y2.443
G1 X12.947 Y2.394
G1 X13.056 Y2.342
G1 X13.270 Y2.236
G1 X13.459 Y2.144
G1 X13.545 Y2.103
G1 X13.626 Y2.065
G1 X13.702 Y2.030
G1 X13.773 Y1.999
G1 X13.840 Y1.971
G1 X13.903 Y1.945
G1 X13.962 Y1.924
G1 X14.018 Y1.905
G1 X14.072 Y1.889
G1 X14.124 Y1.877
G1 X14.174 Y1.868
G1 X14.223 Y1.864
G1 X14.260 Y1.863
G1 X14.274 Y1.864
G1 X14.307 Y1.867
G1 X14.323 Y1.870
G1 X14.354 Y1.877
G1 X14.371 Y1.883
G1 X14.400 Y1.894
G1 X14.416 Y1.901
G1 X14.443 Y1.916
G1 X14.458 Y1.927
G1 X14.474 Y1.940
G1 X14.459 Y1.884
G1 X14.441 Y1.801
G1 X14.428 Y1.716
G1 X14.420 Y1.629
G1 X14.417 Y1.540
G1 X14.420 Y1.451
G1 X14.427 Y1.359
G1 X14.440 Y1.267
G1 X14.458 Y1.174
G1 X14.481 Y1.081
G1 X14.510 Y0.986
G1 X14.529 Y0.934
G1 X14.525 Y0.940
G1 X14.495 Y0.975
G1 X14.484 Y0.986
G1 X14.472 Y0.995
G1 X14.455 Y1.006
G1 X14.448 Y1.010
G1 X14.426 Y1.020
G1 X14.411 Y1.026
G1 X14.399 Y1.029
G1 X14.378 Y1.033
G1 X14.344 Y1.036
G1 X14.324 Y1.036
G1 X14.282 Y1.033
G1 X14.272 Y1.032
G1 X14.215 Y1.022
G1 X14.151 Y1.008
G1 X14.081 Y0.990
G1 X14.003 Y0.967
G1 X13.919 Y0.940
G1 X13.829 Y0.910
G1 X13.733 Y0.875
G1 X13.632 Y0.837
G1 X13.526 Y0.796
G1 X13.416 Y0.751
G1 X13.302 Y0.704
G1 X13.186 Y0.653
G1 X13.070 Y0.601
G1 X12.927 Y0.539
G1 X12.927 Y0.539
G1 X12.794 Y0.483
G1 X12.663 Y0.433
G1 X12.536 Y0.388
G1 X12.411 Y0.348
G1 X12.290 Y0.313
G1 X12.174 Y0.284
G1 X12.064 Y0.261
G1 X11.952 Y0.241
G1 X11.845 Y0.227
G1 X11.747 Y0.218
G1 X11.647 Y0.214
G1 X11.550 Y0.215
G1 X11.462 Y0.220
G1 X11.373 Y0.231
G1 X11.283 Y0.246
G1 X10.543 Y0.397
G1 X10.528 Y0.399
G1 X10.516 Y0.399
G1 X10.500 Y0.399
G1 X10.487 Y0.397
G1 X10.472 Y0.393
G1 X10.461 Y0.389
G1 X10.447 Y0.383
G1 X10.436 Y0.377
G1 X10.423 Y0.368
G1 X10.413 Y0.360
G1 X10.402 Y0.349
G1 X10.395 Y0.340
G1 X10.386 Y0.328
G1 X10.380 Y0.317
G1 X10.374 Y0.304
G1 X10.370 Y0.292
G1 X10.367 Y0.277
G1 X10.365 Y0.266
G1 X10.365 Y0.251
G1 X10.365 Y0.238
G1 X10.368 Y0.223
G1 X10.371 Y0.212
G1 X10.376 Y0.198
G1 X10.381 Y0.187
G1 X10.389 Y0.174
G1 X10.395 Y0.165
G1 X10.407 Y0.152
G1 X11.169 Y-0.611
G1 X11.248 Y-0.694
G1 X11.322 Y-0.778
G1 X11.398 Y-0.870
G1 X11.398 Y-0.870
G1 X11.473 Y-0.967
G1 X11.472 Y-0.967
G1 X11.550 Y-1.074
G1 X11.622 Y-1.180
G1 X11.693 Y-1.291
G1 X11.761 Y-1.402
G1 X11.828 Y-1.519
G1 X11.829 Y-1.519
G1 X11.888 Y-1.629
G1 X11.888 Y-1.630
G1 X11.945 Y-1.743
G1 X11.999 Y-1.857
G1 X12.045 Y-1.966
G1 X12.085 Y-2.068
G1 X12.121 Y-2.171
G1 X12.149 Y-2.266
G1 X12.160 Y-2.310
G1 X12.144 Y-2.256
G1 X12.114 Y-2.171
G1 X12.079 Y-2.084
G1 X12.039 Y-1.993
G1 X11.993 Y-1.901
G1 X11.944 Y-1.807
G1 X11.890 Y-1.711
G1 X11.833 Y-1.614
G1 X11.771 Y-1.515
G1 X11.706 Y-1.416
G1 X11.638 Y-1.316
G1 X11.567 Y-1.217
G1 X11.494 Y-1.117
G1 X11.418 Y-1.018
G1 X11.340 Y-0.920
G1 X11.260 Y-0.824
G1 X11.178 Y-0.729
G1 X11.095 Y-0.636
G1 X11.011 Y-0.545
G1 X10.926 Y-0.457
G1 X10.841 Y-0.372
G1 X10.755 Y-0.290
G1 X10.668 Y-0.212
G1 X10.582 Y-0.138
G1 X10.497 Y-0.069
G1 X10.411 Y-0.004
G1 X10.326 Y0.056
G1 X10.241 Y0.110
G1 X10.155 Y0.160
G1 X10.023 Y0.224
G1 X10.009 Y0.230
G1 X9.885 Y0.271
G1 X9.863 Y0.276
G1 X9.752 Y0.293
G1 X9.745 Y0.293
G1 X9.726 Y0.294
G1 X9.718 Y0.294
G1 X9.611 Y0.286
G1 X9.603 Y0.285
G1 X9.584 Y0.282
G1 X9.576 Y0.280
G1 X9.464 Y0.246
G1 X9.442 Y0.237
G1 X9.327 Y0.178
G1 X9.314 Y0.169
G1 X9.195 Y0.084
G1 X9.186 Y0.078
G1 X9.056 Y-0.035
G1 X8.999 Y-0.088
G1 X8.946 Y-0.138
G1 X8.896 Y-0.188
G1 X8.850 Y-0.236
G1 X8.807 Y-0.282
G1 X8.766 Y-0.330
G1 X8.730 Y-0.376
G1 X8.696 Y-0.424
G1 X8.667 Y-0.473
G1 X8.642 Y-0.523
G1 X8.625 Y-0.564
G1 X8.621 Y-0.575
G1 X8.609 Y-0.617
G1 X8.606 Y-0.628
G1 X8.598 Y-0.670
G1 X8.597 Y-0.682
G1 X8.593 Y-0.726
G1 X8.593 Y-0.737
G1 X8.594 Y-0.781
G1 X8.595 Y-0.792
G1 X8.601 Y-0.836
G1 X8.603 Y-0.848
G1 X8.616 Y-0.903
G1 X8.634 Y-0.957
G1 X8.656 Y-1.013
G1 X8.683 Y-1.068
G1 X8.714 Y-1.125
G1 X8.749 Y-1.184
G1 X8.788 Y-1.244
G1 X8.832 Y-1.308
G1 X8.881 Y-1.374
G1 X8.934 Y-1.443
G1 X8.991 Y-1.516
G1 X9.053 Y-1.593
G1 X9.120 Y-1.674
G1 X9.192 Y-1.759
G1 X9.268 Y-1.850
G1 X9.351 Y-1.946
G1 X9.467 Y-2.078
G1 X9.584 Y-2.203
G1 X9.701 Y-2.323
G1 X9.819 Y-2.436
G1 X9.938 Y-2.543
G1 X10.055 Y-2.644
G1 X10.172 Y-2.738
G1 X10.289 Y-2.826
G1 X10.405 Y-2.907
G1 X10.520 Y-2.981
G1 X10.633 Y-3.049
G1 X10.744 Y-3.110
G1 X10.854 Y-3.164
G1 X10.963 Y-3.211
G1 X11.069 Y-3.251
G1 X11.152 Y-3.277
G1 X11.134 Y-3.275
G1 X11.079 Y-3.265
G1 X11.017 Y-3.248
G1 X10.942 Y-3.222
G1 X10.865 Y-3.191
G1 X10.777 Y-3.151
G1 X10.691 Y-3.108
G1 X10.594 Y-3.054
G1 X10.500 Y-2.999
G1 X10.405 Y-2.938
G1 X10.303 Y-2.870
G1 X10.204 Y-2.800
G1 X10.106 Y-2.726
G1 X10.013 Y-2.652
G1 X9.916 Y-2.570
G1 X9.825 Y-2.488
G1 X8.925 Y-1.656
G1 X8.913 Y-1.647
G1 X8.902 Y-1.641
G1 X8.889 Y-1.634
G1 X8.877 Y-1.629
G1 X8.862 Y-1.624
G1 X8.850 Y-1.622
G1 X8.834 Y-1.620
G1 X8.823 Y-1.620
G1 X8.807 Y-1.620
G1 X8.794 Y-1.622
G1 X8.778 Y-1.626
G1 X8.767 Y-1.630
G1 X8.753 Y-1.636
G1 X8.742 Y-1.642
G1 X8.729 Y-1.650
G1 X8.720 Y-1.658
G1 X8.709 Y-1.669
G1 X8.701 Y-1.679
G1 X8.692 Y-1.691
G1 X8.686 Y-1.701
G1 X8.680 Y-1.715
G1 X8.676 Y-1.726
G1 X8.673 Y-1.741
G1 X8.671 Y-1.751
G1 X8.671 Y-1.763
G1 X8.648 Y-2.819
G1 X8.644 Y-2.927
G1 X8.636 Y-3.036
G1 X8.624 Y-3.150
G1 X8.610 Y-3.264
G1 X8.592 Y-3.378
G1 X8.570 Y-3.495
G1 X8.547 Y-3.607
G1 X8.520 Y-3.720
G1 X8.492 Y-3.827
G1 X8.460 Y-3.936
G1 X8.460 Y-3.936
G1 X8.429 Y-4.032
G1 X8.429 Y-4.032
G1 X8.395 Y-4.126
G1 X8.359 Y-4.216
G1 X8.323 Y-4.296
G1 X8.288 Y-4.364
G1 X8.251 Y-4.427
G1 X8.151 Y-4.588
G1 X8.064 Y-4.735
G1 X7.992 Y-4.871
G1 X7.935 Y-4.997
G1 X7.899 Y-5.104
G1 X7.895 Y-5.118
G1 X7.876 Y-5.214
G1 X7.874 Y-5.235
G1 X7.873 Y-5.317
G1 X7.874 Y-5.325
G1 X7.876 Y-5.343
G1 X7.877 Y-5.350
G1 X7.894 Y-5.423
G1 X7.897 Y-5.431
G1 X7.904 Y-5.451
G1 X7.908 Y-5.459
G1 X7.943 Y-5.525
G1 X7.948 Y-5.531
G1 X7.959 Y-5.547
G1 X7.964 Y-5.553
G1 X8.023 Y-5.618
G1 X8.040 Y-5.633
G1 X8.117 Y-5.691
G1 X8.131 Y-5.700
G1 X8.227 Y-5.753
G1 X8.238 Y-5.758
G1 X8.361 Y-5.812
G1 X8.503 Y-5.863
G1 X8.663 Y-5.912
G1 X8.841 Y-5.963
G1 X9.022 Y-6.013
G1 X9.192 Y-6.060
G1 X9.348 Y-6.103
G1 X9.485 Y-6.142
G1 X9.485 Y-6.142
G1 X9.601 Y-6.175
G1 X9.690 Y-6.202
G1 X9.740 Y-6.218
G1 X9.679 Y-6.220
G1 X9.586 Y-6.229
G1 X9.500 Y-6.242
G1 X9.432 Y-6.257
G1 X9.419 Y-6.260
G1 X9.357 Y-6.281
G1 X9.344 Y-6.286
G1 X9.289 Y-6.312
G1 X9.273 Y-6.321
G1 X9.226 Y-6.353
G1 X9.211 Y-6.366
G1 X9.171 Y-6.403
G1 X9.158 Y-6.419
G1 X9.125 Y-6.464
G1 X9.116 Y-6.479
G1 X9.090 Y-6.529
G1 X9.084 Y-6.543
G1 X9.065 Y-6.599
G1 X9.062 Y-6.611
G1 X9.046 Y-6.683
G1 X9.036 Y-6.759
G1 X9.031 Y-6.840
G1 X9.029 Y-6.917
G1 X9.026 Y-6.974
G1 X9.016 Y-7.039
G1 X9.001 Y-7.110
G1 X8.979 Y-7.194
G1 X8.950 Y-7.287
G1 X8.915 Y-7.388
G1 X8.875 Y-7.495
G1 X8.829 Y-7.610
G1 X8.780 Y-7.723
G1 X8.726 Y-7.843
G1 X8.668 Y-7.964
G1 X8.606 Y-8.087
G1 X8.542 Y-8.209
G1 X8.474 Y-8.333
G1 X8.406 Y-8.452
G1 X8.333 Y-8.572
G1 X8.333 Y-8.572
G1 X8.259 Y-8.692
G1 X8.188 Y-8.811
G1 X8.118 Y-8.929
G1 X8.052 Y-9.044
G1 X7.988 Y-9.157
G1 X7.929 Y-9.265
G1 X7.873 Y-9.370
G1 X7.821 Y-9.469
G1 X7.774 Y-9.562
G1 X7.731 Y-9.650
G1 X7.694 Y-9.731
G1 X7.661 Y-9.805
G1 X7.635 Y-9.871
G1 X7.614 Y-9.933
G1 X7.602 Y-9.978
G1 X7.600 Y-9.992
G1 X7.599 Y-10.002
G1 X7.559 Y-10.096
G1 X7.509 Y-10.116
G1 X7.458 Y-10.096
G1 X7.419 Y-10.003
G1 X7.418 Y-9.988
G1 X7.414 Y-9.973
G1 X7.401 Y-9.922
G1 X7.380 Y-9.865
G1 X7.354 Y-9.800
G1 X7.323 Y-9.728
G1 X7.286 Y-9.648
G1 X7.243 Y-9.561
G1 X7.196 Y-9.467
G1 X7.144 Y-9.368
G1 X7.088 Y-9.264
G1 X7.028 Y-9.155
G1 X6.965 Y-9.043
G1 X6.899 Y-8.928
G1 X6.829 Y-8.810
G1 X6.758 Y-8.691
G1 X6.685 Y-8.572
G1 X6.685 Y-8.572
G1 X6.612 Y-8.452
G1 X6.543 Y-8.331
G1 X6.476 Y-8.209
G1 X6.412 Y-8.087
G1 X6.350 Y-7.964
G1 X6.292 Y-7.843
G1 X6.238 Y-7.725
G1 X6.189 Y-7.609
G1 X6.143 Y-7.495
G1 X6.103 Y-7.388
G1 X6.068 Y-7.287
G1 X6.039 Y-7.194
G1 X6.017 Y-7.110
G1 X6.002 Y-7.039
G1 X5.992 Y-6.974
G1 X5.989 Y-6.917
G1 X5.987 Y-6.833
G1 X5.981 Y-6.749
G1 X5.970 Y-6.670
G1 X5.955 Y-6.607
G1 X5.952 Y-6.596
G1 X5.932 Y-6.539
G1 X5.926 Y-6.525
G1 X5.899 Y-6.474
G1 X5.889 Y-6.459
G1 X5.856 Y-6.414
G1 X5.843 Y-6.400
G1 X5.803 Y-6.362
G1 X5.787 Y-6.350
G1 X5.740 Y-6.319
G1 X5.724 Y-6.310
G1 X5.670 Y-6.285
G1 X5.656 Y-6.279
G1 X5.595 Y-6.259
G1 X5.583 Y-6.256
G1 X5.506 Y-6.239
G1 X5.422 Y-6.228
G1 X5.332 Y-6.220
G1 X5.233 Y-6.216
G1 X5.126 Y-6.215
G1 X5.010 Y-6.216
G1 X4.902 Y-6.222
G1 X4.800 Y-6.234
G1 X4.716 Y-6.250
G1 X4.704 Y-6.253
G1 X4.627 Y-6.276
G1 X4.613 Y-6.282
G1 X4.542 Y-6.312
G1 X4.528 Y-6.320
G1 X4.464 Y-6.360
G1 X4.450 Y-6.370
G1 X4.393 Y-6.418
G1 X4.381 Y-6.429
G1 X4.328 Y-6.487
G1 X4.319 Y-6.498
G1 X4.271 Y-6.566
G1 X4.265 Y-6.576
G1 X4.216 Y-6.662
G1 X4.171 Y-6.758
G1 X4.127 Y-6.866
G1 X4.085 Y-6.985
G1 X4.041 Y-7.118
G1 X3.997 Y-7.265
G1 X3.981 Y-7.321
G1 X3.965 Y-7.376
G1 X3.951 Y-7.431
G1 X3.937 Y-7.485
G1 X3.924 Y-7.538
G1 X3.912 Y-7.590
G1 X3.901 Y-7.642
G1 X3.891 Y-7.693
G1 X3.882 Y-7.744
G1 X3.874 Y-7.793
G1 X3.867 Y-7.844
G1 X3.861 Y-7.893
G1 X3.856 Y-7.942
G1 X3.853 Y-7.991
G1 X3.851 Y-8.040
G1 X3.850 Y-8.089
G1 X3.850 Y-8.137
G1 X3.852 Y-8.185
G1 X3.856 Y-8.234
G1 X3.860 Y-8.282
G1 X3.867 Y-8.331
G1 X3.874 Y-8.379
G1 X3.884 Y-8.427
G1 X3.894 Y-8.476
G1 X3.907 Y-8.524
G1 X3.921 Y-8.574
G1 X3.936 Y-8.623
G1 X3.953 Y-8.672
G1 X3.972 Y-8.722
G1 X3.992 Y-8.772
G1 X4.014 Y-8.823
G1 X4.038 Y-8.874
G1 X4.063 Y-8.925
G1 X4.090 Y-8.977
G1 X4.119 Y-9.030
G1 X4.149 Y-9.083
G1 X4.181 Y-9.138
G1 X4.215 Y-9.193
G1 X4.251 Y-9.249
G1 X4.289 Y-9.306
G1 X4.328 Y-9.364
G1 X4.369 Y-9.423
G1 X4.413 Y-9.484
G1 X4.458 Y-9.545
G1 X4.505 Y-9.608
G1 X4.554 Y-9.673
G1 X4.605 Y-9.738
G1 X4.658 Y-9.806
G1 X4.713 Y-9.874
G1 X4.771 Y-9.945
G1 X4.830 Y-10.017
G1 X4.892 Y-10.091
G1 X4.955 Y-10.166
G1 X5.021 Y-10.244
G1 X5.090 Y-10.324
G1 X5.160 Y-10.405
G1 X5.233 Y-10.489
G1 X5.309 Y-10.575
G1 X5.466 Y-10.753
G1 X5.549 Y-10.846
G1 X5.721 Y-11.038
G1 X6.063 Y-11.416
G1 X6.038 Y-11.398
G1 X5.995 Y-11.368
G1 X5.950 Y-11.341
G1 X5.905 Y-11.318
G1 X5.859 Y-11.299
G1 X5.822 Y-11.286
G1 X5.812 Y-11.284
G1 X5.775 Y-11.275
G1 X5.764 Y-11.273
G1 X5.727 Y-11.268
G1 X5.715 Y-11.267
G1 X5.667 Y-11.265
G1 X5.620 Y-11.267
G1 X5.573 Y-11.273
G1 X5.526 Y-11.282
G1 X5.480 Y-11.294
G1 X5.434 Y-11.309
G1 X5.388 Y-11.326
G1 X5.341 Y-11.346
G1 X5.293 Y-11.367
G1 X5.243 Y-11.391
G1 X5.192 Y-11.416
G1 X5.139 Y-11.444
G1 X5.087 Y-11.471
G1 X5.019 Y-11.504
G1 X4.945 Y-11.536
G1 X4.853 Y-11.572
G1 X4.757 Y-11.606
G1 X4.645 Y-11.643
G1 X4.531 Y-11.678
G1 X4.410 Y-11.712
G1 X4.281 Y-11.747
G1 X4.152 Y-11.779
G1 X4.151 Y-11.779
G1 X4.014 Y-11.811
G1 X3.876 Y-11.841
G1 X3.736 Y-11.870
G1 X3.595 Y-11.896
G1 X3.594 Y-11.897
G1 X3.458 Y-11.920
G1 X3.322 Y-11.941
G1 X3.322 Y-11.941
G1 X3.185 Y-11.959
G1 X3.183 Y-11.960
G1 X1.964 Y-12.114
G1 X1.146 Y-11.005
G1 X1.057 Y-10.883
G1 X0.971 Y-10.761
G1 X0.887 Y-10.637
G1 X0.806 Y-10.515
G1 X0.726 Y-10.392
G1 X0.651 Y-10.272
G1 X0.652 Y-10.272
G1 X0.580 Y-10.154
G1 X0.514 Y-10.042
G1 X0.452 Y-9.931
G1 X0.397 Y-9.828
G1 X0.348 Y-9.733
G1 X0.304 Y-9.642
G1 X0.269 Y-9.561
G1 X0.243 Y-9.495
G1 X0.223 Y-9.434
G1 X0.198 Y-9.330
G1 X0.194 Y-9.317
G1 X0.174 Y-9.264
G1 X0.169 Y-9.252
G1 X0.142 Y-9.200
G1 X0.136 Y-9.190
G1 X0.104 Y-9.141
G1 X0.096 Y-9.131
G1 X0.059 Y-9.086
G1 X0.051 Y-9.077
G1 X0.000 Y-9.027
G1 X-0.055 Y-8.980
G1 X-0.115 Y-8.938
G1 X-0.179 Y-8.899
G1 X-0.247 Y-8.862
G1 X-0.319 Y-8.830
G1 X-0.393 Y-8.801
G1 X-0.472 Y-8.774
G1 X-0.553 Y-8.751
G1 X-0.637 Y-8.731
G1 X-0.724 Y-8.714
G1 X-0.752 Y-8.710
G1 X-0.273 Y-8.710
G1 X-0.156 Y-8.709
G1 X-0.039 Y-8.708
G1 X0.076 Y-8.706
G1 X0.191 Y-8.703
G1 X0.305 Y-8.700
G1 X0.417 Y-8.695
G1 X0.530 Y-8.691
G1 X0.639 Y-8.685
G1 X0.749 Y-8.678
G1 X0.856 Y-8.671
G1 X0.962 Y-8.663
G1 X1.067 Y-8.654
G1 X1.169 Y-8.645
G1 X1.270 Y-8.635
G1 X1.368 Y-8.624
G1 X1.465 Y-8.613
G1 X1.560 Y-8.601
G1 X1.652 Y-8.589
G1 X1.742 Y-8.576
G1 X1.830 Y-8.562
G1 X1.915 Y-8.547
G1 X1.998 Y-8.532
G1 X2.077 Y-8.517
G1 X2.154 Y-8.501
G1 X2.229 Y-8.484
G1 X2.300 Y-8.467
G1 X2.369 Y-8.449
G1 X2.434 Y-8.430
G1 X2.497 Y-8.411
G1 X2.556 Y-8.391
G1 X2.613 Y-8.370
G1 X2.667 Y-8.347
G1 X2.762 Y-8.303
G1 X2.856 Y-8.254
G1 X2.950 Y-8.198
G1 X3.043 Y-8.137
G1 X3.135 Y-8.072
G1 X3.225 Y-8.002
G1 X3.313 Y-7.929
G1 X3.399 Y-7.852
G1 X3.482 Y-7.773
G1 X3.561 Y-7.690
G1 X3.637 Y-7.606
G1 X3.708 Y-7.520
G1 X3.774 Y-7.432
G1 X3.835 Y-7.344
G1 X3.890 Y-7.255
G1 X3.937 Y-7.169
G1 X4.001 Y-7.041
G1 X4.057 Y-6.924
G1 X4.105 Y-6.817
G1 X4.145 Y-6.717
G1 X4.177 Y-6.623
G1 X4.197 Y-6.544
G1 X4.199 Y-6.532
G1 X4.210 Y-6.456
G1 X4.211 Y-6.444
G1 X4.213 Y-6.372
G1 X4.213 Y-6.356
G1 X4.204 Y-6.286
G1 X4.202 Y-6.272
G1 X4.185 Y-6.203
G1 X4.180 Y-6.190
G1 X4.153 Y-6.120
G1 X4.149 Y-6.111
G1 X4.109 Y-6.032
G1 X4.061 Y-5.953
G1 X4.005 Y-5.869
G1 X3.940 Y-5.780
G1 X3.867 Y-5.684
G1 X3.424 Y-5.107
G1 X3.413 Y-5.096
G1 X3.404 Y-5.088
G1 X3.392 Y-5.079
G1 X3.381 Y-5.072
G1 X3.367 Y-5.066
G1 X3.356 Y-5.061
G1 X3.341 Y-5.057
G1 X3.328 Y-5.054
G1 X3.312 Y-5.053
G1 X3.301 Y-5.053
G1 X3.285 Y-5.054
G1 X3.272 Y-5.056
G1 X3.257 Y-5.060
G1 X3.246 Y-5.064
G1 X3.232 Y-5.070
G1 X3.220 Y-5.077
G1 X3.206 Y-5.087
G1 X3.201 Y-5.091
G1 X2.541 Y-5.672
G1 X2.540 Y-5.673
G1 X2.476 Y-5.727
G1 X2.406 Y-5.782
G1 X2.334 Y-5.835
G1 X2.258 Y-5.887
G1 X2.186 Y-5.933
G1 X2.108 Y-5.980
G1 X2.029 Y-6.024
G1 X1.953 Y-6.064
G1 X1.880 Y-6.099
G1 X1.804 Y-6.132
G1 X1.735 Y-6.159
G1 X1.668 Y-6.183
G1 X1.605 Y-6.201
G1 X1.548 Y-6.214
G1 X1.499 Y-6.222
G1 X1.451 Y-6.225
G1 X1.387 Y-6.229
G1 X1.317 Y-6.235
G1 X1.240 Y-6.245
G1 X1.159 Y-6.257
G1 X1.072 Y-6.273
G1 X0.982 Y-6.290
G1 X0.888 Y-6.311
G1 X0.791 Y-6.333
G1 X0.692 Y-6.357
G1 X0.591 Y-6.383
G1 X0.489 Y-6.411
G1 X0.387 Y-6.441
G1 X0.286 Y-6.471
G1 X0.186 Y-6.503
G1 X0.087 Y-6.537
G1 X-0.007 Y-6.570
G1 X-0.148 Y-6.621
G1 X-0.272 Y-6.665
G1 X-0.378 Y-6.701
G1 X-0.470 Y-6.730
G1 X-0.523 Y-6.745
G1 X-0.498 Y-6.695
G1 X-0.474 Y-6.643
G1 X-0.449 Y-6.583
G1 X-0.424 Y-6.515
G1 X-0.399 Y-6.441
G1 X-0.373 Y-6.359
G1 X-0.347 Y-6.271
G1 X-0.321 Y-6.178
G1 X-0.295 Y-6.080
G1 X-0.270 Y-5.978
G1 X-0.244 Y-5.872
G1 X-0.220 Y-5.764
G1 X-0.196 Y-5.654
G1 X-0.173 Y-5.542
G1 X-0.152 Y-5.430
G1 X-0.131 Y-5.318
G1 X-0.113 Y-5.210
G1 X-0.094 Y-5.104
G1 X-0.070 Y-4.995
G1 X-0.040 Y-4.878
G1 X-0.040 Y-4.876
G1 X-0.008 Y-4.767
G1 X0.029 Y-4.649
G1 X0.068 Y-4.537
G1 X0.069 Y-4.535
G1 X0.112 Y-4.419
G1 X0.112 Y-4.419
G1 X0.159 Y-4.303
G1 X0.159 Y-4.303
G1 X0.206 Y-4.196
G1 X0.257 Y-4.087
G1 X0.308 Y-3.985
G1 X0.360 Y-3.889
G1 X0.412 Y-3.799
G1 X0.469 Y-3.711
G1 X0.519 Y-3.640
G1 X0.573 Y-3.571
G1 X1.118 Y-2.922
G1 X1.127 Y-2.910
G1 X1.133 Y-2.899
G1 X1.139 Y-2.885
G1 X1.142 Y-2.875
G1 X1.146 Y-2.860
G1 X1.147 Y-2.848
G1 X1.148 Y-2.833
G1 X1.147 Y-2.820
G1 X1.145 Y-2.806
G1 X1.142 Y-2.795
G1 X1.137 Y-2.781
G1 X1.132 Y-2.769
G1 X1.124 Y-2.756
G1 X1.115 Y-2.744
G1 X1.100 Y-2.729
G1 X1.094 Y-2.723
G1 X0.543 Y-2.280
G1 X0.477 Y-2.229
G1 X0.410 Y-2.183
G1 X0.341 Y-2.141
G1 X0.272 Y-2.103
G1 X0.201 Y-2.070
G1 X0.129 Y-2.041
G1 X0.057 Y-2.016
G1 X-0.017 Y-1.996
G1 X-0.091 Y-1.981
G1 X-0.165 Y-1.971
G1 X-0.240 Y-1.965
G1 X-0.316 Y-1.964
G1 X-0.392 Y-1.967
G1 X-0.468 Y-1.975
G1 X-0.543 Y-1.988
G1 X-0.619 Y-2.005
G1 X-0.695 Y-2.027
G1 X-0.770 Y-2.052
G1 X-0.846 Y-2.082
G1 X-0.921 Y-2.116
G1 X-0.996 Y-2.155
G1 X-1.071 Y-2.197
G1 X-1.145 Y-2.244
G1 X-1.220 Y-2.294
G1 X-1.294 Y-2.348
G1 X-1.368 Y-2.407
G1 X-1.442 Y-2.469
G1 X-1.516 Y-2.535
G1 X-1.590 Y-2.606
G1 X-1.664 Y-2.679
G1 X-1.738 Y-2.757
G1 X-1.811 Y-2.839
G1 X-1.832 Y-2.863
G1 X-1.870 Y-2.909
G1 X-1.889 Y-2.932
G1 X-1.907 Y-2.956
G1 X-1.925 Y-2.981
G1 X-1.942 Y-3.005
G1 X-1.960 Y-3.031
G1 X-1.976 Y-3.056
G1 X-1.992 Y-3.082
G1 X-2.008 Y-3.109
G1 X-2.024 Y-3.136
G1 X-2.039 Y-3.164
G1 X-2.053 Y-3.191
G1 X-2.067 Y-3.220
G1 X-2.081 Y-3.250
G1 X-2.094 Y-3.279
G1 X-2.107 Y-3.310
G1 X-2.120 Y-3.342
G1 X-2.132 Y-3.373
G1 X-2.144 Y-3.406
G1 X-2.155 Y-3.440
G1 X-2.166 Y-3.474
G1 X-2.176 Y-3.509
G1 X-2.186 Y-3.545
G1 X-2.196 Y-3.582
G1 X-2.206 Y-3.620
G1 X-2.215 Y-3.659
G1 X-2.224 Y-3.699
G1 X-2.232 Y-3.739
G1 X-2.241 Y-3.781
G1 X-2.249 Y-3.824
G1 X-2.256 Y-3.868
G1 X-2.264 Y-3.914
G1 X-2.271 Y-3.960
G1 X-2.278 Y-4.008
G1 X-2.285 Y-4.057
G1 X-2.292 Y-4.108
G1 X-2.298 Y-4.159
G1 X-2.304 Y-4.213
G1 X-2.310 Y-4.267
G1 X-2.316 Y-4.324
G1 X-2.327 Y-4.441
G1 X-2.337 Y-4.564
G1 X-2.346 Y-4.694
G1 X-2.351 Y-4.762
G1 X-2.359 Y-4.903
G1 X-2.368 Y-5.051
G1 X-2.375 Y-5.208
G1 X-2.386 Y-5.457
G1 X-2.393 Y-5.634
G1 X-2.403 Y-5.916
G1 X-2.428 Y-6.701
G1 X-2.441 Y-6.631
G1 X-2.456 Y-6.561
G1 X-2.476 Y-6.493
G1 X-2.499 Y-6.429
G1 X-2.525 Y-6.369
G1 X-2.555 Y-6.311
G1 X-2.589 Y-6.258
G1 X-2.627 Y-6.208
G1 X-2.660 Y-6.170
G1 X-2.669 Y-6.162
G1 X-2.705 Y-6.128
G1 X-2.715 Y-6.121
G1 X-2.755 Y-6.090
G1 X-2.764 Y-6.084
G1 X-2.807 Y-6.058
G1 X-2.817 Y-6.052
G1 X-2.862 Y-6.030
G1 X-2.873 Y-6.026
G1 X-2.921 Y-6.007
G1 X-2.932 Y-6.004
G1 X-2.992 Y-5.988
G1 X-3.055 Y-5.976
G1 X-3.118 Y-5.970
G1 X-3.169 Y-5.968
G1 X-3.203 Y-5.965
G1 X-3.246 Y-5.955
G1 X-3.299 Y-5.938
G1 X-3.367 Y-5.912
G1 X-3.442 Y-5.879
G1 X-3.522 Y-5.840
G1 X-3.613 Y-5.792
G1 X-3.705 Y-5.740
G1 X-3.801 Y-5.683
G1 X-3.904 Y-5.619
G1 X-4.007 Y-5.552
G1 X-4.007 Y-5.552
G1 X-4.112 Y-5.481
G1 X-4.221 Y-5.404
G1 X-4.328 Y-5.325
G1 X-4.432 Y-5.245
G1 X-4.538 Y-5.161
G1 X-4.644 Y-5.075
G1 X-4.750 Y-4.990
G1 X-4.854 Y-4.908
G1 X-4.956 Y-4.827
G1 X-5.055 Y-4.750
G1 X-5.151 Y-4.677
G1 X-5.243 Y-4.607
G1 X-5.330 Y-4.542
G1 X-5.412 Y-4.482
G1 X-5.488 Y-4.427
G1 X-5.558 Y-4.377
G1 X-5.621 Y-4.333
G1 X-5.678 Y-4.296
G1 X-5.728 Y-4.264
G1 X-5.764 Y-4.244
G1 X-5.769 Y-4.226
G1 X-5.775 Y-4.176
G1 X-5.779 Y-4.105
G1 X-5.779 Y-4.018
G1 X-5.775 Y-3.921
G1 X-5.775 Y-3.919
G1 X-5.768 Y-3.810
G1 X-5.768 Y-3.809
G1 X-5.758 Y-3.688
G1 X-5.744 Y-3.558
G1 X-5.728 Y-3.419
G1 X-5.727 Y-3.419
G1 X-5.708 Y-3.275
G1 X-5.686 Y-3.125
G1 X-5.662 Y-2.971
G1 X-5.635 Y-2.813
G1 X-5.635 Y-2.813
G1 X-5.607 Y-2.654
G1 X-5.576 Y-2.493
G1 X-5.544 Y-2.332
G1 X-5.511 Y-2.173
G1 X-5.476 Y-2.016
G1 X-5.441 Y-1.862
G1 X-5.440 Y-1.861
G1 X-5.404 Y-1.713
G1 X-5.367 Y-1.568
G1 X-5.330 Y-1.432
G1 X-5.293 Y-1.303
G1 X-5.289 Y-1.290
G1 X-5.306 Y-1.355
G1 X-5.330 Y-1.455
G1 X-5.354 Y-1.562
G1 X-5.377 Y-1.673
G1 X-5.399 Y-1.788
G1 X-5.419 Y-1.906
G1 X-5.439 Y-2.027
G1 X-5.457 Y-2.150
G1 X-5.474 Y-2.273
G1 X-5.489 Y-2.396
G1 X-5.503 Y-2.519
G1 X-5.515 Y-2.639
G1 X-5.525 Y-2.758
G1 X-5.534 Y-2.873
G1 X-5.540 Y-2.984
G1 X-5.544 Y-3.091
G1 X-5.547 Y-3.192
G1 X-5.547 Y-3.288
G1 X-5.544 Y-3.376
G1 X-5.539 Y-3.458
G1 X-5.530 Y-3.533
G1 X-5.519 Y-3.592
G1 X-5.517 Y-3.603
G1 X-5.502 Y-3.653
G1 X-5.495 Y-3.670
G1 X-5.477 Y-3.708
G1 X-5.469 Y-3.721
G1 X-5.463 Y-3.729
G1 X-5.456 Y-3.738
G1 X-5.433 Y-3.763
G1 X-5.421 Y-3.774
G1 X-5.411 Y-3.781
G1 X-5.398 Y-3.789
G1 X-5.389 Y-3.794
G1 X-5.371 Y-3.801
G1 X-5.343 Y-3.810
G1 X-5.328 Y-3.814
G1 X-5.313 Y-3.815
G1 X-5.290 Y-3.816
G1 X-5.280 Y-3.815
G1 X-5.255 Y-3.812
G1 X-5.241 Y-3.809
G1 X-5.202 Y-3.799
G1 X-5.157 Y-3.785
G1 X-5.107 Y-3.767
G1 X-5.052 Y-3.746
G1 X-4.989 Y-3.720
G1 X-4.922 Y-3.692
G1 X-4.849 Y-3.659
G1 X-4.771 Y-3.624
G1 X-4.689 Y-3.586
G1 X-4.603 Y-3.546
G1 X-4.514 Y-3.503
G1 X-4.423 Y-3.458
G1 X-4.329 Y-3.411
G1 X-4.233 Y-3.362
G1 X-4.136 Y-3.312
G1 X-4.039 Y-3.260
G1 X-3.943 Y-3.208
G1 X-3.850 Y-3.156
G1 X-3.758 Y-3.103
G1 X-3.670 Y-3.050
G1 X-3.585 Y-2.998
G1 X-3.504 Y-2.947
G1 X-3.427 Y-2.898
G1 X-3.355 Y-2.849
G1 X-3.289 Y-2.803
G1 X-3.228 Y-2.758
G1 X-3.173 Y-2.715
G1 X-3.125 Y-2.674
G1 X-3.082 Y-2.635
G1 X-3.052 Y-2.603
G1 X-3.043 Y-2.592
G1 X-3.025 Y-2.568
G1 X-3.021 Y-2.561
G1 X-3.011 Y-2.543
G1 X-3.007 Y-2.536
G1 X-2.991 Y-2.493
G1 X-2.986 Y-2.478
G1 X-2.985 Y-2.470
G1 X-2.983 Y-2.459
G1 X-2.979 Y-2.416
G1 X-2.979 Y-2.409
G1 X-2.980 Y-2.391
G1 X-2.980 Y-2.384
G1 X-2.988 Y-2.331
G1 X-2.992 Y-2.314
G1 X-3.009 Y-2.258
G1 X-3.014 Y-2.245
G1 X-3.044 Y-2.176
G1 X-3.083 Y-2.106
G1 X-3.129 Y-2.034
G1 X-3.181 Y-1.961
G1 X-3.239 Y-1.886
G1 X-3.304 Y-1.810
G1 X-3.373 Y-1.734
G1 X-3.446 Y-1.657
G1 X-3.524 Y-1.579
G1 X-3.604 Y-1.503
G1 X-3.688 Y-1.428
G1 X-3.773 Y-1.354
G1 X-3.860 Y-1.282
G1 X-3.949 Y-1.212
G1 X-4.037 Y-1.145
G1 X-4.126 Y-1.082
G1 X-4.214 Y-1.022
G1 X-4.301 Y-0.967
G1 X-4.386 Y-0.917
G1 X-4.470 Y-0.872
G1 X-4.552 Y-0.833
G1 X-4.632 Y-0.801
G1 X-4.700 Y-0.778
G1 X-4.711 Y-0.775
G1 X-4.774 Y-0.761
G1 X-4.790 Y-0.758
G1 X-4.849 Y-0.753
G1 X-4.870 Y-0.752
G1 X-4.917 Y-0.756
G1 X-4.926 Y-0.757
G1 X-4.947 Y-0.761
G1 X-4.955 Y-0.763
G1 X-5.000 Y-0.778
G1 X-5.014 Y-0.784
G1 X-5.025 Y-0.789
G1 X-5.037 Y-0.798
G1 X-5.069 Y-0.820
G1 X-5.076 Y-0.826
G1 X-5.092 Y-0.842
G1 X-5.098 Y-0.849
G1 X-5.127 Y-0.886
G1 X-5.136 Y-0.899
G1 X-5.164 Y-0.946
G1 X-5.169 Y-0.956
G1 X-5.199 Y-1.020
G1 X-5.204 Y-1.032
G1 X-5.182 Y-0.973
G1 X-5.147 Y-0.887
G1 X-5.114 Y-0.816
G1 X-5.085 Y-0.763
G1 X-5.057 Y-0.724
G1 X-5.018 Y-0.671
G1 X-5.012 Y-0.662
G1 X-4.981 Y-0.611
G1 X-4.975 Y-0.598
G1 X-4.951 Y-0.546
G1 X-4.946 Y-0.530
G1 X-4.931 Y-0.476
G1 X-4.928 Y-0.458
G1 X-4.923 Y-0.404
G1 X-4.923 Y-0.385
G1 X-4.927 Y-0.330
G1 X-4.930 Y-0.312
G1 X-4.943 Y-0.256
G1 X-4.949 Y-0.241
G1 X-4.972 Y-0.183
G1 X-4.977 Y-0.171
G1 X-5.010 Y-0.112
G1 X-5.015 Y-0.103
G1 X-5.063 Y-0.034
G1 X-5.118 Y0.036
G1 X-5.183 Y0.109
G1 X-5.258 Y0.185
G1 X-5.342 Y0.266
G1 X-5.437 Y0.353
G1 X-5.542 Y0.444
G1 X-5.620 Y0.511
G1 X-5.699 Y0.578
G1 X-5.781 Y0.646
G1 X-5.863 Y0.713
G1 X-5.945 Y0.779
G1 X-6.027 Y0.845
G1 X-6.108 Y0.909
G1 X-6.187 Y0.970
G1 X-6.264 Y1.030
G1 X-6.339 Y1.087
G1 X-6.411 Y1.140
G1 X-6.479 Y1.190
G1 X-6.542 Y1.235
G1 X-6.602 Y1.276
G1 X-6.656 Y1.312
G1 X-6.822 Y1.418
G1 X-6.892 Y1.469
G1 X-6.824 Y1.519
G1 X-6.653 Y1.627
G1 X-6.599 Y1.663
G1 X-6.541 Y1.703
G1 X-6.477 Y1.749
G1 X-6.410 Y1.798
G1 X-6.338 Y1.851
G1 X-6.264 Y1.908
G1 X-6.186 Y1.967
G1 X-6.107 Y2.029
G1 X-6.026 Y2.093
G1 X-5.944 Y2.158
G1 X-5.862 Y2.225
G1 X-5.780 Y2.292
G1 X-5.698 Y2.360
G1 X-5.619 Y2.427
G1 X-5.540 Y2.494
G1 X-5.434 Y2.587
G1 X-5.339 Y2.674
G1 X-5.254 Y2.755
G1 X-5.179 Y2.833
G1 X-5.113 Y2.908
G1 X-5.056 Y2.980
G1 X-5.014 Y3.043
G1 X-5.008 Y3.052
G1 X-4.976 Y3.112
G1 X-4.970 Y3.124
G1 X-4.947 Y3.182
G1 X-4.942 Y3.198
G1 X-4.929 Y3.255
G1 X-4.926 Y3.272
G1 X-4.923 Y3.327
G1 X-4.923 Y3.347
G1 X-4.929 Y3.401
G1 X-4.933 Y3.419
G1 X-4.947 Y3.471
G1 X-4.953 Y3.487
G1 X-4.977 Y3.540
G1 X-4.983 Y3.551
G1 X-5.014 Y3.602
G1 X-5.021 Y3.612
G1 X-5.057 Y3.660
G1 X-5.085 Y3.701
G1 X-5.115 Y3.755
G1 X-5.146 Y3.822
G1 X-5.183 Y3.912
G1 X-5.200 Y3.960
G1 X-5.186 Y3.925
G1 X-5.130 Y3.808
G1 X-5.078 Y3.717
G1 X-5.069 Y3.705
G1 X-5.020 Y3.639
G1 X-5.015 Y3.634
G1 X-4.997 Y3.616
G1 X-4.944 Y3.571
G1 X-4.931 Y3.563
G1 X-4.919 Y3.556
G1 X-4.901 Y3.548
G1 X-4.894 Y3.545
G1 X-4.841 Y3.529
G1 X-4.825 Y3.526
G1 X-4.813 Y3.525
G1 X-4.797 Y3.524
G1 X-4.786 Y3.525
G1 X-4.765 Y3.528
G1 X-4.748 Y3.532
G1 X-4.741 Y3.534
G1 X-4.724 Y3.540
G1 X-4.717 Y3.542
G1 X-4.688 Y3.556
G1 X-4.679 Y3.561
G1 X-4.638 Y3.584
G1 X-4.594 Y3.613
G1 X-4.545 Y3.648
G1 X-4.490 Y3.688
G1 X-4.430 Y3.734
G1 X-4.367 Y3.784
G1 X-4.298 Y3.840
G1 X-4.226 Y3.900
G1 X-4.150 Y3.964
G1 X-4.072 Y4.032
G1 X-3.991 Y4.104
G1 X-3.908 Y4.178
G1 X-3.823 Y4.255
G1 X-3.737 Y4.334
G1 X-3.651 Y4.416
G1 X-3.569 Y4.498
G1 X-3.491 Y4.579
G1 X-3.418 Y4.659
G1 X-3.349 Y4.738
G1 X-3.285 Y4.815
G1 X-3.226 Y4.891
G1 X-3.173 Y4.963
G1 X-3.125 Y5.034
G1 X-3.084 Y5.101
G1 X-3.048 Y5.167
G1 X-3.020 Y5.230
G1 X-3.003 Y5.280
G1 X-2.999 Y5.295
G1 X-2.990 Y5.340
G1 X-2.988 Y5.363
G1 X-2.989 Y5.402
G1 X-2.990 Y5.417
G1 X-2.992 Y5.427
G1 X-2.996 Y5.441
G1 X-3.007 Y5.473
G1 X-3.014 Y5.486
G1 X-3.018 Y5.494
G1 X-3.026 Y5.506
G1 X-3.045 Y5.532
G1 X-3.055 Y5.543
G1 X-3.088 Y5.576
G1 X-3.128 Y5.611
G1 X-3.173 Y5.647
G1 X-3.225 Y5.686
G1 X-3.283 Y5.728
G1 X-3.346 Y5.771
G1 X-3.415 Y5.817
G1 X-3.488 Y5.864
G1 X-3.565 Y5.913
G1 X-3.646 Y5.962
G1 X-3.731 Y6.014
G1 X-3.817 Y6.065
G1 X-3.906 Y6.117
G1 X-3.996 Y6.168
G1 X-4.087 Y6.220
G1 X-4.179 Y6.271
G1 X-4.270 Y6.321
G1 X-4.361 Y6.369
G1 X-4.450 Y6.416
G1 X-4.537 Y6.461
G1 X-4.623 Y6.505
G1 X-4.705 Y6.545
G1 X-4.784 Y6.583
G1 X-4.859 Y6.618
G1 X-4.930 Y6.650
G1 X-4.997 Y6.678
G1 X-5.059 Y6.702
G1 X-5.116 Y6.722
G1 X-5.171 Y6.739
G1 X-5.212 Y6.748
G1 X-5.226 Y6.750
G1 X-5.260 Y6.753
G1 X-5.275 Y6.753
G1 X-5.289 Y6.752
G1 X-5.304 Y6.749
G1 X-5.316 Y6.746
G1 X-5.330 Y6.741
G1 X-5.341 Y6.736
G1 X-5.357 Y6.727
G1 X-5.387 Y6.707
G1 X-5.399 Y6.697
G1 X-5.408 Y6.689
G1 X-5.418 Y6.677
G1 X-5.425 Y6.667
G1 X-5.434 Y6.652
G1 X-5.461 Y6.598
G1 X-5.468 Y6.578
G1 X-5.492 Y6.488
G1 X-5.513 Y6.378
G1 X-5.529 Y6.247
G1 X-5.541 Y6.100
G1 X-5.549 Y5.937
G1 X-5.552 Y5.763
G1 X-5.547 Y5.593
G1 X-5.535 Y5.417
G1 X-5.516 Y5.238
G1 X-5.490 Y5.057
G1 X-5.462 Y4.893
G1 X-5.476 Y4.953
G1 X-5.511 Y5.110
G1 X-5.544 Y5.270
G1 X-5.576 Y5.430
G1 X-5.607 Y5.591
G1 X-5.635 Y5.751
G1 X-5.635 Y5.751
G1 X-5.662 Y5.908
G1 X-5.686 Y6.061
G1 X-5.708 Y6.211
G1 X-5.727 Y6.357
G1 X-5.728 Y6.357
G1 X-5.744 Y6.495
G1 X-5.758 Y6.625
G1 X-5.768 Y6.747
G1 X-5.768 Y6.747
G1 X-5.775 Y6.858
G1 X-5.779 Y6.953
G1 X-5.779 Y7.042
G1 X-5.775 Y7.116
G1 X-5.769 Y7.164
G1 X-5.764 Y7.181
G1 X-5.763 Y7.181
G1 X-5.723 Y7.205
G1 X-5.674 Y7.235
G1 X-5.619 Y7.272
G1 X-5.556 Y7.315
G1 X-5.486 Y7.365
G1 X-5.411 Y7.420
G1 X-5.329 Y7.480
G1 X-5.242 Y7.545
G1 X-5.150 Y7.615
G1 X-5.054 Y7.688
G1 X-4.956 Y7.765
G1 X-4.853 Y7.845
G1 X-4.749 Y7.928
G1 X-4.644 Y8.013
G1 X-4.538 Y8.098
G1 X-4.433 Y8.182
G1 X-4.328 Y8.262
G1 X-4.221 Y8.341
G1 X-4.113 Y8.417
G1 X-4.007 Y8.489
G1 X-4.007 Y8.489
G1 X-3.903 Y8.557
G1 X-3.804 Y8.619
G1 X-3.804 Y8.619
G1 X-3.706 Y8.677
G1 X-3.609 Y8.731
G1 X-3.523 Y8.776
G1 X-3.441 Y8.817
G1 X-3.366 Y8.849
G1 X-3.301 Y8.875
G1 X-3.245 Y8.893
G1 X-3.204 Y8.902
G1 X-3.169 Y8.905
G1 X-3.106 Y8.908
G1 X-3.042 Y8.916
G1 X-2.979 Y8.928
G1 X-2.918 Y8.946
G1 X-2.870 Y8.964
G1 X-2.859 Y8.968
G1 X-2.814 Y8.991
G1 X-2.804 Y8.996
G1 X-2.762 Y9.022
G1 X-2.752 Y9.029
G1 X-2.712 Y9.060
G1 X-2.703 Y9.067
G1 X-2.666 Y9.102
G1 X-2.659 Y9.110
G1 X-2.618 Y9.156
G1 X-2.581 Y9.206
G1 X-2.549 Y9.259
G1 X-2.520 Y9.316
G1 X-2.495 Y9.376
G1 X-2.473 Y9.439
G1 X-2.455 Y9.505
G1 X-2.439 Y9.575
G1 X-2.428 Y9.639
G1 X-2.404 Y8.880
G1 X-2.397 Y8.687
G1 X-2.390 Y8.504
G1 X-2.380 Y8.245
G1 X-2.372 Y8.083
G1 X-2.364 Y7.928
G1 X-2.356 Y7.782
G1 X-2.351 Y7.712
G1 X-2.342 Y7.577
G1 X-2.337 Y7.511
G1 X-2.327 Y7.387
G1 X-2.321 Y7.327
G1 X-2.316 Y7.269
G1 X-2.310 Y7.212
G1 X-2.304 Y7.156
G1 X-2.298 Y7.103
G1 X-2.292 Y7.050
G1 X-2.279 Y6.950
G1 X-2.272 Y6.902
G1 X-2.264 Y6.855
G1 X-2.257 Y6.808
G1 X-2.241 Y6.721
G1 X-2.232 Y6.679
G1 X-2.224 Y6.637
G1 X-2.215 Y6.597
G1 X-2.206 Y6.558
G1 X-2.196 Y6.520
G1 X-2.186 Y6.483
G1 X-2.176 Y6.446
G1 X-2.165 Y6.411
G1 X-2.154 Y6.377
G1 X-2.143 Y6.343
G1 X-2.131 Y6.309
G1 X-2.119 Y6.278
G1 X-2.107 Y6.246
G1 X-2.093 Y6.215
G1 X-2.080 Y6.185
G1 X-2.066 Y6.155
G1 X-2.052 Y6.127
G1 X-2.038 Y6.099
G1 X-2.023 Y6.071
G1 X-2.007 Y6.043
G1 X-1.991 Y6.017
G1 X-1.975 Y5.991
G1 X-1.958 Y5.965
G1 X-1.941 Y5.940
G1 X-1.924 Y5.916
G1 X-1.905 Y5.890
G1 X-1.887 Y5.867
G1 X-1.869 Y5.844
G1 X-1.849 Y5.819
G1 X-1.830 Y5.797
G1 X-1.808 Y5.772
G1 X-1.728 Y5.684
G1 X-1.641 Y5.598
G1 X-1.549 Y5.514
G1 X-1.453 Y5.431
G1 X-1.353 Y5.351
G1 X-1.250 Y5.274
G1 X-1.145 Y5.201
G1 X-1.038 Y5.131
G1 X-0.930 Y5.065
G1 X-0.822 Y5.004
G1 X-0.715 Y4.948
G1 X-0.608 Y4.898
G1 X-0.503 Y4.854
G1 X-0.400 Y4.817
G1 X-0.299 Y4.787
G1 X-0.208 Y4.766
G1 X-0.192 Y4.764
G1 X-0.176 Y4.763
G1 X-0.154 Y4.765
G1 X-0.145 Y4.766
G1 X-0.117 Y4.772
G1 X-0.109 Y4.774
G1 X-0.089 Y4.781
G1 X-0.081 Y4.785
G1 X-0.023 Y4.813
G1 X0.047 Y4.855
G1 X0.130 Y4.909
G1 X0.224 Y4.974
G1 X0.327 Y5.049
G1 X0.436 Y5.132
G1 X0.548 Y5.221
G1 X1.098 Y5.665
G1 X1.109 Y5.675
G1 X1.117 Y5.684
G1 X1.126 Y5.697
G1 X1.132 Y5.707
G1 X1.138 Y5.721
G1 X1.142 Y5.733
G1 X1.146 Y5.747
G1 X1.147 Y5.759
G1 X1.148 Y5.774
G1 X1.147 Y5.786
G1 X1.145 Y5.800
G1 X1.142 Y5.812
G1 X1.137 Y5.827
G1 X1.131 Y5.839
G1 X1.119 Y5.858
G1 X1.114 Y5.864
G1 X0.570 Y6.512
G1 X0.519 Y6.577
G1 X0.469 Y6.648
G1 X0.469 Y6.649
G1 X0.412 Y6.737
G1 X0.360 Y6.827
G1 X0.307 Y6.924
G1 X0.257 Y7.024
G1 X0.206 Y7.133
G1 X0.158 Y7.244
G1 X0.113 Y7.354
G1 X0.113 Y7.354
G1 X0.069 Y7.472
G1 X0.068 Y7.474
G1 X0.029 Y7.586
G1 X-0.008 Y7.704
G1 X-0.040 Y7.813
G1 X-0.040 Y7.815
G1 X-0.070 Y7.932
G1 X-0.094 Y8.040
G1 X-0.113 Y8.147
G1 X-0.132 Y8.256
G1 X-0.152 Y8.368
G1 X-0.174 Y8.481
G1 X-0.196 Y8.592
G1 X-0.220 Y8.702
G1 X-0.245 Y8.811
G1 X-0.270 Y8.916
G1 X-0.296 Y9.019
G1 X-0.322 Y9.117
G1 X-0.348 Y9.211
G1 X-0.374 Y9.299
G1 X-0.400 Y9.381
G1 X-0.426 Y9.456
G1 X-0.451 Y9.525
G1 X-0.477 Y9.587
G1 X-0.500 Y9.635
G1 X-0.523 Y9.682
G1 X-0.472 Y9.668
G1 X-0.379 Y9.639
G1 X-0.271 Y9.602
G1 X-0.149 Y9.559
G1 X-0.006 Y9.507
G1 X0.090 Y9.473
G1 X0.188 Y9.440
G1 X0.288 Y9.408
G1 X0.389 Y9.377
G1 X0.491 Y9.348
G1 X0.593 Y9.320
G1 X0.694 Y9.294
G1 X0.793 Y9.270
G1 X0.890 Y9.247
G1 X0.984 Y9.227
G1 X1.075 Y9.209
G1 X1.162 Y9.194
G1 X1.244 Y9.182
G1 X1.322 Y9.172
G1 X1.394 Y9.165
G1 X1.451 Y9.163
G1 X1.499 Y9.159
G1 X1.548 Y9.151
G1 X1.603 Y9.139
G1 X1.667 Y9.120
G1 X1.736 Y9.096
G1 X1.805 Y9.069
G1 X1.879 Y9.036
G1 X1.956 Y9.000
G1 X2.028 Y8.962
G1 X2.109 Y8.917
G1 X2.182 Y8.873
G1 X2.262 Y8.822
G1 X2.334 Y8.772
G1 X2.406 Y8.719
G1 X2.473 Y8.667
G1 X2.541 Y8.609
G1 X3.206 Y8.025
G1 X3.218 Y8.015
G1 X3.229 Y8.009
G1 X3.243 Y8.002
G1 X3.254 Y7.998
G1 X3.269 Y7.994
G1 X3.281 Y7.992
G1 X3.297 Y7.990
G1 X3.310 Y7.990
G1 X3.326 Y7.991
G1 X3.337 Y7.993
G1 X3.353 Y7.997
G1 X3.364 Y8.002
G1 X3.378 Y8.008
G1 X3.389 Y8.014
G1 X3.401 Y8.023
G1 X3.411 Y8.032
G1 X3.423 Y8.044
G1 X3.428 Y8.049
G1 X3.868 Y8.623
G1 X3.940 Y8.718
G1 X4.004 Y8.807
G1 X4.061 Y8.892
G1 X4.109 Y8.974
G1 X4.149 Y9.054
G1 X4.176 Y9.124
G1 X4.180 Y9.136
G1 X4.198 Y9.203
G1 X4.200 Y9.218
G1 X4.209 Y9.286
G1 X4.210 Y9.300
G1 X4.210 Y9.370
G1 X4.209 Y9.384
G1 X4.201 Y9.456
G1 X4.199 Y9.467
G1 X4.179 Y9.551
G1 X4.152 Y9.637
G1 X4.117 Y9.728
G1 X4.074 Y9.825
G1 X4.025 Y9.930
G1 X3.968 Y10.044
G1 X3.938 Y10.102
G1 X3.909 Y10.159
G1 X3.880 Y10.214
G1 X3.851 Y10.267
G1 X3.822 Y10.320
G1 X3.793 Y10.371
G1 X3.764 Y10.421
G1 X3.735 Y10.469
G1 X3.706 Y10.516
G1 X3.676 Y10.562
G1 X3.646 Y10.607
G1 X3.615 Y10.650
G1 X3.584 Y10.693
G1 X3.553 Y10.734
G1 X3.520 Y10.774
G1 X3.488 Y10.813
G1 X3.454 Y10.851
G1 X3.419 Y10.887
G1 X3.384 Y10.923
G1 X3.347 Y10.957
G1 X3.310 Y10.991
G1 X3.272 Y11.022
G1 X3.232 Y11.054
G1 X3.192 Y11.083
G1 X3.151 Y11.112
G1 X3.108 Y11.140
G1 X3.064 Y11.166
G1 X3.019 Y11.191
G1 X2.972 Y11.215
G1 X2.925 Y11.239
G1 X2.876 Y11.261
G1 X2.825 Y11.282
G1 X2.774 Y11.302
G1 X2.720 Y11.321
G1 X2.666 Y11.339
G1 X2.610 Y11.357
G1 X2.552 Y11.373
G1 X2.493 Y11.389
G1 X2.432 Y11.403
G1 X2.369 Y11.418
G1 X2.305 Y11.431
G1 X2.238 Y11.444
G1 X2.169 Y11.456
G1 X2.099 Y11.467
G1 X2.027 Y11.478
G1 X1.952 Y11.488
G1 X1.879 Y11.498
G1 X2.009 Y11.485
G1 X2.010 Y11.485
G1 X2.106 Y11.476
G1 X2.199 Y11.466
G1 X2.199 Y11.466
G1 X2.285 Y11.457
G1 X2.286 Y11.457
G1 X2.363 Y11.448
G1 X2.435 Y11.439
G1 X2.435 Y11.439
G1 X2.495 Y11.432
G1 X2.497 Y11.431
G1 X2.552 Y11.424
G1 X2.595 Y11.417
G1 X2.631 Y11.411
G1 X2.642 Y11.408
G1 X2.657 Y11.404
G1 X2.672 Y11.401
G1 X2.684 Y11.399
G1 X2.700 Y11.398
G1 X2.712 Y11.398
G1 X2.728 Y11.400
G1 X2.742 Y11.404
G1 X2.761 Y11.410
G1 X2.768 Y11.413
G1 X2.789 Y11.424
G1 X2.803 Y11.432
G1 X2.812 Y11.439
G1 X2.824 Y11.449
G1 X2.833 Y11.458
G1 X2.842 Y11.470
G1 X2.849 Y11.480
G1 X2.855 Y11.493
G1 X2.860 Y11.503
G1 X2.864 Y11.518
G1 X2.875 Y11.562
G1 X2.878 Y11.583
G1 X2.881 Y11.660
G1 X2.879 Y11.757
G1 X2.870 Y11.874
G1 X2.856 Y12.008
G1 X2.837 Y12.158
G1 X2.812 Y12.319
G1 X2.797 Y12.407
G1 X2.780 Y12.498
G1 X2.760 Y12.593
G1 X2.739 Y12.691
G1 X2.716 Y12.792
G1 X2.692 Y12.894
G1 X2.666 Y12.997
G1 X2.639 Y13.101
G1 X2.612 Y13.204
G1 X2.583 Y13.305
G1 X2.554 Y13.405
G1 X2.525 Y13.502
G1 X2.496 Y13.595
G1 X2.466 Y13.684
G1 X2.437 Y13.768
G1 X2.409 Y13.846
G1 X2.362 Y13.970
G1 X2.319 Y14.079
G1 X2.279 Y14.176
G1 X2.239 Y14.260
G1 X2.204 Y14.324
G1 X2.197 Y14.335
G1 X2.161 Y14.386
G1 X2.146 Y14.403
G1 X2.108 Y14.439
G1 X2.096 Y14.449
G1 X2.088 Y14.454
G1 X2.078 Y14.460
G1 X2.038 Y14.481
G1 X2.024 Y14.487
G1 X2.011 Y14.491
G1 X1.990 Y14.495
G1 X1.946 Y14.501
G1 X1.931 Y14.501
G1 X1.919 Y14.501
G1 X1.901 Y14.499
G1 X1.859 Y14.490
G1 X1.851 Y14.488
G1 X1.832 Y14.482
G1 X1.824 Y14.479
G1 X1.774 Y14.456
G1 X1.758 Y14.447
G1 X1.696 Y14.406
G1 X1.631 Y14.356
G1 X1.561 Y14.296
G1 X1.483 Y14.227
G1 X1.393 Y14.143
G1 X1.289 Y14.040
G1 X1.184 Y13.925
G1 X1.080 Y13.799
G1 X0.976 Y13.665
G1 X0.875 Y13.523
G1 X0.776 Y13.376
G1 X0.681 Y13.227
G1 X0.591 Y13.075
G1 X0.508 Y12.924
G1 X0.431 Y12.775
G1 X0.362 Y12.630
G1 X0.303 Y12.491
G1 X0.254 Y12.358
G1 X0.217 Y12.232
G1 X0.195 Y12.128
G1 X0.193 Y12.114
G1 X0.185 Y12.021
G1 X0.186 Y12.006
G1 X0.186 Y11.996
G1 X0.189 Y11.983
G1 X0.196 Y11.953
G1 X0.201 Y11.938
G1 X0.206 Y11.927
G1 X0.216 Y11.910
G1 X0.233 Y11.885
G1 X0.238 Y11.879
G1 X0.250 Y11.864
G1 X0.256 Y11.858
G1 X0.287 Y11.830
G1 X0.302 Y11.818
G1 X0.343 Y11.791
G1 X0.354 Y11.785
G1 X0.413 Y11.755
G1 X0.478 Y11.727
G1 X0.550 Y11.700
G1 X0.629 Y11.676
G1 X0.715 Y11.652
G1 X0.807 Y11.630
G1 X0.904 Y11.609
G1 X1.007 Y11.591
G1 X1.115 Y11.573
G1 X1.227 Y11.558
G1 X1.253 Y11.555
G1 X1.174 Y11.560
G1 X1.075 Y11.567
G1 X0.973 Y11.573
G1 X0.867 Y11.579
G1 X0.759 Y11.584
G1 X0.648 Y11.589
G1 X0.415 Y11.600
G1 X0.171 Y11.609
G1 X-0.766 Y11.645
G1 X-0.718 Y11.652
G1 X-0.631 Y11.670
G1 X-0.546 Y11.690
G1 X-0.465 Y11.714
G1 X-0.386 Y11.741
G1 X-0.310 Y11.771
G1 X-0.239 Y11.804
G1 X-0.171 Y11.841
G1 X-0.106 Y11.881
G1 X-0.046 Y11.925
G1 X0.010 Y11.973
G1 X0.053 Y12.017
G1 X0.060 Y12.025
G1 X0.098 Y12.072
G1 X0.104 Y12.081
G1 X0.136 Y12.130
G1 X0.143 Y12.141
G1 X0.169 Y12.192
G1 X0.174 Y12.204
G1 X0.194 Y12.259
G1 X0.197 Y12.272
G1 X0.221 Y12.374
G1 X0.240 Y12.431
G1 X0.264 Y12.494
G1 X0.299 Y12.576
G1 X0.299 Y12.576
G1 X0.337 Y12.656
G1 X0.384 Y12.749
G1 X0.437 Y12.848
G1 X0.438 Y12.849
G1 X0.493 Y12.948
G1 X0.555 Y13.055
G1 X0.622 Y13.165
G1 X0.692 Y13.276
G1 X0.765 Y13.389
G1 X0.842 Y13.504
G1 X0.920 Y13.616
G1 X1.001 Y13.730
G1 X1.084 Y13.841
G1 X1.167 Y13.953
G1 X1.248 Y14.063
G1 X1.326 Y14.171
G1 X1.402 Y14.277
G1 X1.473 Y14.379
G1 X1.541 Y14.478
G1 X1.605 Y14.572
G1 X1.664 Y14.661
G1 X1.717 Y14.744
G1 X1.766 Y14.822
G1 X1.808 Y14.893
G1 X1.845 Y14.957
G1 X1.875 Y15.015
G1 X1.900 Y15.068
G1 X1.901 Y15.072
G1 X1.924 Y15.074
G1 X1.990 Y15.074
G1 X2.074 Y15.070
G1 X2.174 Y15.063
G1 X2.284 Y15.052
G1 X2.406 Y15.038
G1 X2.539 Y15.020
G1 X2.679 Y14.999
G1 X2.827 Y14.976
G1 X2.981 Y14.949
G1 X2.982 Y14.949
G1 X3.137 Y14.922
G1 X3.137 Y14.921
G1 X3.298 Y14.891
G1 X3.299 Y14.891
G1 X3.463 Y14.859
G1 X3.628 Y14.825
G1 X3.793 Y14.790
G1 X3.795 Y14.790
G1 X3.955 Y14.754
G1 X4.116 Y14.717
G1 X4.273 Y14.680
G1 X4.426 Y14.642
G1 X4.573 Y14.604
G1 X4.573 Y14.604
G1 X4.711 Y14.566
G1 X4.839 Y14.529
G1 X4.840 Y14.529
G1 X4.962 Y14.492
G1 X5.071 Y14.456
G1 X5.170 Y14.421
G1 X5.247 Y14.391
G1 X5.314 Y14.360
G1 X5.361 Y14.335
G1 X5.393 Y14.312
G1 X5.438 Y14.280
G1 X5.455 Y14.270
G1 X5.503 Y14.246
G1 X5.523 Y14.239
G1 X5.574 Y14.224
G1 X5.597 Y14.220
G1 X5.651 Y14.215
G1 X5.672 Y14.215
G1 X5.727 Y14.220
G1 X5.746 Y14.223
G1 X5.804 Y14.238
G1 X5.819 Y14.243
G1 X5.878 Y14.266
G1 X5.890 Y14.271
G1 X5.960 Y14.309
G1 X6.032 Y14.355
G1 X6.105 Y14.410
G1 X6.180 Y14.473
G1 X6.259 Y14.545
G1 X6.341 Y14.626
G1 X6.428 Y14.717
G1 X6.519 Y14.817
G1 X6.615 Y14.927
G1 X6.689 Y15.015
G1 X6.764 Y15.104
G1 X6.837 Y15.193
G1 X6.909 Y15.282
G1 X6.978 Y15.370
G1 X7.046 Y15.457
G1 X7.111 Y15.541
G1 X7.172 Y15.624
G1 X7.230 Y15.703
G1 X7.284 Y15.778
G1 X7.334 Y15.849
G1 X7.378 Y15.916
G1 X7.418 Y15.977
G1 X7.452 Y16.034
G1 X7.481 Y16.086
G1 X7.499 Y16.121
G1 X7.509 Y16.141
G1 X7.518 Y16.124
G1 X7.540 Y16.080
G1 X7.568 Y16.030
G1 X7.601 Y15.976
G1 X7.639 Y15.916
G1 X7.683 Y15.851
G1 X7.731 Y15.781
G1 X7.783 Y15.708
G1 X7.840 Y15.630
G1 X7.900 Y15.551
G1 X7.962 Y15.468
G1 X8.028 Y15.384
G1 X8.096 Y15.297
G1 X8.165 Y15.211
G1 X8.236 Y15.125
G1 X8.308 Y15.038
G1 X8.381 Y14.953
G1 X8.498 Y14.817
G1 X8.605 Y14.697
G1 X8.702 Y14.592
G1 X8.794 Y14.500
G1 X8.880 Y14.421
G1 X8.956 Y14.362
G1 X8.967 Y14.354
G1 X9.041 Y14.308
G1 X9.055 Y14.301
G1 X9.128 Y14.269
G1 X9.146 Y14.262
G1 X9.219 Y14.243
G1 X9.241 Y14.239
G1 X9.314 Y14.233
G1 X9.334 Y14.233
G1 X9.410 Y14.239
G1 X9.427 Y14.242
G1 X9.506 Y14.259
G1 X9.518 Y14.262
G1 X9.609 Y14.292
G1 X9.705 Y14.331
G1 X9.806 Y14.377
G1 X9.914 Y14.430
G1 X9.982 Y14.462
G1 X10.061 Y14.494
G1 X10.151 Y14.527
G1 X10.252 Y14.561
G1 X10.360 Y14.596
G1 X10.477 Y14.630
G1 X10.601 Y14.664
G1 X10.730 Y14.696
G1 X10.862 Y14.728
G1 X11.000 Y14.759
G1 X11.000 Y14.759
G1 X11.138 Y14.788
G1 X11.138 Y14.788
G1 X11.280 Y14.816
G1 X11.418 Y14.841
G1 X11.560 Y14.864
G1 X11.696 Y14.884
G1 X11.831 Y14.902
G1 X13.054 Y15.052
G1 X13.871 Y13.943
G1 X13.959 Y13.822
G1 X14.046 Y13.699
G1 X14.130 Y13.576
G1 X14.212 Y13.453
G1 X14.291 Y13.330
G1 X14.366 Y13.211
G1 X14.366 Y13.211
G1 X14.437 Y13.092
G1 X14.503 Y12.980
G1 X14.565 Y12.870
G1 X14.620 Y12.768
G1 X14.669 Y12.671
G1 X14.712 Y12.583
G1 X14.748 Y12.500
G1 X14.774 Y12.434
G1 X14.794 Y12.374
G1 X14.820 Y12.267
G1 X14.824 Y12.255
G1 X14.844 Y12.200
G1 X14.850 Y12.188
G1 X14.876 Y12.136
G1 X14.882 Y12.126
G1 X14.915 Y12.077
G1 X14.922 Y12.067
G1 X14.960 Y12.021
G1 X14.967 Y12.013
G1 X15.018 Y11.962
G1 X15.074 Y11.916
G1 X15.134 Y11.873
G1 X15.199 Y11.833
G1 X15.267 Y11.798
G1 X15.339 Y11.765
G1 X15.414 Y11.736
G1 X15.493 Y11.710
G1 X15.575 Y11.687
G1 X15.660 Y11.667
G1 X15.748 Y11.651
G1 X15.787 Y11.645
G1 X14.723 Y11.604
G1 X14.601 Y11.600
G1 X14.370 Y11.589
G1 X14.258 Y11.584
G1 X14.150 Y11.579
G1 X14.045 Y11.573
G1 X13.942 Y11.567
G1 X13.843 Y11.560
G1 X13.746 Y11.554
G1 X13.652 Y11.547
G1 X13.561 Y11.540
G1 X13.471 Y11.532
G1 X13.385 Y11.524
G1 X13.301 Y11.516
G1 X13.220 Y11.507
G1 X13.141 Y11.498
G1 X13.064 Y11.488
G1 X12.989 Y11.478
G1 X12.917 Y11.467
G1 X12.846 Y11.456
G1 X12.777 Y11.443
G1 X12.711 Y11.430
G1 X12.646 Y11.417
G1 X12.583 Y11.403
G1 X12.522 Y11.388
G1 X12.462 Y11.372
G1 X12.404 Y11.355
G1 X12.348 Y11.338
G1 X12.293 Y11.320
G1 X12.241 Y11.300
G1 X12.188 Y11.280
G1 X12.138 Y11.259
G1 X12.089 Y11.237
G1 X12.041 Y11.213
G1 X11.995 Y11.189
G1 X11.950 Y11.164
G1 X11.906 Y11.137
G1 X11.863 Y11.109
G1 X11.822 Y11.080
G1 X11.781 Y11.051
G1 X11.742 Y11.020
G1 X11.704 Y10.987
G1 X11.667 Y10.954
G1 X11.631 Y10.920
G1 X11.596 Y10.884
G1 X11.561 Y10.848
G1 X11.528 Y10.810
G1 X11.495 Y10.771
G1 X11.463 Y10.731
G1 X11.432 Y10.690
G1 X11.400 Y10.648
G1 X11.370 Y10.604
G1 X11.340 Y10.560
G1 X11.311 Y10.514
G1 X11.282 Y10.467
G1 X11.252 Y10.419
G1 X11.224 Y10.369
G1 X11.195 Y10.318
G1 X11.166 Y10.266
G1 X11.137 Y10.213
G1 X11.108 Y10.157
G1 X11.079 Y10.102
G1 X11.049 Y10.043
G1 X10.992 Y9.927
G1 X10.941 Y9.821
G1 X10.899 Y9.722
G1 X10.863 Y9.628
G1 X10.835 Y9.539
G1 X10.818 Y9.464
G1 X10.816 Y9.452
G1 X10.808 Y9.380
G1 X10.807 Y9.366
G1 X10.808 Y9.296
G1 X10.809 Y9.282
G1 X10.818 Y9.213
G1 X10.821 Y9.200
G1 X10.839 Y9.133
G1 X10.843 Y9.120
G1 X10.874 Y9.042
G1 X10.914 Y8.964
G1 X10.961 Y8.886
G1 X11.016 Y8.803
G1 X11.080 Y8.715
G1 X11.151 Y8.622
G1 X11.594 Y8.045
G1 X11.604 Y8.034
G1 X11.614 Y8.025
G1 X11.626 Y8.016
G1 X11.637 Y8.009
G1 X11.651 Y8.003
G1 X11.662 Y7.999
G1 X11.677 Y7.994
G1 X11.690 Y7.992
G1 X11.705 Y7.990
G1 X11.717 Y7.990
G1 X11.733 Y7.991
G1 X11.745 Y7.993
G1 X11.760 Y7.997
G1 X11.772 Y8.001
G1 X11.786 Y8.007
G1 X11.798 Y8.014
G1 X11.812 Y8.024
G1 X11.817 Y8.028
G1 X12.475 Y8.607
G1 X12.545 Y8.667
G1 X12.611 Y8.719
G1 X12.684 Y8.772
G1 X12.758 Y8.823
G1 X12.759 Y8.824
G1 X12.760 Y8.825
G1 X12.836 Y8.873
G1 X12.909 Y8.917
G1 X12.990 Y8.962
G1 X13.062 Y9.000
G1 X13.139 Y9.037
G1 X13.213 Y9.069
G1 X13.281 Y9.096
G1 X13.351 Y9.120
G1 X13.414 Y9.138
G1 X13.469 Y9.151
G1 X13.519 Y9.159
G1 X13.567 Y9.163
G1 X13.631 Y9.166
G1 X13.701 Y9.173
G1 X13.777 Y9.182
G1 X13.859 Y9.195
G1 X13.945 Y9.210
G1 X14.036 Y9.228
G1 X14.130 Y9.248
G1 X14.227 Y9.270
G1 X14.326 Y9.294
G1 X14.427 Y9.320
G1 X14.529 Y9.348
G1 X14.631 Y9.378
G1 X14.732 Y9.409
G1 X14.832 Y9.441
G1 X14.930 Y9.474
G1 X15.025 Y9.507
G1 X15.166 Y9.558
G1 X15.290 Y9.602
G1 X15.395 Y9.638
G1 X15.489 Y9.668
G1 X15.541 Y9.682
G1 X15.516 Y9.633
G1 X15.492 Y9.580
G1 X15.467 Y9.520
G1 X15.442 Y9.452
G1 X15.417 Y9.378
G1 X15.391 Y9.296
G1 X15.365 Y9.208
G1 X15.339 Y9.115
G1 X15.313 Y9.017
G1 X15.287 Y8.915
G1 X15.262 Y8.809
G1 X15.238 Y8.701
G1 X15.214 Y8.591
G1 X15.191 Y8.479
G1 X15.169 Y8.367
G1 X15.149 Y8.255
G1 X15.131 Y8.147
G1 X15.112 Y8.040
G1 X15.088 Y7.932
G1 X15.058 Y7.815
G1 X15.058 Y7.814
G1 X15.026 Y7.704
G1 X14.990 Y7.588
G1 X14.950 Y7.473
G1 X14.906 Y7.356
G1 X14.906 Y7.356
G1 X14.859 Y7.241
G1 X14.813 Y7.134
G1 X14.763 Y7.027
G1 X14.712 Y6.925
G1 X14.658 Y6.825
G1 X14.607 Y6.738
G1 X14.553 Y6.653
G1 X14.499 Y6.577
G1 X14.449 Y6.514
G1 X13.903 Y5.864
G1 X13.894 Y5.851
G1 X13.888 Y5.840
G1 X13.882 Y5.827
G1 X13.879 Y5.816
G1 X13.875 Y5.801
G1 X13.874 Y5.789
G1 X13.873 Y5.774
G1 X13.874 Y5.761
G1 X13.876 Y5.747
G1 X13.879 Y5.736
G1 X13.884 Y5.722
G1 X13.889 Y5.710
G1 X13.897 Y5.697
G1 X13.906 Y5.686
G1 X13.919 Y5.672
G1 X13.924 Y5.667
G1 X14.433 Y5.234
G1 X14.495 Y5.184
G1 X14.558 Y5.137
G1 X14.621 Y5.094
G1 X14.685 Y5.056
G1 X14.751 Y5.020
G1 X14.817 Y4.990
G1 X14.884 Y4.963
G1 X14.952 Y4.941
G1 X15.021 Y4.923
G1 X15.091 Y4.909
G1 X15.161 Y4.900
G1 X15.232 Y4.896
G1 X15.302 Y4.896
G1 X15.374 Y4.900
G1 X15.446 Y4.909
G1 X15.517 Y4.922
G1 X15.589 Y4.940
G1 X15.660 Y4.961
G1 X15.733 Y4.987
G1 X15.804 Y5.017
G1 X15.877 Y5.051
G1 X15.949 Y5.089
G1 X16.022 Y5.131
G1 X16.095 Y5.176
G1 X16.169 Y5.226
G1 X16.243 Y5.279
G1 X16.318 Y5.336
G1 X16.393 Y5.397
G1 X16.470 Y5.462
G1 X16.547 Y5.531
G1 X16.624 Y5.603
G1 X16.703 Y5.679
G1 X16.754 Y5.731
G1 X16.804 Y5.783
G1 X16.851 Y5.833
G1 X16.874 Y5.859
G1 X16.895 Y5.884
G1 X16.917 Y5.910
G1 X16.938 Y5.936
G1 X16.959 Y5.962
G1 X16.979 Y5.989
G1 X16.999 Y6.016
G1 X17.017 Y6.043
G1 X17.036 Y6.072
G1 X17.053 Y6.100
G1 X17.070 Y6.129
G1 X17.087 Y6.158
G1 X17.103 Y6.189
G1 X17.118 Y6.219
G1 X17.133 Y6.251
G1 X17.147 Y6.283
G1 X17.160 Y6.316
G1 X17.174 Y6.350
G1 X17.186 Y6.384
G1 X17.198 Y6.419
G1 X17.210 Y6.456
G1 X17.221 Y6.493
G1 X17.231 Y6.532
G1 X17.241 Y6.571
G1 X17.251 Y6.611
G1 X17.260 Y6.653
G1 X17.269 Y6.696
G1 X17.277 Y6.740
G1 X17.286 Y6.786
G1 X17.293 Y6.832
G1 X17.300 Y6.881
G1 X17.308 Y6.931
G1 X17.314 Y6.983
G1 X17.321 Y7.036
G1 X17.327 Y7.090
G1 X17.333 Y7.147
G1 X17.339 Y7.206
G1 X17.344 Y7.266
G1 X17.349 Y7.328
G1 X17.354 Y7.393
G1 X17.359 Y7.459
G1 X17.364 Y7.528
G1 X17.373 Y7.671
G1 X17.377 Y7.746
G1 X17.385 Y7.904
G1 X17.393 Y8.072
G1 X17.400 Y8.249
G1 X17.411 Y8.537
G1 X17.418 Y8.743
G1 X17.446 Y9.643
G1 X17.449 Y9.632
G1 X17.478 Y9.557
G1 X17.511 Y9.485
G1 X17.549 Y9.416
G1 X17.591 Y9.349
G1 X17.639 Y9.287
G1 X17.691 Y9.227
G1 X17.747 Y9.170
G1 X17.807 Y9.116
G1 X17.872 Y9.065
G1 X17.941 Y9.017
G1 X18.014 Y8.971
G1 X18.091 Y8.926
G1 X18.171 Y8.884
G1 X18.256 Y8.843
G1 X18.433 Y8.764
G1 X18.523 Y8.721
G1 X18.619 Y8.673
G1 X18.719 Y8.621
G1 X18.821 Y8.565
G1 X18.921 Y8.508
G1 X18.922 Y8.507
G1 X19.027 Y8.445
G1 X19.027 Y8.445
G1 X19.130 Y8.382
G1 X19.130 Y8.382
G1 X19.233 Y8.317
G1 X19.333 Y8.253
G1 X19.332 Y8.252
G1 X19.431 Y8.186
G1 X19.525 Y8.120
G1 X19.615 Y8.055
G1 X19.698 Y7.993
G1 X19.778 Y7.930
G1 X19.850 Y7.869
G1 X19.850 Y7.869
G1 X19.994 Y7.747
G1 X20.138 Y7.630
G1 X20.278 Y7.520
G1 X20.410 Y7.420
G1 X20.531 Y7.332
G1 X20.638 Y7.259
G1 X20.723 Y7.207
G1 X20.733 Y7.202
G1 X20.764 Y7.187
G1 X20.770 Y7.167
G1 X20.777 Y7.117
G1 X20.783 Y7.044
G1 X20.783 Y7.043
G1 X20.783 Y7.042
G1 X20.785 Y6.963
G1 X20.783 Y6.863
G1 X20.778 Y6.751
G1 X20.770 Y6.632
G1 X20.770 Y6.632
G1 X20.758 Y6.501
G1 X20.743 Y6.365
G1 X20.725 Y6.222
G1 X20.725 Y6.221
G1 X20.705 Y6.072
G1 X20.705 Y6.072
G1 X20.682 Y5.918
G1 X20.657 Y5.761
G1 X20.629 Y5.602
G1 X20.600 Y5.442
G1 X20.569 Y5.282
G1 X20.569 Y5.282
G1 X20.536 Y5.122
G1 X20.536 Y5.121
G1 X20.502 Y4.966
G1 X20.502 Y4.966
G1 X20.473 Y4.838
G1 X20.487 Y4.921
G1 X20.501 Y5.017
G1 X20.513 Y5.114
G1 X20.525 Y5.212
G1 X20.535 Y5.310
G1 X20.544 Y5.409
G1 X20.552 Y5.506
G1 X20.558 Y5.603
G1 X20.563 Y5.699
G1 X20.566 Y5.792
G1 X20.568 Y5.883
G1 X20.569 Y5.972
G1 X20.568 Y6.057
G1 X20.565 Y6.139
G1 X20.561 Y6.217
G1 X20.556 Y6.291
G1 X20.548 Y6.360
G1 X20.539 Y6.425
G1 X20.527 Y6.486
G1 X20.512 Y6.542
G1 X20.498 Y6.584
G1 X20.493 Y6.596
G1 X20.475 Y6.632
G1 X20.465 Y6.649
G1 X20.445 Y6.677
G1 X20.435 Y6.688
G1 X20.428 Y6.695
G1 X20.418 Y6.703
G1 X20.395 Y6.720
G1 X20.382 Y6.728
G1 X20.369 Y6.735
G1 X20.350 Y6.742
G1 X20.342 Y6.744
G1 X20.316 Y6.750
G1 X20.301 Y6.753
G1 X20.286 Y6.753
G1 X20.266 Y6.752
G1 X20.258 Y6.751
G1 X20.203 Y6.741
G1 X20.186 Y6.737
G1 X20.101 Y6.709
G1 X19.999 Y6.669
G1 X19.879 Y6.616
G1 X19.745 Y6.553
G1 X19.600 Y6.482
G1 X19.446 Y6.404
G1 X19.287 Y6.321
G1 X19.126 Y6.234
G1 X18.967 Y6.145
G1 X18.812 Y6.057
G1 X18.664 Y5.970
G1 X18.528 Y5.886
G1 X18.405 Y5.807
G1 X18.299 Y5.734
G1 X18.209 Y5.665
G1 X18.165 Y5.624
G1 X18.155 Y5.614
G1 X18.118 Y5.571
G1 X18.107 Y5.555
G1 X18.080 Y5.509
G1 X18.071 Y5.490
G1 X18.054 Y5.441
G1 X18.050 Y5.426
G1 X18.048 Y5.419
G1 X18.041 Y5.366
G1 X18.040 Y5.345
G1 X18.043 Y5.290
G1 X18.046 Y5.272
G1 X18.059 Y5.214
G1 X18.063 Y5.199
G1 X18.086 Y5.138
G1 X18.091 Y5.127
G1 X18.128 Y5.053
G1 X18.174 Y4.976
G1 X18.231 Y4.894
G1 X18.297 Y4.808
G1 X18.373 Y4.714
G1 X18.460 Y4.614
G1 X18.558 Y4.506
G1 X18.667 Y4.390
G1 X18.753 Y4.299
G1 X18.834 Y4.215
G1 X18.912 Y4.136
G1 X18.986 Y4.062
G1 X19.056 Y3.993
G1 X19.124 Y3.930
G1 X19.188 Y3.871
G1 X19.250 Y3.818
G1 X19.309 Y3.769
G1 X19.367 Y3.726
G1 X19.423 Y3.687
G1 X19.479 Y3.653
G1 X19.534 Y3.624
G1 X19.579 Y3.605
G1 X19.590 Y3.601
G1 X19.634 Y3.587
G1 X19.648 Y3.583
G1 X19.690 Y3.575
G1 X19.707 Y3.573
G1 X19.748 Y3.570
G1 X19.766 Y3.571
G1 X19.806 Y3.574
G1 X19.826 Y3.578
G1 X19.864 Y3.587
G1 X19.882 Y3.594
G1 X19.917 Y3.609
G1 X19.934 Y3.617
G1 X19.968 Y3.638
G1 X19.981 Y3.648
G1 X20.013 Y3.674
G1 X20.022 Y3.682
G1 X20.053 Y3.713
G1 X20.060 Y3.722
G1 X20.094 Y3.764
G1 X20.127 Y3.811
G1 X20.157 Y3.861
G1 X20.186 Y3.916
G1 X20.215 Y3.974
G1 X20.243 Y4.036
G1 X20.271 Y4.103
G1 X20.278 Y4.120
G1 X20.243 Y4.017
G1 X20.208 Y3.922
G1 X20.171 Y3.832
G1 X20.136 Y3.759
G1 X20.105 Y3.704
G1 X20.075 Y3.661
G1 X20.036 Y3.609
G1 X20.030 Y3.599
G1 X19.999 Y3.548
G1 X19.993 Y3.535
G1 X19.969 Y3.483
G1 X19.964 Y3.467
G1 X19.949 Y3.414
G1 X19.946 Y3.395
G1 X19.941 Y3.341
G1 X19.941 Y3.322
G1 X19.945 Y3.267
G1 X19.948 Y3.249
G1 X19.961 Y3.193
G1 X19.966 Y3.178
G1 X19.989 Y3.121
G1 X19.995 Y3.109
G1 X20.028 Y3.049
G1 X20.033 Y3.040
G1 X20.080 Y2.971
G1 X20.136 Y2.901
G1 X20.201 Y2.828
G1 X20.276 Y2.752
G1 X20.360 Y2.671
G1 X20.455 Y2.585
G1 X20.559 Y2.493
G1 X20.637 Y2.426
G1 X20.717 Y2.359
G1 X20.798 Y2.292
G1 X20.881 Y2.224
G1 X20.963 Y2.158
G1 X21.045 Y2.092
G1 X21.125 Y2.028
G1 X21.205 Y1.966
G1 X21.282 Y1.907
G1 X21.357 Y1.851
G1 X21.428 Y1.797
G1 X21.497 Y1.748
G1 X21.560 Y1.702
G1 X21.619 Y1.661
G1 X21.674 Y1.625
G1 X21.840 Y1.519
G1 X21.910 Y1.469
G1 X21.840 Y1.418
G1 X21.671 Y1.310
G1 X21.617 Y1.275
G1 X21.559 Y1.234
G1 X21.495 Y1.189
G1 X21.427 Y1.139
G1 X21.356 Y1.086
G1 X21.281 Y1.029
G1 X21.204 Y0.970
G1 X21.125 Y0.908
G1 X21.044 Y0.844
G1 X20.962 Y0.779
G1 X20.880 Y0.712
G1 X20.798 Y0.645
G1 X20.716 Y0.577
G1 X20.636 Y0.510
G1 X20.558 Y0.443
G1 X20.452 Y0.351
G1 X20.357 Y0.264
G1 X20.272 Y0.182
G1 X20.197 Y0.104
G1 X20.131 Y0.029
G1 X20.074 Y-0.043
G1 X20.031 Y-0.106
G1 X20.026 Y-0.115
G1 X19.993 Y-0.175
G1 X19.988 Y-0.187
G1 X19.965 Y-0.245
G1 X19.960 Y-0.260
G1 X19.947 Y-0.318
G1 X19.944 Y-0.335
G1 X19.941 Y-0.390
G1 X19.941 Y-0.409
G1 X19.947 Y-0.464
G1 X19.950 Y-0.482
G1 X19.965 Y-0.534
G1 X19.971 Y-0.550
G1 X19.995 Y-0.602
G1 X20.001 Y-0.614
G1 X20.031 Y-0.664
G1 X20.038 Y-0.674
G1 X20.075 Y-0.724
G1 X20.102 Y-0.763
G1 X20.131 Y-0.816
G1 X20.165 Y-0.887
G1 X20.200 Y-0.973
G1 X20.216 Y-1.017
G1 X20.194 Y-0.981
G1 X20.188 Y-0.971
G1 X20.150 Y-0.922
G1 X20.141 Y-0.911
G1 X20.100 Y-0.869
G1 X20.087 Y-0.858
G1 X20.043 Y-0.824
G1 X20.027 Y-0.813
G1 X19.979 Y-0.788
G1 X19.960 Y-0.780
G1 X19.909 Y-0.763
G1 X19.888 Y-0.759
G1 X19.835 Y-0.751
G1 X19.815 Y-0.750
G1 X19.759 Y-0.751
G1 X19.742 Y-0.752
G1 X19.685 Y-0.761
G1 X19.670 Y-0.764
G1 X19.610 Y-0.781
G1 X19.599 Y-0.785
G1 X19.527 Y-0.813
G1 X19.455 Y-0.848
G1 X19.381 Y-0.890
G1 X19.305 Y-0.939
G1 X19.226 Y-0.995
G1 X19.145 Y-1.057
G1 X19.060 Y-1.125
G1 X18.972 Y-1.200
G1 X18.880 Y-1.282
G1 X18.783 Y-1.371
G1 X18.695 Y-1.455
G1 X18.610 Y-1.539
G1 X18.529 Y-1.623
G1 X18.453 Y-1.705
G1 X18.382 Y-1.787
G1 X18.316 Y-1.866
G1 X18.254 Y-1.943
G1 X18.199 Y-2.017
G1 X18.150 Y-2.089
G1 X18.106 Y-2.158
G1 X18.070 Y-2.224
G1 X18.040 Y-2.288
G1 X18.022 Y-2.338
G1 X18.018 Y-2.353
G1 X18.008 Y-2.399
G1 X18.006 Y-2.415
G1 X18.006 Y-2.422
G1 X18.006 Y-2.462
G1 X18.007 Y-2.476
G1 X18.009 Y-2.486
G1 X18.013 Y-2.501
G1 X18.024 Y-2.533
G1 X18.030 Y-2.547
G1 X18.035 Y-2.555
G1 X18.042 Y-2.566
G1 X18.062 Y-2.594
G1 X18.071 Y-2.605
G1 X18.105 Y-2.640
G1 X18.144 Y-2.677
G1 X18.190 Y-2.715
G1 X18.241 Y-2.756
G1 X18.297 Y-2.797
G1 X18.359 Y-2.842
G1 X18.426 Y-2.887
G1 X18.497 Y-2.934
G1 X18.572 Y-2.982
G1 X18.650 Y-3.031
G1 X18.732 Y-3.081
G1 X18.815 Y-3.132
G1 X18.902 Y-3.182
G1 X18.989 Y-3.232
G1 X19.077 Y-3.282
G1 X19.166 Y-3.332
G1 X19.255 Y-3.380
G1 X19.343 Y-3.427
G1 X19.431 Y-3.473
G1 X19.517 Y-3.517
G1 X19.601 Y-3.559
G1 X19.682 Y-3.598
G1 X19.762 Y-3.635
G1 X19.837 Y-3.669
G1 X19.909 Y-3.700
G1 X19.977 Y-3.727
G1 X20.041 Y-3.752
G1 X20.102 Y-3.772
G1 X20.159 Y-3.788
G1 X20.202 Y-3.798
G1 X20.214 Y-3.800
G1 X20.254 Y-3.805
G1 X20.270 Y-3.805
G1 X20.283 Y-3.804
G1 X20.307 Y-3.801
G1 X20.333 Y-3.793
G1 X20.348 Y-3.788
G1 X20.359 Y-3.783
G1 X20.373 Y-3.776
G1 X20.382 Y-3.769
G1 X20.395 Y-3.758
G1 X20.419 Y-3.736
G1 X20.429 Y-3.725
G1 X20.435 Y-3.717
G1 X20.441 Y-3.707
G1 X20.461 Y-3.672
G1 X20.468 Y-3.656
G1 X20.485 Y-3.612
G1 X20.488 Y-3.601
G1 X20.504 Y-3.540
G1 X20.517 Y-3.471
G1 X20.527 Y-3.395
G1 X20.535 Y-3.311
G1 X20.540 Y-3.220
G1 X20.543 Y-3.122
G1 X20.544 Y-3.017
G1 X20.543 Y-2.907
G1 X20.539 Y-2.791
G1 X20.533 Y-2.671
G1 X20.524 Y-2.546
G1 X20.513 Y-2.418
G1 X20.498 Y-2.258
G1 X20.481 Y-2.107
G1 X20.463 Y-1.964
G1 X20.445 Y-1.830
G1 X20.434 Y-1.761
G1 X20.458 Y-1.861
G1 X20.494 Y-2.015
G1 X20.528 Y-2.172
G1 X20.562 Y-2.331
G1 X20.594 Y-2.492
G1 X20.624 Y-2.652
G1 X20.653 Y-2.813
G1 X20.653 Y-2.813
G1 X20.679 Y-2.969
G1 X20.704 Y-3.123
G1 X20.726 Y-3.273
G1 X20.745 Y-3.418
G1 X20.745 Y-3.418
G1 X20.762 Y-3.555
G1 X20.775 Y-3.685
G1 X20.786 Y-3.809
G1 X20.786 Y-3.810
G1 X20.793 Y-3.919
G1 X20.796 Y-4.018
G1 X20.796 Y-4.103
G1 X20.793 Y-4.176
G1 X20.787 Y-4.226
G1 X20.782 Y-4.244
G1 X20.781 Y-4.244
G1 X20.740 Y-4.268
G1 X20.692 Y-4.298
G1 X20.637 Y-4.335
G1 X20.574 Y-4.378
G1 X20.504 Y-4.427
G1 X20.429 Y-4.483
G1 X20.347 Y-4.543
G1 X20.260 Y-4.608
G1 X20.168 Y-4.677
G1 X20.072 Y-4.751
G1 X19.973 Y-4.828
G1 X19.871 Y-4.908
G1 X19.767 Y-4.991
G1 X19.661 Y-5.075
G1 X19.556 Y-5.161
G1 X19.450 Y-5.245
G1 X19.345 Y-5.325
G1 X19.238 Y-5.404
G1 X19.130 Y-5.481
G1 X19.025 Y-5.552
G1 X19.025 Y-5.552
G1 X18.922 Y-5.619
G1 X18.821 Y-5.682
G1 X18.724 Y-5.739
G1 X18.627 Y-5.794
G1 X18.626 Y-5.795
G1 X18.542 Y-5.839
G1 X18.459 Y-5.879
G1 X18.383 Y-5.912
G1 X18.319 Y-5.937
G1 X18.264 Y-5.955
G1 X18.221 Y-5.965
G1 X18.187 Y-5.968
G1 X18.126 Y-5.970
G1 X18.185 Y-5.946
G1 X18.281 Y-5.903
G1 X18.390 Y-5.851
G1 X18.509 Y-5.792
G1 X18.638 Y-5.727
G1 X18.774 Y-5.656
G1 X18.920 Y-5.573
G1 X19.072 Y-5.476
G1 X19.228 Y-5.367
G1 X19.383 Y-5.251
G1 X19.532 Y-5.131
G1 X19.673 Y-5.008
G1 X19.801 Y-4.887
G1 X19.909 Y-4.774
G1 X19.987 Y-4.684
G1 X20.057 Y-4.603
G1 X20.117 Y-4.529
G1 X20.169 Y-4.458
G1 X20.204 Y-4.400
G1 X20.210 Y-4.387
G1 X20.231 Y-4.340
G1 X20.234 Y-4.333
G1 X20.239 Y-4.316
G1 X20.240 Y-4.309
G1 X20.249 Y-4.261
G1 X20.250 Y-4.246
G1 X20.251 Y-4.236
G1 X20.250 Y-4.223
G1 X20.244 Y-4.179
G1 X20.240 Y-4.164
G1 X20.237 Y-4.153
G1 X20.230 Y-4.139
G1 X20.212 Y-4.103
G1 X20.208 Y-4.096
G1 X20.195 Y-4.077
G1 X20.189 Y-4.070
G1 X20.153 Y-4.031
G1 X20.137 Y-4.017
G1 X20.088 Y-3.981
G1 X20.076 Y-3.974
G1 X20.007 Y-3.934
G1 X19.927 Y-3.896
G1 X19.835 Y-3.856
G1 X19.729 Y-3.814
G1 X19.607 Y-3.766
G1 X19.452 Y-3.708
G1 X19.282 Y-3.649
G1 X19.102 Y-3.590
G1 X18.917 Y-3.533
G1 X18.732 Y-3.479
G1 X18.554 Y-3.431
G1 X18.386 Y-3.389
G1 X18.237 Y-3.355
G1 X18.122 Y-3.332
G1 X18.068 Y-3.323
G1 X18.017 Y-3.314
G1 X17.968 Y-3.307
G1 X17.919 Y-3.301
G1 X17.873 Y-3.298
G1 X17.826 Y-3.297
G1 X17.781 Y-3.300
G1 X17.747 Y-3.304
G1 X17.735 Y-3.306
G1 X17.703 Y-3.314
G1 X17.689 Y-3.318
G1 X17.659 Y-3.329
G1 X17.644 Y-3.335
G1 X17.617 Y-3.349
G1 X17.603 Y-3.358
G1 X17.578 Y-3.376
G1 X17.565 Y-3.387
G1 X17.542 Y-3.409
G1 X17.532 Y-3.421
G1 X17.512 Y-3.446
G1 X17.505 Y-3.457
G1 X17.489 Y-3.484
G1 X17.482 Y-3.496
G1 X17.464 Y-3.536
G1 X17.450 Y-3.578
G1 X17.438 Y-3.623
G1 X17.428 Y-3.670
G1 X17.420 Y-3.720
G1 X17.413 Y-3.773
G1 X17.408 Y-3.830
G1 X17.404 Y-3.891
G1 X17.401 Y-3.957
G1 X17.399 Y-4.027
G1 X17.397 Y-4.102
G1 X17.396 Y-4.182
G1 X17.396 Y-4.268
G1 X17.395 Y-4.456
G1 X17.397 Y-4.634
G1 X17.401 Y-4.801
G1 X17.409 Y-4.957
G1 X17.421 Y-5.101
G1 X17.435 Y-5.234
G1 X17.454 Y-5.357
G1 X17.476 Y-5.469
G1 X17.502 Y-5.572
G1 X17.533 Y-5.665
G1 X17.565 Y-5.738
G1 X17.571 Y-5.749
G1 X17.607 Y-5.812
G1 X17.615 Y-5.825
G1 X17.656 Y-5.878
G1 X17.670 Y-5.893
G1 X17.715 Y-5.934
G1 X17.734 Y-5.948
G1 X17.778 Y-5.975
G1 X17.785 Y-5.978
G1 X17.803 Y-5.986
G1 X17.810 Y-5.989
G1 X17.857 Y-6.005
G1 X17.865 Y-6.007
G1 X17.883 Y-6.011
G1 X17.891 Y-6.012
G1 X17.919 Y-6.015
G1 X17.887 Y-6.027
G1 X17.877 Y-6.031
G1 X17.832 Y-6.054
G1 X17.821 Y-6.059
G1 X17.780 Y-6.085
G1 X17.770 Y-6.092
G1 X17.729 Y-6.123
G1 X17.721 Y-6.130
G1 X17.684 Y-6.164
G1 X17.676 Y-6.172
G1 X17.636 Y-6.219
G1 X17.599 Y-6.268
G1 X17.567 Y-6.322
G1 X17.538 Y-6.378
G1 X17.513 Y-6.439
G1 X17.491 Y-6.502
G1 X17.472 Y-6.568
G1 X17.457 Y-6.638
G1 X17.446 Y-6.701
G1 X17.421 Y-5.916
G1 X17.411 Y-5.634
G1 X17.404 Y-5.456
G1 X17.397 Y-5.288
G1 X17.389 Y-5.128
G1 X17.377 Y-4.902
G1 X17.368 Y-4.761
G1 X17.359 Y-4.628
G1 X17.354 Y-4.563
G1 X17.344 Y-4.439
G1 X17.333 Y-4.322
G1 X17.327 Y-4.267
G1 X17.322 Y-4.212
G1 X17.315 Y-4.158
G1 X17.309 Y-4.107
G1 X17.302 Y-4.056
G1 X17.296 Y-4.007
G1 X17.289 Y-3.959
G1 X17.281 Y-3.912
G1 X17.274 Y-3.867
G1 X17.266 Y-3.823
G1 X17.258 Y-3.780
G1 X17.250 Y-3.737
G1 X17.241 Y-3.697
G1 X17.232 Y-3.657
G1 X17.223 Y-3.618
G1 X17.214 Y-3.580
G1 X17.204 Y-3.543
G1 X17.193 Y-3.507
G1 X17.183 Y-3.472
G1 X17.172 Y-3.438
G1 X17.160 Y-3.404
G1 X17.149 Y-3.372
G1 X17.136 Y-3.339
G1 X17.124 Y-3.308
G1 X17.111 Y-3.277
G1 X17.098 Y-3.247
G1 X17.084 Y-3.218
G1 X17.070 Y-3.189
G1 X17.055 Y-3.161
G1 X17.040 Y-3.133
G1 X17.024 Y-3.106
G1 X17.009 Y-3.080
G1 X16.992 Y-3.054
G1 X16.976 Y-3.028
G1 X16.959 Y-3.003
G1 X16.941 Y-2.979
G1 X16.923 Y-2.954
G1 X16.905 Y-2.930
G1 X16.886 Y-2.906
G1 X16.867 Y-2.883
G1 X16.848 Y-2.860
G1 X16.827 Y-2.837
G1 X16.753 Y-2.755
G1 X16.679 Y-2.677
G1 X16.605 Y-2.603
G1 X16.531 Y-2.532
G1 X16.457 Y-2.466
G1 X16.382 Y-2.403
G1 X16.308 Y-2.345
G1 X16.233 Y-2.291
G1 X16.158 Y-2.240
G1 X16.083 Y-2.194
G1 X16.008 Y-2.152
G1 X15.932 Y-2.113
G1 X15.857 Y-2.079
G1 X15.781 Y-2.049
G1 X15.705 Y-2.024
G1 X15.628 Y-2.003
G1 X15.552 Y-1.986
G1 X15.476 Y-1.974
G1 X15.400 Y-1.967
G1 X15.324 Y-1.964
G1 X15.248 Y-1.965
G1 X15.173 Y-1.972
G1 X15.098 Y-1.983
G1 X15.025 Y-1.999
G1 X14.951 Y-2.019
G1 X14.880 Y-2.044
G1 X14.808 Y-2.073
G1 X14.738 Y-2.107
G1 X14.669 Y-2.145
G1 X14.601 Y-2.187
G1 X14.535 Y-2.234
G1 X14.472 Y-2.282
G1 X13.920 Y-2.727
G1 X13.909 Y-2.738
G1 X13.901 Y-2.747
G1 X13.892 Y-2.760
G1 X13.886 Y-2.770
G1 X13.880 Y-2.784
G1 X13.875 Y-2.795
G1 X13.872 Y-2.810
G1 X13.870 Y-2.821
G1 X13.870 Y-2.836
G1 X13.870 Y-2.848
G1 X13.872 Y-2.863
G1 X13.875 Y-2.875
G1 X13.881 Y-2.889
G1 X13.887 Y-2.902
G1 X13.898 Y-2.920
G1 X13.903 Y-2.927
G1 X14.445 Y-3.571
G1 X14.499 Y-3.640
G1 X14.549 Y-3.711
G1 X14.605 Y-3.799
G1 X14.657 Y-3.887
G1 X14.709 Y-3.982
G1 X14.761 Y-4.087
G1 X14.811 Y-4.194
G1 X14.859 Y-4.303
G1 X14.859 Y-4.303
G1 X14.905 Y-4.417
G1 X14.905 Y-4.417
G1 X14.949 Y-4.535
G1 X14.950 Y-4.537
G1 X14.988 Y-4.648
G1 X15.026 Y-4.767
G1 X15.058 Y-4.876
G1 X15.058 Y-4.878
G1 X15.087 Y-4.992
G1 X15.111 Y-5.101
G1 X15.131 Y-5.208
G1 X15.149 Y-5.319
G1 X15.170 Y-5.431
G1 X15.191 Y-5.543
G1 X15.214 Y-5.655
G1 X15.238 Y-5.765
G1 X15.263 Y-5.874
G1 X15.288 Y-5.979
G1 X15.314 Y-6.082
G1 X15.340 Y-6.180
G1 X15.366 Y-6.273
G1 X15.392 Y-6.361
G1 X15.418 Y-6.443
G1 X15.443 Y-6.519
G1 X15.469 Y-6.588
G1 X15.494 Y-6.650
G1 X15.517 Y-6.698
G1 X15.541 Y-6.745
G1 X15.488 Y-6.730
G1 X15.396 Y-6.701
G1 X15.290 Y-6.665
G1 X15.165 Y-6.621
G1 X15.024 Y-6.570
G1 X14.928 Y-6.536
G1 X14.830 Y-6.503
G1 X14.730 Y-6.471
G1 X14.628 Y-6.440
G1 X14.527 Y-6.410
G1 X14.425 Y-6.383
G1 X14.324 Y-6.356
G1 X14.225 Y-6.332
G1 X14.128 Y-6.310
G1 X14.033 Y-6.290
G1 X13.942 Y-6.272
G1 X13.856 Y-6.257
G1 X13.773 Y-6.244
G1 X13.696 Y-6.235
G1 X13.623 Y-6.228
G1 X13.566 Y-6.225
G1 X13.519 Y-6.222
G1 X13.470 Y-6.214
G1 X13.413 Y-6.201
G1 X13.349 Y-6.183
G1 X13.285 Y-6.160
G1 X13.213 Y-6.132
G1 X13.138 Y-6.099
G1 X13.064 Y-6.064
G1 X12.989 Y-6.024
G1 X12.909 Y-5.980
G1 X12.834 Y-5.935
G1 X12.758 Y-5.886
G1 X12.683 Y-5.835
G1 X12.611 Y-5.782
G1 X12.542 Y-5.727
G1 X12.478 Y-5.673
G1 X12.477 Y-5.672
G1 X11.812 Y-5.087
G1 X11.800 Y-5.078
G1 X11.789 Y-5.072
G1 X11.775 Y-5.065
G1 X11.764 Y-5.061
G1 X11.749 Y-5.057
G1 X11.737 Y-5.054
G1 X11.721 Y-5.053
G1 X11.708 Y-5.053
G1 X11.692 Y-5.054
G1 X11.680 Y-5.056
G1 X11.665 Y-5.060
G1 X11.654 Y-5.064
G1 X11.640 Y-5.071
G1 X11.629 Y-5.077
G1 X11.616 Y-5.086
G1 X11.606 Y-5.095
G1 X11.595 Y-5.107
G1 X11.590 Y-5.112
G1 X11.150 Y-5.685
G1 X11.076 Y-5.783
G1 X11.010 Y-5.873
G1 X10.953 Y-5.959
G1 X10.903 Y-6.041
G1 X10.867 Y-6.113
G1 X10.863 Y-6.124
G1 X10.836 Y-6.194
G1 X10.832 Y-6.206
G1 X10.815 Y-6.276
G1 X10.813 Y-6.291
G1 X10.805 Y-6.361
G1 X10.805 Y-6.375
G1 X10.807 Y-6.446
G1 X10.808 Y-6.460
G1 X10.819 Y-6.535
G1 X10.821 Y-6.546
G1 X10.844 Y-6.634
G1 X10.875 Y-6.724
G1 X10.915 Y-6.821
G1 X10.962 Y-6.927
G1 X11.018 Y-7.042
G1 X11.082 Y-7.170
G1 X11.109 Y-7.222
G1 X11.137 Y-7.274
G1 X11.165 Y-7.324
G1 X11.195 Y-7.374
G1 X11.226 Y-7.422
G1 X11.257 Y-7.470
G1 X11.289 Y-7.516
G1 X11.323 Y-7.562
G1 X11.357 Y-7.607
G1 X11.392 Y-7.651
G1 X11.429 Y-7.693
G1 X11.466 Y-7.735
G1 X11.504 Y-7.776
G1 X11.544 Y-7.815
G1 X11.584 Y-7.854
G1 X11.626 Y-7.892
G1 X11.669 Y-7.929
G1 X11.713 Y-7.965
G1 X11.758 Y-8.000
G1 X11.804 Y-8.034
G1 X11.852 Y-8.067
G1 X11.900 Y-8.099
G1 X11.949 Y-8.129
G1 X12.001 Y-8.160
G1 X12.053 Y-8.189
G1 X12.106 Y-8.217
G1 X12.161 Y-8.244
G1 X12.217 Y-8.270
G1 X12.274 Y-8.295
G1 X12.332 Y-8.320
G1 X12.392 Y-8.343
G1 X12.453 Y-8.366
G1 X12.516 Y-8.388
G1 X12.579 Y-8.409
G1 X12.644 Y-8.429
G1 X12.711 Y-8.448
G1 X12.779 Y-8.467
G1 X12.848 Y-8.484
G1 X12.919 Y-8.501
G1 X12.991 Y-8.517
G1 X13.065 Y-8.532
G1 X13.140 Y-8.547
G1 X13.217 Y-8.561
G1 X13.296 Y-8.574
G1 X13.376 Y-8.586
G1 X13.458 Y-8.598
G1 X13.541 Y-8.609
G1 X13.627 Y-8.619
G1 X13.713 Y-8.629
G1 X13.802 Y-8.638
G1 X13.892 Y-8.646
G1 X13.985 Y-8.654
G1 X14.078 Y-8.661
G1 X14.174 Y-8.667
G1 X14.272 Y-8.674
G1 X14.371 Y-8.679
G1 X14.473 Y-8.683
G1 X14.577 Y-8.687
G1 X14.682 Y-8.691
G1 X14.789 Y-8.694
G1 X14.898 Y-8.696
G1 X15.010 Y-8.698
G1 X15.123 Y-8.699
G1 X15.239 Y-8.700
G1 X15.814 Y-8.703
G1 X15.736 Y-8.715
G1 X15.649 Y-8.733
G1 X15.564 Y-8.753
G1 X15.482 Y-8.777
G1 X15.404 Y-8.803
G1 X15.328 Y-8.833
G1 X15.256 Y-8.867
G1 X15.188 Y-8.904
G1 X15.123 Y-8.944
G1 X15.063 Y-8.988
G1 X15.008 Y-9.036
G1 X14.964 Y-9.080
G1 X14.957 Y-9.088
G1 X14.919 Y-9.134
G1 X14.913 Y-9.143
G1 X14.880 Y-9.193
G1 X14.874 Y-9.204
G1 X14.847 Y-9.256
G1 X14.843 Y-9.267
G1 X14.823 Y-9.321
G1 X14.819 Y-9.334
G1 X14.794 Y-9.436
G1 X14.776 Y-9.492
G1 X14.747 Y-9.565
G1 X14.713 Y-9.642
G1 X14.670 Y-9.733
G1 X14.621 Y-9.828
G1 X14.566 Y-9.931
G1 X14.503 Y-10.042
G1 X14.438 Y-10.154
G1 X14.366 Y-10.272
G1 X14.366 Y-10.272
G1 X14.292 Y-10.392
G1 X14.212 Y-10.515
G1 X14.131 Y-10.637
G1 X14.047 Y-10.761
G1 X13.961 Y-10.883
G1 X13.872 Y-11.005
G1 X13.054 Y-12.114
G1 X13.086 Y-12.184
G1 X11.822 Y-12.029
G1 X11.687 Y-12.012
G1 X11.687 Y-12.012
G1 X11.547 Y-11.991
G1 X11.407 Y-11.968
G1 X11.267 Y-11.942
G1 X11.124 Y-11.915
G1 X10.984 Y-11.885
G1 X10.848 Y-11.855
G1 X10.712 Y-11.822
G1 X10.582 Y-11.789
G1 X10.458 Y-11.755
G1 X10.339 Y-11.720
G1 X10.230 Y-11.686
G1 X10.230 Y-11.686
G1 X10.126 Y-11.651
G1 X10.036 Y-11.617
G1 X9.954 Y-11.584
G1 X9.882 Y-11.551
G1 X9.773 Y-11.497
G1 X9.671 Y-11.450
G1 X9.576 Y-11.412
G1 X9.495 Y-11.386
G1 X9.486 Y-11.384
G1 X9.410 Y-11.368
G1 X9.398 Y-11.367
G1 X9.326 Y-11.362
G1 X9.311 Y-11.362
G1 X9.243 Y-11.369
G1 X9.228 Y-11.372
G1 X9.159 Y-11.392
G1 X9.146 Y-11.396
G1 X9.077 Y-11.429
G1 X9.067 Y-11.434
G1 X8.996 Y-11.480
G1 X8.989 Y-11.485
G1 X8.909 Y-11.549
G1 X8.825 Y-11.626
G1 X8.735 Y-11.718
G1 X8.636 Y-11.826
G1 X8.527 Y-11.949
G1 X8.405 Y-12.090
G1 X8.330 Y-12.178
G1 X8.258 Y-12.266
G1 X8.188 Y-12.353
G1 X8.121 Y-12.440
G1 X8.057 Y-12.524
G1 X7.997 Y-12.607
G1 X7.941 Y-12.686
G1 X7.888 Y-12.763
G1 X7.841 Y-12.836
G1 X7.798 Y-12.904
G1 X7.760 Y-12.969
G1 X7.728 Y-13.028
G1 X7.702 Y-13.082
G1 X7.684 Y-13.126
G1 X7.681 Y-13.133
G1 X7.670 Y-13.169
G1 X7.667 Y-13.182
G1 X7.665 Y-13.200
G1 X7.612 Y-13.326
G1 X7.509 Y-13.368
G1 X7.406 Y-13.326
G1 X7.353 Y-13.200
G1 X7.350 Y-13.182
G1 X7.348 Y-13.169
G1 X7.336 Y-13.133
G1 X7.334 Y-13.125
G1 X7.313 Y-13.077
G1 X7.287 Y-13.023
G1 X7.254 Y-12.964
G1 X7.216 Y-12.899
G1 X7.173 Y-12.830
G1 X7.124 Y-12.756
G1 X7.071 Y-12.679
G1 X7.013 Y-12.598
G1 X6.952 Y-12.514
G1 X6.887 Y-12.428
G1 X6.818 Y-12.340
G1 X6.747 Y-12.251
G1 X6.673 Y-12.162
G1 X6.598 Y-12.072
G1 X6.473 Y-11.928
G1 X6.416 Y-11.863
G1 X6.361 Y-11.801
G1 X6.309 Y-11.744
G1 X6.260 Y-11.691
G1 X6.213 Y-11.642
G1 X6.167 Y-11.596
G1 X6.123 Y-11.554
G1 X6.081 Y-11.516
G1 X6.040 Y-11.482
G1 X5.999 Y-11.450
G1 X5.958 Y-11.423
G1 X5.918 Y-11.398
G1 X5.878 Y-11.378
G1 X5.837 Y-11.360
G1 X5.803 Y-11.349
G1 X5.795 Y-11.347
G1 X5.762 Y-11.339
G1 X5.754 Y-11.338
G1 X5.720 Y-11.333
G1 X5.712 Y-11.332
G1 X5.670 Y-11.330
G1 X5.628 Y-11.332
G1 X5.586 Y-11.337
G1 X5.544 Y-11.345
G1 X5.502 Y-11.356
G1 X5.459 Y-11.370
G1 X5.415 Y-11.386
G1 X5.370 Y-11.405
G1 X5.323 Y-11.425
G1 X5.275 Y-11.449
G1 X5.224 Y-11.474
G1 X5.172 Y-11.501
G1 X5.119 Y-11.529
G1 X5.048 Y-11.564
G1 X4.970 Y-11.597
G1 X4.878 Y-11.633
G1 X4.779 Y-11.668
G1 X4.667 Y-11.705
G1 X4.551 Y-11.740
G1 X4.429 Y-11.775
G1 X4.299 Y-11.810
G1 X4.167 Y-11.843
G1 X4.167 Y-11.843
G1 X4.029 Y-11.875
G1 X3.891 Y-11.905
G1 X3.749 Y-11.934
G1 X3.608 Y-11.960
G1 X3.608 Y-11.960
G1 X3.470 Y-11.984
G1 X3.331 Y-12.005
G1 X3.194 Y-12.024
G1 X3.194 Y-12.024
G1 X1.932 Y-12.184
G1 X1.090 Y-11.043
G1 X1.001 Y-10.921
G1 X0.915 Y-10.797
G1 X0.830 Y-10.673
G1 X0.748 Y-10.550
G1 X0.668 Y-10.426
G1 X0.593 Y-10.305
G1 X0.521 Y-10.187
G1 X0.455 Y-10.073
G1 X0.392 Y-9.962
G1 X0.336 Y-9.858
G1 X0.287 Y-9.761
G1 X0.243 Y-9.669
G1 X0.206 Y-9.586
G1 X0.178 Y-9.515
G1 X0.158 Y-9.454
G1 X0.133 Y-9.348
G1 X0.130 Y-9.339
G1 X0.111 Y-9.289
G1 X0.108 Y-9.281
G1 X0.083 Y-9.232
G1 X0.078 Y-9.224
G1 X0.048 Y-9.178
G1 X0.043 Y-9.172
G1 X0.007 Y-9.128
G1 X0.002 Y-9.122
G1 X-0.045 Y-9.076
G1 X-0.096 Y-9.032
G1 X-0.152 Y-8.992
G1 X-0.212 Y-8.956
G1 X-0.276 Y-8.921
G1 X-0.344 Y-8.890
G1 X-0.416 Y-8.862
G1 X-0.491 Y-8.837
G1 X-0.570 Y-8.814
G1 X-0.651 Y-8.795
G1 X-0.735 Y-8.778
G1 X-0.822 Y-8.765
G1 X-0.911 Y-8.754
G1 X-1.003 Y-8.746
G1 X-1.096 Y-8.741
G1 X-1.191 Y-8.740
G1 X-1.288 Y-8.741
G1 X-1.386 Y-8.745
G1 X-1.486 Y-8.753
G1 X-1.586 Y-8.763
G1 X-1.687 Y-8.777
G1 X-1.788 Y-8.794
G1 X-1.890 Y-8.815
G1 X-1.991 Y-8.838
G1 X-2.093 Y-8.866
G1 X-2.194 Y-8.896
G1 X-2.293 Y-8.930
G1 X-2.802 Y-9.111
G1 X-2.599 Y-8.097
G1 X-2.575 Y-7.973
G1 X-2.553 Y-7.852
G1 X-2.534 Y-7.737
G1 X-2.518 Y-7.624
G1 X-2.504 Y-7.516
G1 X-2.493 Y-7.412
G1 X-2.484 Y-7.312
G1 X-2.478 Y-7.215
G1 X-2.474 Y-7.123
G1 X-2.473 Y-7.034
G1 X-2.474 Y-6.949
G1 X-2.478 Y-6.867
G1 X-2.485 Y-6.789
G1 X-2.495 Y-6.715
G1 X-2.507 Y-6.645
G1 X-2.522 Y-6.578
G1 X-2.540 Y-6.514
G1 X-2.561 Y-6.454
G1 X-2.586 Y-6.398
G1 X-2.613 Y-6.345
G1 X-2.644 Y-6.296
G1 X-2.678 Y-6.250
G1 X-2.710 Y-6.214
G1 X-2.716 Y-6.209
G1 X-2.751 Y-6.177
G1 X-2.757 Y-6.172
G1 X-2.794 Y-6.143
G1 X-2.801 Y-6.139
G1 X-2.841 Y-6.114
G1 X-2.848 Y-6.110
G1 X-2.890 Y-6.089
G1 X-2.898 Y-6.086
G1 X-2.943 Y-6.069
G1 X-2.950 Y-6.067
G1 X-3.005 Y-6.052
G1 X-3.062 Y-6.041
G1 X-3.121 Y-6.035
G1 X-3.174 Y-6.033
G1 X-3.215 Y-6.029
G1 X-3.264 Y-6.018
G1 X-3.323 Y-5.999
G1 X-3.393 Y-5.972
G1 X-3.472 Y-5.937
G1 X-3.555 Y-5.897
G1 X-3.646 Y-5.849
G1 X-3.741 Y-5.796
G1 X-3.838 Y-5.738
G1 X-3.942 Y-5.673
G1 X-4.046 Y-5.606
G1 X-4.152 Y-5.533
G1 X-4.261 Y-5.456
G1 X-4.369 Y-5.377
G1 X-4.475 Y-5.296
G1 X-4.582 Y-5.211
G1 X-4.688 Y-5.125
G1 X-4.793 Y-5.040
G1 X-4.897 Y-4.958
G1 X-4.999 Y-4.878
G1 X-5.098 Y-4.801
G1 X-5.193 Y-4.728
G1 X-5.285 Y-4.659
G1 X-5.371 Y-4.594
G1 X-5.453 Y-4.534
G1 X-5.528 Y-4.479
G1 X-5.598 Y-4.430
G1 X-5.660 Y-4.387
G1 X-5.715 Y-4.350
G1 X-5.763 Y-4.320
G1 X-5.804 Y-4.297
G1 X-5.820 Y-4.289
G1 X-5.826 Y-4.278
G1 X-5.836 Y-4.238
G1 X-5.843 Y-4.182
G1 X-5.847 Y-4.108
G1 X-5.847 Y-4.016
G1 X-5.843 Y-3.917
G1 X-5.843 Y-3.915
G1 X-5.836 Y-3.804
G1 X-5.836 Y-3.804
G1 X-5.825 Y-3.681
G1 X-5.812 Y-3.550
G1 X-5.795 Y-3.411
G1 X-5.776 Y-3.266
G1 X-5.753 Y-3.115
G1 X-5.729 Y-2.960
G1 X-5.702 Y-2.802
G1 X-5.674 Y-2.642
G1 X-5.643 Y-2.481
G1 X-5.611 Y-2.320
G1 X-5.577 Y-2.160
G1 X-5.542 Y-2.002
G1 X-5.507 Y-1.847
G1 X-5.507 Y-1.846
G1 X-5.470 Y-1.697
G1 X-5.433 Y-1.553
G1 X-5.396 Y-1.415
G1 X-5.358 Y-1.285
G1 X-5.320 Y-1.161
G1 X-5.283 Y-1.052
G1 X-5.246 Y-0.951
G1 X-5.209 Y-0.860
G1 X-5.175 Y-0.788
G1 X-5.143 Y-0.730
G1 X-5.113 Y-0.686
G1 X-5.076 Y-0.636
G1 X-5.071 Y-0.630
G1 X-5.042 Y-0.581
G1 X-5.037 Y-0.572
G1 X-5.016 Y-0.524
G1 X-5.012 Y-0.513
G1 X-4.998 Y-0.465
G1 X-4.996 Y-0.452
G1 X-4.991 Y-0.403
G1 X-4.991 Y-0.389
G1 X-4.994 Y-0.339
G1 X-4.996 Y-0.327
G1 X-5.009 Y-0.275
G1 X-5.012 Y-0.264
G1 X-5.033 Y-0.210
G1 X-5.038 Y-0.202
G1 X-5.069 Y-0.145
G1 X-5.073 Y-0.138
G1 X-5.117 Y-0.074
G1 X-5.170 Y-0.006
G1 X-5.233 Y0.064
G1 X-5.306 Y0.139
G1 X-5.389 Y0.219
G1 X-5.483 Y0.304
G1 X-5.587 Y0.396
G1 X-5.665 Y0.462
G1 X-5.744 Y0.529
G1 X-5.825 Y0.596
G1 X-5.907 Y0.663
G1 X-5.989 Y0.729
G1 X-6.070 Y0.795
G1 X-6.151 Y0.858
G1 X-6.230 Y0.920
G1 X-6.307 Y0.979
G1 X-6.381 Y1.035
G1 X-6.452 Y1.088
G1 X-6.519 Y1.137
G1 X-6.582 Y1.182
G1 X-6.641 Y1.223
G1 X-6.694 Y1.258
G1 X-6.861 Y1.364
G1 X-6.943 Y1.424
G1 X-6.980 Y1.461
G1 X-6.982 Y1.469
G1 X-6.979 Y1.476
G1 X-6.943 Y1.514
G1 X-6.863 Y1.572
G1 X-6.692 Y1.680
G1 X-6.639 Y1.715
G1 X-6.581 Y1.756
G1 X-6.519 Y1.800
G1 X-6.451 Y1.850
G1 X-6.380 Y1.902
G1 X-6.306 Y1.959
G1 X-6.229 Y2.018
G1 X-6.150 Y2.079
G1 X-6.070 Y2.143
G1 X-5.988 Y2.208
G1 X-5.906 Y2.274
G1 X-5.824 Y2.341
G1 X-5.743 Y2.409
G1 X-5.664 Y2.476
G1 X-5.586 Y2.542
G1 X-5.481 Y2.634
G1 X-5.388 Y2.719
G1 X-5.304 Y2.800
G1 X-5.231 Y2.875
G1 X-5.167 Y2.947
G1 X-5.113 Y3.016
G1 X-5.073 Y3.075
G1 X-5.069 Y3.082
G1 X-5.038 Y3.139
G1 X-5.033 Y3.147
G1 X-5.012 Y3.202
G1 X-5.009 Y3.212
G1 X-4.996 Y3.264
G1 X-4.994 Y3.277
G1 X-4.991 Y3.327
G1 X-4.991 Y3.340
G1 X-4.996 Y3.389
G1 X-4.998 Y3.402
G1 X-5.012 Y3.450
G1 X-5.016 Y3.462
G1 X-5.037 Y3.510
G1 X-5.042 Y3.518
G1 X-5.071 Y3.567
G1 X-5.076 Y3.574
G1 X-5.112 Y3.622
G1 X-5.144 Y3.668
G1 X-5.175 Y3.725
G1 X-5.209 Y3.798
G1 X-5.246 Y3.889
G1 X-5.283 Y3.989
G1 X-5.320 Y4.099
G1 X-5.358 Y4.222
G1 X-5.396 Y4.352
G1 X-5.433 Y4.490
G1 X-5.470 Y4.635
G1 X-5.507 Y4.785
G1 X-5.542 Y4.939
G1 X-5.577 Y5.097
G1 X-5.611 Y5.257
G1 X-5.643 Y5.418
G1 X-5.674 Y5.579
G1 X-5.702 Y5.740
G1 X-5.729 Y5.898
G1 X-5.753 Y6.052
G1 X-5.776 Y6.203
G1 X-5.795 Y6.348
G1 X-5.812 Y6.487
G1 X-5.825 Y6.619
G1 X-5.836 Y6.741
G1 X-5.836 Y6.741
G1 X-5.843 Y6.854
G1 X-5.847 Y6.953
G1 X-5.847 Y7.045
G1 X-5.843 Y7.120
G1 X-5.836 Y7.175
G1 X-5.826 Y7.215
G1 X-5.820 Y7.227
G1 X-5.798 Y7.237
G1 X-5.760 Y7.259
G1 X-5.713 Y7.289
G1 X-5.659 Y7.325
G1 X-5.597 Y7.368
G1 X-5.528 Y7.417
G1 X-5.452 Y7.471
G1 X-5.371 Y7.531
G1 X-5.284 Y7.596
G1 X-5.193 Y7.666
G1 X-5.097 Y7.739
G1 X-4.999 Y7.816
G1 X-4.897 Y7.895
G1 X-4.793 Y7.978
G1 X-4.688 Y8.062
G1 X-4.582 Y8.148
G1 X-4.476 Y8.232
G1 X-4.369 Y8.314
G1 X-4.261 Y8.394
G1 X-4.152 Y8.471
G1 X-4.047 Y8.542
G1 X-3.941 Y8.611
G1 X-3.840 Y8.674
G1 X-3.741 Y8.733
G1 X-3.644 Y8.787
G1 X-3.556 Y8.834
G1 X-3.469 Y8.876
G1 X-3.394 Y8.909
G1 X-3.323 Y8.936
G1 X-3.264 Y8.955
G1 X-3.215 Y8.966
G1 X-3.173 Y8.970
G1 X-3.115 Y8.972
G1 X-3.055 Y8.979
G1 X-2.998 Y8.991
G1 X-2.943 Y9.006
G1 X-2.898 Y9.023
G1 X-2.890 Y9.026
G1 X-2.848 Y9.047
G1 X-2.841 Y9.051
G1 X-2.801 Y9.076
G1 X-2.794 Y9.080
G1 X-2.757 Y9.109
G1 X-2.751 Y9.114
G1 X-2.716 Y9.146
G1 X-2.710 Y9.152
G1 X-2.673 Y9.193
G1 X-2.640 Y9.239
G1 X-2.610 Y9.288
G1 X-2.583 Y9.340
G1 X-2.559 Y9.396
G1 X-2.539 Y9.456
G1 X-2.521 Y9.519
G1 X-2.506 Y9.586
G1 X-2.494 Y9.656
G1 X-2.485 Y9.730
G1 X-2.478 Y9.807
G1 X-2.474 Y9.888
G1 X-2.472 Y9.973
G1 X-2.474 Y10.062
G1 X-2.478 Y10.154
G1 X-2.484 Y10.251
G1 X-2.493 Y10.351
G1 X-2.504 Y10.455
G1 X-2.518 Y10.563
G1 X-2.535 Y10.675
G1 X-2.554 Y10.791
G1 X-2.575 Y10.911
G1 X-2.599 Y11.034
G1 X-2.802 Y12.048
G1 X-2.292 Y11.866
G1 X-2.191 Y11.832
G1 X-2.090 Y11.802
G1 X-1.989 Y11.775
G1 X-1.887 Y11.751
G1 X-1.785 Y11.731
G1 X-1.684 Y11.714
G1 X-1.583 Y11.700
G1 X-1.483 Y11.689
G1 X-1.383 Y11.682
G1 X-1.285 Y11.678
G1 X-1.188 Y11.677
G1 X-1.093 Y11.678
G1 X-1.000 Y11.683
G1 X-0.908 Y11.691
G1 X-0.819 Y11.702
G1 X-0.732 Y11.716
G1 X-0.648 Y11.733
G1 X-0.566 Y11.753
G1 X-0.487 Y11.775
G1 X-0.412 Y11.801
G1 X-0.340 Y11.829
G1 X-0.272 Y11.861
G1 X-0.208 Y11.895
G1 X-0.147 Y11.933
G1 X-0.091 Y11.974
G1 X-0.040 Y12.018
G1 X0.001 Y12.059
G1 X0.006 Y12.065
G1 X0.042 Y12.109
G1 X0.047 Y12.116
G1 X0.077 Y12.162
G1 X0.081 Y12.170
G1 X0.106 Y12.218
G1 X0.110 Y12.226
G1 X0.128 Y12.277
G1 X0.131 Y12.286
G1 X0.155 Y12.390
G1 X0.175 Y12.451
G1 X0.201 Y12.519
G1 X0.236 Y12.601
G1 X0.276 Y12.685
G1 X0.323 Y12.778
G1 X0.377 Y12.878
G1 X0.377 Y12.878
G1 X0.434 Y12.980
G1 X0.497 Y13.087
G1 X0.563 Y13.198
G1 X0.634 Y13.310
G1 X0.708 Y13.424
G1 X0.786 Y13.540
G1 X0.864 Y13.653
G1 X0.945 Y13.766
G1 X1.028 Y13.879
G1 X1.111 Y13.990
G1 X1.192 Y14.100
G1 X1.270 Y14.208
G1 X1.345 Y14.313
G1 X1.417 Y14.415
G1 X1.484 Y14.513
G1 X1.547 Y14.607
G1 X1.606 Y14.695
G1 X1.659 Y14.778
G1 X1.707 Y14.854
G1 X1.748 Y14.924
G1 X1.784 Y14.986
G1 X1.813 Y15.041
G1 X1.836 Y15.090
G1 X1.848 Y15.123
G1 X1.851 Y15.131
G1 X1.867 Y15.135
G1 X1.920 Y15.139
G1 X1.993 Y15.139
G1 X2.078 Y15.135
G1 X2.181 Y15.128
G1 X2.292 Y15.117
G1 X2.415 Y15.102
G1 X2.548 Y15.084
G1 X2.690 Y15.063
G1 X2.838 Y15.040
G1 X2.993 Y15.014
G1 X2.993 Y15.014
G1 X3.151 Y14.985
G1 X3.313 Y14.955
G1 X3.313 Y14.955
G1 X3.477 Y14.923
G1 X3.642 Y14.889
G1 X3.808 Y14.854
G1 X3.808 Y14.854
G1 X3.971 Y14.818
G1 X4.133 Y14.781
G1 X4.290 Y14.743
G1 X4.444 Y14.705
G1 X4.591 Y14.666
G1 X4.731 Y14.628
G1 X4.861 Y14.591
G1 X4.861 Y14.591
G1 X4.984 Y14.553
G1 X5.093 Y14.518
G1 X5.193 Y14.482
G1 X5.276 Y14.450
G1 X5.345 Y14.418
G1 X5.398 Y14.390
G1 X5.434 Y14.365
G1 X5.474 Y14.335
G1 X5.486 Y14.328
G1 X5.528 Y14.307
G1 X5.543 Y14.301
G1 X5.588 Y14.288
G1 X5.604 Y14.285
G1 X5.651 Y14.280
G1 X5.667 Y14.280
G1 X5.716 Y14.284
G1 X5.730 Y14.287
G1 X5.782 Y14.299
G1 X5.793 Y14.303
G1 X5.849 Y14.325
G1 X5.857 Y14.329
G1 X5.922 Y14.363
G1 X5.990 Y14.406
G1 X6.060 Y14.459
G1 X6.133 Y14.520
G1 X6.210 Y14.590
G1 X6.291 Y14.670
G1 X6.376 Y14.760
G1 X6.467 Y14.859
G1 X6.562 Y14.968
G1 X6.636 Y15.055
G1 X6.710 Y15.144
G1 X6.783 Y15.233
G1 X6.854 Y15.321
G1 X6.924 Y15.409
G1 X6.991 Y15.495
G1 X7.055 Y15.579
G1 X7.116 Y15.661
G1 X7.174 Y15.739
G1 X7.227 Y15.814
G1 X7.276 Y15.884
G1 X7.320 Y15.950
G1 X7.359 Y16.010
G1 X7.392 Y16.065
G1 X7.420 Y16.114
G1 X7.438 Y16.150
G1 X7.509 Y16.287
G1 X7.579 Y16.152
G1 X7.600 Y16.110
G1 X7.626 Y16.063
G1 X7.659 Y16.010
G1 X7.697 Y15.951
G1 X7.739 Y15.887
G1 X7.787 Y15.818
G1 X7.839 Y15.745
G1 X7.895 Y15.668
G1 X7.955 Y15.589
G1 X8.017 Y15.507
G1 X8.082 Y15.423
G1 X8.150 Y15.337
G1 X8.219 Y15.251
G1 X8.289 Y15.165
G1 X8.361 Y15.079
G1 X8.433 Y14.995
G1 X8.550 Y14.859
G1 X8.655 Y14.740
G1 X8.751 Y14.636
G1 X8.840 Y14.547
G1 X8.924 Y14.472
G1 X8.997 Y14.414
G1 X9.004 Y14.409
G1 X9.074 Y14.366
G1 X9.084 Y14.360
G1 X9.151 Y14.330
G1 X9.165 Y14.325
G1 X9.232 Y14.307
G1 X9.247 Y14.304
G1 X9.315 Y14.298
G1 X9.329 Y14.298
G1 X9.400 Y14.303
G1 X9.412 Y14.305
G1 X9.487 Y14.321
G1 X9.496 Y14.324
G1 X9.583 Y14.352
G1 X9.675 Y14.389
G1 X9.775 Y14.435
G1 X9.884 Y14.488
G1 X9.952 Y14.520
G1 X10.037 Y14.555
G1 X10.126 Y14.588
G1 X10.230 Y14.623
G1 X10.339 Y14.658
G1 X10.458 Y14.692
G1 X10.584 Y14.726
G1 X10.712 Y14.759
G1 X10.847 Y14.791
G1 X10.984 Y14.822
G1 X11.124 Y14.852
G1 X11.267 Y14.880
G1 X11.407 Y14.905
G1 X11.548 Y14.928
G1 X11.686 Y14.949
G1 X11.822 Y14.967
G1 X13.086 Y15.121
G1 X13.927 Y13.981
G1 X14.016 Y13.859
G1 X14.103 Y13.734
G1 X14.187 Y13.611
G1 X14.270 Y13.487
G1 X14.349 Y13.364
G1 X14.424 Y13.243
G1 X14.497 Y13.124
G1 X14.563 Y13.011
G1 X14.625 Y12.901
G1 X14.681 Y12.796
G1 X14.731 Y12.699
G1 X14.774 Y12.608
G1 X14.812 Y12.523
G1 X14.839 Y12.453
G1 X14.859 Y12.392
G1 X14.885 Y12.285
G1 X14.888 Y12.276
G1 X14.907 Y12.225
G1 X14.911 Y12.217
G1 X14.935 Y12.168
G1 X14.940 Y12.161
G1 X14.970 Y12.114
G1 X14.975 Y12.107
G1 X15.011 Y12.063
G1 X15.016 Y12.058
G1 X15.063 Y12.011
G1 X15.115 Y11.968
G1 X15.171 Y11.927
G1 X15.231 Y11.891
G1 X15.296 Y11.856
G1 X15.364 Y11.826
G1 X15.437 Y11.798
G1 X15.512 Y11.773
G1 X15.591 Y11.750
G1 X15.673 Y11.731
G1 X15.758 Y11.715
G1 X15.846 Y11.702
G1 X15.936 Y11.691
G1 X16.028 Y11.684
G1 X16.122 Y11.680
G1 X16.218 Y11.678
G1 X16.316 Y11.680
G1 X16.415 Y11.685
G1 X16.516 Y11.693
G1 X16.617 Y11.705
G1 X16.719 Y11.719
G1 X16.822 Y11.737
G1 X16.925 Y11.758
G1 X17.028 Y11.782
G1 X17.132 Y11.810
G1 X17.235 Y11.841
G1 X17.336 Y11.876
G1 X17.453 Y11.917
G1 X17.554 Y11.952
G1 X17.643 Y11.980
G1 X17.709 Y11.998
G1 X17.763 Y12.008
G1 X17.795 Y12.010
G1 X17.802 Y12.008
G1 X17.802 Y12.007
G1 X17.806 Y11.984
G1 X17.804 Y11.940
G1 X17.794 Y11.875
G1 X17.776 Y11.791
G1 X17.752 Y11.694
G1 X17.720 Y11.576
G1 X17.682 Y11.441
G1 X17.643 Y11.298
G1 X17.608 Y11.161
G1 X17.575 Y11.029
G1 X17.547 Y10.903
G1 X17.521 Y10.782
G1 X17.499 Y10.665
G1 X17.481 Y10.553
G1 X17.467 Y10.446
G1 X17.456 Y10.343
G1 X17.449 Y10.244
G1 X17.446 Y10.149
G1 X17.447 Y10.058
G1 X17.452 Y9.971
G1 X17.461 Y9.887
G1 X17.474 Y9.806
G1 X17.491 Y9.728
G1 X17.513 Y9.654
G1 X17.540 Y9.583
G1 X17.571 Y9.515
G1 X17.606 Y9.450
G1 X17.647 Y9.387
G1 X17.691 Y9.328
G1 X17.740 Y9.272
G1 X17.793 Y9.218
G1 X17.851 Y9.167
G1 X17.913 Y9.118
G1 X17.979 Y9.071
G1 X18.049 Y9.026
G1 X18.123 Y8.983
G1 X18.202 Y8.942
G1 X18.285 Y8.902
G1 X18.461 Y8.824
G1 X18.555 Y8.779
G1 X18.651 Y8.731
G1 X18.753 Y8.677
G1 X18.855 Y8.621
G1 X18.958 Y8.563
G1 X18.958 Y8.562
G1 X19.064 Y8.500
G1 X19.167 Y8.437
G1 X19.271 Y8.371
G1 X19.372 Y8.306
G1 X19.471 Y8.239
G1 X19.565 Y8.173
G1 X19.656 Y8.107
G1 X19.741 Y8.043
G1 X19.822 Y7.979
G1 X19.895 Y7.918
G1 X20.038 Y7.797
G1 X20.181 Y7.680
G1 X20.320 Y7.571
G1 X20.451 Y7.472
G1 X20.570 Y7.385
G1 X20.675 Y7.314
G1 X20.757 Y7.264
G1 X20.764 Y7.260
G1 X20.815 Y7.235
G1 X20.818 Y7.232
G1 X20.825 Y7.219
G1 X20.836 Y7.181
G1 X20.845 Y7.123
G1 X20.851 Y7.046
G1 X20.853 Y6.962
G1 X20.851 Y6.860
G1 X20.846 Y6.748
G1 X20.837 Y6.626
G1 X20.826 Y6.495
G1 X20.811 Y6.357
G1 X20.793 Y6.213
G1 X20.793 Y6.213
G1 X20.772 Y6.063
G1 X20.749 Y5.908
G1 X20.724 Y5.751
G1 X20.696 Y5.591
G1 X20.667 Y5.431
G1 X20.635 Y5.270
G1 X20.603 Y5.109
G1 X20.603 Y5.109
G1 X20.569 Y4.953
G1 X20.533 Y4.797
G1 X20.533 Y4.797
G1 X20.497 Y4.648
G1 X20.497 Y4.648
G1 X20.460 Y4.502
G1 X20.460 Y4.502
G1 X20.423 Y4.365
G1 X20.385 Y4.234
G1 X20.346 Y4.112
G1 X20.308 Y3.997
G1 X20.271 Y3.898
G1 X20.233 Y3.807
G1 X20.197 Y3.729
G1 X20.163 Y3.670
G1 X20.131 Y3.623
G1 X20.094 Y3.574
G1 X20.089 Y3.567
G1 X20.060 Y3.518
G1 X20.055 Y3.510
G1 X20.034 Y3.462
G1 X20.029 Y3.450
G1 X20.016 Y3.402
G1 X20.014 Y3.389
G1 X20.009 Y3.340
G1 X20.008 Y3.327
G1 X20.012 Y3.277
G1 X20.014 Y3.264
G1 X20.026 Y3.212
G1 X20.030 Y3.201
G1 X20.051 Y3.147
G1 X20.055 Y3.139
G1 X20.086 Y3.082
G1 X20.090 Y3.075
G1 X20.134 Y3.011
G1 X20.188 Y2.943
G1 X20.251 Y2.873
G1 X20.324 Y2.798
G1 X20.407 Y2.718
G1 X20.500 Y2.633
G1 X20.605 Y2.541
G1 X20.682 Y2.475
G1 X20.762 Y2.408
G1 X20.843 Y2.341
G1 X20.924 Y2.274
G1 X21.006 Y2.208
G1 X21.088 Y2.142
G1 X21.168 Y2.079
G1 X21.247 Y2.017
G1 X21.324 Y1.958
G1 X21.399 Y1.902
G1 X21.470 Y1.849
G1 X21.537 Y1.800
G1 X21.600 Y1.755
G1 X21.658 Y1.715
G1 X21.711 Y1.679
G1 X21.881 Y1.572
G1 X21.961 Y1.514
G1 X21.997 Y1.476
G1 X22.000 Y1.469
G1 X21.997 Y1.461
G1 X21.961 Y1.424
G1 X21.879 Y1.364
G1 X21.710 Y1.257
G1 X21.657 Y1.222
G1 X21.599 Y1.182
G1 X21.536 Y1.137
G1 X21.469 Y1.088
G1 X21.398 Y1.035
G1 X21.324 Y0.979
G1 X21.247 Y0.919
G1 X21.168 Y0.858
G1 X21.087 Y0.794
G1 X21.006 Y0.729
G1 X20.924 Y0.663
G1 X20.842 Y0.596
G1 X20.761 Y0.529
G1 X20.682 Y0.462
G1 X20.604 Y0.395
G1 X20.499 Y0.303
G1 X20.405 Y0.218
G1 X20.322 Y0.137
G1 X20.248 Y0.062
G1 X20.185 Y-0.010
G1 X20.131 Y-0.078
G1 X20.090 Y-0.138
G1 X20.086 Y-0.145
G1 X20.055 Y-0.202
G1 X20.052 Y-0.210
G1 X20.030 Y-0.264
G1 X20.026 Y-0.275
G1 X20.014 Y-0.327
G1 X20.012 Y-0.339
G1 X20.008 Y-0.389
G1 X20.009 Y-0.403
G1 X20.014 Y-0.452
G1 X20.016 Y-0.465
G1 X20.029 Y-0.513
G1 X20.034 Y-0.524
G1 X20.055 Y-0.572
G1 X20.060 Y-0.581
G1 X20.089 Y-0.630
G1 X20.093 Y-0.636
G1 X20.130 Y-0.686
G1 X20.161 Y-0.730
G1 X20.193 Y-0.788
G1 X20.227 Y-0.860
G1 X20.264 Y-0.951
G1 X20.300 Y-1.050
G1 X20.337 Y-1.161
G1 X20.375 Y-1.283
G1 X20.413 Y-1.414
G1 X20.451 Y-1.552
G1 X20.488 Y-1.696
G1 X20.524 Y-1.846
G1 X20.560 Y-2.001
G1 X20.595 Y-2.159
G1 X20.628 Y-2.319
G1 X20.661 Y-2.480
G1 X20.691 Y-2.641
G1 X20.720 Y-2.802
G1 X20.747 Y-2.959
G1 X20.771 Y-3.114
G1 X20.793 Y-3.265
G1 X20.813 Y-3.410
G1 X20.829 Y-3.549
G1 X20.843 Y-3.680
G1 X20.854 Y-3.804
G1 X20.854 Y-3.804
G1 X20.861 Y-3.915
G1 X20.864 Y-4.016
G1 X20.864 Y-4.106
G1 X20.861 Y-4.182
G1 X20.853 Y-4.238
G1 X20.844 Y-4.278
G1 X20.838 Y-4.289
G1 X20.816 Y-4.300
G1 X20.777 Y-4.322
G1 X20.731 Y-4.352
G1 X20.677 Y-4.388
G1 X20.615 Y-4.431
G1 X20.546 Y-4.479
G1 X20.470 Y-4.534
G1 X20.389 Y-4.594
G1 X20.302 Y-4.659
G1 X20.211 Y-4.728
G1 X20.115 Y-4.802
G1 X20.016 Y-4.878
G1 X19.915 Y-4.958
G1 X19.811 Y-5.041
G1 X19.705 Y-5.125
G1 X19.600 Y-5.211
G1 X19.493 Y-5.296
G1 X19.387 Y-5.377
G1 X19.279 Y-5.456
G1 X19.170 Y-5.533
G1 X19.063 Y-5.606
G1 X18.960 Y-5.673
G1 X18.857 Y-5.737
G1 X18.758 Y-5.796
G1 X18.661 Y-5.850
G1 X18.661 Y-5.850
G1 X18.573 Y-5.897
G1 X18.490 Y-5.937
G1 X18.409 Y-5.973
G1 X18.343 Y-5.998
G1 X18.282 Y-6.018
G1 X18.233 Y-6.029
G1 X18.191 Y-6.033
G1 X18.133 Y-6.035
G1 X18.073 Y-6.042
G1 X18.016 Y-6.053
G1 X17.968 Y-6.067
G1 X17.961 Y-6.069
G1 X17.915 Y-6.086
G1 X17.908 Y-6.089
G1 X17.866 Y-6.110
G1 X17.858 Y-6.114
G1 X17.819 Y-6.139
G1 X17.812 Y-6.143
G1 X17.774 Y-6.172
G1 X17.768 Y-6.177
G1 X17.734 Y-6.209
G1 X17.728 Y-6.214
G1 X17.691 Y-6.256
G1 X17.658 Y-6.301
G1 X17.628 Y-6.351
G1 X17.601 Y-6.403
G1 X17.577 Y-6.459
G1 X17.557 Y-6.519
G1 X17.539 Y-6.582
G1 X17.524 Y-6.648
G1 X17.512 Y-6.719
G1 X17.502 Y-6.792
G1 X17.496 Y-6.870
G1 X17.492 Y-6.951
G1 X17.490 Y-7.036
G1 X17.492 Y-7.125
G1 X17.495 Y-7.217
G1 X17.502 Y-7.313
G1 X17.511 Y-7.414
G1 X17.522 Y-7.518
G1 X17.536 Y-7.626
G1 X17.552 Y-7.738
G1 X17.571 Y-7.854
G1 X17.593 Y-7.974
G1 X17.617 Y-8.097
G1 X17.820 Y-9.111
G1 X17.310 Y-8.929
G1 X17.209 Y-8.895
G1 X17.108 Y-8.865
G1 X17.006 Y-8.838
G1 X16.905 Y-8.814
G1 X16.803 Y-8.794
G1 X16.702 Y-8.777
G1 X16.601 Y-8.763
G1 X16.501 Y-8.752
G1 X16.401 Y-8.745
G1 X16.303 Y-8.741
G1 X16.206 Y-8.740
G1 X16.111 Y-8.741
G1 X16.018 Y-8.746
G1 X15.926 Y-8.754
G1 X15.837 Y-8.765
G1 X15.750 Y-8.779
G1 X15.665 Y-8.796
G1 X15.584 Y-8.815
G1 X15.505 Y-8.838
G1 X15.430 Y-8.864
G1 X15.358 Y-8.892
G1 X15.289 Y-8.924
G1 X15.225 Y-8.958
G1 X15.165 Y-8.996
G1 X15.108 Y-9.037
G1 X15.057 Y-9.081
G1 X15.016 Y-9.122
G1 X15.011 Y-9.128
G1 X14.975 Y-9.172
G1 X14.970 Y-9.178
G1 X14.939 Y-9.224
G1 X14.935 Y-9.232
G1 X14.910 Y-9.281
G1 X14.907 Y-9.289
G1 X14.888 Y-9.339
G1 X14.885 Y-9.349
G1 X14.859 Y-9.455
G1 X14.840 Y-9.514
G1 X14.811 Y-9.588
G1 X14.775 Y-9.669
G1 X14.731 Y-9.761
G1 X14.682 Y-9.858
G1 X14.625 Y-9.962
G1 X14.563 Y-10.073
G1 X14.497 Y-10.187
G1 X14.425 Y-10.305
G1 X14.349 Y-10.426
G1 X14.270 Y-10.550
G1 X14.188 Y-10.673
G1 X14.103 Y-10.797
G1 X14.016 Y-10.921
G1 X13.928 Y-11.043
G1 X13.086 Y-12.184
G1 X12.307 Y-10.420
G1 X12.291 Y-10.389
G1 X12.228 Y-10.269
G1 X12.165 Y-10.149
G1 X11.848 Y-9.553
G1 X11.862 Y-9.559
G1 X11.890 Y-9.566
G1 X11.915 Y-9.571
G1 X11.942 Y-9.573
G1 X11.966 Y-9.574
G1 X11.994 Y-9.571
G1 X12.019 Y-9.567
G1 X12.047 Y-9.560
G1 X12.072 Y-9.551
G1 X12.094 Y-9.540
G1 X12.096 Y-9.548
G1 X12.113 Y-9.635
G1 X12.131 Y-9.726
G1 X12.152 Y-9.820
G1 X12.174 Y-9.916
G1 X12.198 Y-10.015
G1 X12.223 Y-10.115
G1 X12.250 Y-10.215
G1 X12.277 Y-10.315
G1 X12.305 Y-10.414
G1 X12.307 Y-10.420
G1 X12.095 Y-9.874
G1 X11.969 Y-9.639
G1 X11.972 Y-9.639
G1 X12.005 Y-9.636
G1 X12.037 Y-9.630
G1 X12.042 Y-9.629
G1 X12.046 Y-9.648
G1 X12.065 Y-9.739
G1 X12.086 Y-9.835
G1 X12.095 Y-9.874
G1 X11.985 Y-9.441
G1 X12.001 Y-9.437
G1 X12.013 Y-9.433
G1 X12.027 Y-9.427
G1 X12.037 Y-9.421
G1 X12.050 Y-9.413
G1 X12.061 Y-9.403
G1 X12.076 Y-9.388
G1 X12.081 Y-9.382
G1 X12.092 Y-9.367
G1 X12.100 Y-9.354
G1 X12.105 Y-9.343
G1 X12.110 Y-9.329
G1 X12.113 Y-9.318
G1 X12.116 Y-9.297
G1 X12.118 Y-9.264
G1 X12.118 Y-9.248
G1 X12.114 Y-9.195
G1 X12.106 Y-9.130
G1 X12.092 Y-9.053
G1 X12.075 Y-8.967
G1 X12.054 Y-8.873
G1 X12.029 Y-8.771
G1 X12.026 Y-8.761
G1 X11.966 Y-8.592
G1 X11.957 Y-8.574
G1 X11.876 Y-8.432
G1 X11.863 Y-8.414
G1 X11.773 Y-8.309
G1 X11.768 Y-8.304
G1 X11.754 Y-8.291
G1 X11.748 Y-8.286
G1 X11.651 Y-8.214
G1 X11.637 Y-8.206
G1 X11.627 Y-8.201
G1 X11.610 Y-8.194
G1 X11.517 Y-8.165
G1 X11.502 Y-8.161
G1 X11.490 Y-8.160
G1 X11.474 Y-8.159
G1 X11.461 Y-8.160
G1 X11.437 Y-8.163
G1 X11.358 Y-8.183
G1 X11.344 Y-8.188
G1 X11.332 Y-8.193
G1 X11.318 Y-8.201
G1 X11.309 Y-8.207
G1 X11.297 Y-8.217
G1 X11.289 Y-8.225
G1 X11.277 Y-8.239
G1 X11.223 Y-8.312
G1 X11.216 Y-8.325
G1 X11.210 Y-8.336
G1 X11.205 Y-8.350
G1 X11.203 Y-8.359
G1 X11.200 Y-8.370
G1 X11.181 Y-8.499
G1 X11.180 Y-8.514
G1 X11.181 Y-8.526
G1 X11.183 Y-8.543
G1 X11.185 Y-8.549
G1 X11.206 Y-8.632
G1 X11.208 Y-8.639
G1 X11.217 Y-8.661
G1 X11.276 Y-8.776
G1 X11.282 Y-8.786
G1 X11.370 Y-8.922
G1 X11.475 Y-9.062
G1 X11.588 Y-9.195
G1 X11.693 Y-9.302
G1 X11.703 Y-9.311
G1 X11.797 Y-9.387
G1 X11.810 Y-9.395
G1 X11.819 Y-9.400
G1 X11.831 Y-9.406
G1 X11.902 Y-9.434
G1 X11.917 Y-9.439
G1 X11.930 Y-9.441
G1 X11.946 Y-9.443
G1 X11.957 Y-9.444
G1 X11.973 Y-9.443
G1 X11.985 Y-9.441
G1 X11.969 Y-9.378
G1 X11.984 Y-9.374
G1 X11.999 Y-9.368
G1 X12.011 Y-9.359
G1 X12.026 Y-9.344
G1 X12.033 Y-9.334
G1 X12.041 Y-9.321
G1 X12.046 Y-9.307
G1 X12.049 Y-9.293
G1 X12.051 Y-9.264
G1 X12.051 Y-9.253
G1 X12.047 Y-9.203
G1 X12.038 Y-9.140
G1 X12.025 Y-9.066
G1 X12.008 Y-8.981
G1 X11.988 Y-8.888
G1 X11.963 Y-8.789
G1 X11.961 Y-8.782
G1 X11.903 Y-8.618
G1 X11.897 Y-8.605
G1 X11.819 Y-8.468
G1 X11.810 Y-8.455
G1 X11.721 Y-8.350
G1 X11.707 Y-8.337
G1 X11.614 Y-8.269
G1 X11.601 Y-8.261
G1 X11.589 Y-8.256
G1 X11.502 Y-8.228
G1 X11.486 Y-8.225
G1 X11.471 Y-8.224
G1 X11.454 Y-8.227
G1 X11.381 Y-8.244
G1 X11.366 Y-8.249
G1 X11.353 Y-8.257
G1 X11.341 Y-8.266
G1 X11.332 Y-8.276
G1 X11.282 Y-8.344
G1 X11.275 Y-8.357
G1 X11.269 Y-8.371
G1 X11.268 Y-8.380
G1 X11.249 Y-8.503
G1 X11.248 Y-8.518
G1 X11.251 Y-8.534
G1 X11.272 Y-8.616
G1 X11.278 Y-8.633
G1 X11.335 Y-8.744
G1 X11.339 Y-8.751
G1 X11.426 Y-8.884
G1 X11.528 Y-9.021
G1 X11.638 Y-9.150
G1 X11.740 Y-9.255
G1 X11.747 Y-9.261
G1 X11.836 Y-9.333
G1 X11.849 Y-9.341
G1 X11.858 Y-9.346
G1 X11.923 Y-9.372
G1 X11.938 Y-9.377
G1 X11.954 Y-9.378
G1 X11.969 Y-9.378
; Retract
G1 Z1.5000 F2540

; Path 1
; Rapid to initial position
G1 X12.042 Y-8.605 F2540
G1 Z0.5000
; plunge
G1 Z-2.6750 F127
; cut
G1 X12.028 Y-8.565 F1016
G1 X12.017 Y-8.542
G1 X11.932 Y-8.395
G1 X11.916 Y-8.373
G1 X11.823 Y-8.265
G1 X11.815 Y-8.257
G1 X11.799 Y-8.242
G1 X11.790 Y-8.234
G1 X11.687 Y-8.159
G1 X11.669 Y-8.148
G1 X11.659 Y-8.143
G1 X11.652 Y-8.140
G1 X11.632 Y-8.132
G1 X11.533 Y-8.101
G1 X11.511 Y-8.097
G1 X11.493 Y-8.095
G1 X11.470 Y-8.094
G1 X11.457 Y-8.095
G1 X11.450 Y-8.095
G1 X11.420 Y-8.100
G1 X11.336 Y-8.121
G1 X11.315 Y-8.129
G1 X11.297 Y-8.137
G1 X11.279 Y-8.148
G1 X11.264 Y-8.158
G1 X11.248 Y-8.171
G1 X11.236 Y-8.184
G1 X11.226 Y-8.196
G1 X11.228 Y-8.157
G1 X11.229 Y-8.104
G1 X11.229 Y-8.053
G1 X11.228 Y-8.001
G1 X11.225 Y-7.949
G1 X11.221 Y-7.897
G1 X11.216 Y-7.844
G1 X11.209 Y-7.792
G1 X11.201 Y-7.740
G1 X11.192 Y-7.687
G1 X11.182 Y-7.633
G1 X11.171 Y-7.579
G1 X11.159 Y-7.525
G1 X11.146 Y-7.470
G1 X11.132 Y-7.415
G1 X11.125 Y-7.388
G1 X11.137 Y-7.407
G1 X11.168 Y-7.457
G1 X11.200 Y-7.506
G1 X11.234 Y-7.554
G1 X11.268 Y-7.601
G1 X11.303 Y-7.646
G1 X11.340 Y-7.692
G1 X11.377 Y-7.736
G1 X11.415 Y-7.779
G1 X11.455 Y-7.821
G1 X11.496 Y-7.862
G1 X11.537 Y-7.902
G1 X11.581 Y-7.941
G1 X11.625 Y-7.979
G1 X11.670 Y-8.016
G1 X11.716 Y-8.052
G1 X11.764 Y-8.086
G1 X11.813 Y-8.121
G1 X11.863 Y-8.153
G1 X11.914 Y-8.185
G1 X11.966 Y-8.216
G1 X12.020 Y-8.246
G1 X12.075 Y-8.275
G1 X12.131 Y-8.302
G1 X12.188 Y-8.329
G1 X12.246 Y-8.355
G1 X12.306 Y-8.380
G1 X12.367 Y-8.404
G1 X12.430 Y-8.427
G1 X12.494 Y-8.450
G1 X12.558 Y-8.471
G1 X12.624 Y-8.491
G1 X12.665 Y-8.503
G1 X12.250 Y-8.474
G1 X12.228 Y-8.475
G1 X12.209 Y-8.477
G1 X12.188 Y-8.481
G1 X12.170 Y-8.487
G1 X12.156 Y-8.492
G1 X12.149 Y-8.495
G1 X12.133 Y-8.504
G1 X12.115 Y-8.515
G1 X12.101 Y-8.526
G1 X12.085 Y-8.541
G1 X12.072 Y-8.555
G1 X12.060 Y-8.572
G1 X12.051 Y-8.587
G1 X12.042 Y-8.605
G1 X12.057 Y-8.477
G1 X11.991 Y-8.363
G1 X11.987 Y-8.358
G1 X11.968 Y-8.332
G1 X11.902 Y-8.255
G1 X11.932 Y-8.272
G1 X11.987 Y-8.303
G1 X12.044 Y-8.332
G1 X12.101 Y-8.361
G1 X12.160 Y-8.389
G1 X12.211 Y-8.411
G1 X12.194 Y-8.413
G1 X12.167 Y-8.419
G1 X12.145 Y-8.426
G1 X12.126 Y-8.434
G1 X12.116 Y-8.438
G1 X12.095 Y-8.450
G1 X12.073 Y-8.464
G1 X12.057 Y-8.477
G1 X12.191 Y-8.185
G1 X12.245 Y-8.211
G1 X12.301 Y-8.236
G1 X12.358 Y-8.260
G1 X12.416 Y-8.283
G1 X12.476 Y-8.305
G1 X12.537 Y-8.326
G1 X12.600 Y-8.347
G1 X12.664 Y-8.366
G1 X12.729 Y-8.385
G1 X12.796 Y-8.404
G1 X12.864 Y-8.421
G1 X12.934 Y-8.438
G1 X13.006 Y-8.453
G1 X13.079 Y-8.469
G1 X13.153 Y-8.483
G1 X13.229 Y-8.497
G1 X13.307 Y-8.510
G1 X13.386 Y-8.522
G1 X13.467 Y-8.534
G1 X13.550 Y-8.544
G1 X13.634 Y-8.555
G1 X13.721 Y-8.564
G1 X13.809 Y-8.573
G1 X13.898 Y-8.581
G1 X13.990 Y-8.589
G1 X14.083 Y-8.596
G1 X14.179 Y-8.603
G1 X14.276 Y-8.608
G1 X14.375 Y-8.614
G1 X14.476 Y-8.618
G1 X14.579 Y-8.622
G1 X14.684 Y-8.626
G1 X14.791 Y-8.629
G1 X14.900 Y-8.631
G1 X15.011 Y-8.633
G1 X15.124 Y-8.634
G1 X15.239 Y-8.635
G1 X17.352 Y-8.645
G1 X17.368 Y-8.643
G1 X17.383 Y-8.639
G1 X17.397 Y-8.633
G1 X17.409 Y-8.624
G1 X17.420 Y-8.613
G1 X17.428 Y-8.600
G1 X17.434 Y-8.586
G1 X17.437 Y-8.572
G1 X17.438 Y-8.561
G1 X17.353 Y-5.918
G1 X17.343 Y-5.636
G1 X17.336 Y-5.459
G1 X17.329 Y-5.291
G1 X17.321 Y-5.131
G1 X17.309 Y-4.906
G1 X17.300 Y-4.765
G1 X17.291 Y-4.632
G1 X17.287 Y-4.568
G1 X17.276 Y-4.445
G1 X17.265 Y-4.329
G1 X17.260 Y-4.273
G1 X17.254 Y-4.219
G1 X17.248 Y-4.166
G1 X17.242 Y-4.115
G1 X17.235 Y-4.064
G1 X17.228 Y-4.016
G1 X17.222 Y-3.968
G1 X17.214 Y-3.922
G1 X17.207 Y-3.878
G1 X17.199 Y-3.834
G1 X17.191 Y-3.792
G1 X17.183 Y-3.750
G1 X17.175 Y-3.710
G1 X17.166 Y-3.671
G1 X17.157 Y-3.633
G1 X17.148 Y-3.596
G1 X17.138 Y-3.560
G1 X17.128 Y-3.525
G1 X17.118 Y-3.491
G1 X17.107 Y-3.458
G1 X17.096 Y-3.425
G1 X17.085 Y-3.394
G1 X17.073 Y-3.362
G1 X17.061 Y-3.332
G1 X17.048 Y-3.302
G1 X17.036 Y-3.274
G1 X17.022 Y-3.246
G1 X17.009 Y-3.218
G1 X16.995 Y-3.191
G1 X16.980 Y-3.164
G1 X16.965 Y-3.138
G1 X16.950 Y-3.113
G1 X16.935 Y-3.088
G1 X16.919 Y-3.064
G1 X16.902 Y-3.040
G1 X16.886 Y-3.016
G1 X16.868 Y-2.992
G1 X16.851 Y-2.970
G1 X16.833 Y-2.947
G1 X16.814 Y-2.924
G1 X16.795 Y-2.902
G1 X16.776 Y-2.879
G1 X16.703 Y-2.799
G1 X16.630 Y-2.722
G1 X16.557 Y-2.649
G1 X16.485 Y-2.580
G1 X16.412 Y-2.515
G1 X16.339 Y-2.454
G1 X16.266 Y-2.397
G1 X16.194 Y-2.344
G1 X16.121 Y-2.295
G1 X16.048 Y-2.250
G1 X15.976 Y-2.209
G1 X15.903 Y-2.172
G1 X15.831 Y-2.139
G1 X15.758 Y-2.111
G1 X15.686 Y-2.087
G1 X15.613 Y-2.066
G1 X15.541 Y-2.051
G1 X15.469 Y-2.039
G1 X15.397 Y-2.032
G1 X15.325 Y-2.029
G1 X15.254 Y-2.030
G1 X15.183 Y-2.036
G1 X15.113 Y-2.047
G1 X15.044 Y-2.061
G1 X14.974 Y-2.081
G1 X14.906 Y-2.104
G1 X14.839 Y-2.132
G1 X14.772 Y-2.164
G1 X14.706 Y-2.200
G1 X14.641 Y-2.240
G1 X14.577 Y-2.285
G1 X14.516 Y-2.332
G1 X13.968 Y-2.773
G1 X13.957 Y-2.784
G1 X13.948 Y-2.796
G1 X13.942 Y-2.810
G1 X13.938 Y-2.824
G1 X13.938 Y-2.839
G1 X13.940 Y-2.854
G1 X13.945 Y-2.868
G1 X13.956 Y-2.886
G1 X14.499 Y-3.532
G1 X14.553 Y-3.601
G1 X14.607 Y-3.677
G1 X14.663 Y-3.765
G1 X14.718 Y-3.857
G1 X14.770 Y-3.954
G1 X14.822 Y-4.058
G1 X14.874 Y-4.169
G1 X14.922 Y-4.280
G1 X14.922 Y-4.280
G1 X14.969 Y-4.395
G1 X15.013 Y-4.513
G1 X15.013 Y-4.513
G1 X15.053 Y-4.629
G1 X15.091 Y-4.748
G1 X15.124 Y-4.862
G1 X15.124 Y-4.862
G1 X15.153 Y-4.977
G1 X15.178 Y-5.088
G1 X15.198 Y-5.198
G1 X15.216 Y-5.308
G1 X15.236 Y-5.419
G1 X15.258 Y-5.531
G1 X15.281 Y-5.642
G1 X15.304 Y-5.751
G1 X15.329 Y-5.859
G1 X15.354 Y-5.964
G1 X15.380 Y-6.066
G1 X15.405 Y-6.163
G1 X15.431 Y-6.255
G1 X15.457 Y-6.342
G1 X15.482 Y-6.423
G1 X15.507 Y-6.497
G1 X15.532 Y-6.564
G1 X15.556 Y-6.623
G1 X15.579 Y-6.670
G1 X15.610 Y-6.732
G1 X15.610 Y-6.733
G1 X15.632 Y-6.783
G1 X15.647 Y-6.823
G1 X15.650 Y-6.834
G1 X15.647 Y-6.834
G1 X15.604 Y-6.827
G1 X15.545 Y-6.814
G1 X15.467 Y-6.792
G1 X15.375 Y-6.763
G1 X15.266 Y-6.726
G1 X15.142 Y-6.682
G1 X15.000 Y-6.631
G1 X14.905 Y-6.597
G1 X14.808 Y-6.565
G1 X14.709 Y-6.533
G1 X14.609 Y-6.502
G1 X14.508 Y-6.473
G1 X14.407 Y-6.446
G1 X14.307 Y-6.420
G1 X14.209 Y-6.396
G1 X14.113 Y-6.374
G1 X14.020 Y-6.354
G1 X13.930 Y-6.336
G1 X13.845 Y-6.321
G1 X13.764 Y-6.309
G1 X13.689 Y-6.300
G1 X13.620 Y-6.293
G1 X13.563 Y-6.291
G1 X13.510 Y-6.287
G1 X13.457 Y-6.278
G1 X13.395 Y-6.264
G1 X13.328 Y-6.244
G1 X13.260 Y-6.221
G1 X13.184 Y-6.191
G1 X13.110 Y-6.158
G1 X13.034 Y-6.122
G1 X12.954 Y-6.081
G1 X12.874 Y-6.036
G1 X12.798 Y-5.990
G1 X12.718 Y-5.939
G1 X12.644 Y-5.888
G1 X12.568 Y-5.832
G1 X12.497 Y-5.777
G1 X12.431 Y-5.720
G1 X12.431 Y-5.720
G1 X11.771 Y-5.139
G1 X11.759 Y-5.130
G1 X11.745 Y-5.123
G1 X11.730 Y-5.119
G1 X11.714 Y-5.118
G1 X11.698 Y-5.119
G1 X11.683 Y-5.123
G1 X11.669 Y-5.129
G1 X11.657 Y-5.138
G1 X11.645 Y-5.151
G1 X11.205 Y-5.723
G1 X11.132 Y-5.820
G1 X11.067 Y-5.909
G1 X11.012 Y-5.991
G1 X10.965 Y-6.070
G1 X10.930 Y-6.139
G1 X10.927 Y-6.146
G1 X10.901 Y-6.212
G1 X10.899 Y-6.222
G1 X10.882 Y-6.287
G1 X10.880 Y-6.297
G1 X10.873 Y-6.363
G1 X10.873 Y-6.374
G1 X10.874 Y-6.442
G1 X10.875 Y-6.451
G1 X10.886 Y-6.523
G1 X10.887 Y-6.531
G1 X10.909 Y-6.613
G1 X10.939 Y-6.701
G1 X10.977 Y-6.796
G1 X11.024 Y-6.899
G1 X11.079 Y-7.014
G1 X11.143 Y-7.141
G1 X11.169 Y-7.192
G1 X11.196 Y-7.243
G1 X11.224 Y-7.292
G1 X11.253 Y-7.340
G1 X11.283 Y-7.388
G1 X11.314 Y-7.434
G1 X11.345 Y-7.479
G1 X11.378 Y-7.524
G1 X11.411 Y-7.567
G1 X11.445 Y-7.610
G1 X11.480 Y-7.651
G1 X11.516 Y-7.692
G1 X11.554 Y-7.731
G1 X11.592 Y-7.770
G1 X11.631 Y-7.807
G1 X11.672 Y-7.844
G1 X11.713 Y-7.880
G1 X11.756 Y-7.915
G1 X11.799 Y-7.948
G1 X11.844 Y-7.981
G1 X11.890 Y-8.013
G1 X11.937 Y-8.044
G1 X11.985 Y-8.074
G1 X12.035 Y-8.103
G1 X12.086 Y-8.132
G1 X12.138 Y-8.159
G1 X12.191 Y-8.185
G1 X11.620 Y-8.060
G1 X11.547 Y-8.038
G1 X11.520 Y-8.032
G1 X11.495 Y-8.029
G1 X11.467 Y-8.029
G1 X11.449 Y-8.030
G1 X11.438 Y-8.031
G1 X11.403 Y-8.037
G1 X11.312 Y-8.060
G1 X11.297 Y-8.066
G1 X11.297 Y-8.052
G1 X11.296 Y-7.998
G1 X11.293 Y-7.943
G1 X11.289 Y-7.891
G1 X11.283 Y-7.837
G1 X11.276 Y-7.783
G1 X11.268 Y-7.729
G1 X11.264 Y-7.705
G1 X11.287 Y-7.733
G1 X11.325 Y-7.778
G1 X11.365 Y-7.822
G1 X11.406 Y-7.866
G1 X11.448 Y-7.908
G1 X11.491 Y-7.949
G1 X11.535 Y-7.989
G1 X11.581 Y-8.029
G1 X11.620 Y-8.060
G1 X11.415 Y-7.969
G1 X11.385 Y-7.974
G1 X11.363 Y-7.980
G1 X11.361 Y-7.938
G1 X11.359 Y-7.913
G1 X11.399 Y-7.954
G1 X11.415 Y-7.969
G1 X11.092 Y-8.008
G1 X11.089 Y-7.958
G1 X11.086 Y-7.910
G1 X11.081 Y-7.860
G1 X11.074 Y-7.810
G1 X11.067 Y-7.760
G1 X11.059 Y-7.709
G1 X11.049 Y-7.658
G1 X11.038 Y-7.606
G1 X11.027 Y-7.554
G1 X11.014 Y-7.501
G1 X11.000 Y-7.447
G1 X10.986 Y-7.392
G1 X10.971 Y-7.337
G1 X10.954 Y-7.280
G1 X10.910 Y-7.133
G1 X10.867 Y-7.001
G1 X10.825 Y-6.883
G1 X10.782 Y-6.777
G1 X10.737 Y-6.683
G1 X10.693 Y-6.607
G1 X10.688 Y-6.600
G1 X10.642 Y-6.534
G1 X10.636 Y-6.527
G1 X10.586 Y-6.472
G1 X10.577 Y-6.464
G1 X10.523 Y-6.419
G1 X10.513 Y-6.412
G1 X10.453 Y-6.375
G1 X10.442 Y-6.369
G1 X10.376 Y-6.341
G1 X10.366 Y-6.337
G1 X10.294 Y-6.316
G1 X10.285 Y-6.314
G1 X10.198 Y-6.297
G1 X10.103 Y-6.287
G1 X10.000 Y-6.281
G1 X9.889 Y-6.280
G1 X9.782 Y-6.281
G1 X9.685 Y-6.285
G1 X9.597 Y-6.293
G1 X9.515 Y-6.305
G1 X9.450 Y-6.320
G1 X9.441 Y-6.322
G1 X9.384 Y-6.341
G1 X9.374 Y-6.345
G1 X9.324 Y-6.368
G1 X9.312 Y-6.375
G1 X9.270 Y-6.403
G1 X9.259 Y-6.412
G1 X9.223 Y-6.446
G1 X9.213 Y-6.457
G1 X9.184 Y-6.496
G1 X9.177 Y-6.508
G1 X9.153 Y-6.553
G1 X9.149 Y-6.564
G1 X9.131 Y-6.616
G1 X9.128 Y-6.625
G1 X9.113 Y-6.691
G1 X9.104 Y-6.763
G1 X9.099 Y-6.841
G1 X9.097 Y-6.920
G1 X9.094 Y-6.980
G1 X9.083 Y-7.050
G1 X9.067 Y-7.124
G1 X9.044 Y-7.212
G1 X9.014 Y-7.308
G1 X8.979 Y-7.410
G1 X8.939 Y-7.519
G1 X8.892 Y-7.634
G1 X8.843 Y-7.749
G1 X8.788 Y-7.870
G1 X8.729 Y-7.992
G1 X8.667 Y-8.116
G1 X8.602 Y-8.240
G1 X8.534 Y-8.364
G1 X8.465 Y-8.484
G1 X8.392 Y-8.605
G1 X8.318 Y-8.725
G1 X8.247 Y-8.843
G1 X8.178 Y-8.961
G1 X8.112 Y-9.075
G1 X8.049 Y-9.187
G1 X7.989 Y-9.295
G1 X7.934 Y-9.399
G1 X7.882 Y-9.497
G1 X7.835 Y-9.590
G1 X7.793 Y-9.676
G1 X7.756 Y-9.756
G1 X7.725 Y-9.828
G1 X7.700 Y-9.892
G1 X7.680 Y-9.949
G1 X7.669 Y-9.990
G1 X7.667 Y-10.000
G1 X7.665 Y-10.019
G1 X7.612 Y-10.145
G1 X7.509 Y-10.187
G1 X7.406 Y-10.145
G1 X7.353 Y-10.019
G1 X7.351 Y-10.000
G1 X7.349 Y-9.989
G1 X7.336 Y-9.943
G1 X7.317 Y-9.888
G1 X7.292 Y-9.825
G1 X7.261 Y-9.754
G1 X7.224 Y-9.675
G1 X7.182 Y-9.589
G1 X7.135 Y-9.497
G1 X7.084 Y-9.398
G1 X7.028 Y-9.295
G1 X6.969 Y-9.186
G1 X6.906 Y-9.075
G1 X6.839 Y-8.960
G1 X6.770 Y-8.843
G1 X6.699 Y-8.724
G1 X6.626 Y-8.605
G1 X6.553 Y-8.484
G1 X6.483 Y-8.363
G1 X6.415 Y-8.240
G1 X6.350 Y-8.116
G1 X6.288 Y-7.992
G1 X6.230 Y-7.870
G1 X6.175 Y-7.749
G1 X6.126 Y-7.634
G1 X6.079 Y-7.519
G1 X6.039 Y-7.410
G1 X6.003 Y-7.308
G1 X5.974 Y-7.212
G1 X5.950 Y-7.124
G1 X5.935 Y-7.050
G1 X5.924 Y-6.980
G1 X5.921 Y-6.920
G1 X5.919 Y-6.837
G1 X5.913 Y-6.758
G1 X5.903 Y-6.684
G1 X5.890 Y-6.625
G1 X5.887 Y-6.616
G1 X5.869 Y-6.564
G1 X5.865 Y-6.554
G1 X5.841 Y-6.508
G1 X5.834 Y-6.496
G1 X5.804 Y-6.457
G1 X5.795 Y-6.446
G1 X5.759 Y-6.412
G1 X5.748 Y-6.403
G1 X5.705 Y-6.375
G1 X5.694 Y-6.368
G1 X5.644 Y-6.345
G1 X5.634 Y-6.341
G1 X5.576 Y-6.322
G1 X5.568 Y-6.320
G1 X5.496 Y-6.304
G1 X5.416 Y-6.292
G1 X5.329 Y-6.285
G1 X5.233 Y-6.281
G1 X5.127 Y-6.280
G1 X5.014 Y-6.281
G1 X4.910 Y-6.287
G1 X4.813 Y-6.298
G1 X4.733 Y-6.314
G1 X4.724 Y-6.316
G1 X4.651 Y-6.337
G1 X4.641 Y-6.341
G1 X4.575 Y-6.370
G1 X4.564 Y-6.375
G1 X4.505 Y-6.412
G1 X4.495 Y-6.419
G1 X4.440 Y-6.464
G1 X4.432 Y-6.472
G1 X4.382 Y-6.527
G1 X4.376 Y-6.535
G1 X4.329 Y-6.600
G1 X4.325 Y-6.607
G1 X4.278 Y-6.689
G1 X4.234 Y-6.782
G1 X4.191 Y-6.887
G1 X4.149 Y-7.004
G1 X4.107 Y-7.136
G1 X4.063 Y-7.282
G1 X4.047 Y-7.338
G1 X4.031 Y-7.393
G1 X4.017 Y-7.446
G1 X4.003 Y-7.500
G1 X3.990 Y-7.552
G1 X3.979 Y-7.603
G1 X3.968 Y-7.654
G1 X3.958 Y-7.704
G1 X3.949 Y-7.753
G1 X3.941 Y-7.802
G1 X3.934 Y-7.851
G1 X3.929 Y-7.899
G1 X3.924 Y-7.947
G1 X3.921 Y-7.994
G1 X3.919 Y-8.041
G1 X3.918 Y-8.088
G1 X3.918 Y-8.135
G1 X3.920 Y-8.181
G1 X3.923 Y-8.228
G1 X3.928 Y-8.274
G1 X3.934 Y-8.321
G1 X3.941 Y-8.367
G1 X3.950 Y-8.414
G1 X3.960 Y-8.461
G1 X3.972 Y-8.508
G1 X3.986 Y-8.555
G1 X4.001 Y-8.603
G1 X4.017 Y-8.650
G1 X4.035 Y-8.698
G1 X4.055 Y-8.747
G1 X4.076 Y-8.796
G1 X4.099 Y-8.846
G1 X4.124 Y-8.896
G1 X4.150 Y-8.947
G1 X4.179 Y-8.999
G1 X4.208 Y-9.051
G1 X4.240 Y-9.105
G1 X4.273 Y-9.159
G1 X4.309 Y-9.214
G1 X4.346 Y-9.271
G1 X4.385 Y-9.328
G1 X4.426 Y-9.387
G1 X4.468 Y-9.446
G1 X4.513 Y-9.507
G1 X4.560 Y-9.570
G1 X4.608 Y-9.634
G1 X4.659 Y-9.699
G1 X4.712 Y-9.766
G1 X4.767 Y-9.834
G1 X4.824 Y-9.904
G1 X4.883 Y-9.976
G1 X4.945 Y-10.050
G1 X5.008 Y-10.125
G1 X5.074 Y-10.203
G1 X5.142 Y-10.282
G1 X5.213 Y-10.363
G1 X5.285 Y-10.447
G1 X5.360 Y-10.533
G1 X5.518 Y-10.710
G1 X5.600 Y-10.803
G1 X5.772 Y-10.995
G1 X6.563 Y-11.870
G1 X7.092 Y-12.452
G1 X7.263 Y-12.638
G1 X7.310 Y-12.689
G1 X7.356 Y-12.738
G1 X7.367 Y-12.749
G1 X7.371 Y-12.753
G1 X7.384 Y-12.762
G1 X7.398 Y-12.769
G1 X7.413 Y-12.773
G1 X7.428 Y-12.775
G1 X7.441 Y-12.774
G1 X7.445 Y-12.773
G1 X7.461 Y-12.770
G1 X7.479 Y-12.761
G1 X7.486 Y-12.757
G1 X7.494 Y-12.752
G1 X7.508 Y-12.740
G1 X7.526 Y-12.726
G1 X7.546 Y-12.709
G1 X7.569 Y-12.687
G1 X7.625 Y-12.635
G1 X7.693 Y-12.569
G1 X7.731 Y-12.531
G1 X7.817 Y-12.446
G1 X7.964 Y-12.297
G1 X8.018 Y-12.241
G1 X8.194 Y-12.061
G1 X8.321 Y-11.930
G1 X8.524 Y-11.718
G1 X8.741 Y-11.490
G1 X8.968 Y-11.249
G1 X9.139 Y-11.068
G1 X9.230 Y-10.971
G1 X9.403 Y-10.784
G1 X9.486 Y-10.694
G1 X9.566 Y-10.607
G1 X9.644 Y-10.521
G1 X9.720 Y-10.437
G1 X9.793 Y-10.356
G1 X9.864 Y-10.276
G1 X9.932 Y-10.198
G1 X9.999 Y-10.122
G1 X10.063 Y-10.048
G1 X10.125 Y-9.975
G1 X10.184 Y-9.904
G1 X10.242 Y-9.835
G1 X10.297 Y-9.767
G1 X10.351 Y-9.700
G1 X10.402 Y-9.636
G1 X10.451 Y-9.572
G1 X10.498 Y-9.509
G1 X10.543 Y-9.448
G1 X10.586 Y-9.388
G1 X10.627 Y-9.329
G1 X10.667 Y-9.272
G1 X10.704 Y-9.214
G1 X10.739 Y-9.159
G1 X10.773 Y-9.104
G1 X10.805 Y-9.050
G1 X10.835 Y-8.996
G1 X10.864 Y-8.943
G1 X10.890 Y-8.891
G1 X10.915 Y-8.840
G1 X10.938 Y-8.789
G1 X10.959 Y-8.738
G1 X10.979 Y-8.688
G1 X10.997 Y-8.638
G1 X11.014 Y-8.589
G1 X11.028 Y-8.540
G1 X11.042 Y-8.491
G1 X11.053 Y-8.443
G1 X11.064 Y-8.394
G1 X11.072 Y-8.346
G1 X11.079 Y-8.298
G1 X11.085 Y-8.249
G1 X11.089 Y-8.201
G1 X11.092 Y-8.153
G1 X11.093 Y-8.105
G1 X11.093 Y-8.056
G1 X11.092 Y-8.008
G1 X11.139 Y-8.643
G1 X11.141 Y-8.651
G1 X11.145 Y-8.662
G1 X11.156 Y-8.690
G1 X11.216 Y-8.807
G1 X11.224 Y-8.820
G1 X11.272 Y-8.894
G1 X11.271 Y-8.894
G1 X11.250 Y-8.897
G1 X11.232 Y-8.900
G1 X11.211 Y-8.906
G1 X11.193 Y-8.913
G1 X11.174 Y-8.923
G1 X11.159 Y-8.932
G1 X11.142 Y-8.944
G1 X11.129 Y-8.956
G1 X11.117 Y-8.969
G1 X10.761 Y-9.372
G1 X10.782 Y-9.341
G1 X10.820 Y-9.282
G1 X10.857 Y-9.225
G1 X10.892 Y-9.167
G1 X10.924 Y-9.112
G1 X10.956 Y-9.056
G1 X10.986 Y-9.000
G1 X11.014 Y-8.945
G1 X11.039 Y-8.892
G1 X11.064 Y-8.838
G1 X11.087 Y-8.784
G1 X11.108 Y-8.730
G1 X11.127 Y-8.678
G1 X11.139 Y-8.643
G1 X11.146 Y-8.817
G1 X11.157 Y-8.840
G1 X11.166 Y-8.854
G1 X11.162 Y-8.856
G1 X11.137 Y-8.868
G1 X11.119 Y-8.879
G1 X11.127 Y-8.862
G1 X11.146 Y-8.817
G1 X9.643 Y-10.720
G1 X9.636 Y-10.730
G1 X9.591 Y-10.799
G1 X9.552 Y-10.865
G1 X9.520 Y-10.926
G1 X9.498 Y-10.974
G1 X9.492 Y-10.990
G1 X9.478 Y-11.036
G1 X9.472 Y-11.064
G1 X9.469 Y-11.100
G1 X9.468 Y-11.121
G1 X9.470 Y-11.139
G1 X9.474 Y-11.159
G1 X9.477 Y-11.171
G1 X9.482 Y-11.186
G1 X9.493 Y-11.212
G1 X9.503 Y-11.231
G1 X9.513 Y-11.247
G1 X9.522 Y-11.259
G1 X9.514 Y-11.257
G1 X9.428 Y-11.239
G1 X9.406 Y-11.237
G1 X9.323 Y-11.232
G1 X9.297 Y-11.233
G1 X9.215 Y-11.242
G1 X9.189 Y-11.247
G1 X9.140 Y-11.262
G1 X9.240 Y-11.154
G1 X9.331 Y-11.057
G1 X9.504 Y-10.871
G1 X9.588 Y-10.780
G1 X9.643 Y-10.720
G1 X9.403 Y-11.078
G1 X9.401 Y-11.100
G1 X9.401 Y-11.126
G1 X9.403 Y-11.151
G1 X9.407 Y-11.172
G1 X9.321 Y-11.167
G1 X9.320 Y-11.167
G1 X9.382 Y-11.101
G1 X9.403 Y-11.078
; Retract
G1 Z1.5000 F2540

; Path 2
; Rapid to initial position
G1 X7.509 Y-10.041 F2540
G1 Z0.5000
; plunge
G1 Z-2.6750 F127
; cut
G1 X7.486 Y-9.986 F1016
G1 X7.484 Y-9.975
G1 X7.480 Y-9.957
G1 X7.465 Y-9.902
G1 X7.444 Y-9.842
G1 X7.417 Y-9.775
G1 X7.385 Y-9.701
G1 X7.347 Y-9.620
G1 X7.304 Y-9.532
G1 X7.257 Y-9.438
G1 X7.243 Y-9.412
G1 X7.268 Y-9.430
G1 X7.284 Y-9.439
G1 X7.334 Y-9.467
G1 X7.356 Y-9.477
G1 X7.398 Y-9.492
G1 X7.409 Y-9.495
G1 X7.432 Y-9.500
G1 X7.443 Y-9.502
G1 X7.491 Y-9.508
G1 X7.513 Y-9.509
G1 X7.530 Y-9.508
G1 X7.551 Y-9.505
G1 X7.578 Y-9.500
G1 X7.591 Y-9.497
G1 X7.616 Y-9.489
G1 X7.628 Y-9.484
G1 X7.665 Y-9.466
G1 X7.683 Y-9.456
G1 X7.720 Y-9.432
G1 X7.732 Y-9.423
G1 X7.778 Y-9.386
G1 X7.798 Y-9.368
G1 X7.760 Y-9.441
G1 X7.712 Y-9.535
G1 X7.669 Y-9.624
G1 X7.631 Y-9.706
G1 X7.598 Y-9.782
G1 X7.571 Y-9.851
G1 X7.548 Y-9.917
G1 X7.535 Y-9.968
G1 X7.532 Y-9.984
G1 X7.532 Y-9.986
G1 X7.509 Y-10.041
G1 X7.509 Y-9.823
G1 X7.507 Y-9.818
G1 X7.480 Y-9.751
G1 X7.447 Y-9.675
G1 X7.409 Y-9.592
G1 X7.392 Y-9.558
G1 X7.393 Y-9.558
G1 X7.420 Y-9.564
G1 X7.435 Y-9.567
G1 X7.489 Y-9.573
G1 X7.516 Y-9.574
G1 X7.539 Y-9.572
G1 X7.565 Y-9.569
G1 X7.595 Y-9.563
G1 X7.613 Y-9.558
G1 X7.628 Y-9.553
G1 X7.606 Y-9.597
G1 X7.568 Y-9.681
G1 X7.534 Y-9.759
G1 X7.509 Y-9.823
G1 X7.509 Y-9.647
G1 X7.505 Y-9.639
G1 X7.513 Y-9.639
G1 X7.509 Y-9.647
G1 X7.510 Y-9.444
G1 X7.521 Y-9.443
G1 X7.538 Y-9.441
G1 X7.561 Y-9.437
G1 X7.569 Y-9.435
G1 X7.590 Y-9.428
G1 X7.598 Y-9.425
G1 X7.630 Y-9.410
G1 X7.645 Y-9.402
G1 X7.679 Y-9.379
G1 X7.688 Y-9.373
G1 X7.731 Y-9.339
G1 X7.775 Y-9.299
G1 X7.820 Y-9.253
G1 X7.867 Y-9.202
G1 X7.917 Y-9.146
G1 X7.967 Y-9.085
G1 X8.019 Y-9.019
G1 X8.072 Y-8.948
G1 X8.125 Y-8.874
G1 X8.179 Y-8.796
G1 X8.233 Y-8.715
G1 X8.286 Y-8.632
G1 X8.340 Y-8.545
G1 X8.405 Y-8.433
G1 X8.466 Y-8.322
G1 X8.523 Y-8.211
G1 X8.575 Y-8.102
G1 X8.623 Y-7.993
G1 X8.667 Y-7.886
G1 X8.706 Y-7.779
G1 X8.740 Y-7.674
G1 X8.770 Y-7.570
G1 X8.796 Y-7.467
G1 X8.817 Y-7.366
G1 X8.834 Y-7.266
G1 X8.847 Y-7.167
G1 X8.854 Y-7.071
G1 X8.858 Y-6.976
G1 X8.856 Y-6.884
G1 X8.850 Y-6.793
G1 X8.839 Y-6.704
G1 X8.823 Y-6.617
G1 X8.803 Y-6.534
G1 X8.777 Y-6.452
G1 X8.747 Y-6.373
G1 X8.711 Y-6.297
G1 X8.670 Y-6.224
G1 X8.625 Y-6.155
G1 X8.574 Y-6.089
G1 X8.518 Y-6.027
G1 X8.457 Y-5.969
G1 X8.392 Y-5.916
G1 X8.322 Y-5.866
G1 X8.247 Y-5.822
G1 X8.166 Y-5.781
G1 X7.992 Y-5.711
G1 X7.980 Y-5.707
G1 X7.807 Y-5.657
G1 X7.794 Y-5.655
G1 X7.626 Y-5.626
G1 X7.611 Y-5.624
G1 X7.445 Y-5.616
G1 X7.431 Y-5.616
G1 X7.272 Y-5.626
G1 X7.257 Y-5.629
G1 X7.104 Y-5.658
G1 X7.089 Y-5.662
G1 X6.956 Y-5.705
G1 X7.012 Y-5.674
G1 X7.053 Y-5.647
G1 X7.065 Y-5.638
G1 X7.098 Y-5.609
G1 X7.109 Y-5.598
G1 X7.118 Y-5.586
G1 X7.129 Y-5.568
G1 X7.133 Y-5.560
G1 X7.142 Y-5.539
G1 X7.146 Y-5.525
G1 X7.149 Y-5.513
G1 X7.151 Y-5.494
G1 X7.152 Y-5.463
G1 X7.152 Y-5.446
G1 X7.146 Y-5.397
G1 X7.135 Y-5.343
G1 X7.119 Y-5.282
G1 X7.099 Y-5.214
G1 X7.074 Y-5.139
G1 X7.046 Y-5.056
G1 X7.013 Y-4.968
G1 X6.977 Y-4.874
G1 X6.937 Y-4.775
G1 X6.894 Y-4.671
G1 X6.847 Y-4.563
G1 X6.798 Y-4.451
G1 X6.746 Y-4.337
G1 X6.693 Y-4.222
G1 X6.626 Y-4.078
G1 X6.569 Y-3.946
G1 X6.569 Y-3.945
G1 X6.514 Y-3.810
G1 X6.514 Y-3.810
G1 X6.468 Y-3.687
G1 X6.425 Y-3.560
G1 X6.389 Y-3.443
G1 X6.359 Y-3.327
G1 X6.333 Y-3.216
G1 X6.313 Y-3.107
G1 X6.299 Y-3.007
G1 X6.289 Y-2.902
G1 X6.285 Y-2.805
G1 X6.286 Y-2.710
G1 X6.291 Y-2.613
G1 X6.302 Y-2.519
G1 X6.317 Y-2.430
G1 X6.464 Y-1.678
G1 X6.466 Y-1.663
G1 X6.466 Y-1.650
G1 X6.464 Y-1.635
G1 X6.462 Y-1.623
G1 X6.457 Y-1.609
G1 X6.453 Y-1.598
G1 X6.446 Y-1.585
G1 X6.440 Y-1.575
G1 X6.430 Y-1.563
G1 X6.422 Y-1.554
G1 X6.410 Y-1.544
G1 X6.400 Y-1.536
G1 X6.387 Y-1.528
G1 X6.376 Y-1.523
G1 X6.362 Y-1.517
G1 X6.350 Y-1.514
G1 X6.334 Y-1.511
G1 X6.321 Y-1.510
G1 X6.306 Y-1.510
G1 X6.294 Y-1.511
G1 X6.278 Y-1.514
G1 X6.266 Y-1.517
G1 X6.252 Y-1.522
G1 X6.240 Y-1.527
G1 X6.227 Y-1.535
G1 X6.218 Y-1.541
G1 X6.206 Y-1.551
G1 X5.252 Y-2.434
G1 X5.154 Y-2.521
G1 X5.053 Y-2.607
G1 X4.952 Y-2.688
G1 X4.848 Y-2.768
G1 X4.745 Y-2.842
G1 X4.640 Y-2.914
G1 X4.539 Y-2.979
G1 X4.439 Y-3.039
G1 X4.341 Y-3.095
G1 X4.249 Y-3.142
G1 X4.158 Y-3.185
G1 X4.077 Y-3.219
G1 X4.004 Y-3.246
G1 X3.937 Y-3.265
G1 X3.884 Y-3.275
G1 X3.871 Y-3.276
G1 X3.941 Y-3.254
G1 X4.030 Y-3.222
G1 X4.122 Y-3.184
G1 X4.214 Y-3.141
G1 X4.309 Y-3.093
G1 X4.404 Y-3.039
G1 X4.502 Y-2.981
G1 X4.600 Y-2.916
G1 X4.699 Y-2.847
G1 X4.800 Y-2.773
G1 X4.901 Y-2.693
G1 X5.003 Y-2.608
G1 X5.105 Y-2.519
G1 X5.222 Y-2.413
G1 X5.332 Y-2.311
G1 X5.437 Y-2.212
G1 X5.536 Y-2.116
G1 X5.629 Y-2.023
G1 X5.716 Y-1.933
G1 X5.797 Y-1.846
G1 X5.873 Y-1.760
G1 X5.943 Y-1.678
G1 X6.007 Y-1.597
G1 X6.067 Y-1.518
G1 X6.120 Y-1.441
G1 X6.168 Y-1.365
G1 X6.211 Y-1.290
G1 X6.248 Y-1.216
G1 X6.280 Y-1.143
G1 X6.305 Y-1.071
G1 X6.325 Y-0.999
G1 X6.340 Y-0.927
G1 X6.347 Y-0.856
G1 X6.349 Y-0.786
G1 X6.344 Y-0.716
G1 X6.333 Y-0.647
G1 X6.316 Y-0.581
G1 X6.294 Y-0.515
G1 X6.266 Y-0.451
G1 X6.233 Y-0.388
G1 X6.195 Y-0.326
G1 X6.153 Y-0.266
G1 X6.106 Y-0.206
G1 X6.054 Y-0.146
G1 X5.997 Y-0.087
G1 X5.855 Y0.051
G1 X5.731 Y0.151
G1 X5.717 Y0.160
G1 X5.605 Y0.228
G1 X5.599 Y0.232
G1 X5.578 Y0.241
G1 X5.470 Y0.281
G1 X5.462 Y0.283
G1 X5.441 Y0.288
G1 X5.433 Y0.289
G1 X5.325 Y0.301
G1 X5.316 Y0.301
G1 X5.295 Y0.301
G1 X5.286 Y0.301
G1 X5.168 Y0.284
G1 X5.145 Y0.279
G1 X5.020 Y0.237
G1 X5.005 Y0.230
G1 X4.862 Y0.160
G1 X4.779 Y0.111
G1 X4.695 Y0.057
G1 X4.609 Y-0.003
G1 X4.524 Y-0.068
G1 X4.438 Y-0.138
G1 X4.352 Y-0.211
G1 X4.266 Y-0.289
G1 X4.179 Y-0.371
G1 X4.094 Y-0.456
G1 X4.009 Y-0.544
G1 X3.924 Y-0.635
G1 X3.841 Y-0.728
G1 X3.759 Y-0.823
G1 X3.679 Y-0.920
G1 X3.600 Y-1.018
G1 X3.524 Y-1.117
G1 X3.450 Y-1.217
G1 X3.379 Y-1.316
G1 X3.311 Y-1.416
G1 X3.246 Y-1.516
G1 X3.184 Y-1.615
G1 X3.126 Y-1.712
G1 X3.072 Y-1.809
G1 X3.023 Y-1.903
G1 X2.977 Y-1.996
G1 X2.937 Y-2.088
G1 X2.901 Y-2.176
G1 X2.871 Y-2.262
G1 X2.857 Y-2.311
G1 X2.862 Y-2.292
G1 X2.890 Y-2.197
G1 X2.890 Y-2.196
G1 X2.923 Y-2.101
G1 X2.964 Y-1.995
G1 X3.009 Y-1.889
G1 X3.060 Y-1.779
G1 X3.117 Y-1.665
G1 X3.176 Y-1.553
G1 X3.242 Y-1.436
G1 X3.242 Y-1.436
G1 X3.307 Y-1.327
G1 X3.308 Y-1.327
G1 X3.379 Y-1.212
G1 X3.449 Y-1.107
G1 X3.524 Y-1.002
G1 X3.598 Y-0.901
G1 X3.675 Y-0.805
G1 X3.746 Y-0.721
G1 X3.821 Y-0.639
G1 X4.575 Y0.150
G1 X4.584 Y0.162
G1 X4.590 Y0.172
G1 X4.597 Y0.185
G1 X4.602 Y0.197
G1 X4.606 Y0.211
G1 X4.609 Y0.222
G1 X4.610 Y0.237
G1 X4.610 Y0.250
G1 X4.609 Y0.265
G1 X4.607 Y0.276
G1 X4.602 Y0.291
G1 X4.598 Y0.302
G1 X4.591 Y0.316
G1 X4.584 Y0.326
G1 X4.575 Y0.338
G1 X4.567 Y0.347
G1 X4.555 Y0.357
G1 X4.546 Y0.364
G1 X4.532 Y0.372
G1 X4.521 Y0.377
G1 X4.506 Y0.383
G1 X4.495 Y0.386
G1 X4.479 Y0.389
G1 X4.467 Y0.390
G1 X4.452 Y0.391
G1 X4.441 Y0.390
G1 X4.425 Y0.388
G1 X3.710 Y0.241
G1 X3.630 Y0.228
G1 X3.546 Y0.218
G1 X3.453 Y0.214
G1 X3.363 Y0.214
G1 X3.265 Y0.218
G1 X3.163 Y0.228
G1 X3.057 Y0.243
G1 X2.952 Y0.262
G1 X2.837 Y0.287
G1 X2.717 Y0.317
G1 X2.716 Y0.318
G1 X2.602 Y0.351
G1 X2.474 Y0.392
G1 X2.474 Y0.392
G1 X2.349 Y0.436
G1 X2.222 Y0.485
G1 X2.221 Y0.485
G1 X2.084 Y0.541
G1 X1.948 Y0.601
G1 X1.948 Y0.601
G1 X1.830 Y0.654
G1 X1.714 Y0.704
G1 X1.600 Y0.752
G1 X1.490 Y0.796
G1 X1.384 Y0.838
G1 X1.283 Y0.876
G1 X1.186 Y0.910
G1 X1.096 Y0.941
G1 X1.011 Y0.968
G1 X0.932 Y0.991
G1 X0.860 Y1.010
G1 X0.794 Y1.024
G1 X0.744 Y1.032
G1 X0.732 Y1.033
G1 X0.688 Y1.036
G1 X0.668 Y1.036
G1 X0.634 Y1.032
G1 X0.618 Y1.029
G1 X0.606 Y1.026
G1 X0.586 Y1.018
G1 X0.564 Y1.007
G1 X0.551 Y1.000
G1 X0.539 Y0.991
G1 X0.525 Y0.977
G1 X0.519 Y0.971
G1 X0.491 Y0.937
G1 X0.489 Y0.934
G1 X0.509 Y0.991
G1 X0.537 Y1.085
G1 X0.560 Y1.178
G1 X0.577 Y1.270
G1 X0.589 Y1.362
G1 X0.596 Y1.453
G1 X0.598 Y1.542
G1 X0.595 Y1.631
G1 X0.586 Y1.717
G1 X0.574 Y1.802
G1 X0.556 Y1.885
G1 X0.552 Y1.900
G1 X0.568 Y1.890
G1 X0.593 Y1.877
G1 X0.614 Y1.870
G1 X0.641 Y1.862
G1 X0.661 Y1.858
G1 X0.690 Y1.855
G1 X0.706 Y1.854
G1 X0.739 Y1.854
G1 X0.752 Y1.855
G1 X0.796 Y1.861
G1 X0.841 Y1.869
G1 X0.889 Y1.882
G1 X0.939 Y1.897
G1 X0.992 Y1.916
G1 X1.050 Y1.938
G1 X1.112 Y1.962
G1 X1.180 Y1.990
G1 X1.253 Y2.022
G1 X1.332 Y2.057
G1 X1.418 Y2.095
G1 X1.510 Y2.137
G1 X1.956 Y2.339
G1 X1.956 Y2.340
G1 X2.094 Y2.400
G1 X2.229 Y2.456
G1 X2.359 Y2.506
G1 X2.484 Y2.550
G1 X2.607 Y2.589
G1 X2.732 Y2.625
G1 X2.846 Y2.654
G1 X2.956 Y2.678
G1 X3.066 Y2.696
G1 X3.173 Y2.711
G1 X3.271 Y2.719
G1 X3.371 Y2.723
G1 X3.468 Y2.722
G1 X3.556 Y2.717
G1 X3.645 Y2.707
G1 X3.735 Y2.691
G1 X4.474 Y2.540
G1 X4.490 Y2.538
G1 X4.502 Y2.538
G1 X4.518 Y2.539
G1 X4.531 Y2.541
G1 X4.546 Y2.544
G1 X4.557 Y2.548
G1 X4.571 Y2.554
G1 X4.582 Y2.560
G1 X4.595 Y2.569
G1 X4.605 Y2.577
G1 X4.616 Y2.588
G1 X4.623 Y2.597
G1 X4.632 Y2.610
G1 X4.638 Y2.620
G1 X4.644 Y2.634
G1 X4.648 Y2.646
G1 X4.651 Y2.660
G1 X4.653 Y2.672
G1 X4.653 Y2.687
G1 X4.652 Y2.699
G1 X4.650 Y2.714
G1 X4.647 Y2.725
G1 X4.642 Y2.739
G1 X4.637 Y2.750
G1 X4.629 Y2.763
G1 X4.623 Y2.772
G1 X4.611 Y2.785
G1 X3.848 Y3.548
G1 X3.771 Y3.629
G1 X3.696 Y3.715
G1 X3.621 Y3.806
G1 X3.543 Y3.908
G1 X3.469 Y4.010
G1 X3.395 Y4.119
G1 X3.323 Y4.230
G1 X3.255 Y4.343
G1 X3.190 Y4.455
G1 X3.128 Y4.571
G1 X3.072 Y4.681
G1 X3.069 Y4.688
G1 X3.085 Y4.661
G1 X3.119 Y4.605
G1 X3.156 Y4.548
G1 X3.195 Y4.490
G1 X3.236 Y4.432
G1 X3.279 Y4.373
G1 X3.324 Y4.313
G1 X3.372 Y4.252
G1 X3.421 Y4.190
G1 X3.473 Y4.128
G1 X3.527 Y4.064
G1 X3.584 Y4.000
G1 X3.643 Y3.934
G1 X3.703 Y3.867
G1 X3.767 Y3.799
G1 X3.832 Y3.730
G1 X3.900 Y3.661
G1 X4.008 Y3.550
G1 X4.111 Y3.447
G1 X4.208 Y3.349
G1 X4.300 Y3.258
G1 X4.388 Y3.174
G1 X4.471 Y3.095
G1 X4.551 Y3.022
G1 X4.627 Y2.956
G1 X4.699 Y2.894
G1 X4.769 Y2.839
G1 X4.837 Y2.789
G1 X4.903 Y2.744
G1 X4.967 Y2.704
G1 X5.031 Y2.671
G1 X5.094 Y2.643
G1 X5.147 Y2.624
G1 X5.158 Y2.620
G1 X5.210 Y2.607
G1 X5.222 Y2.605
G1 X5.273 Y2.597
G1 X5.287 Y2.596
G1 X5.336 Y2.594
G1 X5.350 Y2.594
G1 X5.399 Y2.598
G1 X5.413 Y2.600
G1 X5.461 Y2.609
G1 X5.474 Y2.613
G1 X5.522 Y2.628
G1 X5.533 Y2.632
G1 X5.578 Y2.651
G1 X5.589 Y2.657
G1 X5.642 Y2.686
G1 X5.694 Y2.720
G1 X5.745 Y2.758
G1 X5.795 Y2.800
G1 X5.845 Y2.846
G1 X5.896 Y2.895
G1 X5.947 Y2.949
G1 X6.000 Y3.006
G1 X6.058 Y3.070
G1 X6.163 Y3.199
G1 X6.169 Y3.208
G1 X6.251 Y3.329
G1 X6.258 Y3.342
G1 X6.316 Y3.459
G1 X6.323 Y3.477
G1 X6.357 Y3.592
G1 X6.360 Y3.613
G1 X6.370 Y3.727
G1 X6.370 Y3.750
G1 X6.356 Y3.865
G1 X6.352 Y3.884
G1 X6.316 Y4.002
G1 X6.310 Y4.017
G1 X6.249 Y4.147
G1 X6.203 Y4.230
G1 X6.153 Y4.313
G1 X6.100 Y4.396
G1 X6.042 Y4.479
G1 X5.982 Y4.562
G1 X5.918 Y4.644
G1 X5.851 Y4.726
G1 X5.781 Y4.807
G1 X5.709 Y4.887
G1 X5.634 Y4.967
G1 X5.558 Y5.045
G1 X5.479 Y5.122
G1 X5.398 Y5.198
G1 X5.316 Y5.272
G1 X5.232 Y5.345
G1 X5.147 Y5.416
G1 X5.061 Y5.484
G1 X4.975 Y5.551
G1 X4.887 Y5.615
G1 X4.799 Y5.677
G1 X4.711 Y5.736
G1 X4.622 Y5.792
G1 X4.534 Y5.846
G1 X4.446 Y5.896
G1 X4.358 Y5.943
G1 X4.271 Y5.987
G1 X4.184 Y6.027
G1 X4.098 Y6.063
G1 X4.013 Y6.095
G1 X3.928 Y6.123
G1 X3.845 Y6.147
G1 X3.767 Y6.165
G1 X3.637 Y6.191
G1 X3.521 Y6.212
G1 X3.415 Y6.228
G1 X3.318 Y6.237
G1 X3.241 Y6.239
G1 X3.227 Y6.239
G1 X3.160 Y6.233
G1 X3.139 Y6.230
G1 X3.087 Y6.217
G1 X3.080 Y6.215
G1 X3.062 Y6.208
G1 X3.055 Y6.205
G1 X3.012 Y6.184
G1 X3.004 Y6.179
G1 X2.986 Y6.167
G1 X2.979 Y6.161
G1 X2.944 Y6.131
G1 X2.938 Y6.125
G1 X2.924 Y6.108
G1 X2.920 Y6.102
G1 X2.889 Y6.056
G1 X2.882 Y6.042
G1 X2.879 Y6.035
G1 X2.857 Y5.981
G1 X2.852 Y5.965
G1 X2.837 Y5.900
G1 X2.835 Y5.889
G1 X2.824 Y5.808
G1 X2.818 Y5.717
G1 X2.815 Y5.616
G1 X2.814 Y5.501
G1 X2.815 Y5.451
G1 X2.819 Y5.401
G1 X2.820 Y5.390
G1 X2.618 Y6.159
G1 X2.612 Y6.173
G1 X2.607 Y6.185
G1 X2.599 Y6.198
G1 X2.592 Y6.207
G1 X2.582 Y6.218
G1 X2.573 Y6.227
G1 X2.560 Y6.236
G1 X2.551 Y6.243
G1 X2.537 Y6.250
G1 X2.525 Y6.255
G1 X2.510 Y6.259
G1 X2.498 Y6.262
G1 X2.483 Y6.264
G1 X2.470 Y6.264
G1 X2.454 Y6.263
G1 X2.442 Y6.262
G1 X2.427 Y6.258
G1 X2.415 Y6.254
G1 X2.398 Y6.246
G1 X1.458 Y5.756
G1 X1.392 Y5.721
G1 X1.327 Y5.686
G1 X1.264 Y5.652
G1 X1.203 Y5.617
G1 X1.143 Y5.583
G1 X1.085 Y5.549
G1 X1.029 Y5.515
G1 X0.974 Y5.481
G1 X0.921 Y5.446
G1 X0.870 Y5.412
G1 X0.820 Y5.377
G1 X0.771 Y5.342
G1 X0.725 Y5.307
G1 X0.680 Y5.272
G1 X0.636 Y5.236
G1 X0.593 Y5.199
G1 X0.553 Y5.162
G1 X0.514 Y5.125
G1 X0.477 Y5.087
G1 X0.441 Y5.048
G1 X0.406 Y5.009
G1 X0.374 Y4.969
G1 X0.343 Y4.929
G1 X0.313 Y4.887
G1 X0.285 Y4.845
G1 X0.259 Y4.802
G1 X0.234 Y4.758
G1 X0.212 Y4.713
G1 X0.190 Y4.667
G1 X0.171 Y4.621
G1 X0.153 Y4.574
G1 X0.137 Y4.526
G1 X0.122 Y4.477
G1 X0.109 Y4.427
G1 X0.098 Y4.376
G1 X0.088 Y4.324
G1 X0.080 Y4.272
G1 X0.073 Y4.219
G1 X0.068 Y4.164
G1 X0.064 Y4.108
G1 X0.061 Y4.052
G1 X0.060 Y3.994
G1 X0.061 Y3.935
G1 X0.062 Y3.875
G1 X0.065 Y3.814
G1 X0.069 Y3.751
G1 X0.075 Y3.687
G1 X0.082 Y3.622
G1 X0.090 Y3.555
G1 X0.099 Y3.487
G1 X0.110 Y3.417
G1 X0.121 Y3.346
G1 X0.134 Y3.273
G1 X0.148 Y3.198
G1 X0.163 Y3.122
G1 X0.179 Y3.044
G1 X0.197 Y2.964
G1 X0.215 Y2.882
G1 X0.235 Y2.798
G1 X0.255 Y2.713
G1 X0.277 Y2.625
G1 X0.299 Y2.536
G1 X0.323 Y2.444
G1 X0.353 Y2.328
G1 X0.349 Y2.334
G1 X0.299 Y2.399
G1 X0.244 Y2.460
G1 X0.186 Y2.517
G1 X0.123 Y2.570
G1 X0.056 Y2.619
G1 X-0.014 Y2.664
G1 X-0.088 Y2.704
G1 X-0.166 Y2.739
G1 X-0.247 Y2.769
G1 X-0.331 Y2.794
G1 X-0.417 Y2.813
G1 X-0.506 Y2.827
G1 X-0.599 Y2.836
G1 X-0.694 Y2.838
G1 X-0.773 Y2.835
G1 X-0.855 Y2.827
G1 X-0.940 Y2.814
G1 X-1.029 Y2.797
G1 X-1.120 Y2.776
G1 X-1.213 Y2.751
G1 X-1.308 Y2.723
G1 X-1.404 Y2.692
G1 X-1.502 Y2.657
G1 X-1.601 Y2.620
G1 X-1.701 Y2.580
G1 X-1.801 Y2.538
G1 X-1.900 Y2.494
G1 X-1.998 Y2.448
G1 X-2.095 Y2.400
G1 X-2.191 Y2.351
G1 X-2.284 Y2.300
G1 X-2.375 Y2.249
G1 X-2.464 Y2.197
G1 X-2.549 Y2.144
G1 X-2.630 Y2.091
G1 X-2.707 Y2.038
G1 X-2.780 Y1.984
G1 X-2.848 Y1.931
G1 X-2.911 Y1.877
G1 X-2.968 Y1.824
G1 X-3.020 Y1.769
G1 X-3.065 Y1.714
G1 X-3.098 Y1.667
G1 X-3.104 Y1.656
G1 X-3.129 Y1.611
G1 X-3.135 Y1.594
G1 X-3.151 Y1.549
G1 X-3.156 Y1.527
G1 X-3.160 Y1.490
G1 X-3.161 Y1.483
G1 X-3.161 Y1.464
G1 X-3.160 Y1.456
G1 X-3.155 Y1.412
G1 X-3.150 Y1.391
G1 X-3.135 Y1.346
G1 X-3.128 Y1.331
G1 X-3.105 Y1.286
G1 X-3.098 Y1.274
G1 X-3.061 Y1.220
G1 X-3.018 Y1.166
G1 X-2.968 Y1.113
G1 X-2.913 Y1.060
G1 X-2.852 Y1.007
G1 X-2.786 Y0.954
G1 X-2.715 Y0.901
G1 X-2.640 Y0.847
G1 X-2.560 Y0.795
G1 X-2.477 Y0.742
G1 X-2.391 Y0.690
G1 X-2.302 Y0.639
G1 X-2.210 Y0.589
G1 X-2.116 Y0.540
G1 X-2.020 Y0.493
G1 X-1.923 Y0.447
G1 X-1.825 Y0.402
G1 X-1.727 Y0.361
G1 X-1.628 Y0.321
G1 X-1.530 Y0.284
G1 X-1.433 Y0.249
G1 X-1.335 Y0.218
G1 X-1.240 Y0.190
G1 X-1.147 Y0.165
G1 X-1.055 Y0.144
G1 X-0.965 Y0.126
G1 X-0.878 Y0.114
G1 X-0.793 Y0.106
G1 X-0.714 Y0.103
G1 X-0.607 Y0.104
G1 X-0.504 Y0.110
G1 X-0.407 Y0.120
G1 X-0.315 Y0.136
G1 X-0.227 Y0.157
G1 X-0.144 Y0.184
G1 X-0.076 Y0.213
G1 X-0.065 Y0.218
G1 X-0.001 Y0.253
G1 X0.009 Y0.259
G1 X0.068 Y0.299
G1 X0.078 Y0.306
G1 X0.134 Y0.352
G1 X0.142 Y0.360
G1 X0.201 Y0.419
G1 X0.255 Y0.484
G1 X0.305 Y0.555
G1 X0.341 Y0.615
G1 X0.322 Y0.554
G1 X0.300 Y0.475
G1 X0.279 Y0.392
G1 X0.259 Y0.305
G1 X0.241 Y0.215
G1 X0.223 Y0.122
G1 X0.207 Y0.027
G1 X0.192 Y-0.071
G1 X0.178 Y-0.170
G1 X0.165 Y-0.270
G1 X0.154 Y-0.370
G1 X0.145 Y-0.471
G1 X0.137 Y-0.571
G1 X0.130 Y-0.671
G1 X0.125 Y-0.769
G1 X0.122 Y-0.866
G1 X0.120 Y-0.961
G1 X0.121 Y-1.054
G1 X0.123 Y-1.143
G1 X0.127 Y-1.230
G1 X0.133 Y-1.313
G1 X0.142 Y-1.392
G1 X0.153 Y-1.466
G1 X0.167 Y-1.538
G1 X0.183 Y-1.604
G1 X0.201 Y-1.658
G1 X0.205 Y-1.669
G1 X0.229 Y-1.722
G1 X0.259 Y-1.775
G1 X0.295 Y-1.829
G1 X0.336 Y-1.885
G1 X0.382 Y-1.942
G1 X0.433 Y-2.000
G1 X0.488 Y-2.059
G1 X0.547 Y-2.120
G1 X0.611 Y-2.181
G1 X0.678 Y-2.243
G1 X0.747 Y-2.306
G1 X0.821 Y-2.369
G1 X0.896 Y-2.432
G1 X0.974 Y-2.495
G1 X1.054 Y-2.558
G1 X1.135 Y-2.620
G1 X1.217 Y-2.681
G1 X1.301 Y-2.741
G1 X1.385 Y-2.799
G1 X1.469 Y-2.856
G1 X1.553 Y-2.911
G1 X1.637 Y-2.963
G1 X1.719 Y-3.014
G1 X1.801 Y-3.061
G1 X1.882 Y-3.106
G1 X1.961 Y-3.147
G1 X2.038 Y-3.185
G1 X2.113 Y-3.219
G1 X2.186 Y-3.250
G1 X2.257 Y-3.276
G1 X2.326 Y-3.297
G1 X2.388 Y-3.312
G1 X2.403 Y-3.315
G1 X2.415 Y-3.316
G1 X2.431 Y-3.315
G1 X2.444 Y-3.314
G1 X2.459 Y-3.311
G1 X2.473 Y-3.307
G1 X2.492 Y-3.299
G1 X2.499 Y-3.295
G1 X2.511 Y-3.288
G1 X2.523 Y-3.279
G1 X2.532 Y-3.271
G1 X2.543 Y-3.261
G1 X2.550 Y-3.253
G1 X2.556 Y-3.244
G1 X2.566 Y-3.228
G1 X2.574 Y-3.216
G1 X2.588 Y-3.186
G1 X2.603 Y-3.151
G1 X2.619 Y-3.110
G1 X2.636 Y-3.062
G1 X2.654 Y-3.007
G1 X2.674 Y-2.947
G1 X2.695 Y-2.880
G1 X2.717 Y-2.809
G1 X2.740 Y-2.732
G1 X2.764 Y-2.650
G1 X2.788 Y-2.565
G1 X2.813 Y-2.475
G1 X2.838 Y-2.383
G1 X2.843 Y-2.365
G1 X2.829 Y-2.428
G1 X2.818 Y-2.508
G1 X2.814 Y-2.582
G1 X2.818 Y-2.672
G1 X2.828 Y-2.757
G1 X2.842 Y-2.829
G1 X2.845 Y-2.839
G1 X2.865 Y-2.904
G1 X2.869 Y-2.915
G1 X2.894 Y-2.975
G1 X2.900 Y-2.986
G1 X2.930 Y-3.041
G1 X2.938 Y-3.052
G1 X2.974 Y-3.102
G1 X2.983 Y-3.113
G1 X3.024 Y-3.156
G1 X3.035 Y-3.166
G1 X3.081 Y-3.204
G1 X3.092 Y-3.212
G1 X3.143 Y-3.244
G1 X3.156 Y-3.251
G1 X3.210 Y-3.277
G1 X3.223 Y-3.282
G1 X3.280 Y-3.301
G1 X3.293 Y-3.305
G1 X3.356 Y-3.319
G1 X3.367 Y-3.321
G1 X3.390 Y-3.324
G1 X3.367 Y-3.328
G1 X3.265 Y-3.354
G1 X3.184 Y-3.382
G1 X3.171 Y-3.387
G1 X3.104 Y-3.419
G1 X3.085 Y-3.431
G1 X3.039 Y-3.465
G1 X3.027 Y-3.476
G1 X3.020 Y-3.483
G1 X3.010 Y-3.496
G1 X2.989 Y-3.525
G1 X2.985 Y-3.533
G1 X2.975 Y-3.552
G1 X2.971 Y-3.560
G1 X2.956 Y-3.604
G1 X2.951 Y-3.625
G1 X2.944 Y-3.675
G1 X2.943 Y-3.692
G1 X2.944 Y-3.749
G1 X2.945 Y-3.759
G1 X2.953 Y-3.830
G1 X2.967 Y-3.904
G1 X2.988 Y-3.982
G1 X3.013 Y-4.064
G1 X3.044 Y-4.149
G1 X3.079 Y-4.237
G1 X3.118 Y-4.328
G1 X3.161 Y-4.422
G1 X3.208 Y-4.517
G1 X3.258 Y-4.614
G1 X3.311 Y-4.711
G1 X3.367 Y-4.809
G1 X3.425 Y-4.906
G1 X3.486 Y-5.003
G1 X3.547 Y-5.099
G1 X3.611 Y-5.192
G1 X3.676 Y-5.283
G1 X3.741 Y-5.372
G1 X3.807 Y-5.457
G1 X3.874 Y-5.538
G1 X3.940 Y-5.614
G1 X4.007 Y-5.686
G1 X4.074 Y-5.752
G1 X4.140 Y-5.813
G1 X4.207 Y-5.867
G1 X4.274 Y-5.915
G1 X4.332 Y-5.950
G1 X4.344 Y-5.955
G1 X4.399 Y-5.980
G1 X4.413 Y-5.986
G1 X4.472 Y-6.004
G1 X4.535 Y-6.018
G1 X4.603 Y-6.029
G1 X4.676 Y-6.038
G1 X4.754 Y-6.044
G1 X4.837 Y-6.047
G1 X4.923 Y-6.049
G1 X5.014 Y-6.049
G1 X5.108 Y-6.047
G1 X5.204 Y-6.043
G1 X5.304 Y-6.037
G1 X5.405 Y-6.029
G1 X5.508 Y-6.020
G1 X5.611 Y-6.010
G1 X5.716 Y-5.998
G1 X5.820 Y-5.984
G1 X5.924 Y-5.970
G1 X6.026 Y-5.954
G1 X6.128 Y-5.936
G1 X6.226 Y-5.918
G1 X6.323 Y-5.899
G1 X6.417 Y-5.878
G1 X6.507 Y-5.857
G1 X6.593 Y-5.835
G1 X6.675 Y-5.811
G1 X6.753 Y-5.787
G1 X6.825 Y-5.762
G1 X6.869 Y-5.744
G1 X6.796 Y-5.779
G1 X6.782 Y-5.787
G1 X6.658 Y-5.868
G1 X6.646 Y-5.878
G1 X6.534 Y-5.974
G1 X6.523 Y-5.986
G1 X6.426 Y-6.097
G1 X6.416 Y-6.110
G1 X6.334 Y-6.235
G1 X6.326 Y-6.249
G1 X6.260 Y-6.388
G1 X6.255 Y-6.401
G1 X6.206 Y-6.553
G1 X6.203 Y-6.567
G1 X6.173 Y-6.729
G1 X6.171 Y-6.743
G1 X6.161 Y-6.927
G1 X6.164 Y-7.006
G1 X6.172 Y-7.089
G1 X6.184 Y-7.176
G1 X6.200 Y-7.265
G1 X6.221 Y-7.357
G1 X6.245 Y-7.452
G1 X6.272 Y-7.549
G1 X6.303 Y-7.648
G1 X6.337 Y-7.748
G1 X6.373 Y-7.849
G1 X6.412 Y-7.950
G1 X6.453 Y-8.052
G1 X6.496 Y-8.153
G1 X6.541 Y-8.253
G1 X6.588 Y-8.352
G1 X6.635 Y-8.450
G1 X6.685 Y-8.545
G1 X6.735 Y-8.638
G1 X6.786 Y-8.728
G1 X6.837 Y-8.815
G1 X6.889 Y-8.897
G1 X6.941 Y-8.976
G1 X6.993 Y-9.050
G1 X7.046 Y-9.120
G1 X7.098 Y-9.184
G1 X7.151 Y-9.242
G1 X7.205 Y-9.296
G1 X7.259 Y-9.342
G1 X7.305 Y-9.375
G1 X7.317 Y-9.383
G1 X7.363 Y-9.408
G1 X7.380 Y-9.416
G1 X7.419 Y-9.430
G1 X7.426 Y-9.432
G1 X7.445 Y-9.436
G1 X7.452 Y-9.438
G1 X7.494 Y-9.443
G1 X7.510 Y-9.444
G1 X7.513 Y-9.378
G1 X7.525 Y-9.377
G1 X7.548 Y-9.373
G1 X7.569 Y-9.366
G1 X7.596 Y-9.354
G1 X7.607 Y-9.348
G1 X7.638 Y-9.327
G1 X7.645 Y-9.323
G1 X7.684 Y-9.291
G1 X7.726 Y-9.254
G1 X7.769 Y-9.210
G1 X7.815 Y-9.161
G1 X7.863 Y-9.106
G1 X7.913 Y-9.046
G1 X7.964 Y-8.981
G1 X8.016 Y-8.911
G1 X8.068 Y-8.838
G1 X8.122 Y-8.761
G1 X8.175 Y-8.681
G1 X8.228 Y-8.599
G1 X8.281 Y-8.513
G1 X8.345 Y-8.403
G1 X8.405 Y-8.293
G1 X8.461 Y-8.184
G1 X8.512 Y-8.077
G1 X8.560 Y-7.970
G1 X8.602 Y-7.864
G1 X8.641 Y-7.760
G1 X8.675 Y-7.656
G1 X8.704 Y-7.554
G1 X8.729 Y-7.454
G1 X8.750 Y-7.355
G1 X8.767 Y-7.258
G1 X8.779 Y-7.163
G1 X8.786 Y-7.069
G1 X8.790 Y-6.977
G1 X8.788 Y-6.888
G1 X8.782 Y-6.800
G1 X8.772 Y-6.715
G1 X8.757 Y-6.632
G1 X8.738 Y-6.552
G1 X8.713 Y-6.474
G1 X8.685 Y-6.400
G1 X8.651 Y-6.328
G1 X8.613 Y-6.259
G1 X8.570 Y-6.194
G1 X8.522 Y-6.132
G1 X8.470 Y-6.073
G1 X8.413 Y-6.019
G1 X8.352 Y-5.968
G1 X8.286 Y-5.922
G1 X8.215 Y-5.880
G1 X8.140 Y-5.841
G1 X7.969 Y-5.772
G1 X7.960 Y-5.769
G1 X7.792 Y-5.721
G1 X7.782 Y-5.719
G1 X7.617 Y-5.691
G1 X7.607 Y-5.689
G1 X7.446 Y-5.681
G1 X7.436 Y-5.681
G1 X7.281 Y-5.691
G1 X7.270 Y-5.692
G1 X7.122 Y-5.721
G1 X7.111 Y-5.723
G1 X6.971 Y-5.769
G1 X6.961 Y-5.773
G1 X6.830 Y-5.835
G1 X6.820 Y-5.841
G1 X6.700 Y-5.919
G1 X6.691 Y-5.926
G1 X6.583 Y-6.019
G1 X6.575 Y-6.027
G1 X6.481 Y-6.135
G1 X6.474 Y-6.144
G1 X6.394 Y-6.266
G1 X6.388 Y-6.276
G1 X6.324 Y-6.411
G1 X6.320 Y-6.421
G1 X6.272 Y-6.568
G1 X6.270 Y-6.578
G1 X6.240 Y-6.737
G1 X6.239 Y-6.747
G1 X6.229 Y-6.925
G1 X6.231 Y-7.001
G1 X6.239 Y-7.081
G1 X6.251 Y-7.164
G1 X6.267 Y-7.252
G1 X6.287 Y-7.342
G1 X6.310 Y-7.435
G1 X6.337 Y-7.531
G1 X6.368 Y-7.628
G1 X6.401 Y-7.727
G1 X6.437 Y-7.826
G1 X6.475 Y-7.927
G1 X6.516 Y-8.027
G1 X6.558 Y-8.127
G1 X6.603 Y-8.226
G1 X6.649 Y-8.325
G1 X6.696 Y-8.421
G1 X6.745 Y-8.515
G1 X6.795 Y-8.607
G1 X6.845 Y-8.696
G1 X6.895 Y-8.781
G1 X6.946 Y-8.862
G1 X6.997 Y-8.940
G1 X7.048 Y-9.012
G1 X7.099 Y-9.080
G1 X7.150 Y-9.141
G1 X7.200 Y-9.197
G1 X7.250 Y-9.247
G1 X7.300 Y-9.290
G1 X7.343 Y-9.321
G1 X7.351 Y-9.327
G1 X7.392 Y-9.349
G1 X7.404 Y-9.355
G1 X7.443 Y-9.369
G1 X7.461 Y-9.373
G1 X7.497 Y-9.378
G1 X7.513 Y-9.378
; Retract
G1 Z1.5000 F2540

; Path 3
; Rapid to initial position
G1 X5.535 Y-10.930 F2540
G1 Z0.5000
; plunge
G1 Z-2.6750 F127
; cut
G1 X5.669 Y-11.080 F1016
G1 X5.788 Y-11.211
G1 X5.774 Y-11.209
G1 X5.734 Y-11.203
G1 X5.718 Y-11.202
G1 X5.664 Y-11.200
G1 X5.611 Y-11.203
G1 X5.559 Y-11.209
G1 X5.533 Y-11.215
G1 X5.543 Y-11.198
G1 X5.562 Y-11.156
G1 X5.570 Y-11.136
G1 X5.574 Y-11.118
G1 X5.578 Y-11.097
G1 X5.578 Y-11.080
G1 X5.578 Y-11.060
G1 X5.576 Y-11.044
G1 X5.573 Y-11.030
G1 X5.566 Y-11.000
G1 X5.559 Y-10.982
G1 X5.555 Y-10.972
G1 X5.535 Y-10.930
G1 X5.475 Y-10.962
G1 X5.452 Y-10.921
G1 X5.422 Y-10.873
G1 X5.385 Y-10.821
G1 X5.343 Y-10.762
G1 X5.295 Y-10.697
G1 X5.241 Y-10.627
G1 X5.183 Y-10.552
G1 X5.119 Y-10.472
G1 X5.051 Y-10.389
G1 X4.980 Y-10.302
G1 X4.905 Y-10.212
G1 X4.826 Y-10.120
G1 X4.745 Y-10.026
G1 X4.662 Y-9.932
G1 X3.845 Y-9.007
G1 X3.834 Y-8.996
G1 X3.824 Y-8.988
G1 X3.811 Y-8.980
G1 X3.800 Y-8.974
G1 X3.786 Y-8.968
G1 X3.774 Y-8.964
G1 X3.759 Y-8.961
G1 X3.747 Y-8.960
G1 X3.731 Y-8.959
G1 X3.718 Y-8.960
G1 X3.703 Y-8.962
G1 X3.691 Y-8.965
G1 X3.676 Y-8.969
G1 X3.664 Y-8.974
G1 X3.651 Y-8.982
G1 X3.641 Y-8.988
G1 X3.629 Y-8.998
G1 X3.619 Y-9.007
G1 X3.610 Y-9.018
G1 X3.603 Y-9.027
G1 X3.596 Y-9.039
G1 X2.974 Y-10.208
G1 X2.911 Y-10.329
G1 X2.849 Y-10.447
G1 X2.789 Y-10.564
G1 X2.731 Y-10.677
G1 X2.677 Y-10.786
G1 X2.625 Y-10.891
G1 X2.577 Y-10.990
G1 X2.532 Y-11.084
G1 X2.491 Y-11.172
G1 X2.455 Y-11.252
G1 X2.423 Y-11.326
G1 X2.395 Y-11.391
G1 X2.372 Y-11.449
G1 X2.354 Y-11.501
G1 X2.344 Y-11.538
G1 X2.341 Y-11.551
G1 X2.337 Y-11.578
G1 X2.336 Y-11.593
G1 X2.337 Y-11.605
G1 X2.339 Y-11.620
G1 X2.341 Y-11.628
G1 X2.344 Y-11.640
G1 X2.361 Y-11.688
G1 X2.368 Y-11.702
G1 X2.374 Y-11.713
G1 X2.383 Y-11.725
G1 X2.390 Y-11.733
G1 X2.405 Y-11.747
G1 X2.453 Y-11.786
G1 X2.466 Y-11.795
G1 X2.474 Y-11.799
G1 X2.487 Y-11.806
G1 X2.561 Y-11.835
G1 X2.579 Y-11.841
G1 X2.672 Y-11.862
G1 X2.686 Y-11.865
G1 X2.807 Y-11.879
G1 X2.944 Y-11.887
G1 X3.093 Y-11.887
G1 X3.254 Y-11.881
G1 X3.424 Y-11.869
G1 X3.600 Y-11.850
G1 X3.781 Y-11.825
G1 X3.963 Y-11.794
G1 X4.145 Y-11.757
G1 X4.324 Y-11.714
G1 X4.497 Y-11.666
G1 X4.661 Y-11.612
G1 X4.816 Y-11.553
G1 X4.962 Y-11.493
G1 X5.096 Y-11.433
G1 X5.214 Y-11.374
G1 X5.317 Y-11.315
G1 X5.390 Y-11.266
G1 X5.404 Y-11.255
G1 X5.452 Y-11.210
G1 X5.463 Y-11.199
G1 X5.470 Y-11.189
G1 X5.481 Y-11.170
G1 X5.499 Y-11.134
G1 X5.504 Y-11.119
G1 X5.507 Y-11.107
G1 X5.510 Y-11.093
G1 X5.510 Y-11.081
G1 X5.510 Y-11.066
G1 X5.509 Y-11.056
G1 X5.507 Y-11.045
G1 X5.501 Y-11.021
G1 X5.496 Y-11.006
G1 X5.493 Y-10.999
G1 X5.475 Y-10.962
G1 X5.416 Y-10.993
G1 X5.393 Y-10.954
G1 X5.365 Y-10.909
G1 X5.329 Y-10.857
G1 X5.288 Y-10.799
G1 X5.240 Y-10.735
G1 X5.187 Y-10.666
G1 X5.129 Y-10.591
G1 X5.066 Y-10.512
G1 X4.998 Y-10.429
G1 X4.927 Y-10.343
G1 X4.852 Y-10.254
G1 X4.774 Y-10.162
G1 X4.693 Y-10.068
G1 X4.610 Y-9.974
G1 X3.797 Y-9.053
G1 X3.786 Y-9.042
G1 X3.773 Y-9.034
G1 X3.759 Y-9.028
G1 X3.744 Y-9.025
G1 X3.728 Y-9.024
G1 X3.712 Y-9.026
G1 X3.698 Y-9.031
G1 X3.684 Y-9.038
G1 X3.672 Y-9.048
G1 X3.662 Y-9.059
G1 X3.657 Y-9.068
G1 X3.035 Y-10.238
G1 X2.971 Y-10.358
G1 X2.910 Y-10.476
G1 X2.850 Y-10.592
G1 X2.793 Y-10.705
G1 X2.738 Y-10.814
G1 X2.687 Y-10.918
G1 X2.639 Y-11.017
G1 X2.594 Y-11.111
G1 X2.554 Y-11.198
G1 X2.517 Y-11.278
G1 X2.486 Y-11.350
G1 X2.459 Y-11.414
G1 X2.437 Y-11.470
G1 X2.420 Y-11.518
G1 X2.410 Y-11.551
G1 X2.408 Y-11.560
G1 X2.405 Y-11.582
G1 X2.404 Y-11.597
G1 X2.406 Y-11.611
G1 X2.409 Y-11.620
G1 X2.423 Y-11.662
G1 X2.430 Y-11.675
G1 X2.439 Y-11.688
G1 X2.449 Y-11.698
G1 X2.492 Y-11.733
G1 X2.504 Y-11.741
G1 X2.514 Y-11.746
G1 X2.582 Y-11.773
G1 X2.595 Y-11.778
G1 X2.686 Y-11.798
G1 X2.694 Y-11.800
G1 X2.811 Y-11.814
G1 X2.944 Y-11.822
G1 X3.091 Y-11.822
G1 X3.249 Y-11.816
G1 X3.416 Y-11.804
G1 X3.591 Y-11.785
G1 X3.769 Y-11.761
G1 X3.949 Y-11.730
G1 X4.128 Y-11.694
G1 X4.305 Y-11.652
G1 X4.475 Y-11.604
G1 X4.636 Y-11.551
G1 X4.790 Y-11.494
G1 X4.933 Y-11.434
G1 X5.064 Y-11.375
G1 X5.180 Y-11.318
G1 X5.277 Y-11.262
G1 X5.347 Y-11.215
G1 X5.357 Y-11.207
G1 X5.401 Y-11.167
G1 X5.411 Y-11.156
G1 X5.419 Y-11.143
G1 X5.435 Y-11.111
G1 X5.440 Y-11.097
G1 X5.442 Y-11.082
G1 X5.442 Y-11.067
G1 X5.440 Y-11.059
G1 X5.436 Y-11.041
G1 X5.431 Y-11.026
G1 X5.416 Y-10.993
; Retract
G1 Z1.5000 F2540

; Path 4
; Rapid to initial position
G1 X4.237 Y-9.350 F2540
G1 Z0.5000
; plunge
G1 Z-2.6750 F127
; cut
G1 X3.893 Y-8.960 F1016
G1 X3.877 Y-8.946
G1 X3.862 Y-8.935
G1 X3.844 Y-8.923
G1 X3.827 Y-8.914
G1 X3.807 Y-8.906
G1 X3.789 Y-8.901
G1 X3.768 Y-8.897
G1 X3.761 Y-8.896
G1 X3.768 Y-8.888
G1 X3.779 Y-8.870
G1 X3.854 Y-8.736
G1 X3.859 Y-8.725
G1 X3.869 Y-8.701
G1 X3.873 Y-8.689
G1 X3.879 Y-8.664
G1 X3.889 Y-8.695
G1 X3.908 Y-8.745
G1 X3.929 Y-8.797
G1 X3.952 Y-8.849
G1 X3.976 Y-8.901
G1 X4.002 Y-8.954
G1 X4.030 Y-9.007
G1 X4.059 Y-9.061
G1 X4.090 Y-9.116
G1 X4.123 Y-9.171
G1 X4.157 Y-9.227
G1 X4.194 Y-9.284
G1 X4.232 Y-9.342
G1 X4.237 Y-9.350
G1 X3.889 Y-8.873
G1 X3.876 Y-8.865
G1 X3.862 Y-8.859
G1 X3.874 Y-8.839
G1 X3.889 Y-8.873
G1 X3.719 Y-8.839
G1 X3.792 Y-8.709
G1 X3.796 Y-8.701
G1 X3.804 Y-8.682
G1 X3.806 Y-8.674
G1 X3.834 Y-8.562
G1 X3.837 Y-8.547
G1 X3.837 Y-8.535
G1 X3.836 Y-8.513
G1 X3.816 Y-8.378
G1 X3.813 Y-8.363
G1 X3.808 Y-8.349
G1 X3.799 Y-8.331
G1 X3.794 Y-8.323
G1 X3.741 Y-8.245
G1 X3.731 Y-8.233
G1 X3.723 Y-8.224
G1 X3.711 Y-8.215
G1 X3.701 Y-8.207
G1 X3.687 Y-8.200
G1 X3.677 Y-8.195
G1 X3.661 Y-8.189
G1 X3.582 Y-8.166
G1 X3.567 Y-8.163
G1 X3.555 Y-8.162
G1 X3.540 Y-8.161
G1 X3.526 Y-8.162
G1 X3.506 Y-8.166
G1 X3.498 Y-8.168
G1 X3.405 Y-8.195
G1 X3.391 Y-8.201
G1 X3.380 Y-8.206
G1 X3.363 Y-8.217
G1 X3.270 Y-8.286
G1 X3.263 Y-8.291
G1 X3.249 Y-8.304
G1 X3.244 Y-8.310
G1 X3.149 Y-8.423
G1 X3.138 Y-8.440
G1 X3.056 Y-8.586
G1 X3.048 Y-8.604
G1 X2.988 Y-8.778
G1 X2.984 Y-8.789
G1 X2.950 Y-8.935
G1 X2.931 Y-9.044
G1 X2.930 Y-9.058
G1 X2.927 Y-9.134
G1 X2.928 Y-9.150
G1 X2.930 Y-9.162
G1 X2.936 Y-9.183
G1 X2.953 Y-9.228
G1 X2.960 Y-9.241
G1 X2.966 Y-9.252
G1 X2.975 Y-9.264
G1 X2.983 Y-9.272
G1 X2.994 Y-9.283
G1 X3.004 Y-9.291
G1 X3.017 Y-9.299
G1 X3.029 Y-9.305
G1 X3.047 Y-9.312
G1 X3.054 Y-9.314
G1 X3.093 Y-9.324
G1 X3.108 Y-9.327
G1 X3.120 Y-9.328
G1 X3.136 Y-9.328
G1 X3.149 Y-9.327
G1 X3.164 Y-9.324
G1 X3.173 Y-9.322
G1 X3.187 Y-9.317
G1 X3.238 Y-9.296
G1 X3.245 Y-9.293
G1 X3.261 Y-9.284
G1 X3.268 Y-9.281
G1 X3.350 Y-9.224
G1 X3.446 Y-9.147
G1 X3.454 Y-9.139
G1 X3.589 Y-9.007
G1 X3.599 Y-8.995
G1 X3.710 Y-8.854
G1 X3.719 Y-8.839
G1 X3.660 Y-8.808
G1 X3.732 Y-8.678
G1 X3.740 Y-8.659
G1 X3.767 Y-8.552
G1 X3.769 Y-8.537
G1 X3.769 Y-8.522
G1 X3.750 Y-8.392
G1 X3.747 Y-8.377
G1 X3.737 Y-8.359
G1 X3.687 Y-8.285
G1 X3.678 Y-8.273
G1 X3.666 Y-8.263
G1 X3.653 Y-8.256
G1 X3.641 Y-8.252
G1 X3.568 Y-8.230
G1 X3.553 Y-8.227
G1 X3.538 Y-8.227
G1 X3.518 Y-8.230
G1 X3.431 Y-8.255
G1 X3.417 Y-8.261
G1 X3.404 Y-8.269
G1 X3.311 Y-8.337
G1 X3.297 Y-8.351
G1 X3.206 Y-8.458
G1 X3.198 Y-8.471
G1 X3.118 Y-8.612
G1 X3.113 Y-8.625
G1 X3.053 Y-8.796
G1 X3.051 Y-8.804
G1 X3.017 Y-8.946
G1 X2.999 Y-9.050
G1 X2.998 Y-9.060
G1 X2.995 Y-9.131
G1 X2.996 Y-9.146
G1 X3.000 Y-9.161
G1 X3.015 Y-9.200
G1 X3.021 Y-9.214
G1 X3.030 Y-9.226
G1 X3.042 Y-9.236
G1 X3.055 Y-9.245
G1 X3.072 Y-9.251
G1 X3.105 Y-9.260
G1 X3.120 Y-9.263
G1 X3.136 Y-9.263
G1 X3.151 Y-9.260
G1 X3.160 Y-9.257
G1 X3.212 Y-9.236
G1 X3.228 Y-9.227
G1 X3.306 Y-9.174
G1 X3.399 Y-9.099
G1 X3.405 Y-9.094
G1 X3.537 Y-8.964
G1 X3.545 Y-8.956
G1 X3.653 Y-8.818
G1 X3.660 Y-8.808
G1 X3.395 Y-9.273
G1 X2.913 Y-10.179
G1 X2.850 Y-10.300
G1 X2.788 Y-10.419
G1 X2.728 Y-10.535
G1 X2.670 Y-10.649
G1 X2.615 Y-10.758
G1 X2.564 Y-10.863
G1 X2.515 Y-10.963
G1 X2.470 Y-11.058
G1 X2.429 Y-11.146
G1 X2.392 Y-11.227
G1 X2.359 Y-11.302
G1 X2.331 Y-11.368
G1 X2.308 Y-11.428
G1 X2.289 Y-11.484
G1 X2.277 Y-11.525
G1 X2.274 Y-11.542
G1 X2.269 Y-11.574
G1 X2.268 Y-11.596
G1 X2.269 Y-11.613
G1 X2.272 Y-11.632
G1 X2.275 Y-11.646
G1 X2.280 Y-11.662
G1 X2.299 Y-11.714
G1 X2.308 Y-11.733
G1 X2.314 Y-11.744
G1 X2.318 Y-11.750
G1 X2.331 Y-11.767
G1 X2.342 Y-11.779
G1 X2.361 Y-11.797
G1 X2.414 Y-11.840
G1 X2.431 Y-11.851
G1 X2.443 Y-11.858
G1 X2.461 Y-11.866
G1 X2.541 Y-11.898
G1 X2.564 Y-11.904
G1 X2.659 Y-11.926
G1 X2.677 Y-11.929
G1 X2.794 Y-11.943
G1 X1.996 Y-12.044
G1 X1.487 Y-11.355
G1 X1.504 Y-11.369
G1 X1.578 Y-11.426
G1 X1.653 Y-11.476
G1 X1.717 Y-11.510
G1 X1.732 Y-11.518
G1 X1.795 Y-11.543
G1 X1.819 Y-11.550
G1 X1.869 Y-11.561
G1 X1.881 Y-11.563
G1 X1.906 Y-11.566
G1 X1.919 Y-11.567
G1 X1.973 Y-11.566
G1 X1.994 Y-11.564
G1 X2.011 Y-11.560
G1 X2.031 Y-11.555
G1 X2.078 Y-11.538
G1 X2.097 Y-11.530
G1 X2.108 Y-11.524
G1 X2.115 Y-11.520
G1 X2.137 Y-11.504
G1 X2.175 Y-11.473
G1 X2.189 Y-11.458
G1 X2.200 Y-11.447
G1 X2.207 Y-11.437
G1 X2.248 Y-11.377
G1 X2.257 Y-11.363
G1 X2.308 Y-11.270
G1 X2.364 Y-11.155
G1 X2.423 Y-11.020
G1 X2.485 Y-10.870
G1 X2.547 Y-10.708
G1 X2.609 Y-10.537
G1 X2.668 Y-10.363
G1 X2.712 Y-10.226
G1 X2.754 Y-10.095
G1 X2.791 Y-9.973
G1 X2.826 Y-9.856
G1 X2.856 Y-9.746
G1 X2.883 Y-9.642
G1 X2.906 Y-9.543
G1 X2.924 Y-9.450
G1 X2.939 Y-9.361
G1 X2.943 Y-9.326
G1 X2.951 Y-9.334
G1 X2.966 Y-9.345
G1 X2.985 Y-9.356
G1 X3.004 Y-9.365
G1 X3.025 Y-9.373
G1 X3.036 Y-9.377
G1 X3.081 Y-9.388
G1 X3.102 Y-9.392
G1 X3.120 Y-9.393
G1 X3.142 Y-9.393
G1 X3.162 Y-9.390
G1 X3.181 Y-9.387
G1 X3.195 Y-9.383
G1 X3.213 Y-9.377
G1 X3.268 Y-9.355
G1 X3.278 Y-9.350
G1 X3.298 Y-9.339
G1 X3.307 Y-9.333
G1 X3.394 Y-9.274
G1 X3.395 Y-9.273
G1 X3.230 Y-9.440
G1 X2.853 Y-10.149
G1 X2.789 Y-10.270
G1 X2.737 Y-10.370
G1 X2.777 Y-10.245
G1 X2.819 Y-10.114
G1 X2.857 Y-9.990
G1 X2.891 Y-9.873
G1 X2.922 Y-9.761
G1 X2.949 Y-9.656
G1 X2.973 Y-9.555
G1 X2.992 Y-9.460
G1 X2.996 Y-9.433
G1 X3.003 Y-9.435
G1 X3.019 Y-9.440
G1 X3.069 Y-9.453
G1 X3.098 Y-9.457
G1 X3.121 Y-9.458
G1 X3.150 Y-9.457
G1 X3.176 Y-9.454
G1 X3.199 Y-9.450
G1 X3.218 Y-9.444
G1 X3.230 Y-9.440
G1 X3.110 Y-9.522
G1 X3.001 Y-9.726
G1 X3.016 Y-9.670
G1 X3.039 Y-9.568
G1 X3.050 Y-9.515
G1 X3.059 Y-9.517
G1 X3.094 Y-9.522
G1 X3.110 Y-9.522
G1 X2.857 Y-9.440
G1 X2.871 Y-9.354
G1 X2.881 Y-9.272
G1 X2.885 Y-9.194
G1 X2.883 Y-9.120
G1 X2.877 Y-9.060
G1 X2.875 Y-9.049
G1 X2.864 Y-8.995
G1 X2.861 Y-8.981
G1 X2.843 Y-8.931
G1 X2.837 Y-8.916
G1 X2.813 Y-8.871
G1 X2.805 Y-8.856
G1 X2.775 Y-8.816
G1 X2.764 Y-8.802
G1 X2.729 Y-8.767
G1 X2.715 Y-8.755
G1 X2.674 Y-8.724
G1 X2.661 Y-8.716
G1 X2.614 Y-8.690
G1 X2.601 Y-8.684
G1 X2.549 Y-8.663
G1 X2.537 Y-8.658
G1 X2.470 Y-8.639
G1 X2.399 Y-8.624
G1 X2.324 Y-8.613
G1 X2.244 Y-8.606
G1 X2.159 Y-8.602
G1 X2.068 Y-8.600
G1 X1.971 Y-8.601
G1 X1.868 Y-8.604
G1 X1.760 Y-8.609
G1 X1.644 Y-8.616
G1 X1.521 Y-8.624
G1 X1.395 Y-8.634
G1 X1.274 Y-8.647
G1 X1.156 Y-8.661
G1 X1.043 Y-8.678
G1 X0.935 Y-8.696
G1 X0.832 Y-8.715
G1 X0.735 Y-8.737
G1 X0.645 Y-8.760
G1 X0.561 Y-8.784
G1 X0.484 Y-8.810
G1 X0.414 Y-8.838
G1 X0.361 Y-8.864
G1 X0.350 Y-8.870
G1 X0.305 Y-8.897
G1 X0.291 Y-8.908
G1 X0.262 Y-8.932
G1 X0.256 Y-8.938
G1 X0.242 Y-8.953
G1 X0.237 Y-8.959
G1 X0.216 Y-8.988
G1 X0.208 Y-9.001
G1 X0.203 Y-9.013
G1 X0.195 Y-9.033
G1 X0.188 Y-9.064
G1 X0.186 Y-9.079
G1 X0.185 Y-9.088
G1 X0.185 Y-9.101
G1 X0.189 Y-9.172
G1 X0.191 Y-9.182
G1 X0.205 Y-9.267
G1 X0.226 Y-9.356
G1 X0.254 Y-9.448
G1 X0.289 Y-9.542
G1 X0.329 Y-9.640
G1 X0.375 Y-9.741
G1 X0.426 Y-9.843
G1 X0.481 Y-9.947
G1 X0.539 Y-10.052
G1 X0.602 Y-10.158
G1 X0.668 Y-10.263
G1 X0.736 Y-10.368
G1 X0.807 Y-10.471
G1 X0.879 Y-10.573
G1 X0.953 Y-10.673
G1 X1.028 Y-10.769
G1 X1.103 Y-10.862
G1 X1.178 Y-10.952
G1 X1.253 Y-11.036
G1 X1.328 Y-11.116
G1 X1.402 Y-11.189
G1 X1.475 Y-11.257
G1 X1.546 Y-11.318
G1 X1.617 Y-11.373
G1 X1.687 Y-11.419
G1 X1.747 Y-11.452
G1 X1.759 Y-11.458
G1 X1.815 Y-11.481
G1 X1.835 Y-11.487
G1 X1.881 Y-11.497
G1 X1.889 Y-11.499
G1 X1.910 Y-11.501
G1 X1.918 Y-11.501
G1 X1.966 Y-11.501
G1 X1.981 Y-11.499
G1 X1.992 Y-11.497
G1 X2.008 Y-11.493
G1 X2.050 Y-11.479
G1 X2.064 Y-11.473
G1 X2.075 Y-11.467
G1 X2.093 Y-11.455
G1 X2.127 Y-11.427
G1 X2.137 Y-11.416
G1 X2.144 Y-11.409
G1 X2.150 Y-11.401
G1 X2.190 Y-11.344
G1 X2.197 Y-11.333
G1 X2.246 Y-11.242
G1 X2.301 Y-11.129
G1 X2.360 Y-10.996
G1 X2.421 Y-10.848
G1 X2.483 Y-10.686
G1 X2.544 Y-10.517
G1 X2.603 Y-10.344
G1 X2.647 Y-10.207
G1 X2.688 Y-10.077
G1 X2.726 Y-9.955
G1 X2.760 Y-9.839
G1 X2.790 Y-9.730
G1 X2.816 Y-9.628
G1 X2.839 Y-9.531
G1 X2.857 Y-9.440
G1 X2.790 Y-9.430
G1 X2.804 Y-9.346
G1 X2.813 Y-9.269
G1 X2.817 Y-9.195
G1 X2.816 Y-9.126
G1 X2.810 Y-9.070
G1 X2.809 Y-9.062
G1 X2.798 Y-9.011
G1 X2.796 Y-9.001
G1 X2.780 Y-8.955
G1 X2.776 Y-8.945
G1 X2.755 Y-8.904
G1 X2.749 Y-8.893
G1 X2.722 Y-8.857
G1 X2.714 Y-8.847
G1 X2.683 Y-8.815
G1 X2.673 Y-8.806
G1 X2.636 Y-8.778
G1 X2.626 Y-8.772
G1 X2.583 Y-8.748
G1 X2.574 Y-8.744
G1 X2.525 Y-8.724
G1 X2.517 Y-8.721
G1 X2.456 Y-8.703
G1 X2.389 Y-8.688
G1 X2.317 Y-8.678
G1 X2.240 Y-8.671
G1 X2.157 Y-8.667
G1 X2.069 Y-8.665
G1 X1.973 Y-8.666
G1 X1.872 Y-8.669
G1 X1.764 Y-8.674
G1 X1.649 Y-8.681
G1 X1.526 Y-8.689
G1 X1.403 Y-8.699
G1 X1.282 Y-8.711
G1 X1.166 Y-8.726
G1 X1.054 Y-8.742
G1 X0.948 Y-8.760
G1 X0.847 Y-8.779
G1 X0.753 Y-8.800
G1 X0.665 Y-8.822
G1 X0.584 Y-8.845
G1 X0.510 Y-8.870
G1 X0.445 Y-8.896
G1 X0.394 Y-8.921
G1 X0.387 Y-8.925
G1 X0.346 Y-8.949
G1 X0.336 Y-8.957
G1 X0.306 Y-8.982
G1 X0.293 Y-8.996
G1 X0.275 Y-9.021
G1 X0.267 Y-9.034
G1 X0.262 Y-9.049
G1 X0.255 Y-9.073
G1 X0.253 Y-9.088
G1 X0.253 Y-9.097
G1 X0.257 Y-9.165
G1 X0.258 Y-9.173
G1 X0.271 Y-9.253
G1 X0.291 Y-9.337
G1 X0.319 Y-9.426
G1 X0.352 Y-9.518
G1 X0.392 Y-9.614
G1 X0.437 Y-9.713
G1 X0.486 Y-9.814
G1 X0.540 Y-9.916
G1 X0.599 Y-10.020
G1 X0.661 Y-10.124
G1 X0.725 Y-10.228
G1 X0.793 Y-10.332
G1 X0.863 Y-10.435
G1 X0.935 Y-10.536
G1 X1.007 Y-10.634
G1 X1.082 Y-10.729
G1 X1.156 Y-10.821
G1 X1.230 Y-10.909
G1 X1.304 Y-10.992
G1 X1.377 Y-11.071
G1 X1.449 Y-11.143
G1 X1.520 Y-11.209
G1 X1.589 Y-11.267
G1 X1.656 Y-11.319
G1 X1.721 Y-11.363
G1 X1.777 Y-11.394
G1 X1.786 Y-11.398
G1 X1.837 Y-11.419
G1 X1.851 Y-11.423
G1 X1.897 Y-11.434
G1 X1.918 Y-11.436
G1 X1.959 Y-11.436
G1 X1.974 Y-11.435
G1 X1.986 Y-11.432
G1 X2.022 Y-11.420
G1 X2.036 Y-11.414
G1 X2.049 Y-11.405
G1 X2.078 Y-11.381
G1 X2.089 Y-11.371
G1 X2.094 Y-11.364
G1 X2.132 Y-11.310
G1 X2.136 Y-11.303
G1 X2.185 Y-11.215
G1 X2.238 Y-11.104
G1 X2.296 Y-10.973
G1 X2.357 Y-10.825
G1 X2.419 Y-10.665
G1 X2.480 Y-10.497
G1 X2.538 Y-10.325
G1 X2.582 Y-10.188
G1 X2.623 Y-10.059
G1 X2.660 Y-9.937
G1 X2.694 Y-9.822
G1 X2.724 Y-9.715
G1 X2.750 Y-9.614
G1 X2.772 Y-9.519
G1 X2.790 Y-9.430
G1 X2.894 Y-8.879
G1 X2.872 Y-8.837
G1 X2.861 Y-8.819
G1 X2.828 Y-8.774
G1 X2.813 Y-8.757
G1 X2.774 Y-8.718
G1 X2.756 Y-8.703
G1 X2.711 Y-8.670
G1 X2.695 Y-8.660
G1 X2.643 Y-8.631
G1 X2.627 Y-8.624
G1 X2.573 Y-8.602
G1 X2.557 Y-8.596
G1 X2.485 Y-8.576
G1 X2.409 Y-8.560
G1 X2.331 Y-8.548
G1 X2.265 Y-8.542
G1 X2.318 Y-8.530
G1 X2.388 Y-8.511
G1 X2.455 Y-8.492
G1 X2.520 Y-8.472
G1 X2.581 Y-8.451
G1 X2.639 Y-8.430
G1 X2.697 Y-8.406
G1 X2.795 Y-8.360
G1 X2.891 Y-8.309
G1 X2.988 Y-8.252
G1 X3.083 Y-8.190
G1 X3.177 Y-8.123
G1 X3.269 Y-8.052
G1 X3.360 Y-7.976
G1 X3.447 Y-7.898
G1 X3.532 Y-7.817
G1 X3.613 Y-7.733
G1 X3.690 Y-7.646
G1 X3.763 Y-7.558
G1 X3.831 Y-7.468
G1 X3.894 Y-7.377
G1 X3.896 Y-7.373
G1 X3.885 Y-7.415
G1 X3.871 Y-7.470
G1 X3.857 Y-7.524
G1 X3.845 Y-7.577
G1 X3.834 Y-7.630
G1 X3.824 Y-7.682
G1 X3.814 Y-7.734
G1 X3.806 Y-7.785
G1 X3.799 Y-7.836
G1 X3.793 Y-7.887
G1 X3.789 Y-7.938
G1 X3.785 Y-7.989
G1 X3.783 Y-8.038
G1 X3.782 Y-8.089
G1 X3.782 Y-8.140
G1 X3.784 Y-8.189
G1 X3.785 Y-8.193
G1 X3.781 Y-8.189
G1 X3.768 Y-8.176
G1 X3.751 Y-8.162
G1 X3.735 Y-8.151
G1 X3.717 Y-8.141
G1 X3.701 Y-8.134
G1 X3.681 Y-8.127
G1 X3.596 Y-8.102
G1 X3.574 Y-8.098
G1 X3.557 Y-8.097
G1 X3.535 Y-8.097
G1 X3.521 Y-8.097
G1 X3.514 Y-8.098
G1 X3.491 Y-8.102
G1 X3.478 Y-8.105
G1 X3.379 Y-8.135
G1 X3.359 Y-8.143
G1 X3.343 Y-8.152
G1 X3.321 Y-8.166
G1 X3.225 Y-8.237
G1 X3.216 Y-8.245
G1 X3.199 Y-8.260
G1 X3.191 Y-8.269
G1 X3.096 Y-8.382
G1 X3.092 Y-8.388
G1 X3.078 Y-8.409
G1 X2.993 Y-8.561
G1 X2.984 Y-8.584
G1 X2.922 Y-8.760
G1 X2.918 Y-8.775
G1 X2.894 Y-8.879
G1 X2.866 Y-8.716
G1 X2.862 Y-8.712
G1 X2.820 Y-8.670
G1 X2.798 Y-8.651
G1 X2.749 Y-8.615
G1 X2.729 Y-8.603
G1 X2.673 Y-8.572
G1 X2.654 Y-8.564
G1 X2.596 Y-8.540
G1 X2.576 Y-8.534
G1 X2.558 Y-8.528
G1 X2.605 Y-8.512
G1 X2.666 Y-8.489
G1 X2.727 Y-8.465
G1 X2.828 Y-8.417
G1 X2.927 Y-8.364
G1 X3.026 Y-8.306
G1 X3.124 Y-8.242
G1 X3.130 Y-8.237
G1 X3.041 Y-8.344
G1 X3.034 Y-8.353
G1 X3.018 Y-8.379
G1 X2.931 Y-8.536
G1 X2.919 Y-8.563
G1 X2.866 Y-8.716
G1 X2.836 Y-8.597
G1 X2.785 Y-8.560
G1 X2.763 Y-8.547
G1 X2.735 Y-8.532
G1 X2.757 Y-8.523
G1 X2.861 Y-8.474
G1 X2.900 Y-8.453
G1 X2.868 Y-8.511
G1 X2.855 Y-8.543
G1 X2.836 Y-8.597
G1 X2.638 Y-8.289
G1 X2.729 Y-8.247
G1 X2.820 Y-8.198
G1 X2.911 Y-8.144
G1 X3.002 Y-8.085
G1 X3.092 Y-8.021
G1 X3.180 Y-7.953
G1 X3.267 Y-7.881
G1 X3.351 Y-7.806
G1 X3.432 Y-7.728
G1 X3.510 Y-7.648
G1 X3.584 Y-7.565
G1 X3.653 Y-7.481
G1 X3.717 Y-7.396
G1 X3.777 Y-7.311
G1 X3.830 Y-7.225
G1 X3.875 Y-7.141
G1 X3.939 Y-7.013
G1 X3.995 Y-6.898
G1 X4.042 Y-6.793
G1 X4.080 Y-6.697
G1 X4.111 Y-6.608
G1 X4.130 Y-6.531
G1 X4.132 Y-6.523
G1 X4.143 Y-6.451
G1 X4.143 Y-6.442
G1 X4.145 Y-6.374
G1 X4.145 Y-6.363
G1 X4.137 Y-6.297
G1 X4.136 Y-6.287
G1 X4.119 Y-6.222
G1 X4.117 Y-6.212
G1 X4.091 Y-6.146
G1 X4.088 Y-6.139
G1 X4.050 Y-6.065
G1 X4.004 Y-5.988
G1 X3.949 Y-5.906
G1 X3.885 Y-5.819
G1 X3.813 Y-5.723
G1 X3.373 Y-5.151
G1 X3.362 Y-5.140
G1 X3.350 Y-5.130
G1 X3.336 Y-5.123
G1 X3.321 Y-5.119
G1 X3.306 Y-5.118
G1 X3.290 Y-5.119
G1 X3.275 Y-5.123
G1 X3.261 Y-5.129
G1 X3.247 Y-5.139
G1 X2.587 Y-5.720
G1 X2.587 Y-5.720
G1 X2.520 Y-5.777
G1 X2.449 Y-5.832
G1 X2.374 Y-5.888
G1 X2.297 Y-5.940
G1 X2.222 Y-5.989
G1 X2.142 Y-6.037
G1 X2.063 Y-6.081
G1 X1.984 Y-6.122
G1 X1.908 Y-6.158
G1 X1.832 Y-6.192
G1 X1.759 Y-6.220
G1 X1.690 Y-6.244
G1 X1.623 Y-6.264
G1 X1.561 Y-6.278
G1 X1.508 Y-6.287
G1 X1.455 Y-6.291
G1 X1.394 Y-6.294
G1 X1.325 Y-6.300
G1 X1.251 Y-6.309
G1 X1.171 Y-6.322
G1 X1.086 Y-6.336
G1 X0.997 Y-6.354
G1 X0.904 Y-6.374
G1 X0.808 Y-6.396
G1 X0.709 Y-6.420
G1 X0.610 Y-6.446
G1 X0.509 Y-6.473
G1 X0.408 Y-6.503
G1 X0.307 Y-6.533
G1 X0.208 Y-6.565
G1 X0.111 Y-6.598
G1 X0.017 Y-6.631
G1 X-0.124 Y-6.682
G1 X-0.248 Y-6.726
G1 X-0.357 Y-6.763
G1 X-0.449 Y-6.792
G1 X-0.528 Y-6.814
G1 X-0.586 Y-6.827
G1 X-0.629 Y-6.834
G1 X-0.632 Y-6.834
G1 X-0.630 Y-6.823
G1 X-0.614 Y-6.782
G1 X-0.591 Y-6.731
G1 X-0.560 Y-6.669
G1 X-0.537 Y-6.619
G1 X-0.513 Y-6.561
G1 X-0.489 Y-6.495
G1 X-0.464 Y-6.422
G1 X-0.439 Y-6.341
G1 X-0.413 Y-6.254
G1 X-0.387 Y-6.162
G1 X-0.361 Y-6.065
G1 X-0.336 Y-5.963
G1 X-0.311 Y-5.858
G1 X-0.287 Y-5.750
G1 X-0.263 Y-5.641
G1 X-0.240 Y-5.530
G1 X-0.219 Y-5.418
G1 X-0.198 Y-5.307
G1 X-0.180 Y-5.199
G1 X-0.161 Y-5.091
G1 X-0.136 Y-4.979
G1 X-0.106 Y-4.862
G1 X-0.106 Y-4.862
G1 X-0.073 Y-4.748
G1 X-0.036 Y-4.629
G1 X0.004 Y-4.513
G1 X0.005 Y-4.513
G1 X0.048 Y-4.396
G1 X0.096 Y-4.280
G1 X0.096 Y-4.280
G1 X0.144 Y-4.169
G1 X0.195 Y-4.058
G1 X0.247 Y-3.956
G1 X0.300 Y-3.857
G1 X0.354 Y-3.765
G1 X0.411 Y-3.677
G1 X0.464 Y-3.602
G1 X0.519 Y-3.532
G1 X1.061 Y-2.886
G1 X1.070 Y-2.874
G1 X1.076 Y-2.860
G1 X1.079 Y-2.846
G1 X1.080 Y-2.831
G1 X1.078 Y-2.816
G1 X1.073 Y-2.802
G1 X1.065 Y-2.789
G1 X1.050 Y-2.773
G1 X0.501 Y-2.331
G1 X0.437 Y-2.282
G1 X0.373 Y-2.238
G1 X0.307 Y-2.198
G1 X0.241 Y-2.162
G1 X0.174 Y-2.130
G1 X0.107 Y-2.102
G1 X0.038 Y-2.079
G1 X-0.031 Y-2.060
G1 X-0.101 Y-2.046
G1 X-0.171 Y-2.036
G1 X-0.242 Y-2.030
G1 X-0.313 Y-2.029
G1 X-0.385 Y-2.032
G1 X-0.456 Y-2.040
G1 X-0.528 Y-2.051
G1 X-0.600 Y-2.068
G1 X-0.672 Y-2.088
G1 X-0.744 Y-2.112
G1 X-0.817 Y-2.141
G1 X-0.889 Y-2.174
G1 X-0.961 Y-2.211
G1 X-1.034 Y-2.252
G1 X-1.106 Y-2.297
G1 X-1.178 Y-2.346
G1 X-1.251 Y-2.399
G1 X-1.323 Y-2.456
G1 X-1.396 Y-2.517
G1 X-1.468 Y-2.582
G1 X-1.541 Y-2.651
G1 X-1.614 Y-2.723
G1 X-1.687 Y-2.800
G1 X-1.759 Y-2.880
G1 X-1.779 Y-2.903
G1 X-1.816 Y-2.948
G1 X-1.834 Y-2.970
G1 X-1.851 Y-2.994
G1 X-1.869 Y-3.017
G1 X-1.885 Y-3.041
G1 X-1.902 Y-3.065
G1 X-1.918 Y-3.090
G1 X-1.933 Y-3.114
G1 X-1.949 Y-3.140
G1 X-1.963 Y-3.166
G1 X-1.978 Y-3.193
G1 X-1.992 Y-3.219
G1 X-2.005 Y-3.247
G1 X-2.019 Y-3.275
G1 X-2.031 Y-3.304
G1 X-2.044 Y-3.334
G1 X-2.056 Y-3.364
G1 X-2.067 Y-3.394
G1 X-2.079 Y-3.426
G1 X-2.090 Y-3.459
G1 X-2.100 Y-3.492
G1 X-2.111 Y-3.526
G1 X-2.120 Y-3.561
G1 X-2.130 Y-3.597
G1 X-2.139 Y-3.634
G1 X-2.149 Y-3.672
G1 X-2.157 Y-3.711
G1 X-2.166 Y-3.751
G1 X-2.174 Y-3.793
G1 X-2.182 Y-3.835
G1 X-2.189 Y-3.878
G1 X-2.197 Y-3.923
G1 X-2.204 Y-3.969
G1 X-2.211 Y-4.016
G1 X-2.217 Y-4.065
G1 X-2.224 Y-4.115
G1 X-2.230 Y-4.166
G1 X-2.236 Y-4.219
G1 X-2.242 Y-4.274
G1 X-2.248 Y-4.329
G1 X-2.259 Y-4.446
G1 X-2.269 Y-4.569
G1 X-2.278 Y-4.698
G1 X-2.283 Y-4.766
G1 X-2.292 Y-4.906
G1 X-2.300 Y-5.054
G1 X-2.307 Y-5.210
G1 X-2.318 Y-5.459
G1 X-2.325 Y-5.636
G1 X-2.335 Y-5.918
G1 X-2.420 Y-8.561
G1 X-2.419 Y-8.576
G1 X-2.415 Y-8.590
G1 X-2.409 Y-8.604
G1 X-2.400 Y-8.616
G1 X-2.388 Y-8.626
G1 X-2.375 Y-8.635
G1 X-2.361 Y-8.641
G1 X-2.346 Y-8.644
G1 X-2.335 Y-8.645
G1 X-0.273 Y-8.645
G1 X-0.157 Y-8.644
G1 X-0.041 Y-8.643
G1 X0.074 Y-8.641
G1 X0.189 Y-8.638
G1 X0.302 Y-8.635
G1 X0.414 Y-8.630
G1 X0.526 Y-8.625
G1 X0.635 Y-8.619
G1 X0.744 Y-8.613
G1 X0.851 Y-8.606
G1 X0.956 Y-8.598
G1 X1.060 Y-8.589
G1 X1.162 Y-8.580
G1 X1.262 Y-8.570
G1 X1.360 Y-8.560
G1 X1.456 Y-8.549
G1 X1.550 Y-8.537
G1 X1.642 Y-8.524
G1 X1.731 Y-8.511
G1 X1.818 Y-8.498
G1 X1.902 Y-8.483
G1 X1.984 Y-8.469
G1 X2.063 Y-8.453
G1 X2.139 Y-8.437
G1 X2.212 Y-8.421
G1 X2.282 Y-8.404
G1 X2.350 Y-8.386
G1 X2.414 Y-8.368
G1 X2.474 Y-8.349
G1 X2.532 Y-8.330
G1 X2.586 Y-8.310
G1 X2.638 Y-8.289
G1 X3.336 Y-8.082
G1 X3.406 Y-8.024
G1 X3.496 Y-7.944
G1 X3.582 Y-7.861
G1 X3.664 Y-7.775
G1 X3.744 Y-7.686
G1 X3.757 Y-7.671
G1 X3.747 Y-7.724
G1 X3.739 Y-7.776
G1 X3.731 Y-7.829
G1 X3.725 Y-7.882
G1 X3.721 Y-7.933
G1 X3.717 Y-7.986
G1 X3.715 Y-8.037
G1 X3.714 Y-8.069
G1 X3.701 Y-8.065
G1 X3.616 Y-8.040
G1 X3.609 Y-8.038
G1 X3.581 Y-8.033
G1 X3.558 Y-8.032
G1 X3.530 Y-8.032
G1 X3.513 Y-8.033
G1 X3.502 Y-8.034
G1 X3.475 Y-8.039
G1 X3.458 Y-8.043
G1 X3.352 Y-8.075
G1 X3.336 Y-8.082
G1 X3.567 Y-7.967
G1 X3.632 Y-7.905
G1 X3.657 Y-7.879
G1 X3.653 Y-7.929
G1 X3.649 Y-7.982
G1 X3.632 Y-7.977
G1 X3.621 Y-7.974
G1 X3.593 Y-7.969
G1 X3.586 Y-7.968
G1 X3.567 Y-7.967
G1 X4.279 Y-6.442
G1 X4.281 Y-6.369
G1 X4.280 Y-6.349
G1 X4.271 Y-6.275
G1 X4.268 Y-6.257
G1 X4.250 Y-6.184
G1 X4.244 Y-6.167
G1 X4.216 Y-6.094
G1 X4.210 Y-6.082
G1 X4.168 Y-5.999
G1 X4.118 Y-5.917
G1 X4.060 Y-5.832
G1 X4.057 Y-5.827
G1 X4.096 Y-5.863
G1 X4.167 Y-5.920
G1 X4.238 Y-5.970
G1 X4.301 Y-6.007
G1 X4.315 Y-6.014
G1 X4.374 Y-6.041
G1 X4.392 Y-6.048
G1 X4.456 Y-6.067
G1 X4.524 Y-6.082
G1 X4.595 Y-6.094
G1 X4.671 Y-6.103
G1 X4.751 Y-6.109
G1 X4.835 Y-6.113
G1 X4.924 Y-6.114
G1 X5.015 Y-6.114
G1 X5.111 Y-6.112
G1 X5.209 Y-6.108
G1 X5.309 Y-6.102
G1 X5.411 Y-6.094
G1 X5.515 Y-6.085
G1 X5.620 Y-6.074
G1 X5.725 Y-6.062
G1 X5.830 Y-6.049
G1 X5.935 Y-6.034
G1 X6.038 Y-6.018
G1 X6.141 Y-6.000
G1 X6.240 Y-5.982
G1 X6.338 Y-5.962
G1 X6.433 Y-5.942
G1 X6.485 Y-5.929
G1 X6.485 Y-5.929
G1 X6.471 Y-5.944
G1 X6.370 Y-6.059
G1 X6.359 Y-6.075
G1 X6.274 Y-6.204
G1 X6.264 Y-6.222
G1 X6.196 Y-6.365
G1 X6.190 Y-6.382
G1 X6.140 Y-6.539
G1 X6.136 Y-6.555
G1 X6.105 Y-6.722
G1 X6.103 Y-6.740
G1 X6.093 Y-6.929
G1 X6.096 Y-7.012
G1 X6.104 Y-7.098
G1 X6.117 Y-7.187
G1 X6.130 Y-7.258
G1 X6.104 Y-7.175
G1 X6.083 Y-7.094
G1 X6.069 Y-7.028
G1 X6.060 Y-6.967
G1 X6.056 Y-6.913
G1 X6.054 Y-6.829
G1 X6.048 Y-6.741
G1 X6.036 Y-6.656
G1 X6.021 Y-6.589
G1 X6.016 Y-6.575
G1 X5.995 Y-6.514
G1 X5.986 Y-6.496
G1 X5.957 Y-6.440
G1 X5.944 Y-6.421
G1 X5.907 Y-6.371
G1 X5.890 Y-6.353
G1 X5.846 Y-6.312
G1 X5.826 Y-6.296
G1 X5.774 Y-6.262
G1 X5.754 Y-6.251
G1 X5.696 Y-6.224
G1 X5.678 Y-6.217
G1 X5.613 Y-6.196
G1 X5.598 Y-6.193
G1 X5.516 Y-6.175
G1 X5.428 Y-6.163
G1 X5.335 Y-6.155
G1 X5.234 Y-6.151
G1 X5.125 Y-6.150
G1 X5.006 Y-6.151
G1 X4.893 Y-6.158
G1 X4.787 Y-6.170
G1 X4.698 Y-6.187
G1 X4.684 Y-6.191
G1 X4.602 Y-6.216
G1 X4.585 Y-6.222
G1 X4.509 Y-6.255
G1 X4.491 Y-6.266
G1 X4.423 Y-6.308
G1 X4.405 Y-6.321
G1 X4.345 Y-6.372
G1 X4.329 Y-6.386
G1 X4.279 Y-6.442
G1 X4.341 Y-6.288
G1 X4.338 Y-6.263
G1 X4.334 Y-6.241
G1 X4.315 Y-6.165
G1 X4.308 Y-6.144
G1 X4.278 Y-6.070
G1 X4.286 Y-6.073
G1 X4.348 Y-6.101
G1 X4.371 Y-6.110
G1 X4.440 Y-6.131
G1 X4.512 Y-6.147
G1 X4.574 Y-6.157
G1 X4.556 Y-6.163
G1 X4.475 Y-6.199
G1 X4.454 Y-6.211
G1 X4.381 Y-6.256
G1 X4.361 Y-6.272
G1 X4.341 Y-6.288
G1 X4.487 Y-5.940
G1 X4.546 Y-5.954
G1 X4.611 Y-5.965
G1 X4.682 Y-5.973
G1 X4.757 Y-5.979
G1 X4.838 Y-5.982
G1 X4.923 Y-5.984
G1 X5.012 Y-5.984
G1 X5.105 Y-5.982
G1 X5.200 Y-5.978
G1 X5.299 Y-5.972
G1 X5.399 Y-5.964
G1 X5.501 Y-5.955
G1 X5.603 Y-5.945
G1 X5.707 Y-5.933
G1 X5.810 Y-5.920
G1 X5.913 Y-5.905
G1 X6.014 Y-5.889
G1 X6.115 Y-5.872
G1 X6.213 Y-5.854
G1 X6.308 Y-5.835
G1 X6.400 Y-5.815
G1 X6.489 Y-5.794
G1 X6.574 Y-5.772
G1 X6.654 Y-5.749
G1 X6.729 Y-5.726
G1 X6.799 Y-5.701
G1 X6.863 Y-5.676
G1 X6.921 Y-5.649
G1 X6.973 Y-5.621
G1 X7.011 Y-5.596
G1 X7.020 Y-5.590
G1 X7.048 Y-5.565
G1 X7.059 Y-5.554
G1 X7.070 Y-5.535
G1 X7.077 Y-5.520
G1 X7.082 Y-5.505
G1 X7.083 Y-5.492
G1 X7.084 Y-5.465
G1 X7.084 Y-5.453
G1 X7.079 Y-5.409
G1 X7.069 Y-5.359
G1 X7.054 Y-5.300
G1 X7.034 Y-5.233
G1 X7.010 Y-5.159
G1 X6.982 Y-5.078
G1 X6.949 Y-4.991
G1 X6.913 Y-4.897
G1 X6.874 Y-4.799
G1 X6.831 Y-4.695
G1 X6.785 Y-4.588
G1 X6.736 Y-4.477
G1 X6.684 Y-4.363
G1 X6.630 Y-4.248
G1 X6.564 Y-4.105
G1 X6.505 Y-3.969
G1 X6.506 Y-3.969
G1 X6.451 Y-3.834
G1 X6.451 Y-3.834
G1 X6.403 Y-3.707
G1 X6.404 Y-3.707
G1 X6.360 Y-3.580
G1 X6.323 Y-3.459
G1 X6.293 Y-3.344
G1 X6.267 Y-3.230
G1 X6.246 Y-3.118
G1 X6.231 Y-3.012
G1 X6.222 Y-2.908
G1 X6.217 Y-2.808
G1 X6.218 Y-2.706
G1 X6.224 Y-2.607
G1 X6.234 Y-2.512
G1 X6.250 Y-2.418
G1 X6.396 Y-1.671
G1 X6.398 Y-1.656
G1 X6.396 Y-1.641
G1 X6.392 Y-1.627
G1 X6.385 Y-1.614
G1 X6.376 Y-1.602
G1 X6.364 Y-1.591
G1 X6.351 Y-1.584
G1 X6.337 Y-1.578
G1 X6.321 Y-1.575
G1 X6.306 Y-1.575
G1 X6.290 Y-1.578
G1 X6.275 Y-1.583
G1 X6.262 Y-1.591
G1 X6.254 Y-1.598
G1 X5.298 Y-2.481
G1 X5.200 Y-2.570
G1 X5.097 Y-2.657
G1 X4.995 Y-2.739
G1 X4.890 Y-2.819
G1 X4.785 Y-2.895
G1 X4.678 Y-2.968
G1 X4.575 Y-3.034
G1 X4.474 Y-3.095
G1 X4.374 Y-3.152
G1 X4.279 Y-3.201
G1 X4.188 Y-3.244
G1 X4.102 Y-3.280
G1 X4.025 Y-3.307
G1 X3.954 Y-3.328
G1 X3.893 Y-3.340
G1 X3.837 Y-3.344
G1 X3.721 Y-3.347
G1 X3.604 Y-3.356
G1 X3.490 Y-3.371
G1 X3.384 Y-3.391
G1 X3.287 Y-3.416
G1 X3.211 Y-3.441
G1 X3.201 Y-3.445
G1 X3.141 Y-3.474
G1 X3.126 Y-3.483
G1 X3.085 Y-3.513
G1 X3.073 Y-3.523
G1 X3.066 Y-3.532
G1 X3.046 Y-3.562
G1 X3.036 Y-3.581
G1 X3.022 Y-3.619
G1 X3.019 Y-3.634
G1 X3.012 Y-3.680
G1 X3.011 Y-3.691
G1 X3.012 Y-3.744
G1 X3.012 Y-3.752
G1 X3.020 Y-3.818
G1 X3.033 Y-3.888
G1 X3.053 Y-3.963
G1 X3.078 Y-4.043
G1 X3.107 Y-4.126
G1 X3.142 Y-4.212
G1 X3.180 Y-4.302
G1 X3.223 Y-4.394
G1 X3.269 Y-4.488
G1 X3.318 Y-4.584
G1 X3.371 Y-4.680
G1 X3.426 Y-4.777
G1 X3.484 Y-4.873
G1 X3.543 Y-4.969
G1 X3.605 Y-5.063
G1 X3.667 Y-5.155
G1 X3.731 Y-5.246
G1 X3.796 Y-5.333
G1 X3.861 Y-5.417
G1 X3.926 Y-5.496
G1 X3.991 Y-5.571
G1 X4.056 Y-5.641
G1 X4.121 Y-5.705
G1 X4.184 Y-5.763
G1 X4.248 Y-5.815
G1 X4.310 Y-5.860
G1 X4.365 Y-5.892
G1 X4.373 Y-5.896
G1 X4.425 Y-5.920
G1 X4.434 Y-5.924
G1 X4.487 Y-5.940
; Retract
G1 Z1.5000 F2540

; Path 5
; Rapid to initial position
G1 X5.643 Y-6.137 F2540
G1 Z0.5000
; plunge
G1 Z-2.6750 F127
; cut
G1 X5.734 Y-6.127 F1016
G1 X5.840 Y-6.113
G1 X5.946 Y-6.098
G1 X6.050 Y-6.082
G1 X6.154 Y-6.064
G1 X6.254 Y-6.046
G1 X6.305 Y-6.036
G1 X6.301 Y-6.040
G1 X6.214 Y-6.173
G1 X6.202 Y-6.195
G1 X6.132 Y-6.344
G1 X6.125 Y-6.363
G1 X6.073 Y-6.525
G1 X6.072 Y-6.530
G1 X6.057 Y-6.489
G1 X6.047 Y-6.467
G1 X6.015 Y-6.406
G1 X5.999 Y-6.382
G1 X5.958 Y-6.328
G1 X5.938 Y-6.307
G1 X5.888 Y-6.261
G1 X5.865 Y-6.243
G1 X5.807 Y-6.205
G1 X5.784 Y-6.193
G1 X5.721 Y-6.164
G1 X5.700 Y-6.156
G1 X5.643 Y-6.137
G1 X5.879 Y-6.173
G1 X5.957 Y-6.162
G1 X6.061 Y-6.146
G1 X6.163 Y-6.129
G1 X6.154 Y-6.143
G1 X6.141 Y-6.168
G1 X6.068 Y-6.322
G1 X6.060 Y-6.344
G1 X6.058 Y-6.349
G1 X6.054 Y-6.344
G1 X6.008 Y-6.284
G1 X5.985 Y-6.260
G1 X5.931 Y-6.210
G1 X5.903 Y-6.189
G1 X5.879 Y-6.173
G1 X6.035 Y-6.216
G1 X6.044 Y-6.215
G1 X6.041 Y-6.222
G1 X6.035 Y-6.216
G1 X7.201 Y-5.573
G1 X7.206 Y-5.559
G1 X7.213 Y-5.539
G1 X7.216 Y-5.527
G1 X7.217 Y-5.520
G1 X7.219 Y-5.497
G1 X7.220 Y-5.460
G1 X7.219 Y-5.438
G1 X7.212 Y-5.385
G1 X7.201 Y-5.327
G1 X7.184 Y-5.264
G1 X7.164 Y-5.195
G1 X7.139 Y-5.118
G1 X7.110 Y-5.035
G1 X7.077 Y-4.945
G1 X7.064 Y-4.913
G1 X7.088 Y-4.935
G1 X7.102 Y-4.947
G1 X7.175 Y-5.001
G1 X7.196 Y-5.013
G1 X7.269 Y-5.052
G1 X7.276 Y-5.055
G1 X7.300 Y-5.064
G1 X7.382 Y-5.090
G1 X7.403 Y-5.094
G1 X7.415 Y-5.096
G1 X7.497 Y-5.104
G1 X7.518 Y-5.104
G1 X7.536 Y-5.103
G1 X7.558 Y-5.099
G1 X7.613 Y-5.087
G1 X7.627 Y-5.083
G1 X7.652 Y-5.074
G1 X7.664 Y-5.068
G1 X7.734 Y-5.031
G1 X7.753 Y-5.020
G1 X7.828 Y-4.966
G1 X7.839 Y-4.957
G1 X7.905 Y-4.899
G1 X7.871 Y-4.977
G1 X7.833 Y-5.088
G1 X7.828 Y-5.106
G1 X7.808 Y-5.209
G1 X7.806 Y-5.235
G1 X7.806 Y-5.319
G1 X7.806 Y-5.332
G1 X7.809 Y-5.355
G1 X7.811 Y-5.364
G1 X7.829 Y-5.442
G1 X7.833 Y-5.454
G1 X7.842 Y-5.477
G1 X7.847 Y-5.489
G1 X7.885 Y-5.559
G1 X7.891 Y-5.568
G1 X7.905 Y-5.587
G1 X7.913 Y-5.596
G1 X7.941 Y-5.628
G1 X7.821 Y-5.594
G1 X7.806 Y-5.590
G1 X7.633 Y-5.561
G1 X7.614 Y-5.559
G1 X7.444 Y-5.551
G1 X7.427 Y-5.551
G1 X7.262 Y-5.562
G1 X7.243 Y-5.565
G1 X7.201 Y-5.573
G1 X7.287 Y-5.495
G1 X7.288 Y-5.456
G1 X7.287 Y-5.430
G1 X7.279 Y-5.372
G1 X7.267 Y-5.312
G1 X7.250 Y-5.246
G1 X7.229 Y-5.175
G1 X7.203 Y-5.097
G1 X7.201 Y-5.090
G1 X7.239 Y-5.110
G1 X7.250 Y-5.115
G1 X7.279 Y-5.127
G1 X7.368 Y-5.154
G1 X7.391 Y-5.158
G1 X7.408 Y-5.161
G1 X7.497 Y-5.169
G1 X7.523 Y-5.169
G1 X7.548 Y-5.167
G1 X7.574 Y-5.163
G1 X7.633 Y-5.149
G1 X7.651 Y-5.144
G1 X7.680 Y-5.133
G1 X7.697 Y-5.125
G1 X7.762 Y-5.091
G1 X7.761 Y-5.094
G1 X7.741 Y-5.197
G1 X7.740 Y-5.204
G1 X7.738 Y-5.234
G1 X7.738 Y-5.322
G1 X7.739 Y-5.340
G1 X7.742 Y-5.367
G1 X7.745 Y-5.379
G1 X7.764 Y-5.461
G1 X7.769 Y-5.476
G1 X7.780 Y-5.503
G1 X7.787 Y-5.519
G1 X7.788 Y-5.521
G1 X7.641 Y-5.497
G1 X7.618 Y-5.494
G1 X7.442 Y-5.486
G1 X7.422 Y-5.486
G1 X7.287 Y-5.495
G1 X7.354 Y-5.425
G1 X7.354 Y-5.423
G1 X7.346 Y-5.360
G1 X7.333 Y-5.296
G1 X7.315 Y-5.228
G1 X7.308 Y-5.203
G1 X7.353 Y-5.217
G1 X7.381 Y-5.223
G1 X7.401 Y-5.226
G1 X7.497 Y-5.234
G1 X7.529 Y-5.234
G1 X7.560 Y-5.231
G1 X7.589 Y-5.226
G1 X7.654 Y-5.211
G1 X7.672 Y-5.206
G1 X7.670 Y-5.234
G1 X7.670 Y-5.325
G1 X7.671 Y-5.348
G1 X7.675 Y-5.379
G1 X7.678 Y-5.393
G1 X7.689 Y-5.439
G1 X7.649 Y-5.432
G1 X7.621 Y-5.429
G1 X7.440 Y-5.420
G1 X7.417 Y-5.421
G1 X7.354 Y-5.425
G1 X7.414 Y-5.356
G1 X7.413 Y-5.347
G1 X7.401 Y-5.291
G1 X7.497 Y-5.299
G1 X7.535 Y-5.299
G1 X7.572 Y-5.295
G1 X7.602 Y-5.290
G1 X7.602 Y-5.329
G1 X7.604 Y-5.357
G1 X7.605 Y-5.363
G1 X7.438 Y-5.355
G1 X7.414 Y-5.356
G1 X7.422 Y-5.031
G1 X7.498 Y-5.039
G1 X7.514 Y-5.039
G1 X7.525 Y-5.039
G1 X7.543 Y-5.036
G1 X7.593 Y-5.025
G1 X7.602 Y-5.022
G1 X7.624 Y-5.014
G1 X7.632 Y-5.011
G1 X7.698 Y-4.976
G1 X7.712 Y-4.968
G1 X7.785 Y-4.915
G1 X7.794 Y-4.908
G1 X7.878 Y-4.835
G1 X7.965 Y-4.748
G1 X8.053 Y-4.650
G1 X8.140 Y-4.542
G1 X8.224 Y-4.424
G1 X8.267 Y-4.356
G1 X8.306 Y-4.281
G1 X8.342 Y-4.201
G1 X8.375 Y-4.115
G1 X8.406 Y-4.023
G1 X8.435 Y-3.927
G1 X8.462 Y-3.826
G1 X8.486 Y-3.722
G1 X8.508 Y-3.613
G1 X8.528 Y-3.502
G1 X8.546 Y-3.387
G1 X8.562 Y-3.271
G1 X8.575 Y-3.152
G1 X8.587 Y-3.032
G1 X8.596 Y-2.911
G1 X8.603 Y-2.790
G1 X8.607 Y-2.669
G1 X8.610 Y-2.548
G1 X8.610 Y-2.429
G1 X8.607 Y-2.311
G1 X8.603 Y-2.194
G1 X8.596 Y-2.080
G1 X8.586 Y-1.969
G1 X8.574 Y-1.861
G1 X8.559 Y-1.757
G1 X8.542 Y-1.657
G1 X8.522 Y-1.561
G1 X8.499 Y-1.471
G1 X8.472 Y-1.384
G1 X8.442 Y-1.304
G1 X8.408 Y-1.228
G1 X8.375 Y-1.168
G1 X8.367 Y-1.156
G1 X8.299 Y-1.063
G1 X8.287 Y-1.050
G1 X8.207 Y-0.970
G1 X8.194 Y-0.959
G1 X8.104 Y-0.892
G1 X8.091 Y-0.883
G1 X7.992 Y-0.828
G1 X7.978 Y-0.822
G1 X7.873 Y-0.780
G1 X7.860 Y-0.775
G1 X7.751 Y-0.745
G1 X7.737 Y-0.742
G1 X7.624 Y-0.724
G1 X7.611 Y-0.723
G1 X7.496 Y-0.718
G1 X7.483 Y-0.718
G1 X7.370 Y-0.725
G1 X7.356 Y-0.726
G1 X7.246 Y-0.745
G1 X7.232 Y-0.749
G1 X7.125 Y-0.780
G1 X7.110 Y-0.785
G1 X7.009 Y-0.829
G1 X6.995 Y-0.837
G1 X6.900 Y-0.893
G1 X6.887 Y-0.903
G1 X6.803 Y-0.972
G1 X6.789 Y-0.985
G1 X6.716 Y-1.066
G1 X6.705 Y-1.081
G1 X6.647 Y-1.174
G1 X6.640 Y-1.187
G1 X6.587 Y-1.300
G1 X6.542 Y-1.420
G1 X6.503 Y-1.546
G1 X6.471 Y-1.679
G1 X6.446 Y-1.817
G1 X6.426 Y-1.959
G1 X6.411 Y-2.106
G1 X6.402 Y-2.256
G1 X6.398 Y-2.408
G1 X6.400 Y-2.563
G1 X6.406 Y-2.719
G1 X6.417 Y-2.875
G1 X6.432 Y-3.032
G1 X6.452 Y-3.187
G1 X6.476 Y-3.341
G1 X6.504 Y-3.493
G1 X6.536 Y-3.642
G1 X6.572 Y-3.787
G1 X6.612 Y-3.928
G1 X6.655 Y-4.064
G1 X6.702 Y-4.194
G1 X6.753 Y-4.318
G1 X6.807 Y-4.435
G1 X6.866 Y-4.545
G1 X6.927 Y-4.646
G1 X6.994 Y-4.739
G1 X7.058 Y-4.814
G1 X7.066 Y-4.822
G1 X7.132 Y-4.886
G1 X7.143 Y-4.895
G1 X7.212 Y-4.946
G1 X7.228 Y-4.956
G1 X7.301 Y-4.995
G1 X7.321 Y-5.003
G1 X7.397 Y-5.026
G1 X7.414 Y-5.030
G1 X7.422 Y-5.031
G1 X7.429 Y-4.966
G1 X7.500 Y-4.974
G1 X7.515 Y-4.974
G1 X7.528 Y-4.972
G1 X7.578 Y-4.961
G1 X7.600 Y-4.953
G1 X7.661 Y-4.922
G1 X7.671 Y-4.915
G1 X7.742 Y-4.865
G1 X7.748 Y-4.860
G1 X7.829 Y-4.790
G1 X7.913 Y-4.706
G1 X7.999 Y-4.610
G1 X8.084 Y-4.505
G1 X8.166 Y-4.391
G1 X8.206 Y-4.327
G1 X8.243 Y-4.255
G1 X8.278 Y-4.178
G1 X8.310 Y-4.094
G1 X8.341 Y-4.005
G1 X8.369 Y-3.911
G1 X8.395 Y-3.812
G1 X8.419 Y-3.709
G1 X8.441 Y-3.602
G1 X8.461 Y-3.492
G1 X8.479 Y-3.379
G1 X8.494 Y-3.263
G1 X8.507 Y-3.146
G1 X8.519 Y-3.028
G1 X8.528 Y-2.908
G1 X8.535 Y-2.788
G1 X8.539 Y-2.668
G1 X8.542 Y-2.548
G1 X8.542 Y-2.430
G1 X8.539 Y-2.313
G1 X8.535 Y-2.198
G1 X8.528 Y-2.086
G1 X8.518 Y-1.976
G1 X8.507 Y-1.870
G1 X8.492 Y-1.768
G1 X8.475 Y-1.670
G1 X8.456 Y-1.577
G1 X8.433 Y-1.489
G1 X8.408 Y-1.406
G1 X8.380 Y-1.330
G1 X8.348 Y-1.259
G1 X8.317 Y-1.202
G1 X8.311 Y-1.193
G1 X8.246 Y-1.105
G1 X8.238 Y-1.095
G1 X8.161 Y-1.018
G1 X8.152 Y-1.011
G1 X8.066 Y-0.946
G1 X8.056 Y-0.940
G1 X7.962 Y-0.887
G1 X7.952 Y-0.882
G1 X7.851 Y-0.841
G1 X7.841 Y-0.838
G1 X7.735 Y-0.809
G1 X7.725 Y-0.806
G1 X7.617 Y-0.789
G1 X7.607 Y-0.788
G1 X7.497 Y-0.783
G1 X7.488 Y-0.783
G1 X7.378 Y-0.789
G1 X7.368 Y-0.790
G1 X7.261 Y-0.809
G1 X7.252 Y-0.811
G1 X7.148 Y-0.841
G1 X7.138 Y-0.845
G1 X7.041 Y-0.887
G1 X7.031 Y-0.892
G1 X6.941 Y-0.946
G1 X6.931 Y-0.953
G1 X6.851 Y-1.018
G1 X6.841 Y-1.027
G1 X6.771 Y-1.105
G1 X6.763 Y-1.115
G1 X6.707 Y-1.204
G1 X6.702 Y-1.213
G1 X6.651 Y-1.322
G1 X6.607 Y-1.438
G1 X6.570 Y-1.561
G1 X6.538 Y-1.690
G1 X6.513 Y-1.825
G1 X6.493 Y-1.965
G1 X6.479 Y-2.110
G1 X6.470 Y-2.257
G1 X6.466 Y-2.408
G1 X6.468 Y-2.561
G1 X6.474 Y-2.715
G1 X6.484 Y-2.869
G1 X6.499 Y-3.024
G1 X6.519 Y-3.178
G1 X6.543 Y-3.330
G1 X6.570 Y-3.480
G1 X6.602 Y-3.627
G1 X6.638 Y-3.770
G1 X6.677 Y-3.909
G1 X6.719 Y-4.043
G1 X6.766 Y-4.170
G1 X6.815 Y-4.292
G1 X6.868 Y-4.406
G1 X6.924 Y-4.512
G1 X6.984 Y-4.609
G1 X7.047 Y-4.698
G1 X7.108 Y-4.770
G1 X7.114 Y-4.776
G1 X7.177 Y-4.837
G1 X7.185 Y-4.844
G1 X7.250 Y-4.892
G1 X7.261 Y-4.899
G1 X7.328 Y-4.935
G1 X7.343 Y-4.941
G1 X7.412 Y-4.963
G1 X7.429 Y-4.966
G1 X7.965 Y-5.120
G1 X7.962 Y-5.130
G1 X7.944 Y-5.221
G1 X7.942 Y-5.236
G1 X7.941 Y-5.317
G1 X7.944 Y-5.336
G1 X7.961 Y-5.409
G1 X7.968 Y-5.429
G1 X8.004 Y-5.495
G1 X8.015 Y-5.511
G1 X8.070 Y-5.571
G1 X8.081 Y-5.582
G1 X8.155 Y-5.637
G1 X8.165 Y-5.643
G1 X8.259 Y-5.695
G1 X8.266 Y-5.699
G1 X8.385 Y-5.751
G1 X8.524 Y-5.801
G1 X8.682 Y-5.850
G1 X8.860 Y-5.900
G1 X9.041 Y-5.950
G1 X9.211 Y-5.997
G1 X9.367 Y-6.041
G1 X9.505 Y-6.080
G1 X9.505 Y-6.080
G1 X9.621 Y-6.113
G1 X9.711 Y-6.140
G1 X9.767 Y-6.157
G1 X9.793 Y-6.167
G1 X9.808 Y-6.171
G1 X9.823 Y-6.172
G1 X9.844 Y-6.173
G1 X9.863 Y-6.171
G1 X9.912 Y-6.161
G1 X9.978 Y-6.142
G1 X10.060 Y-6.117
G1 X10.156 Y-6.085
G1 X10.264 Y-6.047
G1 X10.381 Y-6.004
G1 X10.508 Y-5.955
G1 X10.566 Y-5.929
G1 X10.573 Y-5.925
G1 X10.639 Y-5.886
G1 X10.706 Y-5.840
G1 X10.774 Y-5.788
G1 X10.842 Y-5.728
G1 X10.911 Y-5.662
G1 X10.981 Y-5.591
G1 X11.051 Y-5.515
G1 X11.121 Y-5.435
G1 X11.190 Y-5.350
G1 X11.259 Y-5.262
G1 X11.327 Y-5.172
G1 X11.393 Y-5.079
G1 X11.458 Y-4.984
G1 X11.521 Y-4.887
G1 X11.582 Y-4.791
G1 X11.640 Y-4.693
G1 X11.695 Y-4.596
G1 X11.747 Y-4.500
G1 X11.795 Y-4.406
G1 X11.839 Y-4.313
G1 X11.880 Y-4.222
G1 X11.915 Y-4.135
G1 X11.946 Y-4.050
G1 X11.971 Y-3.969
G1 X11.991 Y-3.892
G1 X12.004 Y-3.819
G1 X12.011 Y-3.758
G1 X12.011 Y-3.749
G1 X12.011 Y-3.695
G1 X12.010 Y-3.683
G1 X12.002 Y-3.636
G1 X11.998 Y-3.621
G1 X11.983 Y-3.581
G1 X11.973 Y-3.563
G1 X11.951 Y-3.532
G1 X11.941 Y-3.520
G1 X11.933 Y-3.513
G1 X11.892 Y-3.483
G1 X11.877 Y-3.474
G1 X11.817 Y-3.445
G1 X11.807 Y-3.441
G1 X11.724 Y-3.414
G1 X11.628 Y-3.390
G1 X11.523 Y-3.370
G1 X11.410 Y-3.356
G1 X11.292 Y-3.347
G1 X11.180 Y-3.344
G1 X11.125 Y-3.340
G1 X11.064 Y-3.329
G1 X10.995 Y-3.310
G1 X10.919 Y-3.284
G1 X10.837 Y-3.250
G1 X10.747 Y-3.209
G1 X10.658 Y-3.164
G1 X10.560 Y-3.111
G1 X10.465 Y-3.054
G1 X10.366 Y-2.992
G1 X10.264 Y-2.923
G1 X10.164 Y-2.852
G1 X10.064 Y-2.777
G1 X9.968 Y-2.701
G1 X9.871 Y-2.619
G1 X9.779 Y-2.536
G1 X8.883 Y-1.707
G1 X8.870 Y-1.698
G1 X8.857 Y-1.691
G1 X8.842 Y-1.686
G1 X8.826 Y-1.685
G1 X8.811 Y-1.685
G1 X8.795 Y-1.689
G1 X8.781 Y-1.695
G1 X8.768 Y-1.704
G1 X8.757 Y-1.715
G1 X8.749 Y-1.727
G1 X8.743 Y-1.741
G1 X8.739 Y-1.755
G1 X8.739 Y-1.764
G1 X8.716 Y-2.822
G1 X8.712 Y-2.930
G1 X8.704 Y-3.042
G1 X8.692 Y-3.158
G1 X8.677 Y-3.273
G1 X8.658 Y-3.389
G1 X8.637 Y-3.508
G1 X8.613 Y-3.621
G1 X8.586 Y-3.734
G1 X8.557 Y-3.845
G1 X8.525 Y-3.954
G1 X8.493 Y-4.053
G1 X8.459 Y-4.149
G1 X8.423 Y-4.239
G1 X8.385 Y-4.324
G1 X8.348 Y-4.395
G1 X8.310 Y-4.460
G1 X8.210 Y-4.620
G1 X8.125 Y-4.765
G1 X8.055 Y-4.897
G1 X8.000 Y-5.018
G1 X7.965 Y-5.120
; Retract
G1 Z1.5000 F2540

; Path 6
; Rapid to initial position
G1 X8.519 Y-5.936 F2540
G1 Z0.5000
; plunge
G1 Z-2.6750 F127
; cut
G1 X8.643 Y-5.975 F1016
G1 X8.823 Y-6.026
G1 X9.003 Y-6.075
G1 X9.173 Y-6.122
G1 X9.329 Y-6.166
G1 X9.422 Y-6.192
G1 X9.413 Y-6.194
G1 X9.397 Y-6.199
G1 X9.330 Y-6.221
G1 X9.314 Y-6.228
G1 X9.255 Y-6.256
G1 X9.234 Y-6.268
G1 X9.181 Y-6.304
G1 X9.163 Y-6.319
G1 X9.119 Y-6.362
G1 X9.102 Y-6.382
G1 X9.066 Y-6.431
G1 X9.055 Y-6.450
G1 X9.027 Y-6.505
G1 X9.020 Y-6.523
G1 X8.999 Y-6.582
G1 X8.995 Y-6.598
G1 X8.978 Y-6.675
G1 X8.968 Y-6.755
G1 X8.963 Y-6.838
G1 X8.961 Y-6.913
G1 X8.958 Y-6.967
G1 X8.949 Y-7.028
G1 X8.935 Y-7.094
G1 X8.915 Y-7.171
G1 X8.922 Y-7.073
G1 X8.926 Y-6.975
G1 X8.924 Y-6.879
G1 X8.918 Y-6.785
G1 X8.906 Y-6.693
G1 X8.890 Y-6.602
G1 X8.868 Y-6.515
G1 X8.841 Y-6.429
G1 X8.809 Y-6.347
G1 X8.771 Y-6.266
G1 X8.728 Y-6.190
G1 X8.679 Y-6.117
G1 X8.625 Y-6.046
G1 X8.566 Y-5.981
G1 X8.519 Y-5.936
G1 X8.725 Y-6.066
G1 X8.804 Y-6.088
G1 X8.984 Y-6.138
G1 X9.154 Y-6.185
G1 X9.216 Y-6.202
G1 X9.194 Y-6.215
G1 X9.137 Y-6.255
G1 X9.115 Y-6.274
G1 X9.067 Y-6.320
G1 X9.046 Y-6.344
G1 X9.007 Y-6.399
G1 X8.994 Y-6.421
G1 X8.964 Y-6.481
G1 X8.955 Y-6.502
G1 X8.943 Y-6.537
G1 X8.933 Y-6.496
G1 X8.905 Y-6.406
G1 X8.871 Y-6.320
G1 X8.831 Y-6.235
G1 X8.785 Y-6.155
G1 X8.734 Y-6.078
G1 X8.725 Y-6.066
G1 X8.874 Y-6.175
G1 X8.965 Y-6.200
G1 X9.066 Y-6.228
G1 X9.014 Y-6.279
G1 X8.990 Y-6.307
G1 X8.957 Y-6.354
G1 X8.933 Y-6.293
G1 X8.890 Y-6.204
G1 X8.874 Y-6.175
G1 X10.280 Y-6.180
G1 X10.313 Y-6.168
G1 X10.432 Y-6.125
G1 X10.567 Y-6.073
G1 X10.631 Y-6.043
G1 X10.644 Y-6.036
G1 X10.719 Y-5.992
G1 X10.792 Y-5.941
G1 X10.865 Y-5.884
G1 X10.938 Y-5.821
G1 X11.011 Y-5.752
G1 X11.032 Y-5.729
G1 X11.020 Y-5.746
G1 X10.953 Y-5.838
G1 X10.894 Y-5.927
G1 X10.842 Y-6.013
G1 X10.805 Y-6.089
G1 X10.799 Y-6.101
G1 X10.771 Y-6.175
G1 X10.766 Y-6.191
G1 X10.748 Y-6.266
G1 X10.745 Y-6.284
G1 X10.737 Y-6.359
G1 X10.737 Y-6.377
G1 X10.738 Y-6.441
G1 X10.738 Y-6.441
G1 X10.681 Y-6.379
G1 X10.666 Y-6.366
G1 X10.604 Y-6.314
G1 X10.586 Y-6.302
G1 X10.517 Y-6.260
G1 X10.499 Y-6.251
G1 X10.423 Y-6.218
G1 X10.406 Y-6.213
G1 X10.327 Y-6.190
G1 X10.311 Y-6.186
G1 X10.280 Y-6.180
G1 X10.486 Y-6.174
G1 X10.596 Y-6.131
G1 X10.664 Y-6.100
G1 X10.679 Y-6.092
G1 X10.748 Y-6.051
G1 X10.741 Y-6.064
G1 X10.735 Y-6.079
G1 X10.705 Y-6.158
G1 X10.700 Y-6.176
G1 X10.681 Y-6.256
G1 X10.677 Y-6.278
G1 X10.676 Y-6.288
G1 X10.644 Y-6.261
G1 X10.623 Y-6.247
G1 X10.549 Y-6.202
G1 X10.526 Y-6.191
G1 X10.486 Y-6.174
G1 X11.594 Y-5.021
G1 X11.638 Y-4.954
G1 X11.700 Y-4.855
G1 X11.759 Y-4.756
G1 X11.816 Y-4.656
G1 X11.869 Y-4.557
G1 X11.919 Y-4.460
G1 X11.919 Y-4.459
G1 X11.915 Y-4.485
G1 X11.906 Y-4.606
G1 X11.906 Y-4.619
G1 X11.909 Y-4.739
G1 X11.910 Y-4.754
G1 X11.925 Y-4.874
G1 X11.928 Y-4.890
G1 X11.957 Y-5.011
G1 X11.961 Y-5.024
G1 X12.004 Y-5.143
G1 X12.010 Y-5.157
G1 X12.024 Y-5.185
G1 X11.853 Y-5.035
G1 X11.835 Y-5.023
G1 X11.819 Y-5.013
G1 X11.800 Y-5.005
G1 X11.783 Y-4.998
G1 X11.762 Y-4.993
G1 X11.743 Y-4.989
G1 X11.721 Y-4.988
G1 X11.701 Y-4.988
G1 X11.680 Y-4.990
G1 X11.662 Y-4.993
G1 X11.641 Y-4.999
G1 X11.624 Y-5.006
G1 X11.605 Y-5.015
G1 X11.594 Y-5.021
G1 X11.736 Y-4.924
G1 X11.759 Y-4.888
G1 X11.819 Y-4.787
G1 X11.841 Y-4.748
G1 X11.842 Y-4.762
G1 X11.858 Y-4.886
G1 X11.862 Y-4.904
G1 X11.878 Y-4.972
G1 X11.870 Y-4.967
G1 X11.849 Y-4.955
G1 X11.824 Y-4.944
G1 X11.802 Y-4.936
G1 X11.774 Y-4.929
G1 X11.749 Y-4.925
G1 X11.736 Y-4.924
G1 X11.994 Y-4.875
G1 X12.022 Y-4.992
G1 X12.026 Y-5.003
G1 X12.067 Y-5.118
G1 X12.072 Y-5.130
G1 X12.127 Y-5.242
G1 X12.133 Y-5.253
G1 X12.202 Y-5.363
G1 X12.210 Y-5.373
G1 X12.295 Y-5.480
G1 X12.302 Y-5.488
G1 X12.357 Y-5.544
G1 X12.420 Y-5.600
G1 X12.490 Y-5.654
G1 X12.567 Y-5.709
G1 X12.649 Y-5.762
G1 X12.737 Y-5.815
G1 X12.830 Y-5.866
G1 X12.927 Y-5.916
G1 X13.028 Y-5.963
G1 X13.131 Y-6.010
G1 X13.237 Y-6.053
G1 X13.345 Y-6.095
G1 X13.454 Y-6.132
G1 X13.563 Y-6.167
G1 X13.672 Y-6.198
G1 X13.777 Y-6.224
G1 X14.024 Y-6.281
G1 X14.240 Y-6.330
G1 X14.337 Y-6.352
G1 X14.427 Y-6.371
G1 X14.511 Y-6.389
G1 X14.589 Y-6.404
G1 X14.661 Y-6.418
G1 X14.727 Y-6.430
G1 X14.789 Y-6.439
G1 X14.845 Y-6.446
G1 X14.899 Y-6.452
G1 X14.949 Y-6.454
G1 X14.997 Y-6.454
G1 X15.031 Y-6.451
G1 X15.043 Y-6.449
G1 X15.075 Y-6.444
G1 X15.090 Y-6.440
G1 X15.118 Y-6.431
G1 X15.137 Y-6.424
G1 X15.161 Y-6.411
G1 X15.176 Y-6.402
G1 X15.182 Y-6.398
G1 X15.197 Y-6.386
G1 X15.203 Y-6.381
G1 X15.216 Y-6.368
G1 X15.221 Y-6.362
G1 X15.232 Y-6.348
G1 X15.236 Y-6.342
G1 X15.246 Y-6.327
G1 X15.250 Y-6.321
G1 X15.261 Y-6.299
G1 X15.268 Y-6.278
G1 X15.274 Y-6.254
G1 X15.277 Y-6.237
G1 X15.280 Y-6.212
G1 X15.280 Y-6.198
G1 X15.279 Y-6.162
G1 X15.276 Y-6.127
G1 X15.269 Y-6.092
G1 X15.262 Y-6.056
G1 X15.253 Y-6.018
G1 X15.243 Y-5.979
G1 X15.220 Y-5.896
G1 X15.194 Y-5.796
G1 X15.164 Y-5.672
G1 X15.130 Y-5.530
G1 X15.094 Y-5.373
G1 X15.094 Y-5.373
G1 X15.058 Y-5.208
G1 X15.022 Y-5.038
G1 X14.986 Y-4.869
G1 X14.953 Y-4.704
G1 X14.934 Y-4.618
G1 X14.910 Y-4.530
G1 X14.883 Y-4.441
G1 X14.851 Y-4.351
G1 X14.817 Y-4.261
G1 X14.779 Y-4.171
G1 X14.738 Y-4.083
G1 X14.695 Y-3.996
G1 X14.649 Y-3.911
G1 X14.602 Y-3.829
G1 X14.552 Y-3.750
G1 X14.501 Y-3.674
G1 X14.449 Y-3.603
G1 X14.395 Y-3.536
G1 X14.340 Y-3.475
G1 X14.281 Y-3.417
G1 X14.177 Y-3.331
G1 X14.167 Y-3.323
G1 X14.059 Y-3.252
G1 X14.047 Y-3.245
G1 X13.937 Y-3.190
G1 X13.924 Y-3.184
G1 X13.812 Y-3.143
G1 X13.798 Y-3.139
G1 X13.685 Y-3.112
G1 X13.671 Y-3.110
G1 X13.557 Y-3.096
G1 X13.543 Y-3.095
G1 X13.428 Y-3.094
G1 X13.416 Y-3.095
G1 X13.304 Y-3.106
G1 X13.291 Y-3.108
G1 X13.179 Y-3.130
G1 X13.168 Y-3.133
G1 X13.058 Y-3.166
G1 X13.048 Y-3.170
G1 X12.932 Y-3.218
G1 X12.820 Y-3.275
G1 X12.713 Y-3.341
G1 X12.610 Y-3.416
G1 X12.513 Y-3.498
G1 X12.422 Y-3.587
G1 X12.338 Y-3.683
G1 X12.261 Y-3.785
G1 X12.192 Y-3.892
G1 X12.131 Y-4.005
G1 X12.079 Y-4.121
G1 X12.036 Y-4.241
G1 X12.004 Y-4.364
G1 X11.983 Y-4.490
G1 X11.974 Y-4.607
G1 X11.974 Y-4.617
G1 X11.977 Y-4.735
G1 X11.977 Y-4.746
G1 X11.992 Y-4.863
G1 X11.994 Y-4.875
G1 X12.061 Y-4.861
G1 X12.088 Y-4.974
G1 X12.090 Y-4.982
G1 X12.130 Y-5.094
G1 X12.133 Y-5.102
G1 X12.187 Y-5.212
G1 X12.191 Y-5.219
G1 X12.259 Y-5.327
G1 X12.264 Y-5.334
G1 X12.346 Y-5.437
G1 X12.352 Y-5.443
G1 X12.403 Y-5.497
G1 X12.463 Y-5.549
G1 X12.530 Y-5.602
G1 X12.605 Y-5.655
G1 X12.685 Y-5.707
G1 X12.771 Y-5.758
G1 X12.862 Y-5.808
G1 X12.957 Y-5.857
G1 X13.056 Y-5.904
G1 X13.158 Y-5.950
G1 X13.262 Y-5.993
G1 X13.368 Y-6.033
G1 X13.475 Y-6.071
G1 X13.582 Y-6.105
G1 X13.689 Y-6.135
G1 X13.793 Y-6.161
G1 X14.040 Y-6.218
G1 X14.255 Y-6.267
G1 X14.352 Y-6.288
G1 X14.442 Y-6.308
G1 X14.525 Y-6.325
G1 X14.602 Y-6.341
G1 X14.673 Y-6.354
G1 X14.738 Y-6.366
G1 X14.798 Y-6.375
G1 X14.852 Y-6.382
G1 X14.903 Y-6.387
G1 X14.949 Y-6.389
G1 X14.991 Y-6.389
G1 X15.023 Y-6.386
G1 X15.031 Y-6.385
G1 X15.058 Y-6.381
G1 X15.069 Y-6.378
G1 X15.092 Y-6.371
G1 X15.105 Y-6.366
G1 X15.124 Y-6.356
G1 X15.139 Y-6.347
G1 X15.154 Y-6.335
G1 X15.167 Y-6.322
G1 X15.179 Y-6.308
G1 X15.188 Y-6.293
G1 X15.197 Y-6.276
G1 X15.202 Y-6.262
G1 X15.207 Y-6.243
G1 X15.210 Y-6.231
G1 X15.212 Y-6.209
G1 X15.212 Y-6.200
G1 X15.212 Y-6.168
G1 X15.208 Y-6.137
G1 X15.203 Y-6.104
G1 X15.196 Y-6.070
G1 X15.187 Y-6.034
G1 X15.177 Y-5.995
G1 X15.154 Y-5.912
G1 X15.128 Y-5.811
G1 X15.097 Y-5.687
G1 X15.064 Y-5.544
G1 X15.028 Y-5.387
G1 X14.991 Y-5.221
G1 X14.955 Y-5.051
G1 X14.920 Y-4.882
G1 X14.887 Y-4.718
G1 X14.868 Y-4.634
G1 X14.845 Y-4.548
G1 X14.818 Y-4.461
G1 X14.788 Y-4.373
G1 X14.753 Y-4.285
G1 X14.716 Y-4.197
G1 X14.676 Y-4.111
G1 X14.634 Y-4.026
G1 X14.590 Y-3.943
G1 X14.543 Y-3.862
G1 X14.495 Y-3.785
G1 X14.446 Y-3.712
G1 X14.395 Y-3.643
G1 X14.343 Y-3.579
G1 X14.291 Y-3.520
G1 X14.237 Y-3.467
G1 X14.135 Y-3.382
G1 X14.128 Y-3.377
G1 X14.024 Y-3.308
G1 X14.015 Y-3.303
G1 X13.909 Y-3.249
G1 X13.900 Y-3.245
G1 X13.792 Y-3.205
G1 X13.782 Y-3.202
G1 X13.672 Y-3.176
G1 X13.662 Y-3.174
G1 X13.552 Y-3.161
G1 X13.543 Y-3.160
G1 X13.433 Y-3.159
G1 X13.423 Y-3.160
G1 X13.314 Y-3.170
G1 X13.305 Y-3.172
G1 X13.197 Y-3.193
G1 X13.188 Y-3.195
G1 X13.082 Y-3.228
G1 X13.075 Y-3.230
G1 X12.964 Y-3.275
G1 X12.857 Y-3.330
G1 X12.754 Y-3.393
G1 X12.655 Y-3.464
G1 X12.562 Y-3.543
G1 X12.474 Y-3.629
G1 X12.393 Y-3.722
G1 X12.319 Y-3.820
G1 X12.252 Y-3.923
G1 X12.193 Y-4.030
G1 X12.143 Y-4.142
G1 X12.102 Y-4.257
G1 X12.071 Y-4.375
G1 X12.051 Y-4.495
G1 X12.042 Y-4.608
G1 X12.042 Y-4.616
G1 X12.044 Y-4.730
G1 X12.045 Y-4.738
G1 X12.059 Y-4.852
G1 X12.061 Y-4.861
; Retract
G1 Z1.5000 F2540

; Path 7
; Rapid to initial position
G1 X12.135 Y-3.856 F2540
G1 Z0.5000
; plunge
G1 Z-2.6750 F127
; cut
G1 X12.140 Y-3.832 F1016
G1 X12.147 Y-3.763
G1 X12.147 Y-3.748
G1 X12.146 Y-3.683
G1 X12.144 Y-3.664
G1 X12.135 Y-3.610
G1 X12.134 Y-3.603
G1 X12.126 Y-3.577
G1 X12.110 Y-3.534
G1 X12.104 Y-3.521
G1 X12.092 Y-3.500
G1 X12.086 Y-3.489
G1 X12.056 Y-3.449
G1 X12.043 Y-3.433
G1 X12.030 Y-3.422
G1 X12.016 Y-3.410
G1 X11.969 Y-3.376
G1 X11.963 Y-3.372
G1 X11.937 Y-3.357
G1 X11.869 Y-3.325
G1 X11.869 Y-3.325
G1 X11.931 Y-3.292
G1 X11.950 Y-3.279
G1 X12.012 Y-3.234
G1 X12.029 Y-3.219
G1 X12.082 Y-3.165
G1 X12.096 Y-3.149
G1 X12.141 Y-3.087
G1 X12.152 Y-3.068
G1 X12.189 Y-2.999
G1 X12.197 Y-2.981
G1 X12.226 Y-2.902
G1 X12.231 Y-2.887
G1 X12.236 Y-2.864
G1 X12.336 Y-3.243
G1 X12.344 Y-3.263
G1 X12.352 Y-3.281
G1 X12.364 Y-3.299
G1 X12.374 Y-3.312
G1 X12.389 Y-3.328
G1 X12.403 Y-3.341
G1 X12.420 Y-3.354
G1 X12.434 Y-3.362
G1 X12.454 Y-3.372
G1 X12.472 Y-3.380
G1 X12.493 Y-3.386
G1 X12.511 Y-3.389
G1 X12.533 Y-3.392
G1 X12.536 Y-3.392
G1 X12.464 Y-3.453
G1 X12.370 Y-3.545
G1 X12.283 Y-3.645
G1 X12.203 Y-3.751
G1 X12.135 Y-3.856
G1 X12.208 Y-3.633
G1 X12.202 Y-3.596
G1 X12.199 Y-3.585
G1 X12.190 Y-3.555
G1 X12.172 Y-3.507
G1 X12.164 Y-3.491
G1 X12.150 Y-3.465
G1 X12.141 Y-3.452
G1 X12.108 Y-3.407
G1 X12.091 Y-3.388
G1 X12.075 Y-3.372
G1 X12.057 Y-3.358
G1 X12.006 Y-3.321
G1 X12.006 Y-3.321
G1 X12.058 Y-3.282
G1 X12.078 Y-3.264
G1 X12.135 Y-3.206
G1 X12.152 Y-3.186
G1 X12.200 Y-3.120
G1 X12.213 Y-3.098
G1 X12.223 Y-3.079
G1 X12.272 Y-3.266
G1 X12.282 Y-3.291
G1 X12.294 Y-3.314
G1 X12.309 Y-3.337
G1 X12.323 Y-3.355
G1 X12.342 Y-3.375
G1 X12.361 Y-3.392
G1 X12.383 Y-3.408
G1 X12.403 Y-3.420
G1 X12.318 Y-3.504
G1 X12.228 Y-3.607
G1 X12.208 Y-3.633
G1 X12.239 Y-3.493
G1 X12.234 Y-3.480
G1 X12.225 Y-3.461
G1 X12.208 Y-3.430
G1 X12.197 Y-3.414
G1 X12.160 Y-3.365
G1 X12.139 Y-3.341
G1 X12.119 Y-3.323
G1 X12.115 Y-3.320
G1 X12.128 Y-3.309
G1 X12.188 Y-3.246
G1 X12.195 Y-3.239
G1 X12.206 Y-3.282
G1 X12.208 Y-3.288
G1 X12.218 Y-3.314
G1 X12.221 Y-3.320
G1 X12.236 Y-3.349
G1 X12.255 Y-3.376
G1 X12.273 Y-3.399
G1 X12.296 Y-3.423
G1 X12.301 Y-3.427
G1 X12.266 Y-3.462
G1 X12.239 Y-3.493
G1 X12.488 Y-3.239
G1 X12.500 Y-3.248
G1 X12.514 Y-3.255
G1 X12.528 Y-3.260
G1 X12.544 Y-3.262
G1 X12.559 Y-3.261
G1 X12.575 Y-3.258
G1 X12.588 Y-3.252
G1 X13.546 Y-2.752
G1 X13.647 Y-2.696
G1 X13.747 Y-2.637
G1 X13.846 Y-2.573
G1 X13.943 Y-2.507
G1 X14.038 Y-2.438
G1 X14.129 Y-2.366
G1 X14.217 Y-2.293
G1 X14.301 Y-2.219
G1 X14.380 Y-2.144
G1 X14.454 Y-2.069
G1 X14.522 Y-1.994
G1 X14.583 Y-1.920
G1 X14.638 Y-1.847
G1 X14.685 Y-1.775
G1 X14.723 Y-1.704
G1 X14.750 Y-1.644
G1 X14.753 Y-1.636
G1 X14.770 Y-1.581
G1 X14.786 Y-1.519
G1 X14.798 Y-1.453
G1 X14.809 Y-1.381
G1 X14.817 Y-1.304
G1 X14.823 Y-1.224
G1 X14.827 Y-1.139
G1 X14.829 Y-1.051
G1 X14.829 Y-0.960
G1 X14.828 Y-0.866
G1 X14.825 Y-0.771
G1 X14.820 Y-0.673
G1 X14.813 Y-0.574
G1 X14.805 Y-0.475
G1 X14.796 Y-0.375
G1 X14.785 Y-0.275
G1 X14.772 Y-0.176
G1 X14.759 Y-0.078
G1 X14.744 Y0.018
G1 X14.727 Y0.112
G1 X14.710 Y0.204
G1 X14.692 Y0.293
G1 X14.672 Y0.379
G1 X14.651 Y0.461
G1 X14.630 Y0.539
G1 X14.607 Y0.612
G1 X14.583 Y0.680
G1 X14.558 Y0.743
G1 X14.531 Y0.801
G1 X14.502 Y0.853
G1 X14.477 Y0.892
G1 X14.471 Y0.899
G1 X14.446 Y0.930
G1 X14.435 Y0.941
G1 X14.417 Y0.952
G1 X14.401 Y0.960
G1 X14.386 Y0.966
G1 X14.371 Y0.968
G1 X14.343 Y0.971
G1 X14.329 Y0.971
G1 X14.291 Y0.969
G1 X14.283 Y0.968
G1 X14.230 Y0.959
G1 X14.169 Y0.946
G1 X14.101 Y0.928
G1 X14.025 Y0.905
G1 X13.942 Y0.879
G1 X13.853 Y0.849
G1 X13.758 Y0.814
G1 X13.657 Y0.777
G1 X13.552 Y0.736
G1 X13.443 Y0.691
G1 X13.330 Y0.644
G1 X13.215 Y0.594
G1 X13.098 Y0.542
G1 X12.956 Y0.480
G1 X12.956 Y0.479
G1 X12.819 Y0.423
G1 X12.688 Y0.373
G1 X12.557 Y0.327
G1 X12.433 Y0.286
G1 X12.308 Y0.250
G1 X12.190 Y0.221
G1 X12.076 Y0.196
G1 X11.963 Y0.177
G1 X11.855 Y0.162
G1 X11.750 Y0.153
G1 X11.650 Y0.149
G1 X11.548 Y0.150
G1 X11.455 Y0.156
G1 X11.362 Y0.166
G1 X11.270 Y0.182
G1 X10.535 Y0.333
G1 X10.520 Y0.335
G1 X10.504 Y0.334
G1 X10.489 Y0.330
G1 X10.475 Y0.324
G1 X10.462 Y0.315
G1 X10.451 Y0.304
G1 X10.443 Y0.292
G1 X10.437 Y0.278
G1 X10.433 Y0.263
G1 X10.433 Y0.248
G1 X10.435 Y0.234
G1 X10.440 Y0.219
G1 X10.448 Y0.206
G1 X10.456 Y0.197
G1 X11.219 Y-0.567
G1 X11.298 Y-0.650
G1 X11.376 Y-0.737
G1 X11.451 Y-0.830
G1 X11.528 Y-0.930
G1 X11.606 Y-1.037
G1 X11.679 Y-1.145
G1 X11.752 Y-1.258
G1 X11.821 Y-1.371
G1 X11.888 Y-1.488
G1 X11.949 Y-1.602
G1 X11.949 Y-1.602
G1 X12.007 Y-1.716
G1 X12.061 Y-1.832
G1 X12.109 Y-1.943
G1 X12.150 Y-2.047
G1 X12.186 Y-2.151
G1 X12.214 Y-2.248
G1 X12.464 Y-3.200
G1 X12.470 Y-3.215
G1 X12.478 Y-3.228
G1 X12.488 Y-3.239
G1 X12.031 Y-3.009
G1 X12.065 Y-2.947
G1 X12.069 Y-2.937
G1 X12.095 Y-2.867
G1 X12.098 Y-2.858
G1 X12.117 Y-2.779
G1 X12.119 Y-2.771
G1 X12.131 Y-2.676
G1 X12.135 Y-2.580
G1 X12.135 Y-2.573
G1 X12.131 Y-2.504
G1 X12.120 Y-2.432
G1 X12.103 Y-2.356
G1 X12.080 Y-2.277
G1 X12.051 Y-2.195
G1 X12.016 Y-2.109
G1 X11.977 Y-2.021
G1 X11.933 Y-1.930
G1 X11.884 Y-1.838
G1 X11.831 Y-1.743
G1 X11.774 Y-1.647
G1 X11.713 Y-1.550
G1 X11.649 Y-1.452
G1 X11.582 Y-1.353
G1 X11.512 Y-1.254
G1 X11.439 Y-1.156
G1 X11.364 Y-1.058
G1 X11.286 Y-0.961
G1 X11.207 Y-0.865
G1 X11.126 Y-0.771
G1 X11.044 Y-0.679
G1 X10.961 Y-0.589
G1 X10.877 Y-0.502
G1 X10.793 Y-0.418
G1 X10.708 Y-0.338
G1 X10.623 Y-0.261
G1 X10.538 Y-0.188
G1 X10.454 Y-0.120
G1 X10.371 Y-0.057
G1 X10.288 Y0.002
G1 X10.206 Y0.055
G1 X10.124 Y0.102
G1 X9.996 Y0.164
G1 X9.986 Y0.168
G1 X9.868 Y0.208
G1 X9.853 Y0.212
G1 X9.742 Y0.228
G1 X9.723 Y0.229
G1 X9.616 Y0.221
G1 X9.597 Y0.218
G1 X9.490 Y0.186
G1 X9.474 Y0.180
G1 X9.364 Y0.123
G1 X9.354 Y0.117
G1 X9.238 Y0.034
G1 X9.231 Y0.029
G1 X9.103 Y-0.082
G1 X9.047 Y-0.134
G1 X8.995 Y-0.184
G1 X8.946 Y-0.232
G1 X8.901 Y-0.279
G1 X8.859 Y-0.324
G1 X8.820 Y-0.369
G1 X8.786 Y-0.413
G1 X8.755 Y-0.457
G1 X8.728 Y-0.502
G1 X8.705 Y-0.547
G1 X8.689 Y-0.586
G1 X8.687 Y-0.593
G1 X8.675 Y-0.632
G1 X8.673 Y-0.640
G1 X8.666 Y-0.679
G1 X8.664 Y-0.687
G1 X8.661 Y-0.727
G1 X8.661 Y-0.736
G1 X8.662 Y-0.776
G1 X8.663 Y-0.784
G1 X8.668 Y-0.826
G1 X8.669 Y-0.834
G1 X8.681 Y-0.883
G1 X8.697 Y-0.934
G1 X8.718 Y-0.985
G1 X8.743 Y-1.038
G1 X8.773 Y-1.093
G1 X8.807 Y-1.149
G1 X8.845 Y-1.208
G1 X8.888 Y-1.271
G1 X8.936 Y-1.336
G1 X8.988 Y-1.404
G1 X9.045 Y-1.476
G1 X9.107 Y-1.553
G1 X9.173 Y-1.633
G1 X9.244 Y-1.718
G1 X9.321 Y-1.808
G1 X9.403 Y-1.904
G1 X9.518 Y-2.035
G1 X9.634 Y-2.159
G1 X9.750 Y-2.277
G1 X9.866 Y-2.389
G1 X9.983 Y-2.495
G1 X10.099 Y-2.594
G1 X10.214 Y-2.687
G1 X10.329 Y-2.773
G1 X10.443 Y-2.853
G1 X10.556 Y-2.926
G1 X10.666 Y-2.992
G1 X10.776 Y-3.052
G1 X10.883 Y-3.105
G1 X10.987 Y-3.150
G1 X11.090 Y-3.189
G1 X11.190 Y-3.220
G1 X11.287 Y-3.243
G1 X11.381 Y-3.260
G1 X11.464 Y-3.267
G1 X11.472 Y-3.268
G1 X11.551 Y-3.268
G1 X11.560 Y-3.267
G1 X11.634 Y-3.260
G1 X11.644 Y-3.259
G1 X11.713 Y-3.244
G1 X11.724 Y-3.241
G1 X11.787 Y-3.218
G1 X11.799 Y-3.213
G1 X11.857 Y-3.183
G1 X11.868 Y-3.176
G1 X11.921 Y-3.138
G1 X11.930 Y-3.129
G1 X11.977 Y-3.083
G1 X11.985 Y-3.073
G1 X12.025 Y-3.019
G1 X12.031 Y-3.009
; Retract
G1 Z1.5000 F2540

; Path 8
; Rapid to initial position
G1 X13.266 Y-3.047 F2540
G1 Z0.5000
; plunge
G1 Z-2.6750 F127
; cut
G1 X13.613 Y-2.865 F1016
G1 X13.719 Y-2.807
G1 X13.823 Y-2.745
G1 X13.823 Y-2.745
G1 X13.815 Y-2.763
G1 X13.811 Y-2.774
G1 X13.809 Y-2.781
G1 X13.805 Y-2.801
G1 X13.802 Y-2.818
G1 X13.802 Y-2.839
G1 X13.803 Y-2.858
G1 X13.806 Y-2.879
G1 X13.811 Y-2.896
G1 X13.816 Y-2.910
G1 X13.819 Y-2.917
G1 X13.825 Y-2.930
G1 X13.829 Y-2.936
G1 X13.843 Y-2.958
G1 X13.850 Y-2.968
G1 X14.003 Y-3.150
G1 X13.965 Y-3.130
G1 X13.949 Y-3.124
G1 X13.832 Y-3.081
G1 X13.815 Y-3.076
G1 X13.697 Y-3.048
G1 X13.680 Y-3.045
G1 X13.562 Y-3.031
G1 X13.544 Y-3.030
G1 X13.424 Y-3.029
G1 X13.409 Y-3.030
G1 X13.293 Y-3.042
G1 X13.277 Y-3.044
G1 X13.266 Y-3.047
G1 X13.562 Y-2.966
G1 X13.647 Y-2.921
G1 X13.737 Y-2.872
G1 X13.741 Y-2.895
G1 X13.747 Y-2.917
G1 X13.753 Y-2.934
G1 X13.757 Y-2.944
G1 X13.765 Y-2.961
G1 X13.771 Y-2.970
G1 X13.788 Y-2.996
G1 X13.794 Y-3.004
G1 X13.710 Y-2.984
G1 X13.688 Y-2.980
G1 X13.565 Y-2.966
G1 X13.562 Y-2.966
G1 X14.590 Y-2.117
G1 X14.628 Y-2.075
G1 X14.694 Y-1.996
G1 X14.753 Y-1.916
G1 X14.805 Y-1.836
G1 X14.849 Y-1.755
G1 X14.878 Y-1.687
G1 X14.883 Y-1.674
G1 X14.903 Y-1.611
G1 X14.920 Y-1.542
G1 X14.933 Y-1.471
G1 X14.944 Y-1.394
G1 X14.952 Y-1.314
G1 X14.959 Y-1.229
G1 X14.963 Y-1.143
G1 X14.965 Y-1.051
G1 X14.965 Y-0.958
G1 X14.964 Y-0.862
G1 X14.960 Y-0.764
G1 X14.955 Y-0.665
G1 X14.949 Y-0.564
G1 X14.941 Y-0.463
G1 X14.931 Y-0.361
G1 X14.920 Y-0.260
G1 X14.907 Y-0.159
G1 X14.893 Y-0.059
G1 X14.878 Y0.039
G1 X14.861 Y0.135
G1 X14.843 Y0.230
G1 X14.824 Y0.321
G1 X14.815 Y0.361
G1 X14.844 Y0.335
G1 X14.913 Y0.280
G1 X14.986 Y0.231
G1 X15.063 Y0.187
G1 X15.143 Y0.149
G1 X15.226 Y0.117
G1 X15.311 Y0.090
G1 X15.398 Y0.068
G1 X15.489 Y0.051
G1 X15.581 Y0.040
G1 X15.674 Y0.034
G1 X15.770 Y0.033
G1 X15.867 Y0.037
G1 X15.940 Y0.043
G1 X15.869 Y0.020
G1 X15.787 Y-0.005
G1 X15.722 Y-0.021
G1 X15.675 Y-0.030
G1 X15.634 Y-0.033
G1 X15.557 Y-0.035
G1 X15.472 Y-0.041
G1 X15.405 Y-0.050
G1 X15.391 Y-0.053
G1 X15.328 Y-0.068
G1 X15.310 Y-0.074
G1 X15.254 Y-0.095
G1 X15.232 Y-0.106
G1 X15.186 Y-0.131
G1 X15.180 Y-0.135
G1 X15.158 Y-0.151
G1 X15.120 Y-0.183
G1 X15.114 Y-0.188
G1 X15.095 Y-0.208
G1 X15.060 Y-0.252
G1 X15.045 Y-0.275
G1 X15.019 Y-0.324
G1 X15.010 Y-0.345
G1 X14.990 Y-0.402
G1 X14.986 Y-0.419
G1 X14.974 Y-0.478
G1 X14.972 Y-0.494
G1 X14.964 Y-0.571
G1 X14.962 Y-0.653
G1 X14.965 Y-0.740
G1 X14.972 Y-0.834
G1 X14.983 Y-0.942
G1 X15.001 Y-1.055
G1 X15.026 Y-1.165
G1 X15.059 Y-1.271
G1 X15.100 Y-1.372
G1 X15.147 Y-1.471
G1 X15.202 Y-1.564
G1 X15.262 Y-1.653
G1 X15.328 Y-1.737
G1 X15.400 Y-1.816
G1 X15.476 Y-1.890
G1 X15.503 Y-1.912
G1 X15.483 Y-1.909
G1 X15.402 Y-1.901
G1 X15.322 Y-1.899
G1 X15.242 Y-1.901
G1 X15.163 Y-1.908
G1 X15.084 Y-1.920
G1 X15.006 Y-1.936
G1 X14.928 Y-1.958
G1 X14.853 Y-1.984
G1 X14.778 Y-2.015
G1 X14.704 Y-2.051
G1 X14.632 Y-2.091
G1 X14.590 Y-2.117
G1 X14.828 Y-1.924
G1 X14.866 Y-1.865
G1 X14.912 Y-1.780
G1 X14.943 Y-1.708
G1 X14.948 Y-1.693
G1 X14.969 Y-1.625
G1 X14.987 Y-1.554
G1 X15.000 Y-1.480
G1 X15.012 Y-1.400
G1 X15.017 Y-1.347
G1 X15.038 Y-1.400
G1 X15.088 Y-1.502
G1 X15.144 Y-1.599
G1 X15.208 Y-1.692
G1 X15.277 Y-1.779
G1 X15.326 Y-1.834
G1 X15.321 Y-1.834
G1 X15.236 Y-1.836
G1 X15.152 Y-1.843
G1 X15.069 Y-1.856
G1 X14.987 Y-1.874
G1 X14.905 Y-1.897
G1 X14.828 Y-1.924
G1 X14.971 Y-1.810
G1 X14.975 Y-1.805
G1 X15.007 Y-1.729
G1 X15.013 Y-1.712
G1 X15.035 Y-1.640
G1 X15.052 Y-1.573
G1 X15.088 Y-1.635
G1 X15.153 Y-1.731
G1 X15.188 Y-1.775
G1 X15.141 Y-1.779
G1 X15.054 Y-1.792
G1 X14.971 Y-1.810
G1 X15.316 Y-1.614
G1 X15.380 Y-1.694
G1 X15.448 Y-1.770
G1 X15.522 Y-1.841
G1 X15.600 Y-1.908
G1 X15.683 Y-1.970
G1 X15.769 Y-2.026
G1 X15.860 Y-2.077
G1 X15.953 Y-2.123
G1 X16.050 Y-2.164
G1 X16.150 Y-2.199
G1 X16.252 Y-2.229
G1 X16.357 Y-2.253
G1 X16.463 Y-2.271
G1 X16.571 Y-2.284
G1 X16.680 Y-2.291
G1 X16.791 Y-2.292
G1 X16.903 Y-2.286
G1 X17.015 Y-2.275
G1 X17.127 Y-2.257
G1 X17.240 Y-2.232
G1 X17.351 Y-2.201
G1 X17.463 Y-2.164
G1 X17.573 Y-2.119
G1 X17.682 Y-2.068
G1 X17.788 Y-2.011
G1 X17.822 Y-1.991
G1 X17.857 Y-1.968
G1 X17.895 Y-1.942
G1 X17.936 Y-1.912
G1 X17.981 Y-1.879
G1 X18.027 Y-1.843
G1 X18.077 Y-1.805
G1 X18.129 Y-1.763
G1 X18.184 Y-1.718
G1 X18.242 Y-1.671
G1 X18.301 Y-1.621
G1 X18.364 Y-1.568
G1 X18.494 Y-1.457
G1 X18.562 Y-1.397
G1 X18.633 Y-1.335
G1 X18.704 Y-1.272
G1 X18.852 Y-1.140
G1 X18.928 Y-1.071
G1 X19.083 Y-0.929
G1 X19.241 Y-0.783
G1 X19.321 Y-0.708
G1 X19.402 Y-0.632
G1 X19.482 Y-0.555
G1 X19.563 Y-0.477
G1 X19.645 Y-0.399
G1 X19.726 Y-0.321
G1 X19.807 Y-0.242
G1 X19.887 Y-0.163
G1 X21.445 Y1.371
G1 X21.455 Y1.382
G1 X21.462 Y1.393
G1 X21.469 Y1.406
G1 X21.474 Y1.417
G1 X21.479 Y1.431
G1 X21.482 Y1.442
G1 X21.484 Y1.457
G1 X21.484 Y1.469
G1 X21.483 Y1.484
G1 X21.481 Y1.496
G1 X21.478 Y1.511
G1 X21.473 Y1.522
G1 X21.467 Y1.536
G1 X21.460 Y1.548
G1 X21.447 Y1.564
G1 X21.441 Y1.571
G1 X19.888 Y3.100
G1 X19.717 Y3.268
G1 X19.633 Y3.350
G1 X19.472 Y3.505
G1 X19.393 Y3.581
G1 X19.316 Y3.654
G1 X19.240 Y3.725
G1 X19.166 Y3.794
G1 X19.093 Y3.862
G1 X18.952 Y3.991
G1 X18.816 Y4.112
G1 X18.750 Y4.170
G1 X18.685 Y4.227
G1 X18.622 Y4.281
G1 X18.559 Y4.334
G1 X18.498 Y4.385
G1 X18.438 Y4.435
G1 X18.378 Y4.482
G1 X18.320 Y4.528
G1 X18.263 Y4.573
G1 X18.206 Y4.616
G1 X18.151 Y4.657
G1 X18.096 Y4.696
G1 X18.042 Y4.735
G1 X17.989 Y4.771
G1 X17.937 Y4.806
G1 X17.886 Y4.839
G1 X17.835 Y4.871
G1 X17.785 Y4.902
G1 X17.735 Y4.931
G1 X17.686 Y4.958
G1 X17.637 Y4.985
G1 X17.590 Y5.009
G1 X17.542 Y5.032
G1 X17.495 Y5.054
G1 X17.448 Y5.075
G1 X17.402 Y5.093
G1 X17.355 Y5.111
G1 X17.310 Y5.127
G1 X17.264 Y5.142
G1 X17.219 Y5.156
G1 X17.174 Y5.168
G1 X17.129 Y5.178
G1 X17.085 Y5.188
G1 X17.040 Y5.196
G1 X16.996 Y5.203
G1 X16.952 Y5.208
G1 X16.909 Y5.212
G1 X16.865 Y5.215
G1 X16.821 Y5.217
G1 X16.778 Y5.217
G1 X16.735 Y5.216
G1 X16.692 Y5.214
G1 X16.648 Y5.211
G1 X16.606 Y5.207
G1 X16.563 Y5.201
G1 X16.520 Y5.195
G1 X16.478 Y5.187
G1 X16.435 Y5.178
G1 X16.392 Y5.169
G1 X16.348 Y5.158
G1 X16.183 Y5.112
G1 X16.030 Y5.063
G1 X15.887 Y5.009
G1 X15.755 Y4.951
G1 X15.633 Y4.887
G1 X15.522 Y4.817
G1 X15.428 Y4.748
G1 X15.421 Y4.742
G1 X15.339 Y4.668
G1 X15.330 Y4.659
G1 X15.258 Y4.581
G1 X15.250 Y4.571
G1 X15.189 Y4.486
G1 X15.182 Y4.476
G1 X15.132 Y4.386
G1 X15.126 Y4.375
G1 X15.084 Y4.279
G1 X15.080 Y4.268
G1 X15.049 Y4.166
G1 X15.046 Y4.156
G1 X15.023 Y4.039
G1 X15.009 Y3.917
G1 X15.005 Y3.791
G1 X15.007 Y3.705
G1 X15.015 Y3.622
G1 X15.027 Y3.553
G1 X15.029 Y3.544
G1 X15.047 Y3.481
G1 X15.051 Y3.468
G1 X15.074 Y3.411
G1 X15.081 Y3.397
G1 X15.112 Y3.343
G1 X15.120 Y3.331
G1 X15.157 Y3.282
G1 X15.168 Y3.271
G1 X15.212 Y3.227
G1 X15.224 Y3.217
G1 X15.275 Y3.178
G1 X15.286 Y3.170
G1 X15.345 Y3.136
G1 X15.356 Y3.130
G1 X15.431 Y3.095
G1 X15.513 Y3.064
G1 X15.602 Y3.037
G1 X15.699 Y3.013
G1 X15.804 Y2.991
G1 X15.914 Y2.971
G1 X15.980 Y2.958
G1 X16.050 Y2.940
G1 X16.138 Y2.913
G1 X16.229 Y2.883
G1 X16.327 Y2.847
G1 X16.434 Y2.806
G1 X16.434 Y2.806
G1 X16.543 Y2.762
G1 X16.657 Y2.713
G1 X16.657 Y2.713
G1 X16.777 Y2.659
G1 X16.778 Y2.659
G1 X16.897 Y2.605
G1 X17.021 Y2.546
G1 X17.147 Y2.485
G1 X17.273 Y2.421
G1 X17.400 Y2.356
G1 X17.400 Y2.356
G1 X17.525 Y2.291
G1 X17.525 Y2.291
G1 X17.649 Y2.224
G1 X17.649 Y2.224
G1 X17.771 Y2.157
G1 X17.892 Y2.089
G1 X18.006 Y2.022
G1 X18.118 Y1.956
G1 X18.225 Y1.890
G1 X18.325 Y1.827
G1 X18.419 Y1.766
G1 X18.419 Y1.766
G1 X18.507 Y1.706
G1 X18.585 Y1.651
G1 X18.653 Y1.599
G1 X18.714 Y1.550
G1 X18.763 Y1.507
G1 X18.797 Y1.473
G1 X18.801 Y1.468
G1 X18.798 Y1.465
G1 X18.759 Y1.430
G1 X18.699 Y1.382
G1 X18.626 Y1.330
G1 X18.543 Y1.273
G1 X18.447 Y1.211
G1 X18.346 Y1.148
G1 X18.232 Y1.080
G1 X18.232 Y1.080
G1 X18.113 Y1.010
G1 X18.113 Y1.010
G1 X17.987 Y0.939
G1 X17.854 Y0.865
G1 X17.854 Y0.865
G1 X17.720 Y0.793
G1 X17.719 Y0.792
G1 X17.579 Y0.718
G1 X17.437 Y0.644
G1 X17.293 Y0.571
G1 X17.149 Y0.499
G1 X17.005 Y0.429
G1 X16.862 Y0.361
G1 X16.722 Y0.296
G1 X16.584 Y0.233
G1 X16.453 Y0.176
G1 X16.325 Y0.122
G1 X16.205 Y0.073
G1 X16.092 Y0.029
G1 X15.986 Y-0.010
G1 X15.891 Y-0.042
G1 X15.807 Y-0.067
G1 X15.738 Y-0.085
G1 X15.684 Y-0.094
G1 X15.639 Y-0.098
G1 X15.562 Y-0.099
G1 X15.482 Y-0.105
G1 X15.419 Y-0.114
G1 X15.407 Y-0.116
G1 X15.349 Y-0.130
G1 X15.335 Y-0.135
G1 X15.284 Y-0.154
G1 X15.266 Y-0.162
G1 X15.220 Y-0.188
G1 X15.203 Y-0.200
G1 X15.164 Y-0.232
G1 X15.149 Y-0.248
G1 X15.118 Y-0.287
G1 X15.106 Y-0.305
G1 X15.082 Y-0.350
G1 X15.074 Y-0.366
G1 X15.056 Y-0.418
G1 X15.053 Y-0.431
G1 X15.041 Y-0.488
G1 X15.039 Y-0.500
G1 X15.032 Y-0.572
G1 X15.030 Y-0.651
G1 X15.033 Y-0.736
G1 X15.040 Y-0.828
G1 X15.050 Y-0.932
G1 X15.067 Y-1.041
G1 X15.091 Y-1.146
G1 X15.123 Y-1.248
G1 X15.162 Y-1.345
G1 X15.207 Y-1.439
G1 X15.259 Y-1.528
G1 X15.316 Y-1.614
G1 X15.371 Y-1.575
G1 X15.431 Y-1.652
G1 X15.497 Y-1.725
G1 X15.567 Y-1.793
G1 X15.642 Y-1.857
G1 X15.721 Y-1.916
G1 X15.804 Y-1.970
G1 X15.891 Y-2.019
G1 X15.981 Y-2.063
G1 X16.074 Y-2.103
G1 X16.170 Y-2.137
G1 X16.268 Y-2.165
G1 X16.369 Y-2.189
G1 X16.471 Y-2.207
G1 X16.576 Y-2.219
G1 X16.681 Y-2.226
G1 X16.788 Y-2.227
G1 X16.896 Y-2.222
G1 X17.004 Y-2.210
G1 X17.112 Y-2.193
G1 X17.221 Y-2.170
G1 X17.329 Y-2.140
G1 X17.437 Y-2.104
G1 X17.543 Y-2.061
G1 X17.649 Y-2.012
G1 X17.752 Y-1.956
G1 X17.783 Y-1.937
G1 X17.817 Y-1.915
G1 X17.854 Y-1.889
G1 X17.895 Y-1.861
G1 X17.938 Y-1.828
G1 X17.984 Y-1.793
G1 X18.033 Y-1.755
G1 X18.085 Y-1.713
G1 X18.140 Y-1.669
G1 X18.197 Y-1.622
G1 X18.257 Y-1.572
G1 X18.319 Y-1.520
G1 X18.448 Y-1.408
G1 X18.517 Y-1.349
G1 X18.586 Y-1.288
G1 X18.658 Y-1.224
G1 X18.805 Y-1.093
G1 X18.881 Y-1.024
G1 X19.035 Y-0.883
G1 X19.193 Y-0.736
G1 X19.273 Y-0.661
G1 X19.354 Y-0.585
G1 X19.434 Y-0.509
G1 X19.515 Y-0.431
G1 X19.596 Y-0.353
G1 X19.677 Y-0.275
G1 X19.758 Y-0.196
G1 X19.839 Y-0.117
G1 X21.392 Y1.412
G1 X21.402 Y1.424
G1 X21.409 Y1.437
G1 X21.414 Y1.451
G1 X21.416 Y1.466
G1 X21.415 Y1.481
G1 X21.412 Y1.495
G1 X21.405 Y1.509
G1 X21.392 Y1.525
G1 X19.839 Y3.055
G1 X19.668 Y3.223
G1 X19.585 Y3.304
G1 X19.423 Y3.459
G1 X19.345 Y3.534
G1 X19.268 Y3.607
G1 X19.193 Y3.678
G1 X19.119 Y3.747
G1 X19.046 Y3.814
G1 X18.906 Y3.943
G1 X18.770 Y4.064
G1 X18.705 Y4.122
G1 X18.640 Y4.178
G1 X18.577 Y4.232
G1 X18.515 Y4.285
G1 X18.454 Y4.335
G1 X18.394 Y4.385
G1 X18.335 Y4.432
G1 X18.277 Y4.478
G1 X18.220 Y4.522
G1 X18.165 Y4.564
G1 X18.110 Y4.605
G1 X18.056 Y4.644
G1 X18.003 Y4.682
G1 X17.950 Y4.718
G1 X17.899 Y4.752
G1 X17.848 Y4.785
G1 X17.798 Y4.816
G1 X17.749 Y4.846
G1 X17.700 Y4.875
G1 X17.653 Y4.901
G1 X17.605 Y4.927
G1 X17.559 Y4.951
G1 X17.512 Y4.974
G1 X17.466 Y4.995
G1 X17.421 Y5.015
G1 X17.376 Y5.033
G1 X17.332 Y5.050
G1 X17.288 Y5.066
G1 X17.244 Y5.080
G1 X17.201 Y5.093
G1 X17.157 Y5.105
G1 X17.115 Y5.115
G1 X17.072 Y5.124
G1 X17.030 Y5.132
G1 X16.988 Y5.138
G1 X16.945 Y5.144
G1 X16.904 Y5.147
G1 X16.862 Y5.150
G1 X16.821 Y5.152
G1 X16.779 Y5.152
G1 X16.738 Y5.151
G1 X16.697 Y5.149
G1 X16.656 Y5.146
G1 X16.615 Y5.142
G1 X16.574 Y5.137
G1 X16.532 Y5.131
G1 X16.491 Y5.123
G1 X16.450 Y5.115
G1 X16.409 Y5.106
G1 X16.367 Y5.095
G1 X16.205 Y5.051
G1 X16.055 Y5.002
G1 X15.916 Y4.950
G1 X15.788 Y4.893
G1 X15.670 Y4.832
G1 X15.563 Y4.766
G1 X15.473 Y4.699
G1 X15.467 Y4.694
G1 X15.387 Y4.623
G1 X15.381 Y4.617
G1 X15.312 Y4.540
G1 X15.306 Y4.533
G1 X15.247 Y4.452
G1 X15.242 Y4.444
G1 X15.193 Y4.358
G1 X15.189 Y4.350
G1 X15.149 Y4.257
G1 X15.146 Y4.249
G1 X15.115 Y4.151
G1 X15.113 Y4.144
G1 X15.090 Y4.032
G1 X15.077 Y3.915
G1 X15.073 Y3.793
G1 X15.075 Y3.711
G1 X15.082 Y3.633
G1 X15.094 Y3.568
G1 X15.095 Y3.560
G1 X15.112 Y3.501
G1 X15.114 Y3.492
G1 X15.136 Y3.437
G1 X15.141 Y3.428
G1 X15.169 Y3.378
G1 X15.175 Y3.369
G1 X15.209 Y3.324
G1 X15.217 Y3.316
G1 X15.258 Y3.275
G1 X15.266 Y3.268
G1 X15.314 Y3.231
G1 X15.322 Y3.226
G1 X15.378 Y3.192
G1 X15.386 Y3.188
G1 X15.456 Y3.155
G1 X15.534 Y3.126
G1 X15.619 Y3.100
G1 X15.713 Y3.076
G1 X15.816 Y3.055
G1 X15.926 Y3.035
G1 X15.996 Y3.021
G1 X16.070 Y3.002
G1 X16.158 Y2.976
G1 X16.253 Y2.944
G1 X16.351 Y2.908
G1 X16.459 Y2.867
G1 X16.459 Y2.867
G1 X16.569 Y2.822
G1 X16.685 Y2.772
G1 X16.806 Y2.719
G1 X16.806 Y2.719
G1 X16.927 Y2.663
G1 X17.052 Y2.604
G1 X17.178 Y2.542
G1 X17.305 Y2.479
G1 X17.433 Y2.414
G1 X17.558 Y2.348
G1 X17.683 Y2.280
G1 X17.806 Y2.213
G1 X17.926 Y2.145
G1 X18.042 Y2.078
G1 X18.154 Y2.011
G1 X18.262 Y1.945
G1 X18.364 Y1.881
G1 X18.458 Y1.819
G1 X18.547 Y1.759
G1 X18.625 Y1.703
G1 X18.697 Y1.649
G1 X18.759 Y1.598
G1 X18.810 Y1.553
G1 X18.849 Y1.515
G1 X18.875 Y1.483
G1 X18.886 Y1.465
G1 X18.878 Y1.452
G1 X18.847 Y1.420
G1 X18.803 Y1.381
G1 X18.741 Y1.332
G1 X18.666 Y1.277
G1 X18.582 Y1.220
G1 X18.486 Y1.157
G1 X18.382 Y1.093
G1 X18.268 Y1.024
G1 X18.148 Y0.954
G1 X18.021 Y0.882
G1 X17.888 Y0.809
G1 X17.752 Y0.735
G1 X17.752 Y0.735
G1 X17.611 Y0.661
G1 X17.469 Y0.587
G1 X17.324 Y0.513
G1 X17.180 Y0.441
G1 X17.035 Y0.371
G1 X16.892 Y0.302
G1 X16.751 Y0.237
G1 X16.613 Y0.174
G1 X16.481 Y0.116
G1 X16.352 Y0.062
G1 X16.231 Y0.012
G1 X16.117 Y-0.032
G1 X16.008 Y-0.072
G1 X15.912 Y-0.104
G1 X15.826 Y-0.130
G1 X15.753 Y-0.148
G1 X15.693 Y-0.159
G1 X15.643 Y-0.163
G1 X15.567 Y-0.164
G1 X15.492 Y-0.170
G1 X15.431 Y-0.178
G1 X15.423 Y-0.180
G1 X15.370 Y-0.192
G1 X15.359 Y-0.195
G1 X15.313 Y-0.213
G1 X15.300 Y-0.218
G1 X15.260 Y-0.241
G1 X15.247 Y-0.249
G1 X15.214 Y-0.277
G1 X15.202 Y-0.289
G1 X15.175 Y-0.322
G1 X15.166 Y-0.335
G1 X15.144 Y-0.375
G1 X15.139 Y-0.387
G1 X15.122 Y-0.434
G1 X15.120 Y-0.444
G1 X15.108 Y-0.498
G1 X15.107 Y-0.506
G1 X15.100 Y-0.574
G1 X15.098 Y-0.649
G1 X15.101 Y-0.731
G1 X15.107 Y-0.821
G1 X15.118 Y-0.923
G1 X15.133 Y-1.027
G1 X15.157 Y-1.128
G1 X15.187 Y-1.225
G1 X15.223 Y-1.318
G1 X15.266 Y-1.408
G1 X15.316 Y-1.493
G1 X15.371 Y-1.575
; Retract
G1 Z1.5000 F2540

; Path 9
; Rapid to initial position
G1 X16.389 Y-2.325 F2540
G1 Z0.5000
; plunge
G1 Z-2.6750 F127
; cut
G1 X16.455 Y-2.336 F1016
G1 X16.567 Y-2.349
G1 X16.680 Y-2.356
G1 X16.795 Y-2.357
G1 X16.910 Y-2.351
G1 X16.987 Y-2.343
G1 X16.986 Y-2.344
G1 X16.957 Y-2.372
G1 X16.949 Y-2.381
G1 X16.935 Y-2.399
G1 X16.927 Y-2.409
G1 X16.905 Y-2.445
G1 X16.900 Y-2.454
G1 X16.888 Y-2.480
G1 X16.870 Y-2.530
G1 X16.864 Y-2.553
G1 X16.854 Y-2.608
G1 X16.852 Y-2.626
G1 X16.849 Y-2.685
G1 X16.850 Y-2.697
G1 X16.852 Y-2.722
G1 X16.854 Y-2.736
G1 X16.864 Y-2.777
G1 X16.804 Y-2.711
G1 X16.728 Y-2.632
G1 X16.653 Y-2.556
G1 X16.577 Y-2.485
G1 X16.501 Y-2.417
G1 X16.425 Y-2.353
G1 X16.389 Y-2.325
G1 X16.600 Y-2.416
G1 X16.679 Y-2.421
G1 X16.798 Y-2.422
G1 X16.842 Y-2.420
G1 X16.838 Y-2.428
G1 X16.824 Y-2.459
G1 X16.804 Y-2.514
G1 X16.797 Y-2.541
G1 X16.787 Y-2.597
G1 X16.777 Y-2.586
G1 X16.701 Y-2.510
G1 X16.624 Y-2.437
G1 X16.600 Y-2.416
G1 X16.936 Y-2.546
G1 X16.931 Y-2.564
G1 X16.922 Y-2.615
G1 X16.920 Y-2.630
G1 X16.917 Y-2.683
G1 X16.917 Y-2.692
G1 X16.919 Y-2.713
G1 X16.920 Y-2.721
G1 X16.933 Y-2.777
G1 X16.938 Y-2.791
G1 X16.942 Y-2.802
G1 X16.953 Y-2.821
G1 X16.985 Y-2.867
G1 X16.991 Y-2.874
G1 X17.006 Y-2.890
G1 X17.012 Y-2.896
G1 X17.067 Y-2.942
G1 X17.087 Y-2.954
G1 X17.157 Y-2.992
G1 X17.173 Y-2.999
G1 X17.256 Y-3.030
G1 X17.271 Y-3.034
G1 X17.365 Y-3.057
G1 X17.378 Y-3.059
G1 X17.482 Y-3.073
G1 X17.494 Y-3.074
G1 X17.612 Y-3.078
G1 X17.765 Y-3.075
G1 X17.878 Y-3.065
G1 X17.893 Y-3.063
G1 X17.971 Y-3.046
G1 X17.986 Y-3.042
G1 X17.996 Y-3.038
G1 X18.014 Y-3.029
G1 X18.056 Y-3.003
G1 X18.069 Y-2.994
G1 X18.078 Y-2.985
G1 X18.088 Y-2.974
G1 X18.096 Y-2.965
G1 X18.104 Y-2.952
G1 X18.110 Y-2.941
G1 X18.115 Y-2.927
G1 X18.118 Y-2.916
G1 X18.122 Y-2.896
G1 X18.125 Y-2.858
G1 X18.125 Y-2.844
G1 X18.124 Y-2.832
G1 X18.121 Y-2.817
G1 X18.118 Y-2.805
G1 X18.112 Y-2.791
G1 X18.107 Y-2.782
G1 X18.099 Y-2.768
G1 X18.069 Y-2.726
G1 X18.063 Y-2.720
G1 X18.050 Y-2.705
G1 X18.044 Y-2.700
G1 X17.980 Y-2.645
G1 X17.971 Y-2.638
G1 X17.872 Y-2.569
G1 X17.783 Y-2.512
G1 X17.698 Y-2.462
G1 X17.616 Y-2.419
G1 X17.538 Y-2.383
G1 X17.462 Y-2.354
G1 X17.399 Y-2.335
G1 X17.388 Y-2.332
G1 X17.330 Y-2.320
G1 X17.315 Y-2.318
G1 X17.261 Y-2.315
G1 X17.241 Y-2.315
G1 X17.199 Y-2.319
G1 X17.192 Y-2.320
G1 X17.168 Y-2.324
G1 X17.131 Y-2.335
G1 X17.123 Y-2.338
G1 X17.104 Y-2.346
G1 X17.097 Y-2.349
G1 X17.065 Y-2.367
G1 X17.058 Y-2.372
G1 X17.041 Y-2.384
G1 X17.035 Y-2.390
G1 X17.008 Y-2.415
G1 X17.003 Y-2.421
G1 X16.991 Y-2.436
G1 X16.986 Y-2.443
G1 X16.965 Y-2.475
G1 X16.962 Y-2.481
G1 X16.952 Y-2.502
G1 X16.936 Y-2.546
G1 X17.002 Y-2.563
G1 X16.998 Y-2.576
G1 X16.989 Y-2.622
G1 X16.988 Y-2.633
G1 X16.985 Y-2.687
G1 X16.987 Y-2.708
G1 X16.998 Y-2.757
G1 X17.003 Y-2.771
G1 X17.010 Y-2.785
G1 X17.042 Y-2.831
G1 X17.057 Y-2.847
G1 X17.107 Y-2.888
G1 X17.120 Y-2.898
G1 X17.186 Y-2.933
G1 X17.198 Y-2.939
G1 X17.277 Y-2.968
G1 X17.287 Y-2.971
G1 X17.379 Y-2.993
G1 X17.387 Y-2.995
G1 X17.488 Y-3.008
G1 X17.496 Y-3.009
G1 X17.610 Y-3.013
G1 X17.759 Y-3.010
G1 X17.867 Y-3.001
G1 X17.878 Y-2.999
G1 X17.950 Y-2.984
G1 X17.965 Y-2.980
G1 X17.978 Y-2.974
G1 X18.015 Y-2.951
G1 X18.027 Y-2.942
G1 X18.038 Y-2.931
G1 X18.046 Y-2.918
G1 X18.051 Y-2.904
G1 X18.054 Y-2.890
G1 X18.057 Y-2.858
G1 X18.057 Y-2.844
G1 X18.054 Y-2.829
G1 X18.049 Y-2.815
G1 X18.043 Y-2.804
G1 X18.013 Y-2.763
G1 X17.999 Y-2.748
G1 X17.937 Y-2.695
G1 X17.931 Y-2.690
G1 X17.834 Y-2.623
G1 X17.747 Y-2.568
G1 X17.665 Y-2.519
G1 X17.586 Y-2.478
G1 X17.512 Y-2.443
G1 X17.441 Y-2.416
G1 X17.382 Y-2.398
G1 X17.374 Y-2.396
G1 X17.320 Y-2.385
G1 X17.310 Y-2.383
G1 X17.261 Y-2.380
G1 X17.247 Y-2.380
G1 X17.205 Y-2.384
G1 X17.188 Y-2.387
G1 X17.150 Y-2.397
G1 X17.132 Y-2.405
G1 X17.100 Y-2.423
G1 X17.083 Y-2.436
G1 X17.057 Y-2.461
G1 X17.044 Y-2.476
G1 X17.024 Y-2.509
G1 X17.017 Y-2.523
G1 X17.002 Y-2.563
; Retract
G1 Z1.5000 F2540

; Path 10
; Rapid to initial position
G1 X17.039 Y-3.002 F2540
G1 Z0.5000
; plunge
G1 Z-2.6750 F127
; cut
G1 X17.053 Y-3.011 F1016
G1 X17.128 Y-3.051
G1 X17.149 Y-3.060
G1 X17.237 Y-3.092
G1 X17.254 Y-3.097
G1 X17.352 Y-3.121
G1 X17.368 Y-3.124
G1 X17.477 Y-3.138
G1 X17.491 Y-3.139
G1 X17.613 Y-3.143
G1 X17.771 Y-3.140
G1 X17.889 Y-3.130
G1 X17.908 Y-3.127
G1 X17.992 Y-3.109
G1 X18.012 Y-3.102
G1 X18.028 Y-3.095
G1 X18.051 Y-3.084
G1 X18.098 Y-3.054
G1 X18.115 Y-3.041
G1 X18.129 Y-3.029
G1 X18.143 Y-3.013
G1 X18.154 Y-2.999
G1 X18.165 Y-2.981
G1 X18.173 Y-2.963
G1 X18.181 Y-2.944
G1 X18.185 Y-2.927
G1 X18.190 Y-2.902
G1 X18.193 Y-2.858
G1 X18.193 Y-2.838
G1 X18.191 Y-2.821
G1 X18.187 Y-2.800
G1 X18.186 Y-2.796
G1 X18.199 Y-2.807
G1 X18.257 Y-2.850
G1 X18.320 Y-2.895
G1 X18.387 Y-2.941
G1 X18.459 Y-2.988
G1 X18.535 Y-3.037
G1 X18.614 Y-3.086
G1 X18.695 Y-3.136
G1 X18.780 Y-3.187
G1 X18.866 Y-3.238
G1 X18.954 Y-3.289
G1 X19.043 Y-3.339
G1 X19.132 Y-3.388
G1 X19.222 Y-3.437
G1 X19.311 Y-3.485
G1 X19.399 Y-3.530
G1 X19.485 Y-3.575
G1 X19.570 Y-3.617
G1 X19.652 Y-3.656
G1 X19.733 Y-3.694
G1 X19.809 Y-3.728
G1 X19.883 Y-3.760
G1 X19.952 Y-3.788
G1 X20.019 Y-3.813
G1 X20.082 Y-3.835
G1 X20.143 Y-3.852
G1 X20.190 Y-3.862
G1 X20.206 Y-3.865
G1 X20.252 Y-3.870
G1 X20.274 Y-3.870
G1 X20.288 Y-3.869
G1 X20.295 Y-3.869
G1 X20.325 Y-3.863
G1 X20.356 Y-3.855
G1 X20.377 Y-3.847
G1 X20.394 Y-3.839
G1 X20.412 Y-3.829
G1 X20.427 Y-3.818
G1 X20.443 Y-3.804
G1 X20.470 Y-3.779
G1 X20.483 Y-3.764
G1 X20.493 Y-3.751
G1 X20.501 Y-3.738
G1 X20.523 Y-3.698
G1 X20.532 Y-3.678
G1 X20.550 Y-3.631
G1 X20.555 Y-3.616
G1 X20.571 Y-3.551
G1 X20.584 Y-3.479
G1 X20.594 Y-3.401
G1 X20.603 Y-3.315
G1 X20.608 Y-3.222
G1 X20.611 Y-3.123
G1 X20.612 Y-3.017
G1 X20.611 Y-2.975
G1 X20.612 Y-2.979
G1 X20.636 Y-3.132
G1 X20.658 Y-3.281
G1 X20.678 Y-3.427
G1 X20.678 Y-3.428
G1 X20.694 Y-3.562
G1 X20.707 Y-3.691
G1 X20.718 Y-3.814
G1 X20.725 Y-3.923
G1 X20.728 Y-4.020
G1 X20.728 Y-4.100
G1 X20.725 Y-4.171
G1 X20.721 Y-4.203
G1 X20.703 Y-4.213
G1 X20.653 Y-4.245
G1 X20.597 Y-4.282
G1 X20.534 Y-4.326
G1 X20.463 Y-4.376
G1 X20.387 Y-4.431
G1 X20.305 Y-4.492
G1 X20.217 Y-4.557
G1 X20.126 Y-4.627
G1 X20.122 Y-4.630
G1 X20.173 Y-4.566
G1 X20.228 Y-4.491
G1 X20.265 Y-4.429
G1 X20.273 Y-4.412
G1 X20.295 Y-4.361
G1 X20.299 Y-4.351
G1 X20.305 Y-4.331
G1 X20.307 Y-4.320
G1 X20.317 Y-4.267
G1 X20.318 Y-4.247
G1 X20.318 Y-4.230
G1 X20.317 Y-4.215
G1 X20.310 Y-4.165
G1 X20.306 Y-4.145
G1 X20.300 Y-4.128
G1 X20.292 Y-4.110
G1 X20.271 Y-4.071
G1 X20.265 Y-4.060
G1 X20.250 Y-4.038
G1 X20.240 Y-4.026
G1 X20.204 Y-3.987
G1 X20.199 Y-3.983
G1 X20.178 Y-3.965
G1 X20.125 Y-3.926
G1 X20.111 Y-3.917
G1 X20.037 Y-3.876
G1 X19.955 Y-3.837
G1 X19.861 Y-3.796
G1 X19.755 Y-3.754
G1 X19.632 Y-3.706
G1 X19.475 Y-3.647
G1 X19.304 Y-3.587
G1 X19.122 Y-3.528
G1 X18.936 Y-3.471
G1 X18.751 Y-3.417
G1 X18.571 Y-3.368
G1 X18.402 Y-3.325
G1 X18.251 Y-3.292
G1 X18.135 Y-3.268
G1 X18.080 Y-3.258
G1 X18.027 Y-3.250
G1 X17.976 Y-3.242
G1 X17.924 Y-3.236
G1 X17.874 Y-3.233
G1 X17.822 Y-3.232
G1 X17.772 Y-3.235
G1 X17.735 Y-3.240
G1 X17.719 Y-3.243
G1 X17.682 Y-3.251
G1 X17.665 Y-3.257
G1 X17.631 Y-3.269
G1 X17.612 Y-3.278
G1 X17.580 Y-3.295
G1 X17.562 Y-3.306
G1 X17.534 Y-3.327
G1 X17.516 Y-3.341
G1 X17.490 Y-3.367
G1 X17.477 Y-3.382
G1 X17.455 Y-3.411
G1 X17.446 Y-3.424
G1 X17.428 Y-3.455
G1 X17.419 Y-3.471
G1 X17.400 Y-3.516
G1 X17.384 Y-3.562
G1 X17.371 Y-3.610
G1 X17.361 Y-3.661
G1 X17.353 Y-3.712
G1 X17.346 Y-3.768
G1 X17.341 Y-3.826
G1 X17.339 Y-3.846
G1 X17.333 Y-3.811
G1 X17.325 Y-3.768
G1 X17.317 Y-3.724
G1 X17.308 Y-3.683
G1 X17.299 Y-3.642
G1 X17.289 Y-3.603
G1 X17.279 Y-3.564
G1 X17.269 Y-3.526
G1 X17.259 Y-3.489
G1 X17.248 Y-3.453
G1 X17.237 Y-3.418
G1 X17.224 Y-3.382
G1 X17.213 Y-3.350
G1 X17.200 Y-3.315
G1 X17.187 Y-3.284
G1 X17.173 Y-3.251
G1 X17.160 Y-3.221
G1 X17.146 Y-3.190
G1 X17.131 Y-3.160
G1 X17.115 Y-3.131
G1 X17.100 Y-3.102
G1 X17.083 Y-3.073
G1 X17.067 Y-3.047
G1 X17.050 Y-3.019
G1 X17.039 Y-3.002
G1 X17.200 Y-3.149
G1 X17.217 Y-3.155
G1 X17.238 Y-3.160
G1 X17.340 Y-3.185
G1 X17.359 Y-3.188
G1 X17.472 Y-3.203
G1 X17.489 Y-3.204
G1 X17.608 Y-3.208
G1 X17.602 Y-3.210
G1 X17.579 Y-3.221
G1 X17.543 Y-3.240
G1 X17.521 Y-3.254
G1 X17.488 Y-3.278
G1 X17.468 Y-3.296
G1 X17.438 Y-3.325
G1 X17.423 Y-3.343
G1 X17.398 Y-3.376
G1 X17.387 Y-3.392
G1 X17.367 Y-3.426
G1 X17.357 Y-3.446
G1 X17.335 Y-3.495
G1 X17.333 Y-3.502
G1 X17.324 Y-3.471
G1 X17.313 Y-3.434
G1 X17.301 Y-3.398
G1 X17.289 Y-3.361
G1 X17.277 Y-3.328
G1 X17.263 Y-3.292
G1 X17.250 Y-3.259
G1 X17.236 Y-3.226
G1 X17.222 Y-3.194
G1 X17.207 Y-3.162
G1 X17.200 Y-3.149
G1 X17.318 Y-3.247
G1 X17.327 Y-3.249
G1 X17.350 Y-3.253
G1 X17.409 Y-3.260
G1 X17.385 Y-3.284
G1 X17.368 Y-3.305
G1 X17.349 Y-3.329
G1 X17.341 Y-3.306
G1 X17.327 Y-3.268
G1 X17.318 Y-3.247
G1 X17.586 Y-3.460
G1 X17.569 Y-3.481
G1 X17.564 Y-3.489
G1 X17.549 Y-3.514
G1 X17.545 Y-3.522
G1 X17.529 Y-3.557
G1 X17.516 Y-3.595
G1 X17.504 Y-3.636
G1 X17.495 Y-3.680
G1 X17.488 Y-3.727
G1 X17.481 Y-3.779
G1 X17.476 Y-3.835
G1 X17.472 Y-3.894
G1 X17.469 Y-3.959
G1 X17.467 Y-4.028
G1 X17.465 Y-4.103
G1 X17.464 Y-4.183
G1 X17.463 Y-4.268
G1 X17.463 Y-4.455
G1 X17.465 Y-4.633
G1 X17.469 Y-4.798
G1 X17.477 Y-4.952
G1 X17.488 Y-5.094
G1 X17.502 Y-5.225
G1 X17.520 Y-5.345
G1 X17.542 Y-5.453
G1 X17.567 Y-5.552
G1 X17.596 Y-5.640
G1 X17.626 Y-5.710
G1 X17.630 Y-5.718
G1 X17.664 Y-5.777
G1 X17.670 Y-5.787
G1 X17.707 Y-5.835
G1 X17.717 Y-5.846
G1 X17.757 Y-5.883
G1 X17.771 Y-5.893
G1 X17.815 Y-5.919
G1 X17.832 Y-5.928
G1 X17.880 Y-5.943
G1 X17.898 Y-5.947
G1 X17.949 Y-5.953
G1 X17.965 Y-5.953
G1 X17.977 Y-5.951
G1 X18.009 Y-5.944
G1 X18.020 Y-5.941
G1 X18.079 Y-5.919
G1 X18.156 Y-5.887
G1 X18.251 Y-5.844
G1 X18.359 Y-5.793
G1 X18.478 Y-5.734
G1 X18.605 Y-5.670
G1 X18.739 Y-5.600
G1 X18.882 Y-5.519
G1 X19.032 Y-5.423
G1 X19.186 Y-5.316
G1 X19.339 Y-5.201
G1 X19.487 Y-5.082
G1 X19.626 Y-4.962
G1 X19.751 Y-4.843
G1 X19.856 Y-4.732
G1 X19.935 Y-4.643
G1 X20.003 Y-4.563
G1 X20.062 Y-4.491
G1 X20.110 Y-4.425
G1 X20.143 Y-4.372
G1 X20.148 Y-4.362
G1 X20.168 Y-4.315
G1 X20.173 Y-4.298
G1 X20.181 Y-4.255
G1 X20.183 Y-4.240
G1 X20.182 Y-4.231
G1 X20.177 Y-4.193
G1 X20.174 Y-4.178
G1 X20.169 Y-4.167
G1 X20.151 Y-4.131
G1 X20.138 Y-4.113
G1 X20.107 Y-4.079
G1 X20.095 Y-4.068
G1 X20.050 Y-4.035
G1 X20.041 Y-4.030
G1 X19.977 Y-3.993
G1 X19.899 Y-3.956
G1 X19.808 Y-3.917
G1 X19.704 Y-3.874
G1 X19.583 Y-3.827
G1 X19.429 Y-3.769
G1 X19.260 Y-3.711
G1 X19.081 Y-3.652
G1 X18.897 Y-3.595
G1 X18.714 Y-3.542
G1 X18.537 Y-3.494
G1 X18.371 Y-3.452
G1 X18.223 Y-3.419
G1 X18.109 Y-3.396
G1 X18.056 Y-3.387
G1 X18.007 Y-3.378
G1 X17.959 Y-3.372
G1 X17.914 Y-3.366
G1 X17.871 Y-3.363
G1 X17.830 Y-3.362
G1 X17.790 Y-3.364
G1 X17.759 Y-3.368
G1 X17.751 Y-3.370
G1 X17.723 Y-3.376
G1 X17.713 Y-3.379
G1 X17.687 Y-3.388
G1 X17.677 Y-3.393
G1 X17.653 Y-3.404
G1 X17.643 Y-3.411
G1 X17.622 Y-3.425
G1 X17.613 Y-3.433
G1 X17.594 Y-3.451
G1 X17.586 Y-3.460
; Retract
G1 Z1.5000 F2540

; Path 11
; Rapid to initial position
G1 X17.982 Y-3.177 F2540
G1 Z0.5000
; plunge
G1 Z-2.6750 F127
; cut
G1 X18.013 Y-3.170 F1016
G1 X18.039 Y-3.162
G1 X18.061 Y-3.152
G1 X18.088 Y-3.138
G1 X18.140 Y-3.105
G1 X18.162 Y-3.088
G1 X18.180 Y-3.071
G1 X18.198 Y-3.051
G1 X18.212 Y-3.032
G1 X18.227 Y-3.008
G1 X18.238 Y-2.985
G1 X18.247 Y-2.959
G1 X18.252 Y-2.938
G1 X18.254 Y-2.929
G1 X18.281 Y-2.948
G1 X18.349 Y-2.994
G1 X18.421 Y-3.042
G1 X18.497 Y-3.091
G1 X18.577 Y-3.141
G1 X18.659 Y-3.192
G1 X18.744 Y-3.243
G1 X18.831 Y-3.294
G1 X18.920 Y-3.345
G1 X19.009 Y-3.395
G1 X19.099 Y-3.445
G1 X19.129 Y-3.462
G1 X18.956 Y-3.408
G1 X18.769 Y-3.354
G1 X18.589 Y-3.305
G1 X18.417 Y-3.262
G1 X18.265 Y-3.228
G1 X18.148 Y-3.204
G1 X18.091 Y-3.194
G1 X18.037 Y-3.185
G1 X17.984 Y-3.178
G1 X17.982 Y-3.177
G1 X18.194 Y-3.147
G1 X18.210 Y-3.135
G1 X18.232 Y-3.114
G1 X18.254 Y-3.088
G1 X18.271 Y-3.065
G1 X18.289 Y-3.035
G1 X18.289 Y-3.034
G1 X18.310 Y-3.048
G1 X18.383 Y-3.096
G1 X18.460 Y-3.146
G1 X18.540 Y-3.196
G1 X18.623 Y-3.247
G1 X18.606 Y-3.242
G1 X18.432 Y-3.199
G1 X18.279 Y-3.164
G1 X18.194 Y-3.147
G1 X18.465 Y-2.833
G1 X18.535 Y-2.880
G1 X18.609 Y-2.928
G1 X18.687 Y-2.977
G1 X18.768 Y-3.026
G1 X18.851 Y-3.076
G1 X18.937 Y-3.126
G1 X19.023 Y-3.176
G1 X19.111 Y-3.226
G1 X19.200 Y-3.275
G1 X19.288 Y-3.323
G1 X19.376 Y-3.370
G1 X19.463 Y-3.415
G1 X19.548 Y-3.459
G1 X19.631 Y-3.500
G1 X19.712 Y-3.539
G1 X19.790 Y-3.576
G1 X19.865 Y-3.609
G1 X19.935 Y-3.640
G1 X20.002 Y-3.667
G1 X20.064 Y-3.690
G1 X20.121 Y-3.710
G1 X20.174 Y-3.725
G1 X20.215 Y-3.734
G1 X20.223 Y-3.735
G1 X20.257 Y-3.740
G1 X20.272 Y-3.740
G1 X20.289 Y-3.738
G1 X20.310 Y-3.732
G1 X20.325 Y-3.727
G1 X20.338 Y-3.720
G1 X20.348 Y-3.712
G1 X20.367 Y-3.694
G1 X20.377 Y-3.683
G1 X20.382 Y-3.675
G1 X20.399 Y-3.646
G1 X20.404 Y-3.634
G1 X20.420 Y-3.593
G1 X20.422 Y-3.585
G1 X20.437 Y-3.528
G1 X20.449 Y-3.463
G1 X20.459 Y-3.389
G1 X20.467 Y-3.307
G1 X20.472 Y-3.218
G1 X20.475 Y-3.122
G1 X20.476 Y-3.018
G1 X20.475 Y-2.909
G1 X20.471 Y-2.795
G1 X20.465 Y-2.675
G1 X20.457 Y-2.551
G1 X20.446 Y-2.424
G1 X20.430 Y-2.265
G1 X20.413 Y-2.114
G1 X20.396 Y-1.973
G1 X20.377 Y-1.840
G1 X20.358 Y-1.716
G1 X20.337 Y-1.600
G1 X20.314 Y-1.492
G1 X20.290 Y-1.392
G1 X20.263 Y-1.301
G1 X20.235 Y-1.217
G1 X20.204 Y-1.140
G1 X20.170 Y-1.071
G1 X20.137 Y-1.017
G1 X20.132 Y-1.009
G1 X20.097 Y-0.963
G1 X20.091 Y-0.955
G1 X20.054 Y-0.917
G1 X20.045 Y-0.908
G1 X20.005 Y-0.878
G1 X19.993 Y-0.870
G1 X19.951 Y-0.847
G1 X19.937 Y-0.841
G1 X19.892 Y-0.827
G1 X19.877 Y-0.823
G1 X19.830 Y-0.816
G1 X19.816 Y-0.815
G1 X19.765 Y-0.816
G1 X19.753 Y-0.817
G1 X19.699 Y-0.825
G1 X19.689 Y-0.827
G1 X19.632 Y-0.843
G1 X19.624 Y-0.845
G1 X19.558 Y-0.871
G1 X19.490 Y-0.904
G1 X19.419 Y-0.945
G1 X19.345 Y-0.992
G1 X19.269 Y-1.046
G1 X19.189 Y-1.106
G1 X19.105 Y-1.174
G1 X19.018 Y-1.248
G1 X18.927 Y-1.329
G1 X18.831 Y-1.417
G1 X18.744 Y-1.500
G1 X18.660 Y-1.583
G1 X18.580 Y-1.666
G1 X18.505 Y-1.747
G1 X18.435 Y-1.827
G1 X18.370 Y-1.905
G1 X18.310 Y-1.981
G1 X18.256 Y-2.053
G1 X18.208 Y-2.123
G1 X18.166 Y-2.189
G1 X18.132 Y-2.251
G1 X18.104 Y-2.310
G1 X18.087 Y-2.356
G1 X18.084 Y-2.366
G1 X18.076 Y-2.406
G1 X18.074 Y-2.422
G1 X18.074 Y-2.455
G1 X18.075 Y-2.470
G1 X18.078 Y-2.481
G1 X18.086 Y-2.507
G1 X18.093 Y-2.521
G1 X18.098 Y-2.529
G1 X18.116 Y-2.553
G1 X18.122 Y-2.561
G1 X18.152 Y-2.594
G1 X18.189 Y-2.628
G1 X18.233 Y-2.665
G1 X18.283 Y-2.704
G1 X18.338 Y-2.745
G1 X18.399 Y-2.788
G1 X18.465 Y-2.833
G1 X17.958 Y-2.548
G1 X17.909 Y-2.514
G1 X17.818 Y-2.457
G1 X17.730 Y-2.405
G1 X17.645 Y-2.360
G1 X17.563 Y-2.322
G1 X17.482 Y-2.291
G1 X17.416 Y-2.272
G1 X17.402 Y-2.268
G1 X17.374 Y-2.263
G1 X17.489 Y-2.224
G1 X17.603 Y-2.178
G1 X17.715 Y-2.125
G1 X17.825 Y-2.066
G1 X17.860 Y-2.045
G1 X17.897 Y-2.021
G1 X17.936 Y-1.994
G1 X17.978 Y-1.963
G1 X18.023 Y-1.930
G1 X18.070 Y-1.894
G1 X18.120 Y-1.855
G1 X18.173 Y-1.813
G1 X18.229 Y-1.768
G1 X18.286 Y-1.720
G1 X18.346 Y-1.670
G1 X18.409 Y-1.617
G1 X18.540 Y-1.505
G1 X18.608 Y-1.445
G1 X18.623 Y-1.432
G1 X18.560 Y-1.495
G1 X18.478 Y-1.580
G1 X18.401 Y-1.663
G1 X18.329 Y-1.746
G1 X18.261 Y-1.826
G1 X18.199 Y-1.905
G1 X18.142 Y-1.982
G1 X18.091 Y-2.055
G1 X18.046 Y-2.127
G1 X18.008 Y-2.198
G1 X17.976 Y-2.267
G1 X17.956 Y-2.322
G1 X17.951 Y-2.340
G1 X17.940 Y-2.392
G1 X17.938 Y-2.412
G1 X17.938 Y-2.422
G1 X17.938 Y-2.468
G1 X17.940 Y-2.487
G1 X17.943 Y-2.502
G1 X17.949 Y-2.522
G1 X17.958 Y-2.548
G1 X17.870 Y-2.412
G1 X17.854 Y-2.401
G1 X17.763 Y-2.348
G1 X17.675 Y-2.302
G1 X17.588 Y-2.262
G1 X17.579 Y-2.258
G1 X17.633 Y-2.236
G1 X17.749 Y-2.182
G1 X17.861 Y-2.121
G1 X17.898 Y-2.099
G1 X17.936 Y-2.074
G1 X17.977 Y-2.046
G1 X18.020 Y-2.015
G1 X18.057 Y-1.987
G1 X18.033 Y-2.022
G1 X17.986 Y-2.097
G1 X17.946 Y-2.171
G1 X17.912 Y-2.246
G1 X17.890 Y-2.305
G1 X17.885 Y-2.327
G1 X17.873 Y-2.385
G1 X17.870 Y-2.411
G1 X17.870 Y-2.412
G1 X17.820 Y-2.305
G1 X17.796 Y-2.291
G1 X17.737 Y-2.260
G1 X17.782 Y-2.239
G1 X17.860 Y-2.197
G1 X17.847 Y-2.224
G1 X17.825 Y-2.289
G1 X17.820 Y-2.305
G1 X19.062 Y-1.039
G1 X19.130 Y-0.976
G1 X19.288 Y-0.829
G1 X19.368 Y-0.754
G1 X19.450 Y-0.678
G1 X19.530 Y-0.601
G1 X19.612 Y-0.523
G1 X19.693 Y-0.445
G1 X19.774 Y-0.366
G1 X19.856 Y-0.287
G1 X19.893 Y-0.251
G1 X19.879 Y-0.309
G1 X19.876 Y-0.331
G1 X19.873 Y-0.391
G1 X19.873 Y-0.416
G1 X19.880 Y-0.476
G1 X19.885 Y-0.499
G1 X19.901 Y-0.556
G1 X19.909 Y-0.576
G1 X19.935 Y-0.633
G1 X19.942 Y-0.646
G1 X19.974 Y-0.699
G1 X19.983 Y-0.712
G1 X19.990 Y-0.722
G1 X19.982 Y-0.718
G1 X19.925 Y-0.700
G1 X19.898 Y-0.694
G1 X19.839 Y-0.686
G1 X19.814 Y-0.685
G1 X19.752 Y-0.686
G1 X19.731 Y-0.688
G1 X19.670 Y-0.698
G1 X19.651 Y-0.702
G1 X19.588 Y-0.720
G1 X19.573 Y-0.725
G1 X19.496 Y-0.755
G1 X19.420 Y-0.792
G1 X19.343 Y-0.836
G1 X19.265 Y-0.887
G1 X19.184 Y-0.944
G1 X19.101 Y-1.007
G1 X19.062 Y-1.039
G1 X19.567 Y-0.658
G1 X19.579 Y-0.647
G1 X19.660 Y-0.569
G1 X19.742 Y-0.491
G1 X19.806 Y-0.428
G1 X19.813 Y-0.489
G1 X19.819 Y-0.516
G1 X19.837 Y-0.579
G1 X19.846 Y-0.602
G1 X19.856 Y-0.623
G1 X19.842 Y-0.621
G1 X19.813 Y-0.620
G1 X19.746 Y-0.621
G1 X19.720 Y-0.624
G1 X19.654 Y-0.634
G1 X19.632 Y-0.639
G1 X19.567 Y-0.658
; Retract
G1 Z1.5000 F2540

; Path 12
; Rapid to initial position
G1 X18.310 Y1.203 F2540
G1 Z0.5000
; plunge
G1 Z-2.6750 F127
; cut
G1 X18.198 Y1.136 F1016
G1 X18.197 Y1.136
G1 X18.077 Y1.066
G1 X18.076 Y1.065
G1 X17.952 Y0.995
G1 X17.820 Y0.921
G1 X17.819 Y0.921
G1 X17.883 Y0.975
G1 X17.945 Y1.031
G1 X18.002 Y1.085
G1 X18.055 Y1.138
G1 X18.103 Y1.191
G1 X18.145 Y1.244
G1 X18.176 Y1.288
G1 X18.183 Y1.299
G1 X18.207 Y1.341
G1 X18.216 Y1.360
G1 X18.230 Y1.394
G1 X18.233 Y1.403
G1 X18.238 Y1.423
G1 X18.241 Y1.434
G1 X18.245 Y1.465
G1 X18.246 Y1.477
G1 X18.247 Y1.502
G1 X18.246 Y1.515
G1 X18.240 Y1.566
G1 X18.233 Y1.593
G1 X18.217 Y1.643
G1 X18.209 Y1.662
G1 X18.184 Y1.711
G1 X18.175 Y1.726
G1 X18.136 Y1.786
G1 X18.089 Y1.844
G1 X18.038 Y1.900
G1 X17.981 Y1.955
G1 X17.960 Y1.973
G1 X17.970 Y1.967
G1 X18.081 Y1.901
G1 X18.081 Y1.901
G1 X18.188 Y1.836
G1 X18.288 Y1.773
G1 X18.381 Y1.712
G1 X18.382 Y1.711
G1 X18.466 Y1.654
G1 X18.544 Y1.599
G1 X18.609 Y1.549
G1 X18.670 Y1.500
G1 X18.703 Y1.471
G1 X18.658 Y1.434
G1 X18.587 Y1.383
G1 X18.504 Y1.326
G1 X18.409 Y1.265
G1 X18.310 Y1.203
G1 X18.274 Y1.258
G1 X18.211 Y1.221
G1 X18.235 Y1.254
G1 X18.243 Y1.268
G1 X18.269 Y1.315
G1 X18.280 Y1.337
G1 X18.295 Y1.375
G1 X18.298 Y1.387
G1 X18.305 Y1.409
G1 X18.308 Y1.425
G1 X18.313 Y1.460
G1 X18.314 Y1.476
G1 X18.315 Y1.505
G1 X18.313 Y1.523
G1 X18.306 Y1.580
G1 X18.298 Y1.612
G1 X18.280 Y1.668
G1 X18.270 Y1.690
G1 X18.258 Y1.713
G1 X18.342 Y1.658
G1 X18.345 Y1.657
G1 X18.425 Y1.602
G1 X18.503 Y1.546
G1 X18.565 Y1.499
G1 X18.598 Y1.473
G1 X18.547 Y1.436
G1 X18.464 Y1.379
G1 X18.371 Y1.319
G1 X18.274 Y1.258
G1 X18.372 Y1.398
G1 X18.375 Y1.415
G1 X18.381 Y1.457
G1 X18.382 Y1.475
G1 X18.382 Y1.509
G1 X18.381 Y1.531
G1 X18.378 Y1.555
G1 X18.385 Y1.550
G1 X18.463 Y1.494
G1 X18.487 Y1.475
G1 X18.425 Y1.433
G1 X18.372 Y1.398
G1 X18.106 Y1.454
G1 X18.110 Y1.480
G1 X18.111 Y1.501
G1 X18.106 Y1.540
G1 X18.103 Y1.555
G1 X18.090 Y1.595
G1 X18.086 Y1.606
G1 X18.065 Y1.649
G1 X18.060 Y1.657
G1 X18.027 Y1.707
G1 X17.987 Y1.758
G1 X17.941 Y1.808
G1 X17.889 Y1.859
G1 X17.831 Y1.910
G1 X17.768 Y1.961
G1 X17.699 Y2.013
G1 X17.626 Y2.064
G1 X17.549 Y2.115
G1 X17.469 Y2.166
G1 X17.384 Y2.216
G1 X17.297 Y2.265
G1 X17.207 Y2.313
G1 X17.115 Y2.360
G1 X17.021 Y2.406
G1 X16.926 Y2.449
G1 X16.830 Y2.491
G1 X16.733 Y2.531
G1 X16.635 Y2.569
G1 X16.538 Y2.605
G1 X16.442 Y2.637
G1 X16.346 Y2.667
G1 X16.251 Y2.693
G1 X16.159 Y2.716
G1 X16.068 Y2.736
G1 X15.980 Y2.751
G1 X15.894 Y2.763
G1 X15.811 Y2.770
G1 X15.731 Y2.772
G1 X15.639 Y2.770
G1 X15.549 Y2.761
G1 X15.462 Y2.748
G1 X15.378 Y2.729
G1 X15.297 Y2.706
G1 X15.219 Y2.678
G1 X15.144 Y2.644
G1 X15.072 Y2.607
G1 X15.005 Y2.565
G1 X14.940 Y2.519
G1 X14.880 Y2.469
G1 X14.824 Y2.415
G1 X14.772 Y2.358
G1 X14.723 Y2.297
G1 X14.679 Y2.233
G1 X14.640 Y2.166
G1 X14.604 Y2.096
G1 X14.574 Y2.023
G1 X14.547 Y1.948
G1 X14.525 Y1.871
G1 X14.508 Y1.792
G1 X14.496 Y1.710
G1 X14.488 Y1.627
G1 X14.485 Y1.542
G1 X14.487 Y1.456
G1 X14.494 Y1.368
G1 X14.507 Y1.279
G1 X14.524 Y1.189
G1 X14.547 Y1.099
G1 X14.574 Y1.007
G1 X14.607 Y0.916
G1 X14.646 Y0.822
G1 X14.683 Y0.747
G1 X14.725 Y0.676
G1 X14.770 Y0.609
G1 X14.820 Y0.546
G1 X14.873 Y0.488
G1 X14.931 Y0.435
G1 X14.992 Y0.387
G1 X15.056 Y0.343
G1 X15.124 Y0.304
G1 X15.195 Y0.270
G1 X15.269 Y0.240
G1 X15.345 Y0.216
G1 X15.424 Y0.196
G1 X15.506 Y0.181
G1 X15.590 Y0.170
G1 X15.676 Y0.165
G1 X15.764 Y0.163
G1 X15.854 Y0.167
G1 X15.946 Y0.175
G1 X16.040 Y0.187
G1 X16.136 Y0.204
G1 X16.232 Y0.226
G1 X16.331 Y0.252
G1 X16.431 Y0.283
G1 X16.532 Y0.318
G1 X16.634 Y0.357
G1 X16.738 Y0.401
G1 X16.842 Y0.449
G1 X16.948 Y0.502
G1 X17.054 Y0.559
G1 X17.161 Y0.621
G1 X17.269 Y0.687
G1 X17.352 Y0.741
G1 X17.433 Y0.796
G1 X17.512 Y0.851
G1 X17.587 Y0.907
G1 X17.659 Y0.962
G1 X17.727 Y1.017
G1 X17.790 Y1.071
G1 X17.849 Y1.123
G1 X17.903 Y1.174
G1 X17.952 Y1.224
G1 X17.996 Y1.272
G1 X18.033 Y1.317
G1 X18.060 Y1.356
G1 X18.064 Y1.362
G1 X18.084 Y1.397
G1 X18.089 Y1.407
G1 X18.101 Y1.437
G1 X18.106 Y1.454
; Retract
G1 Z1.5000 F2540

; Path 13
; Rapid to initial position
G1 X16.051 Y2.871 F2540
G1 Z0.5000
; plunge
G1 Z-2.6750 F127
; cut
G1 X15.998 Y2.881 F1016
G1 X15.906 Y2.893
G1 X15.815 Y2.900
G1 X15.727 Y2.903
G1 X15.626 Y2.899
G1 X15.527 Y2.890
G1 X15.431 Y2.875
G1 X15.338 Y2.854
G1 X15.248 Y2.828
G1 X15.161 Y2.796
G1 X15.078 Y2.759
G1 X14.998 Y2.716
G1 X14.923 Y2.669
G1 X14.851 Y2.617
G1 X14.798 Y2.573
G1 X14.808 Y2.611
G1 X14.829 Y2.699
G1 X14.850 Y2.785
G1 X14.869 Y2.869
G1 X14.888 Y2.952
G1 X14.905 Y3.032
G1 X14.922 Y3.111
G1 X14.937 Y3.188
G1 X14.951 Y3.264
G1 X14.964 Y3.337
G1 X14.976 Y3.410
G1 X14.983 Y3.458
G1 X14.987 Y3.445
G1 X15.012 Y3.384
G1 X15.021 Y3.366
G1 X15.055 Y3.307
G1 X15.065 Y3.292
G1 X15.105 Y3.240
G1 X15.119 Y3.225
G1 X15.167 Y3.178
G1 X15.181 Y3.166
G1 X15.237 Y3.124
G1 X15.250 Y3.115
G1 X15.312 Y3.078
G1 X15.326 Y3.071
G1 X15.407 Y3.034
G1 X15.492 Y3.002
G1 X15.585 Y2.974
G1 X15.684 Y2.949
G1 X15.791 Y2.927
G1 X15.901 Y2.907
G1 X15.964 Y2.895
G1 X16.030 Y2.877
G1 X16.051 Y2.871
G1 X15.459 Y2.945
G1 X15.416 Y2.938
G1 X15.318 Y2.916
G1 X15.224 Y2.889
G1 X15.133 Y2.855
G1 X15.045 Y2.815
G1 X14.961 Y2.771
G1 X14.908 Y2.738
G1 X14.916 Y2.771
G1 X14.936 Y2.855
G1 X14.955 Y2.939
G1 X14.972 Y3.020
G1 X14.988 Y3.099
G1 X15.004 Y3.177
G1 X15.017 Y3.245
G1 X15.054 Y3.198
G1 X15.070 Y3.180
G1 X15.122 Y3.129
G1 X15.139 Y3.115
G1 X15.199 Y3.070
G1 X15.214 Y3.060
G1 X15.280 Y3.021
G1 X15.297 Y3.013
G1 X15.382 Y2.973
G1 X15.459 Y2.945
G1 X15.248 Y2.964
G1 X15.199 Y2.949
G1 X15.104 Y2.914
G1 X15.012 Y2.872
G1 X15.009 Y2.871
G1 X15.021 Y2.926
G1 X15.039 Y3.007
G1 X15.055 Y3.087
G1 X15.058 Y3.099
G1 X15.077 Y3.080
G1 X15.097 Y3.064
G1 X15.161 Y3.016
G1 X15.179 Y3.004
G1 X15.248 Y2.964
G1 X14.772 Y3.058
G1 X14.788 Y3.135
G1 X14.803 Y3.211
G1 X14.817 Y3.285
G1 X14.829 Y3.357
G1 X14.841 Y3.428
G1 X14.851 Y3.497
G1 X14.861 Y3.564
G1 X14.868 Y3.630
G1 X14.875 Y3.695
G1 X14.881 Y3.758
G1 X14.885 Y3.819
G1 X14.888 Y3.880
G1 X14.889 Y3.938
G1 X14.889 Y3.996
G1 X14.888 Y4.052
G1 X14.886 Y4.108
G1 X14.882 Y4.162
G1 X14.877 Y4.215
G1 X14.870 Y4.266
G1 X14.862 Y4.317
G1 X14.853 Y4.367
G1 X14.841 Y4.416
G1 X14.829 Y4.464
G1 X14.815 Y4.510
G1 X14.799 Y4.557
G1 X14.782 Y4.602
G1 X14.763 Y4.646
G1 X14.743 Y4.689
G1 X14.721 Y4.732
G1 X14.697 Y4.773
G1 X14.672 Y4.814
G1 X14.646 Y4.855
G1 X14.617 Y4.894
G1 X14.587 Y4.933
G1 X14.556 Y4.971
G1 X14.523 Y5.009
G1 X14.489 Y5.046
G1 X14.453 Y5.082
G1 X14.415 Y5.118
G1 X14.376 Y5.154
G1 X14.335 Y5.189
G1 X14.293 Y5.223
G1 X14.249 Y5.258
G1 X14.203 Y5.292
G1 X14.156 Y5.326
G1 X14.107 Y5.360
G1 X14.057 Y5.394
G1 X14.004 Y5.427
G1 X13.951 Y5.461
G1 X13.895 Y5.494
G1 X13.838 Y5.528
G1 X13.779 Y5.562
G1 X13.719 Y5.596
G1 X13.656 Y5.630
G1 X13.592 Y5.665
G1 X13.527 Y5.699
G1 X12.588 Y6.189
G1 X12.573 Y6.195
G1 X12.558 Y6.198
G1 X12.542 Y6.199
G1 X12.527 Y6.197
G1 X12.512 Y6.192
G1 X12.499 Y6.185
G1 X12.487 Y6.175
G1 X12.477 Y6.163
G1 X12.469 Y6.150
G1 X12.464 Y6.138
G1 X12.221 Y5.212
G1 X12.193 Y5.116
G1 X12.159 Y5.015
G1 X12.118 Y4.910
G1 X12.071 Y4.799
G1 X12.020 Y4.688
G1 X11.965 Y4.576
G1 X11.964 Y4.576
G1 X11.903 Y4.460
G1 X11.840 Y4.348
G1 X11.773 Y4.235
G1 X11.703 Y4.123
G1 X11.630 Y4.013
G1 X11.558 Y3.910
G1 X11.482 Y3.808
G1 X11.408 Y3.715
G1 X11.334 Y3.627
G1 X11.258 Y3.545
G1 X10.521 Y2.772
G1 X10.512 Y2.760
G1 X10.505 Y2.747
G1 X10.500 Y2.733
G1 X10.499 Y2.718
G1 X10.500 Y2.703
G1 X10.504 Y2.688
G1 X10.511 Y2.675
G1 X10.521 Y2.663
G1 X10.532 Y2.653
G1 X10.545 Y2.645
G1 X10.560 Y2.639
G1 X10.575 Y2.636
G1 X10.596 Y2.637
G1 X11.389 Y2.752
G1 X11.480 Y2.763
G1 X11.575 Y2.769
G1 X11.671 Y2.770
G1 X11.770 Y2.767
G1 X11.873 Y2.760
G1 X11.981 Y2.748
G1 X12.085 Y2.733
G1 X12.197 Y2.712
G1 X12.304 Y2.688
G1 X12.418 Y2.658
G1 X12.528 Y2.625
G1 X12.641 Y2.588
G1 X12.751 Y2.548
G1 X12.863 Y2.503
G1 X12.977 Y2.453
G1 X13.087 Y2.400
G1 X13.301 Y2.294
G1 X13.489 Y2.202
G1 X13.575 Y2.161
G1 X13.655 Y2.124
G1 X13.730 Y2.090
G1 X13.801 Y2.058
G1 X13.866 Y2.031
G1 X13.927 Y2.006
G1 X13.984 Y1.985
G1 X14.038 Y1.967
G1 X14.088 Y1.952
G1 X14.136 Y1.941
G1 X14.181 Y1.933
G1 X14.224 Y1.929
G1 X14.257 Y1.928
G1 X14.267 Y1.929
G1 X14.296 Y1.932
G1 X14.307 Y1.933
G1 X14.334 Y1.939
G1 X14.346 Y1.943
G1 X14.370 Y1.952
G1 X14.382 Y1.958
G1 X14.404 Y1.970
G1 X14.415 Y1.977
G1 X14.435 Y1.993
G1 X14.443 Y2.001
G1 X14.462 Y2.020
G1 X14.468 Y2.027
G1 X14.485 Y2.049
G1 X14.490 Y2.056
G1 X14.508 Y2.087
G1 X14.525 Y2.120
G1 X14.539 Y2.155
G1 X14.553 Y2.192
G1 X14.566 Y2.232
G1 X14.579 Y2.274
G1 X14.592 Y2.319
G1 X14.604 Y2.366
G1 X14.629 Y2.460
G1 X14.653 Y2.551
G1 X14.675 Y2.641
G1 X14.697 Y2.728
G1 X14.717 Y2.813
G1 X14.736 Y2.897
G1 X14.755 Y2.978
G1 X14.772 Y3.058
; Retract
G1 Z1.5000 F2540

; Path 14
; Rapid to initial position
G1 X15.008 Y4.262 F2540
G1 Z0.5000
; plunge
G1 Z-2.6750 F127
; cut
G1 X15.005 Y4.286 F1016
G1 X14.996 Y4.341
G1 X14.985 Y4.395
G1 X14.973 Y4.447
G1 X14.960 Y4.500
G1 X14.944 Y4.551
G1 X14.927 Y4.601
G1 X14.908 Y4.651
G1 X14.887 Y4.699
G1 X14.865 Y4.747
G1 X14.841 Y4.794
G1 X14.815 Y4.839
G1 X14.787 Y4.884
G1 X14.758 Y4.928
G1 X14.740 Y4.953
G1 X14.791 Y4.930
G1 X14.862 Y4.901
G1 X14.934 Y4.878
G1 X15.008 Y4.859
G1 X15.082 Y4.845
G1 X15.156 Y4.835
G1 X15.232 Y4.831
G1 X15.307 Y4.831
G1 X15.383 Y4.836
G1 X15.446 Y4.844
G1 X15.383 Y4.797
G1 X15.374 Y4.789
G1 X15.289 Y4.713
G1 X15.279 Y4.702
G1 X15.204 Y4.620
G1 X15.195 Y4.608
G1 X15.131 Y4.520
G1 X15.123 Y4.507
G1 X15.070 Y4.414
G1 X15.063 Y4.400
G1 X15.020 Y4.300
G1 X15.015 Y4.286
G1 X15.008 Y4.262
G1 X15.033 Y4.486
G1 X15.025 Y4.518
G1 X15.009 Y4.571
G1 X14.991 Y4.624
G1 X14.971 Y4.675
G1 X14.949 Y4.726
G1 X14.926 Y4.776
G1 X14.903 Y4.819
G1 X14.917 Y4.815
G1 X14.994 Y4.795
G1 X15.073 Y4.780
G1 X15.152 Y4.770
G1 X15.232 Y4.766
G1 X15.249 Y4.766
G1 X15.240 Y4.758
G1 X15.227 Y4.745
G1 X15.150 Y4.659
G1 X15.139 Y4.645
G1 X15.073 Y4.554
G1 X15.063 Y4.538
G1 X15.033 Y4.486
G1 X15.055 Y4.644
G1 X15.054 Y4.647
G1 X15.034 Y4.700
G1 X15.024 Y4.723
G1 X15.064 Y4.715
G1 X15.106 Y4.710
G1 X15.096 Y4.698
G1 X15.083 Y4.682
G1 X15.055 Y4.644
G1 X15.100 Y4.974
G1 X15.166 Y4.965
G1 X15.232 Y4.961
G1 X15.298 Y4.961
G1 X15.365 Y4.965
G1 X15.433 Y4.973
G1 X15.500 Y4.985
G1 X15.569 Y5.002
G1 X15.637 Y5.023
G1 X15.706 Y5.047
G1 X15.775 Y5.076
G1 X15.844 Y5.108
G1 X15.914 Y5.145
G1 X15.985 Y5.185
G1 X16.056 Y5.229
G1 X16.128 Y5.278
G1 X16.201 Y5.330
G1 X16.274 Y5.386
G1 X16.348 Y5.446
G1 X16.423 Y5.510
G1 X16.499 Y5.577
G1 X16.576 Y5.649
G1 X16.654 Y5.724
G1 X16.705 Y5.776
G1 X16.753 Y5.826
G1 X16.799 Y5.875
G1 X16.821 Y5.900
G1 X16.842 Y5.925
G1 X16.863 Y5.950
G1 X16.884 Y5.975
G1 X16.903 Y6.000
G1 X16.923 Y6.026
G1 X16.942 Y6.052
G1 X16.959 Y6.078
G1 X16.977 Y6.105
G1 X16.994 Y6.132
G1 X17.010 Y6.160
G1 X17.026 Y6.188
G1 X17.041 Y6.217
G1 X17.056 Y6.246
G1 X17.070 Y6.276
G1 X17.084 Y6.307
G1 X17.097 Y6.339
G1 X17.109 Y6.371
G1 X17.122 Y6.404
G1 X17.133 Y6.438
G1 X17.144 Y6.474
G1 X17.155 Y6.510
G1 X17.165 Y6.547
G1 X17.175 Y6.585
G1 X17.184 Y6.625
G1 X17.193 Y6.666
G1 X17.202 Y6.707
G1 X17.210 Y6.751
G1 X17.218 Y6.796
G1 X17.226 Y6.842
G1 X17.233 Y6.890
G1 X17.240 Y6.939
G1 X17.247 Y6.990
G1 X17.253 Y7.043
G1 X17.259 Y7.097
G1 X17.265 Y7.153
G1 X17.271 Y7.211
G1 X17.276 Y7.271
G1 X17.281 Y7.333
G1 X17.287 Y7.397
G1 X17.291 Y7.463
G1 X17.296 Y7.531
G1 X17.305 Y7.674
G1 X17.309 Y7.750
G1 X17.317 Y7.907
G1 X17.325 Y8.074
G1 X17.332 Y8.252
G1 X17.343 Y8.539
G1 X17.350 Y8.745
G1 X17.439 Y11.555
G1 X17.438 Y11.570
G1 X17.434 Y11.585
G1 X17.428 Y11.598
G1 X17.419 Y11.610
G1 X17.408 Y11.621
G1 X17.395 Y11.629
G1 X17.380 Y11.635
G1 X17.365 Y11.638
G1 X17.351 Y11.639
G1 X14.725 Y11.539
G1 X14.605 Y11.535
G1 X14.373 Y11.524
G1 X14.262 Y11.519
G1 X14.154 Y11.514
G1 X14.049 Y11.508
G1 X13.947 Y11.502
G1 X13.847 Y11.496
G1 X13.751 Y11.489
G1 X13.657 Y11.482
G1 X13.566 Y11.475
G1 X13.478 Y11.468
G1 X13.392 Y11.460
G1 X13.309 Y11.451
G1 X13.228 Y11.443
G1 X13.150 Y11.433
G1 X13.073 Y11.424
G1 X13.000 Y11.413
G1 X12.928 Y11.403
G1 X12.858 Y11.391
G1 X12.791 Y11.379
G1 X12.725 Y11.367
G1 X12.662 Y11.354
G1 X12.600 Y11.340
G1 X12.540 Y11.325
G1 X12.482 Y11.310
G1 X12.425 Y11.294
G1 X12.371 Y11.277
G1 X12.317 Y11.259
G1 X12.266 Y11.240
G1 X12.216 Y11.221
G1 X12.167 Y11.200
G1 X12.120 Y11.179
G1 X12.074 Y11.156
G1 X12.029 Y11.133
G1 X11.986 Y11.108
G1 X11.944 Y11.083
G1 X11.903 Y11.056
G1 X11.863 Y11.029
G1 X11.825 Y11.000
G1 X11.787 Y10.971
G1 X11.750 Y10.940
G1 X11.715 Y10.908
G1 X11.680 Y10.875
G1 X11.646 Y10.841
G1 X11.613 Y10.805
G1 X11.581 Y10.769
G1 X11.549 Y10.732
G1 X11.518 Y10.693
G1 X11.487 Y10.653
G1 X11.457 Y10.612
G1 X11.427 Y10.569
G1 X11.398 Y10.526
G1 X11.369 Y10.481
G1 X11.340 Y10.434
G1 X11.312 Y10.387
G1 X11.283 Y10.338
G1 X11.255 Y10.288
G1 X11.226 Y10.236
G1 X11.198 Y10.183
G1 X11.169 Y10.129
G1 X11.140 Y10.073
G1 X11.111 Y10.015
G1 X11.054 Y9.901
G1 X11.004 Y9.796
G1 X10.962 Y9.700
G1 X10.928 Y9.610
G1 X10.902 Y9.526
G1 X10.885 Y9.453
G1 X10.884 Y9.445
G1 X10.876 Y9.376
G1 X10.875 Y9.367
G1 X10.875 Y9.301
G1 X10.876 Y9.291
G1 X10.885 Y9.226
G1 X10.887 Y9.216
G1 X10.904 Y9.152
G1 X10.907 Y9.143
G1 X10.936 Y9.070
G1 X10.973 Y8.997
G1 X11.018 Y8.921
G1 X11.072 Y8.840
G1 X11.135 Y8.754
G1 X11.205 Y8.660
G1 X11.645 Y8.088
G1 X11.655 Y8.077
G1 X11.668 Y8.068
G1 X11.682 Y8.061
G1 X11.697 Y8.056
G1 X11.712 Y8.055
G1 X11.728 Y8.056
G1 X11.743 Y8.060
G1 X11.757 Y8.066
G1 X11.771 Y8.076
G1 X12.430 Y8.656
G1 X12.500 Y8.715
G1 X12.568 Y8.770
G1 X12.644 Y8.825
G1 X12.720 Y8.878
G1 X12.798 Y8.927
G1 X12.874 Y8.973
G1 X12.956 Y9.018
G1 X13.031 Y9.058
G1 X13.109 Y9.095
G1 X13.187 Y9.129
G1 X13.258 Y9.157
G1 X13.329 Y9.182
G1 X13.396 Y9.201
G1 X13.455 Y9.215
G1 X13.511 Y9.224
G1 X13.563 Y9.228
G1 X13.624 Y9.231
G1 X13.692 Y9.237
G1 X13.767 Y9.247
G1 X13.847 Y9.259
G1 X13.932 Y9.274
G1 X14.021 Y9.291
G1 X14.114 Y9.311
G1 X14.210 Y9.333
G1 X14.308 Y9.357
G1 X14.408 Y9.383
G1 X14.509 Y9.411
G1 X14.610 Y9.440
G1 X14.710 Y9.470
G1 X14.809 Y9.502
G1 X14.907 Y9.535
G1 X15.001 Y9.568
G1 X15.142 Y9.619
G1 X15.267 Y9.664
G1 X15.374 Y9.700
G1 X15.468 Y9.730
G1 X15.544 Y9.751
G1 X15.604 Y9.765
G1 X15.647 Y9.771
G1 X15.650 Y9.771
G1 X15.647 Y9.760
G1 X15.632 Y9.720
G1 X15.610 Y9.669
G1 X15.578 Y9.606
G1 X15.555 Y9.556
G1 X15.531 Y9.498
G1 X15.507 Y9.432
G1 X15.482 Y9.359
G1 X15.456 Y9.278
G1 X15.431 Y9.192
G1 X15.405 Y9.099
G1 X15.379 Y9.002
G1 X15.354 Y8.900
G1 X15.329 Y8.795
G1 X15.304 Y8.688
G1 X15.281 Y8.578
G1 X15.258 Y8.467
G1 X15.236 Y8.356
G1 X15.216 Y8.244
G1 X15.198 Y8.136
G1 X15.178 Y8.027
G1 X15.154 Y7.916
G1 X15.124 Y7.800
G1 X15.124 Y7.800
G1 X15.091 Y7.685
G1 X15.054 Y7.568
G1 X15.013 Y7.451
G1 X14.969 Y7.332
G1 X14.923 Y7.217
G1 X14.875 Y7.107
G1 X14.824 Y6.999
G1 X14.772 Y6.895
G1 X14.717 Y6.794
G1 X14.665 Y6.704
G1 X14.610 Y6.618
G1 X14.555 Y6.541
G1 X14.502 Y6.473
G1 X13.960 Y5.827
G1 X13.951 Y5.815
G1 X13.945 Y5.801
G1 X13.942 Y5.787
G1 X13.941 Y5.772
G1 X13.943 Y5.757
G1 X13.948 Y5.743
G1 X13.956 Y5.730
G1 X13.969 Y5.716
G1 X14.477 Y5.284
G1 X14.536 Y5.235
G1 X14.597 Y5.190
G1 X14.657 Y5.149
G1 X14.719 Y5.112
G1 X14.781 Y5.079
G1 X14.843 Y5.050
G1 X14.906 Y5.025
G1 X14.970 Y5.003
G1 X15.035 Y4.987
G1 X15.100 Y4.974
; Retract
G1 Z1.5000 F2540

; Path 15
; Rapid to initial position
G1 X16.242 Y5.196 F2540
G1 Z0.5000
; plunge
G1 Z-2.6750 F127
; cut
G1 X16.286 Y5.228 F1016
G1 X16.362 Y5.286
G1 X16.439 Y5.348
G1 X16.516 Y5.414
G1 X16.594 Y5.484
G1 X16.673 Y5.557
G1 X16.752 Y5.635
G1 X16.804 Y5.687
G1 X16.855 Y5.740
G1 X16.882 Y5.769
G1 X16.880 Y5.765
G1 X16.873 Y5.748
G1 X16.865 Y5.721
G1 X16.853 Y5.668
G1 X16.851 Y5.655
G1 X16.849 Y5.630
G1 X16.849 Y5.617
G1 X16.853 Y5.555
G1 X16.856 Y5.536
G1 X16.867 Y5.477
G1 X16.874 Y5.456
G1 X16.891 Y5.411
G1 X16.894 Y5.404
G1 X16.907 Y5.379
G1 X16.929 Y5.344
G1 X16.936 Y5.334
G1 X16.952 Y5.315
G1 X16.961 Y5.306
G1 X16.989 Y5.278
G1 X17.000 Y5.269
G1 X17.002 Y5.268
G1 X16.959 Y5.273
G1 X16.913 Y5.277
G1 X16.868 Y5.280
G1 X16.822 Y5.282
G1 X16.776 Y5.282
G1 X16.731 Y5.281
G1 X16.687 Y5.279
G1 X16.641 Y5.276
G1 X16.597 Y5.271
G1 X16.552 Y5.265
G1 X16.507 Y5.259
G1 X16.464 Y5.251
G1 X16.419 Y5.242
G1 X16.375 Y5.232
G1 X16.329 Y5.221
G1 X16.242 Y5.196
G1 X16.514 Y5.326
G1 X16.562 Y5.367
G1 X16.642 Y5.438
G1 X16.721 Y5.512
G1 X16.784 Y5.573
G1 X16.786 Y5.546
G1 X16.789 Y5.523
G1 X16.802 Y5.459
G1 X16.810 Y5.434
G1 X16.828 Y5.385
G1 X16.833 Y5.375
G1 X16.848 Y5.346
G1 X16.822 Y5.347
G1 X16.775 Y5.347
G1 X16.728 Y5.347
G1 X16.682 Y5.344
G1 X16.634 Y5.341
G1 X16.588 Y5.336
G1 X16.541 Y5.330
G1 X16.514 Y5.326
G1 X16.711 Y5.411
G1 X16.738 Y5.437
G1 X16.746 Y5.412
G1 X16.724 Y5.412
G1 X16.711 Y5.411
G1 X16.938 Y5.479
G1 X16.955 Y5.433
G1 X16.965 Y5.413
G1 X16.986 Y5.380
G1 X16.990 Y5.374
G1 X17.003 Y5.358
G1 X17.009 Y5.352
G1 X17.035 Y5.327
G1 X17.042 Y5.321
G1 X17.059 Y5.309
G1 X17.065 Y5.304
G1 X17.097 Y5.286
G1 X17.104 Y5.283
G1 X17.123 Y5.275
G1 X17.131 Y5.272
G1 X17.175 Y5.260
G1 X17.192 Y5.257
G1 X17.199 Y5.256
G1 X17.247 Y5.252
G1 X17.267 Y5.252
G1 X17.320 Y5.256
G1 X17.334 Y5.258
G1 X17.391 Y5.270
G1 X17.403 Y5.273
G1 X17.474 Y5.295
G1 X17.547 Y5.324
G1 X17.623 Y5.360
G1 X17.703 Y5.403
G1 X17.788 Y5.452
G1 X17.877 Y5.510
G1 X17.974 Y5.577
G1 X17.982 Y5.584
G1 X18.044 Y5.637
G1 X18.050 Y5.642
G1 X18.063 Y5.657
G1 X18.069 Y5.663
G1 X18.102 Y5.710
G1 X18.110 Y5.723
G1 X18.115 Y5.734
G1 X18.120 Y5.748
G1 X18.122 Y5.759
G1 X18.125 Y5.774
G1 X18.126 Y5.785
G1 X18.125 Y5.802
G1 X18.121 Y5.839
G1 X18.118 Y5.854
G1 X18.114 Y5.866
G1 X18.109 Y5.880
G1 X18.103 Y5.890
G1 X18.095 Y5.903
G1 X18.088 Y5.912
G1 X18.077 Y5.923
G1 X18.068 Y5.932
G1 X18.052 Y5.943
G1 X18.009 Y5.969
G1 X17.995 Y5.975
G1 X17.984 Y5.980
G1 X17.965 Y5.985
G1 X17.889 Y6.001
G1 X17.873 Y6.003
G1 X17.756 Y6.012
G1 X17.602 Y6.015
G1 X17.491 Y6.011
G1 X17.478 Y6.010
G1 X17.374 Y5.996
G1 X17.362 Y5.993
G1 X17.266 Y5.970
G1 X17.253 Y5.966
G1 X17.169 Y5.935
G1 X17.153 Y5.927
G1 X17.081 Y5.888
G1 X17.062 Y5.875
G1 X17.012 Y5.834
G1 X17.006 Y5.827
G1 X16.991 Y5.811
G1 X16.985 Y5.804
G1 X16.950 Y5.753
G1 X16.943 Y5.740
G1 X16.938 Y5.729
G1 X16.931 Y5.708
G1 X16.920 Y5.659
G1 X16.919 Y5.650
G1 X16.917 Y5.629
G1 X16.917 Y5.621
G1 X16.920 Y5.562
G1 X16.922 Y5.548
G1 X16.933 Y5.496
G1 X16.938 Y5.479
G1 X17.002 Y5.500
G1 X17.017 Y5.461
G1 X17.024 Y5.446
G1 X17.044 Y5.414
G1 X17.057 Y5.398
G1 X17.083 Y5.373
G1 X17.100 Y5.360
G1 X17.132 Y5.343
G1 X17.150 Y5.335
G1 X17.188 Y5.324
G1 X17.205 Y5.321
G1 X17.247 Y5.317
G1 X17.261 Y5.317
G1 X17.310 Y5.321
G1 X17.320 Y5.322
G1 X17.374 Y5.333
G1 X17.382 Y5.335
G1 X17.448 Y5.355
G1 X17.517 Y5.382
G1 X17.590 Y5.417
G1 X17.668 Y5.458
G1 X17.750 Y5.506
G1 X17.837 Y5.562
G1 X17.931 Y5.628
G1 X17.937 Y5.633
G1 X17.999 Y5.685
G1 X18.013 Y5.700
G1 X18.043 Y5.741
G1 X18.050 Y5.755
G1 X18.055 Y5.769
G1 X18.058 Y5.783
G1 X18.057 Y5.795
G1 X18.054 Y5.827
G1 X18.051 Y5.842
G1 X18.045 Y5.856
G1 X18.037 Y5.868
G1 X18.027 Y5.880
G1 X18.015 Y5.888
G1 X17.978 Y5.911
G1 X17.964 Y5.918
G1 X17.950 Y5.922
G1 X17.878 Y5.937
G1 X17.867 Y5.938
G1 X17.754 Y5.947
G1 X17.604 Y5.950
G1 X17.496 Y5.946
G1 X17.488 Y5.946
G1 X17.387 Y5.932
G1 X17.378 Y5.930
G1 X17.287 Y5.908
G1 X17.277 Y5.905
G1 X17.198 Y5.876
G1 X17.186 Y5.871
G1 X17.120 Y5.835
G1 X17.107 Y5.826
G1 X17.057 Y5.784
G1 X17.042 Y5.768
G1 X17.010 Y5.722
G1 X17.003 Y5.709
G1 X16.998 Y5.694
G1 X16.987 Y5.645
G1 X16.985 Y5.624
G1 X16.988 Y5.570
G1 X16.989 Y5.559
G1 X16.998 Y5.513
G1 X17.002 Y5.500
; Retract
G1 Z1.5000 F2540

; Path 16
; Rapid to initial position
G1 X17.007 Y5.915 F2540
G1 Z0.5000
; plunge
G1 Z-2.6750 F127
; cut
G1 X17.014 Y5.924 F1016
G1 X17.035 Y5.952
G1 X17.056 Y5.981
G1 X17.074 Y6.008
G1 X17.094 Y6.039
G1 X17.112 Y6.067
G1 X17.130 Y6.098
G1 X17.147 Y6.129
G1 X17.164 Y6.161
G1 X17.180 Y6.192
G1 X17.195 Y6.225
G1 X17.210 Y6.259
G1 X17.224 Y6.293
G1 X17.238 Y6.328
G1 X17.251 Y6.364
G1 X17.263 Y6.400
G1 X17.275 Y6.438
G1 X17.286 Y6.476
G1 X17.297 Y6.516
G1 X17.308 Y6.557
G1 X17.317 Y6.598
G1 X17.327 Y6.641
G1 X17.336 Y6.684
G1 X17.344 Y6.728
G1 X17.346 Y6.708
G1 X17.353 Y6.650
G1 X17.362 Y6.594
G1 X17.373 Y6.541
G1 X17.387 Y6.491
G1 X17.401 Y6.451
G1 X17.406 Y6.439
G1 X17.422 Y6.405
G1 X17.429 Y6.392
G1 X17.448 Y6.359
G1 X17.459 Y6.344
G1 X17.481 Y6.315
G1 X17.496 Y6.300
G1 X17.523 Y6.274
G1 X17.538 Y6.261
G1 X17.567 Y6.240
G1 X17.587 Y6.229
G1 X17.619 Y6.212
G1 X17.638 Y6.204
G1 X17.671 Y6.192
G1 X17.689 Y6.187
G1 X17.725 Y6.179
G1 X17.741 Y6.176
G1 X17.790 Y6.171
G1 X17.838 Y6.169
G1 X17.885 Y6.171
G1 X17.934 Y6.174
G1 X17.982 Y6.180
G1 X18.032 Y6.187
G1 X18.084 Y6.196
G1 X18.137 Y6.206
G1 X18.193 Y6.217
G1 X18.256 Y6.230
G1 X18.407 Y6.264
G1 X18.576 Y6.306
G1 X18.755 Y6.355
G1 X18.940 Y6.409
G1 X19.126 Y6.466
G1 X19.308 Y6.526
G1 X19.480 Y6.586
G1 X19.636 Y6.644
G1 X19.757 Y6.692
G1 X19.866 Y6.736
G1 X19.964 Y6.778
G1 X20.052 Y6.821
G1 X20.117 Y6.858
G1 X20.133 Y6.869
G1 X20.184 Y6.907
G1 X20.189 Y6.911
G1 X20.209 Y6.930
G1 X20.248 Y6.972
G1 X20.260 Y6.989
G1 X20.268 Y7.000
G1 X20.274 Y7.012
G1 X20.297 Y7.059
G1 X20.304 Y7.078
G1 X20.309 Y7.094
G1 X20.312 Y7.115
G1 X20.318 Y7.165
G1 X20.318 Y7.184
G1 X20.318 Y7.199
G1 X20.315 Y7.215
G1 X20.307 Y7.261
G1 X20.304 Y7.271
G1 X20.298 Y7.292
G1 X20.294 Y7.302
G1 X20.269 Y7.358
G1 X20.260 Y7.375
G1 X20.217 Y7.443
G1 X20.166 Y7.512
G1 X20.141 Y7.543
G1 X20.236 Y7.468
G1 X20.369 Y7.368
G1 X20.491 Y7.279
G1 X20.602 Y7.204
G1 X20.690 Y7.150
G1 X20.702 Y7.144
G1 X20.705 Y7.143
G1 X20.710 Y7.110
G1 X20.715 Y7.040
G1 X20.717 Y6.964
G1 X20.715 Y6.866
G1 X20.710 Y6.754
G1 X20.702 Y6.639
G1 X20.702 Y6.637
G1 X20.690 Y6.508
G1 X20.675 Y6.372
G1 X20.658 Y6.230
G1 X20.658 Y6.230
G1 X20.638 Y6.083
G1 X20.637 Y6.081
G1 X20.635 Y6.069
G1 X20.633 Y6.142
G1 X20.629 Y6.222
G1 X20.623 Y6.297
G1 X20.616 Y6.369
G1 X20.606 Y6.437
G1 X20.593 Y6.502
G1 X20.577 Y6.563
G1 X20.561 Y6.607
G1 X20.555 Y6.624
G1 X20.534 Y6.665
G1 X20.520 Y6.687
G1 X20.497 Y6.719
G1 X20.483 Y6.734
G1 X20.473 Y6.744
G1 X20.460 Y6.754
G1 X20.433 Y6.774
G1 X20.420 Y6.783
G1 X20.413 Y6.786
G1 X20.400 Y6.793
G1 X20.393 Y6.796
G1 X20.371 Y6.804
G1 X20.357 Y6.808
G1 X20.327 Y6.815
G1 X20.311 Y6.817
G1 X20.303 Y6.818
G1 X20.281 Y6.818
G1 X20.258 Y6.817
G1 X20.246 Y6.815
G1 X20.185 Y6.804
G1 X20.164 Y6.799
G1 X20.075 Y6.770
G1 X19.970 Y6.728
G1 X19.849 Y6.675
G1 X19.714 Y6.611
G1 X19.568 Y6.540
G1 X19.413 Y6.461
G1 X19.254 Y6.378
G1 X19.092 Y6.290
G1 X18.932 Y6.201
G1 X18.776 Y6.112
G1 X18.628 Y6.025
G1 X18.490 Y5.940
G1 X18.366 Y5.860
G1 X18.256 Y5.785
G1 X18.185 Y5.730
G1 X18.186 Y5.732
G1 X18.190 Y5.749
G1 X18.193 Y5.770
G1 X18.193 Y5.787
G1 X18.193 Y5.808
G1 X18.188 Y5.851
G1 X18.183 Y5.872
G1 X18.178 Y5.890
G1 X18.170 Y5.909
G1 X18.161 Y5.924
G1 X18.149 Y5.942
G1 X18.138 Y5.956
G1 X18.123 Y5.971
G1 X18.108 Y5.984
G1 X18.088 Y5.998
G1 X18.041 Y6.026
G1 X18.021 Y6.036
G1 X18.010 Y6.040
G1 X18.003 Y6.042
G1 X17.979 Y6.049
G1 X17.898 Y6.066
G1 X17.878 Y6.068
G1 X17.757 Y6.077
G1 X17.599 Y6.080
G1 X17.484 Y6.076
G1 X17.469 Y6.075
G1 X17.360 Y6.060
G1 X17.345 Y6.056
G1 X17.245 Y6.032
G1 X17.228 Y6.027
G1 X17.139 Y5.993
G1 X17.119 Y5.984
G1 X17.047 Y5.945
G1 X17.041 Y5.941
G1 X17.018 Y5.924
G1 X17.007 Y5.915
G1 X17.201 Y6.086
G1 X17.208 Y6.099
G1 X17.226 Y6.133
G1 X17.242 Y6.165
G1 X17.258 Y6.200
G1 X17.274 Y6.236
G1 X17.288 Y6.270
G1 X17.302 Y6.307
G1 X17.316 Y6.344
G1 X17.328 Y6.381
G1 X17.341 Y6.421
G1 X17.344 Y6.413
G1 X17.361 Y6.376
G1 X17.370 Y6.360
G1 X17.391 Y6.323
G1 X17.404 Y6.305
G1 X17.430 Y6.272
G1 X17.447 Y6.254
G1 X17.479 Y6.224
G1 X17.497 Y6.209
G1 X17.531 Y6.185
G1 X17.555 Y6.171
G1 X17.591 Y6.153
G1 X17.609 Y6.145
G1 X17.596 Y6.146
G1 X17.478 Y6.141
G1 X17.459 Y6.139
G1 X17.346 Y6.123
G1 X17.328 Y6.120
G1 X17.223 Y6.094
G1 X17.203 Y6.087
G1 X17.201 Y6.086
G1 X17.326 Y6.186
G1 X17.337 Y6.212
G1 X17.352 Y6.248
G1 X17.356 Y6.258
G1 X17.379 Y6.229
G1 X17.400 Y6.207
G1 X17.410 Y6.198
G1 X17.331 Y6.187
G1 X17.326 Y6.186
G1 X17.533 Y6.358
G1 X17.544 Y6.345
G1 X17.567 Y6.323
G1 X17.579 Y6.313
G1 X17.604 Y6.295
G1 X17.619 Y6.286
G1 X17.646 Y6.272
G1 X17.662 Y6.265
G1 X17.691 Y6.255
G1 X17.705 Y6.250
G1 X17.737 Y6.243
G1 X17.750 Y6.241
G1 X17.793 Y6.236
G1 X17.836 Y6.234
G1 X17.880 Y6.236
G1 X17.925 Y6.239
G1 X17.972 Y6.244
G1 X18.020 Y6.252
G1 X18.070 Y6.260
G1 X18.123 Y6.270
G1 X18.179 Y6.281
G1 X18.240 Y6.293
G1 X18.390 Y6.327
G1 X18.557 Y6.369
G1 X18.735 Y6.417
G1 X18.919 Y6.471
G1 X19.104 Y6.528
G1 X19.285 Y6.587
G1 X19.456 Y6.647
G1 X19.610 Y6.704
G1 X19.731 Y6.752
G1 X19.838 Y6.795
G1 X19.933 Y6.836
G1 X20.017 Y6.877
G1 X20.079 Y6.912
G1 X20.092 Y6.920
G1 X20.142 Y6.958
G1 X20.158 Y6.973
G1 X20.193 Y7.011
G1 X20.202 Y7.023
G1 X20.207 Y7.031
G1 X20.213 Y7.040
G1 X20.233 Y7.082
G1 X20.239 Y7.096
G1 X20.242 Y7.106
G1 X20.245 Y7.122
G1 X20.250 Y7.167
G1 X20.250 Y7.181
G1 X20.250 Y7.191
G1 X20.248 Y7.204
G1 X20.240 Y7.246
G1 X20.239 Y7.253
G1 X20.234 Y7.270
G1 X20.231 Y7.277
G1 X20.209 Y7.328
G1 X20.201 Y7.342
G1 X20.162 Y7.406
G1 X20.113 Y7.472
G1 X20.054 Y7.543
G1 X19.986 Y7.623
G1 X19.905 Y7.715
G1 X19.785 Y7.842
G1 X19.654 Y7.967
G1 X19.514 Y8.087
G1 X19.368 Y8.202
G1 X19.216 Y8.312
G1 X19.062 Y8.415
G1 X18.907 Y8.509
G1 X18.752 Y8.595
G1 X18.600 Y8.672
G1 X18.451 Y8.737
G1 X18.308 Y8.790
G1 X18.182 Y8.828
G1 X18.171 Y8.831
G1 X18.055 Y8.854
G1 X18.039 Y8.856
G1 X17.934 Y8.864
G1 X17.912 Y8.863
G1 X17.822 Y8.853
G1 X17.807 Y8.850
G1 X17.797 Y8.848
G1 X17.786 Y8.843
G1 X17.715 Y8.815
G1 X17.701 Y8.808
G1 X17.692 Y8.802
G1 X17.677 Y8.790
G1 X17.653 Y8.770
G1 X17.648 Y8.764
G1 X17.635 Y8.751
G1 X17.631 Y8.745
G1 X17.606 Y8.710
G1 X17.597 Y8.696
G1 X17.569 Y8.642
G1 X17.544 Y8.582
G1 X17.522 Y8.515
G1 X17.501 Y8.441
G1 X17.482 Y8.361
G1 X17.465 Y8.274
G1 X17.450 Y8.181
G1 X17.436 Y8.083
G1 X17.424 Y7.980
G1 X17.414 Y7.874
G1 X17.406 Y7.763
G1 X17.400 Y7.650
G1 X17.396 Y7.534
G1 X17.395 Y7.418
G1 X17.396 Y7.225
G1 X17.396 Y7.137
G1 X17.397 Y7.055
G1 X17.399 Y6.978
G1 X17.401 Y6.906
G1 X17.404 Y6.838
G1 X17.408 Y6.775
G1 X17.414 Y6.716
G1 X17.420 Y6.660
G1 X17.429 Y6.607
G1 X17.439 Y6.558
G1 X17.452 Y6.511
G1 X17.464 Y6.475
G1 X17.468 Y6.466
G1 X17.483 Y6.434
G1 X17.488 Y6.424
G1 X17.505 Y6.395
G1 X17.513 Y6.383
G1 X17.533 Y6.358
G1 X17.585 Y6.400
G1 X17.593 Y6.391
G1 X17.611 Y6.372
G1 X17.621 Y6.365
G1 X17.641 Y6.350
G1 X17.652 Y6.343
G1 X17.675 Y6.331
G1 X17.686 Y6.326
G1 X17.711 Y6.317
G1 X17.721 Y6.314
G1 X17.749 Y6.307
G1 X17.758 Y6.306
G1 X17.796 Y6.301
G1 X17.835 Y6.300
G1 X17.875 Y6.301
G1 X17.917 Y6.304
G1 X17.961 Y6.309
G1 X18.008 Y6.316
G1 X18.057 Y6.324
G1 X18.110 Y6.334
G1 X18.165 Y6.345
G1 X18.225 Y6.357
G1 X18.373 Y6.390
G1 X18.538 Y6.431
G1 X18.715 Y6.480
G1 X18.898 Y6.533
G1 X19.082 Y6.590
G1 X19.261 Y6.648
G1 X19.431 Y6.707
G1 X19.584 Y6.765
G1 X19.705 Y6.812
G1 X19.810 Y6.855
G1 X19.902 Y6.894
G1 X19.982 Y6.933
G1 X20.041 Y6.967
G1 X20.050 Y6.972
G1 X20.095 Y7.006
G1 X20.107 Y7.016
G1 X20.138 Y7.050
G1 X20.148 Y7.062
G1 X20.151 Y7.069
G1 X20.169 Y7.104
G1 X20.175 Y7.118
G1 X20.177 Y7.130
G1 X20.182 Y7.168
G1 X20.183 Y7.183
G1 X20.181 Y7.192
G1 X20.173 Y7.235
G1 X20.168 Y7.252
G1 X20.148 Y7.299
G1 X20.143 Y7.309
G1 X20.106 Y7.368
G1 X20.059 Y7.432
G1 X20.002 Y7.502
G1 X19.934 Y7.581
G1 X19.855 Y7.671
G1 X19.737 Y7.796
G1 X19.608 Y7.919
G1 X19.471 Y8.037
G1 X19.327 Y8.150
G1 X19.178 Y8.258
G1 X19.026 Y8.360
G1 X18.873 Y8.453
G1 X18.721 Y8.538
G1 X18.571 Y8.612
G1 X18.427 Y8.676
G1 X18.288 Y8.728
G1 X18.165 Y8.765
G1 X18.157 Y8.767
G1 X18.045 Y8.790
G1 X18.034 Y8.791
G1 X17.935 Y8.799
G1 X17.919 Y8.798
G1 X17.836 Y8.789
G1 X17.821 Y8.786
G1 X17.813 Y8.784
G1 X17.747 Y8.757
G1 X17.733 Y8.750
G1 X17.723 Y8.742
G1 X17.699 Y8.721
G1 X17.687 Y8.708
G1 X17.664 Y8.677
G1 X17.658 Y8.667
G1 X17.632 Y8.618
G1 X17.609 Y8.562
G1 X17.588 Y8.498
G1 X17.568 Y8.427
G1 X17.549 Y8.348
G1 X17.532 Y8.263
G1 X17.517 Y8.172
G1 X17.503 Y8.076
G1 X17.492 Y7.975
G1 X17.482 Y7.869
G1 X17.474 Y7.760
G1 X17.468 Y7.648
G1 X17.464 Y7.534
G1 X17.463 Y7.418
G1 X17.463 Y7.226
G1 X17.464 Y7.138
G1 X17.465 Y7.056
G1 X17.467 Y6.980
G1 X17.469 Y6.908
G1 X17.472 Y6.842
G1 X17.476 Y6.780
G1 X17.481 Y6.723
G1 X17.488 Y6.670
G1 X17.495 Y6.620
G1 X17.505 Y6.574
G1 X17.516 Y6.532
G1 X17.528 Y6.499
G1 X17.531 Y6.492
G1 X17.544 Y6.463
G1 X17.548 Y6.456
G1 X17.562 Y6.430
G1 X17.568 Y6.421
G1 X17.585 Y6.400
; Retract
G1 Z1.5000 F2540

; Path 17
; Rapid to initial position
G1 X17.984 Y6.115 F2540
G1 Z0.5000
; plunge
G1 Z-2.6750 F127
; cut
G1 X17.993 Y6.116 F1016
G1 X18.043 Y6.123
G1 X18.097 Y6.132
G1 X18.150 Y6.142
G1 X18.208 Y6.153
G1 X18.271 Y6.167
G1 X18.425 Y6.201
G1 X18.594 Y6.244
G1 X18.775 Y6.293
G1 X18.961 Y6.347
G1 X19.148 Y6.405
G1 X19.192 Y6.419
G1 X19.058 Y6.347
G1 X18.897 Y6.257
G1 X18.740 Y6.168
G1 X18.591 Y6.080
G1 X18.452 Y5.994
G1 X18.326 Y5.913
G1 X18.254 Y5.864
G1 X18.254 Y5.864
G1 X18.248 Y5.891
G1 X18.241 Y5.914
G1 X18.230 Y5.938
G1 X18.218 Y5.960
G1 X18.203 Y5.982
G1 X18.188 Y6.000
G1 X18.168 Y6.020
G1 X18.148 Y6.037
G1 X18.124 Y6.053
G1 X18.071 Y6.084
G1 X18.047 Y6.096
G1 X18.032 Y6.102
G1 X18.022 Y6.105
G1 X17.993 Y6.113
G1 X17.984 Y6.115
G1 X18.194 Y6.084
G1 X18.222 Y6.090
G1 X18.287 Y6.103
G1 X18.442 Y6.138
G1 X18.613 Y6.181
G1 X18.650 Y6.191
G1 X18.554 Y6.134
G1 X18.414 Y6.048
G1 X18.290 Y5.969
G1 X18.290 Y5.969
G1 X18.275 Y5.996
G1 X18.256 Y6.023
G1 X18.237 Y6.045
G1 X18.213 Y6.069
G1 X18.194 Y6.084
G1 X18.445 Y5.754
G1 X18.341 Y5.683
G1 X18.256 Y5.618
G1 X18.215 Y5.580
G1 X18.207 Y5.573
G1 X18.174 Y5.534
G1 X18.166 Y5.523
G1 X18.142 Y5.482
G1 X18.136 Y5.468
G1 X18.120 Y5.425
G1 X18.116 Y5.410
G1 X18.109 Y5.363
G1 X18.108 Y5.348
G1 X18.110 Y5.298
G1 X18.112 Y5.285
G1 X18.124 Y5.231
G1 X18.127 Y5.221
G1 X18.149 Y5.162
G1 X18.152 Y5.155
G1 X18.187 Y5.085
G1 X18.231 Y5.012
G1 X18.286 Y4.933
G1 X18.350 Y4.848
G1 X18.425 Y4.756
G1 X18.511 Y4.657
G1 X18.609 Y4.549
G1 X18.717 Y4.433
G1 X18.803 Y4.344
G1 X18.884 Y4.260
G1 X18.961 Y4.181
G1 X19.034 Y4.108
G1 X19.104 Y4.040
G1 X19.171 Y3.977
G1 X19.234 Y3.920
G1 X19.294 Y3.867
G1 X19.352 Y3.820
G1 X19.407 Y3.779
G1 X19.460 Y3.742
G1 X19.512 Y3.710
G1 X19.562 Y3.684
G1 X19.604 Y3.665
G1 X19.612 Y3.662
G1 X19.652 Y3.650
G1 X19.662 Y3.647
G1 X19.699 Y3.639
G1 X19.711 Y3.638
G1 X19.747 Y3.635
G1 X19.760 Y3.636
G1 X19.795 Y3.638
G1 X19.809 Y3.641
G1 X19.841 Y3.649
G1 X19.854 Y3.653
G1 X19.886 Y3.666
G1 X19.897 Y3.672
G1 X19.928 Y3.691
G1 X19.937 Y3.697
G1 X19.966 Y3.721
G1 X19.973 Y3.727
G1 X20.001 Y3.756
G1 X20.007 Y3.762
G1 X20.038 Y3.800
G1 X20.068 Y3.844
G1 X20.097 Y3.891
G1 X20.125 Y3.943
G1 X20.152 Y4.000
G1 X20.180 Y4.061
G1 X20.207 Y4.126
G1 X20.235 Y4.196
G1 X20.264 Y4.273
G1 X20.288 Y4.341
G1 X20.310 Y4.414
G1 X20.331 Y4.491
G1 X20.351 Y4.573
G1 X20.370 Y4.658
G1 X20.388 Y4.746
G1 X20.404 Y4.837
G1 X20.419 Y4.930
G1 X20.433 Y5.025
G1 X20.446 Y5.121
G1 X20.457 Y5.218
G1 X20.467 Y5.316
G1 X20.476 Y5.414
G1 X20.484 Y5.510
G1 X20.490 Y5.606
G1 X20.495 Y5.701
G1 X20.498 Y5.793
G1 X20.500 Y5.884
G1 X20.501 Y5.971
G1 X20.500 Y6.055
G1 X20.497 Y6.136
G1 X20.494 Y6.212
G1 X20.488 Y6.284
G1 X20.481 Y6.351
G1 X20.472 Y6.413
G1 X20.461 Y6.470
G1 X20.448 Y6.522
G1 X20.435 Y6.560
G1 X20.431 Y6.569
G1 X20.416 Y6.600
G1 X20.409 Y6.612
G1 X20.393 Y6.635
G1 X20.383 Y6.646
G1 X20.376 Y6.652
G1 X20.358 Y6.666
G1 X20.345 Y6.674
G1 X20.325 Y6.681
G1 X20.306 Y6.686
G1 X20.290 Y6.688
G1 X20.270 Y6.687
G1 X20.220 Y6.678
G1 X20.208 Y6.675
G1 X20.127 Y6.649
G1 X20.027 Y6.609
G1 X19.909 Y6.558
G1 X19.776 Y6.495
G1 X19.632 Y6.425
G1 X19.479 Y6.347
G1 X19.320 Y6.264
G1 X19.160 Y6.178
G1 X19.002 Y6.089
G1 X18.847 Y6.001
G1 X18.701 Y5.915
G1 X18.566 Y5.832
G1 X18.445 Y5.754
G1 X18.013 Y5.524
G1 X18.007 Y5.511
G1 X17.988 Y5.457
G1 X17.983 Y5.439
G1 X17.981 Y5.428
G1 X17.973 Y5.375
G1 X17.973 Y5.368
G1 X17.972 Y5.342
G1 X17.976 Y5.281
G1 X17.979 Y5.258
G1 X17.993 Y5.196
G1 X17.999 Y5.178
G1 X18.023 Y5.113
G1 X18.029 Y5.098
G1 X18.069 Y5.020
G1 X18.118 Y4.939
G1 X18.176 Y4.856
G1 X18.243 Y4.768
G1 X18.321 Y4.673
G1 X18.409 Y4.572
G1 X18.506 Y4.464
G1 X18.481 Y4.485
G1 X18.422 Y4.532
G1 X18.363 Y4.579
G1 X18.305 Y4.624
G1 X18.248 Y4.667
G1 X18.192 Y4.708
G1 X18.137 Y4.749
G1 X18.082 Y4.787
G1 X18.028 Y4.824
G1 X17.976 Y4.859
G1 X17.923 Y4.894
G1 X17.871 Y4.926
G1 X17.820 Y4.957
G1 X17.769 Y4.987
G1 X17.720 Y5.015
G1 X17.669 Y5.042
G1 X17.621 Y5.067
G1 X17.571 Y5.091
G1 X17.523 Y5.113
G1 X17.474 Y5.135
G1 X17.427 Y5.154
G1 X17.379 Y5.172
G1 X17.332 Y5.189
G1 X17.324 Y5.191
G1 X17.330 Y5.192
G1 X17.349 Y5.195
G1 X17.408 Y5.207
G1 X17.424 Y5.211
G1 X17.500 Y5.235
G1 X17.577 Y5.265
G1 X17.656 Y5.303
G1 X17.739 Y5.347
G1 X17.826 Y5.398
G1 X17.918 Y5.457
G1 X18.013 Y5.524
G1 X17.905 Y5.371
G1 X17.905 Y5.370
G1 X17.904 Y5.338
G1 X17.908 Y5.271
G1 X17.913 Y5.244
G1 X17.928 Y5.178
G1 X17.935 Y5.156
G1 X17.961 Y5.087
G1 X17.968 Y5.070
G1 X18.010 Y4.988
G1 X18.061 Y4.903
G1 X18.090 Y4.862
G1 X18.067 Y4.878
G1 X18.014 Y4.913
G1 X17.960 Y4.948
G1 X17.908 Y4.981
G1 X17.856 Y5.013
G1 X17.803 Y5.043
G1 X17.753 Y5.071
G1 X17.701 Y5.100
G1 X17.652 Y5.125
G1 X17.600 Y5.150
G1 X17.551 Y5.172
G1 X17.536 Y5.179
G1 X17.607 Y5.207
G1 X17.689 Y5.246
G1 X17.774 Y5.291
G1 X17.864 Y5.344
G1 X17.905 Y5.371
G1 X17.842 Y5.255
G1 X17.846 Y5.230
G1 X17.863 Y5.159
G1 X17.871 Y5.134
G1 X17.897 Y5.065
G1 X17.891 Y5.068
G1 X17.838 Y5.100
G1 X17.787 Y5.128
G1 X17.733 Y5.157
G1 X17.695 Y5.176
G1 X17.723 Y5.189
G1 X17.810 Y5.236
G1 X17.842 Y5.255
G1 X19.505 Y3.566
G1 X19.506 Y3.565
G1 X19.555 Y3.544
G1 X19.568 Y3.539
G1 X19.616 Y3.524
G1 X19.634 Y3.519
G1 X19.682 Y3.510
G1 X19.702 Y3.508
G1 X19.749 Y3.505
G1 X19.773 Y3.506
G1 X19.818 Y3.510
G1 X19.843 Y3.515
G1 X19.888 Y3.526
G1 X19.909 Y3.534
G1 X19.920 Y3.539
G1 X19.905 Y3.503
G1 X19.898 Y3.483
G1 X19.882 Y3.424
G1 X19.878 Y3.401
G1 X19.873 Y3.341
G1 X19.873 Y3.318
G1 X19.878 Y3.257
G1 X19.881 Y3.235
G1 X19.893 Y3.189
G1 X19.765 Y3.314
G1 X19.681 Y3.396
G1 X19.520 Y3.551
G1 X19.505 Y3.566
G1 X19.730 Y3.441
G1 X19.750 Y3.440
G1 X19.779 Y3.441
G1 X19.818 Y3.445
G1 X19.815 Y3.434
G1 X19.810 Y3.407
G1 X19.807 Y3.366
G1 X19.730 Y3.441
; Retract
G1 Z1.5000 F2540

; Path 18
; Rapid to initial position
G1 X21.266 Y1.836 F2540
G1 Z0.5000
; plunge
G1 Z-2.6750 F127
; cut
G1 X21.315 Y1.799 F1016
G1 X21.387 Y1.745
G1 X21.456 Y1.695
G1 X21.520 Y1.650
G1 X21.580 Y1.608
G1 X21.637 Y1.570
G1 X21.797 Y1.469
G1 X21.632 Y1.364
G1 X21.577 Y1.327
G1 X21.518 Y1.286
G1 X21.454 Y1.240
G1 X21.386 Y1.191
G1 X21.314 Y1.137
G1 X21.264 Y1.099
G1 X21.498 Y1.330
G1 X21.508 Y1.341
G1 X21.512 Y1.347
G1 X21.522 Y1.362
G1 X21.532 Y1.380
G1 X21.539 Y1.397
G1 X21.545 Y1.416
G1 X21.549 Y1.434
G1 X21.552 Y1.455
G1 X21.552 Y1.473
G1 X21.550 Y1.494
G1 X21.547 Y1.512
G1 X21.542 Y1.533
G1 X21.535 Y1.549
G1 X21.529 Y1.563
G1 X21.526 Y1.569
G1 X21.518 Y1.581
G1 X21.514 Y1.587
G1 X21.498 Y1.607
G1 X21.490 Y1.616
G1 X21.266 Y1.836
G1 X21.618 Y1.504
G1 X21.674 Y1.469
G1 X21.617 Y1.433
G1 X21.620 Y1.454
G1 X21.620 Y1.478
G1 X21.618 Y1.504
; Retract
G1 Z1.5000 F2540

; Path 19
; Rapid to initial position
G1 X20.629 Y-3.597 F2540
G1 Z0.5000
; plunge
G1 Z-2.6750 F127
; cut
G1 X20.639 Y-3.696 F1016
G1 X20.650 Y-3.818
G1 X20.657 Y-3.927
G1 X20.661 Y-4.023
G1 X20.660 Y-4.097
G1 X20.657 Y-4.164
G1 X20.614 Y-4.191
G1 X20.557 Y-4.229
G1 X20.493 Y-4.273
G1 X20.422 Y-4.324
G1 X20.365 Y-4.365
G1 X20.371 Y-4.346
G1 X20.374 Y-4.331
G1 X20.385 Y-4.273
G1 X20.386 Y-4.247
G1 X20.386 Y-4.225
G1 X20.385 Y-4.206
G1 X20.377 Y-4.151
G1 X20.370 Y-4.125
G1 X20.362 Y-4.103
G1 X20.353 Y-4.082
G1 X20.330 Y-4.037
G1 X20.321 Y-4.024
G1 X20.303 Y-3.998
G1 X20.291 Y-3.983
G1 X20.252 Y-3.941
G1 X20.244 Y-3.934
G1 X20.250 Y-3.935
G1 X20.279 Y-3.935
G1 X20.295 Y-3.934
G1 X20.307 Y-3.933
G1 X20.343 Y-3.926
G1 X20.380 Y-3.916
G1 X20.407 Y-3.906
G1 X20.429 Y-3.895
G1 X20.452 Y-3.881
G1 X20.472 Y-3.867
G1 X20.491 Y-3.850
G1 X20.522 Y-3.821
G1 X20.538 Y-3.802
G1 X20.551 Y-3.785
G1 X20.561 Y-3.769
G1 X20.586 Y-3.724
G1 X20.596 Y-3.700
G1 X20.615 Y-3.650
G1 X20.621 Y-3.631
G1 X20.629 Y-3.597
G1 X20.584 Y-3.851
G1 X20.589 Y-3.931
G1 X20.593 Y-4.025
G1 X20.592 Y-4.094
G1 X20.591 Y-4.128
G1 X20.576 Y-4.138
G1 X20.518 Y-4.176
G1 X20.454 Y-4.220
G1 X20.454 Y-4.219
G1 X20.452 Y-4.198
G1 X20.443 Y-4.136
G1 X20.435 Y-4.104
G1 X20.425 Y-4.077
G1 X20.414 Y-4.053
G1 X20.388 Y-4.004
G1 X20.378 Y-3.987
G1 X20.376 Y-3.985
G1 X20.405 Y-3.976
G1 X20.437 Y-3.964
G1 X20.465 Y-3.951
G1 X20.494 Y-3.933
G1 X20.517 Y-3.916
G1 X20.540 Y-3.896
G1 X20.575 Y-3.862
G1 X20.584 Y-3.851
G1 X20.523 Y-3.992
G1 X20.525 Y-4.027
G1 X20.524 Y-4.091
G1 X20.524 Y-4.092
G1 X20.505 Y-4.105
G1 X20.499 Y-4.082
G1 X20.487 Y-4.052
G1 X20.475 Y-4.024
G1 X20.473 Y-4.020
G1 X20.501 Y-4.006
G1 X20.523 Y-3.992
; Retract
G1 Z1.5000 F2540

; Path 20
; Rapid to initial position
G1 X17.743 Y-6.030 F2540
G1 Z0.5000
; plunge
G1 Z-2.6750 F127
; cut
G1 X17.740 Y-6.033 F1016
G1 X17.727 Y-6.041
G1 X17.684 Y-6.074
G1 X17.674 Y-6.083
G1 X17.633 Y-6.121
G1 X17.624 Y-6.130
G1 X17.580 Y-6.181
G1 X17.541 Y-6.236
G1 X17.505 Y-6.294
G1 X17.501 Y-6.302
G1 X17.489 Y-5.913
G1 X17.482 Y-5.716
G1 X17.503 Y-5.765
G1 X17.511 Y-5.781
G1 X17.549 Y-5.848
G1 X17.561 Y-5.864
G1 X17.606 Y-5.922
G1 X17.623 Y-5.940
G1 X17.668 Y-5.981
G1 X17.674 Y-5.986
G1 X17.698 Y-6.003
G1 X17.743 Y-6.030
G1 X17.629 Y-6.034
G1 X17.626 Y-6.036
G1 X17.582 Y-6.078
G1 X17.572 Y-6.089
G1 X17.563 Y-6.099
G1 X17.559 Y-5.969
G1 X17.576 Y-5.987
G1 X17.624 Y-6.031
G1 X17.629 Y-6.034
; Retract
G1 Z1.5000 F2540

; Path 21
; Rapid to initial position
G1 X17.478 Y-7.698 F2540
G1 Z0.5000
; plunge
G1 Z-2.6750 F127
; cut
G1 X17.485 Y-7.748 F1016
G1 X17.504 Y-7.865
G1 X17.526 Y-7.985
G1 X17.550 Y-8.109
G1 X17.730 Y-9.010
G1 X17.332 Y-8.868
G1 X17.229 Y-8.833
G1 X17.126 Y-8.802
G1 X17.023 Y-8.774
G1 X16.919 Y-8.750
G1 X16.815 Y-8.730
G1 X16.711 Y-8.712
G1 X16.670 Y-8.707
G1 X17.359 Y-8.709
G1 X17.374 Y-8.708
G1 X17.386 Y-8.706
G1 X17.401 Y-8.702
G1 X17.413 Y-8.698
G1 X17.427 Y-8.691
G1 X17.437 Y-8.685
G1 X17.450 Y-8.676
G1 X17.459 Y-8.668
G1 X17.470 Y-8.657
G1 X17.478 Y-8.648
G1 X17.486 Y-8.635
G1 X17.492 Y-8.624
G1 X17.497 Y-8.610
G1 X17.501 Y-8.599
G1 X17.504 Y-8.584
G1 X17.505 Y-8.574
G1 X17.505 Y-8.559
G1 X17.478 Y-7.698
G1 X17.573 Y-8.572
G1 X17.641 Y-8.908
G1 X17.355 Y-8.806
G1 X17.259 Y-8.774
G1 X17.365 Y-8.774
G1 X17.386 Y-8.772
G1 X17.404 Y-8.769
G1 X17.425 Y-8.763
G1 X17.443 Y-8.756
G1 X17.462 Y-8.747
G1 X17.478 Y-8.738
G1 X17.495 Y-8.725
G1 X17.509 Y-8.712
G1 X17.524 Y-8.697
G1 X17.535 Y-8.682
G1 X17.547 Y-8.664
G1 X17.555 Y-8.648
G1 X17.563 Y-8.629
G1 X17.567 Y-8.612
G1 X17.571 Y-8.592
G1 X17.573 Y-8.576
G1 X17.573 Y-8.572
G1 X17.544 Y-8.770
G1 X17.551 Y-8.807
G1 X17.513 Y-8.793
G1 X17.519 Y-8.789
G1 X17.541 Y-8.773
G1 X17.544 Y-8.770
; Retract
G1 Z1.5000 F2540

; Path 22
; Rapid to initial position
G1 X15.322 Y-8.766 F2540
G1 Z0.5000
; plunge
G1 Z-2.6750 F127
; cut
G1 X15.299 Y-8.775 F1016
G1 X15.223 Y-8.810
G1 X15.151 Y-8.849
G1 X15.082 Y-8.892
G1 X15.017 Y-8.940
G1 X14.959 Y-8.991
G1 X14.913 Y-9.037
G1 X14.903 Y-9.048
G1 X14.863 Y-9.097
G1 X14.855 Y-9.109
G1 X14.851 Y-9.114
G1 X14.850 Y-9.107
G1 X14.847 Y-9.088
G1 X14.834 Y-9.040
G1 X14.827 Y-9.021
G1 X14.809 Y-8.977
G1 X14.798 Y-8.956
G1 X14.772 Y-8.916
G1 X14.759 Y-8.899
G1 X14.727 Y-8.861
G1 X14.712 Y-8.847
G1 X14.675 Y-8.814
G1 X14.660 Y-8.803
G1 X14.616 Y-8.773
G1 X14.603 Y-8.765
G1 X14.578 Y-8.753
G1 X14.680 Y-8.756
G1 X14.787 Y-8.759
G1 X14.897 Y-8.761
G1 X15.009 Y-8.763
G1 X15.123 Y-8.764
G1 X15.238 Y-8.765
G1 X15.322 Y-8.766
G1 X15.059 Y-8.829
G1 X15.041 Y-8.840
G1 X14.972 Y-8.891
G1 X14.909 Y-8.946
G1 X14.881 Y-8.975
G1 X14.869 Y-8.947
G1 X14.856 Y-8.923
G1 X14.827 Y-8.878
G1 X14.812 Y-8.857
G1 X14.783 Y-8.824
G1 X14.786 Y-8.824
G1 X14.896 Y-8.826
G1 X15.009 Y-8.828
G1 X15.059 Y-8.829
; Retract
G1 Z1.5000 F2540

; Path 23
; Rapid to initial position
G1 X15.417 Y-6.639 F2540
G1 Z0.5000
; plunge
G1 Z-2.6750 F127
; cut
G1 X15.313 Y-6.604 F1016
G1 X15.189 Y-6.560
G1 X15.059 Y-6.513
G1 X15.092 Y-6.507
G1 X15.112 Y-6.502
G1 X15.146 Y-6.491
G1 X15.169 Y-6.481
G1 X15.199 Y-6.465
G1 X15.216 Y-6.454
G1 X15.225 Y-6.448
G1 X15.243 Y-6.434
G1 X15.252 Y-6.426
G1 X15.267 Y-6.410
G1 X15.275 Y-6.402
G1 X15.288 Y-6.385
G1 X15.294 Y-6.377
G1 X15.306 Y-6.358
G1 X15.312 Y-6.348
G1 X15.315 Y-6.341
G1 X15.327 Y-6.380
G1 X15.353 Y-6.463
G1 X15.379 Y-6.541
G1 X15.406 Y-6.612
G1 X15.417 Y-6.639
G1 X15.304 Y-6.531
G1 X15.249 Y-6.512
G1 X15.256 Y-6.507
G1 X15.268 Y-6.498
G1 X15.288 Y-6.483
G1 X15.288 Y-6.484
G1 X15.304 Y-6.531
; Retract
G1 Z1.5000 F2540

; Path 24
; Rapid to initial position
G1 X14.986 Y-0.243 F2540
G1 Z0.5000
; plunge
G1 Z-2.6750 F127
; cut
G1 X14.974 Y-0.150 F1016
G1 X14.960 Y-0.050
G1 X14.945 Y0.050
G1 X14.928 Y0.147
G1 X14.919 Y0.197
G1 X14.952 Y0.175
G1 X15.032 Y0.129
G1 X15.117 Y0.089
G1 X15.204 Y0.055
G1 X15.294 Y0.026
G1 X15.368 Y0.008
G1 X15.306 Y-0.007
G1 X15.285 Y-0.013
G1 X15.224 Y-0.037
G1 X15.197 Y-0.050
G1 X15.149 Y-0.077
G1 X15.139 Y-0.083
G1 X15.113 Y-0.102
G1 X15.072 Y-0.137
G1 X15.064 Y-0.144
G1 X15.042 Y-0.168
G1 X15.006 Y-0.212
G1 X15.002 Y-0.218
G1 X14.986 Y-0.243
G1 X15.034 Y-0.083
G1 X15.028 Y-0.040
G1 X15.012 Y0.060
G1 X15.011 Y0.067
G1 X15.091 Y0.029
G1 X15.157 Y0.003
G1 X15.110 Y-0.023
G1 X15.098 Y-0.031
G1 X15.068 Y-0.053
G1 X15.034 Y-0.083
G1 X14.408 Y1.094
G1 X14.384 Y1.098
G1 X14.344 Y1.101
G1 X14.319 Y1.101
G1 X14.273 Y1.098
G1 X14.260 Y1.096
G1 X14.199 Y1.086
G1 X14.133 Y1.071
G1 X14.061 Y1.052
G1 X13.982 Y1.029
G1 X13.897 Y1.002
G1 X13.805 Y0.970
G1 X13.708 Y0.936
G1 X13.692 Y0.930
G1 X13.795 Y1.003
G1 X13.905 Y1.089
G1 X14.001 Y1.171
G1 X14.071 Y1.239
G1 X14.083 Y1.253
G1 X14.131 Y1.313
G1 X14.142 Y1.330
G1 X14.149 Y1.343
G1 X14.156 Y1.358
G1 X14.173 Y1.405
G1 X14.179 Y1.425
G1 X14.182 Y1.444
G1 X14.184 Y1.465
G1 X14.183 Y1.484
G1 X14.180 Y1.504
G1 X14.177 Y1.520
G1 X14.170 Y1.543
G1 X14.150 Y1.591
G1 X14.141 Y1.608
G1 X14.134 Y1.620
G1 X14.124 Y1.634
G1 X14.077 Y1.691
G1 X14.065 Y1.705
G1 X13.990 Y1.777
G1 X13.897 Y1.855
G1 X13.838 Y1.901
G1 X13.878 Y1.885
G1 X13.939 Y1.862
G1 X13.998 Y1.843
G1 X14.055 Y1.826
G1 X14.112 Y1.813
G1 X14.168 Y1.803
G1 X14.222 Y1.799
G1 X14.263 Y1.798
G1 X14.281 Y1.799
G1 X14.319 Y1.803
G1 X14.338 Y1.806
G1 X14.375 Y1.815
G1 X14.374 Y1.811
G1 X14.360 Y1.721
G1 X14.352 Y1.631
G1 X14.349 Y1.539
G1 X14.352 Y1.446
G1 X14.360 Y1.351
G1 X14.373 Y1.256
G1 X14.392 Y1.159
G1 X14.408 Y1.094
G1 X14.321 Y1.166
G1 X14.314 Y1.166
G1 X14.265 Y1.162
G1 X14.248 Y1.160
G1 X14.184 Y1.149
G1 X14.115 Y1.134
G1 X14.041 Y1.115
G1 X14.036 Y1.113
G1 X14.050 Y1.125
G1 X14.123 Y1.197
G1 X14.138 Y1.213
G1 X14.189 Y1.279
G1 X14.202 Y1.300
G1 X14.211 Y1.317
G1 X14.220 Y1.336
G1 X14.239 Y1.389
G1 X14.246 Y1.415
G1 X14.250 Y1.440
G1 X14.252 Y1.466
G1 X14.251 Y1.485
G1 X14.251 Y1.492
G1 X14.247 Y1.518
G1 X14.242 Y1.539
G1 X14.233 Y1.567
G1 X14.211 Y1.619
G1 X14.200 Y1.641
G1 X14.190 Y1.658
G1 X14.177 Y1.674
G1 X14.128 Y1.734
G1 X14.118 Y1.746
G1 X14.162 Y1.738
G1 X14.221 Y1.734
G1 X14.267 Y1.733
G1 X14.289 Y1.734
G1 X14.294 Y1.735
G1 X14.292 Y1.727
G1 X14.284 Y1.633
G1 X14.282 Y1.537
G1 X14.284 Y1.440
G1 X14.292 Y1.342
G1 X14.306 Y1.244
G1 X14.321 Y1.166
G1 X14.240 Y1.225
G1 X14.237 Y1.224
G1 X14.230 Y1.223
G1 X14.239 Y1.234
G1 X14.239 Y1.232
G1 X14.240 Y1.225
G1 X14.073 Y1.348
G1 X14.082 Y1.360
G1 X14.086 Y1.369
G1 X14.092 Y1.381
G1 X14.108 Y1.423
G1 X14.112 Y1.437
G1 X14.114 Y1.449
G1 X14.116 Y1.464
G1 X14.115 Y1.477
G1 X14.114 Y1.492
G1 X14.112 Y1.502
G1 X14.106 Y1.520
G1 X14.089 Y1.562
G1 X14.082 Y1.575
G1 X14.078 Y1.584
G1 X14.070 Y1.594
G1 X14.026 Y1.648
G1 X14.017 Y1.659
G1 X13.945 Y1.728
G1 X13.855 Y1.804
G1 X13.747 Y1.887
G1 X13.626 Y1.974
G1 X13.492 Y2.063
G1 X13.347 Y2.154
G1 X13.266 Y2.199
G1 X13.182 Y2.241
G1 X13.093 Y2.281
G1 X13.000 Y2.319
G1 X12.904 Y2.354
G1 X12.804 Y2.386
G1 X12.701 Y2.416
G1 X12.596 Y2.444
G1 X12.488 Y2.469
G1 X12.378 Y2.492
G1 X12.266 Y2.512
G1 X12.153 Y2.530
G1 X12.039 Y2.546
G1 X11.924 Y2.559
G1 X11.809 Y2.570
G1 X11.693 Y2.578
G1 X11.578 Y2.584
G1 X11.463 Y2.587
G1 X11.349 Y2.587
G1 X11.236 Y2.585
G1 X11.125 Y2.581
G1 X11.015 Y2.574
G1 X10.907 Y2.564
G1 X10.802 Y2.551
G1 X10.700 Y2.536
G1 X10.600 Y2.517
G1 X10.504 Y2.496
G1 X10.411 Y2.472
G1 X10.322 Y2.444
G1 X10.237 Y2.413
G1 X10.156 Y2.379
G1 X10.086 Y2.343
G1 X10.074 Y2.336
G1 X9.983 Y2.275
G1 X9.967 Y2.262
G1 X9.888 Y2.187
G1 X9.876 Y2.174
G1 X9.809 Y2.087
G1 X9.800 Y2.074
G1 X9.746 Y1.979
G1 X9.740 Y1.966
G1 X9.698 Y1.863
G1 X9.693 Y1.850
G1 X9.663 Y1.740
G1 X9.661 Y1.729
G1 X9.643 Y1.617
G1 X9.641 Y1.605
G1 X9.635 Y1.489
G1 X9.635 Y1.478
G1 X9.640 Y1.362
G1 X9.642 Y1.351
G1 X9.659 Y1.237
G1 X9.661 Y1.225
G1 X9.691 Y1.114
G1 X9.695 Y1.101
G1 X9.737 Y0.994
G1 X9.742 Y0.982
G1 X9.797 Y0.881
G1 X9.804 Y0.869
G1 X9.869 Y0.778
G1 X9.881 Y0.765
G1 X9.959 Y0.682
G1 X9.973 Y0.671
G1 X10.063 Y0.602
G1 X10.076 Y0.593
G1 X10.143 Y0.555
G1 X10.217 Y0.520
G1 X10.296 Y0.489
G1 X10.380 Y0.462
G1 X10.468 Y0.438
G1 X10.561 Y0.418
G1 X10.658 Y0.400
G1 X10.758 Y0.385
G1 X10.863 Y0.373
G1 X10.970 Y0.364
G1 X11.080 Y0.357
G1 X11.192 Y0.353
G1 X11.307 Y0.352
G1 X11.423 Y0.353
G1 X11.540 Y0.356
G1 X11.658 Y0.363
G1 X11.777 Y0.371
G1 X11.896 Y0.382
G1 X12.015 Y0.395
G1 X12.132 Y0.411
G1 X12.249 Y0.429
G1 X12.364 Y0.450
G1 X12.477 Y0.473
G1 X12.589 Y0.498
G1 X12.697 Y0.525
G1 X12.803 Y0.555
G1 X12.905 Y0.588
G1 X13.004 Y0.622
G1 X13.098 Y0.660
G1 X13.188 Y0.700
G1 X13.274 Y0.742
G1 X13.352 Y0.787
G1 X13.496 Y0.877
G1 X13.630 Y0.966
G1 X13.752 Y1.054
G1 X13.860 Y1.137
G1 X13.953 Y1.216
G1 X14.020 Y1.282
G1 X14.029 Y1.292
G1 X14.073 Y1.348
G1 X14.016 Y1.382
G1 X14.024 Y1.395
G1 X14.028 Y1.404
G1 X14.042 Y1.440
G1 X14.047 Y1.455
G1 X14.048 Y1.469
G1 X14.046 Y1.484
G1 X14.042 Y1.497
G1 X14.028 Y1.534
G1 X14.021 Y1.547
G1 X14.016 Y1.555
G1 X13.975 Y1.605
G1 X13.969 Y1.613
G1 X13.900 Y1.679
G1 X13.812 Y1.754
G1 X13.707 Y1.835
G1 X13.587 Y1.920
G1 X13.454 Y2.008
G1 X13.312 Y2.098
G1 X13.235 Y2.142
G1 X13.153 Y2.183
G1 X13.066 Y2.221
G1 X12.976 Y2.258
G1 X12.882 Y2.292
G1 X12.784 Y2.324
G1 X12.683 Y2.353
G1 X12.580 Y2.381
G1 X12.474 Y2.406
G1 X12.365 Y2.428
G1 X12.255 Y2.448
G1 X12.144 Y2.466
G1 X12.031 Y2.481
G1 X11.918 Y2.494
G1 X11.804 Y2.505
G1 X11.689 Y2.513
G1 X11.576 Y2.518
G1 X11.462 Y2.522
G1 X11.350 Y2.522
G1 X11.239 Y2.520
G1 X11.129 Y2.516
G1 X11.021 Y2.509
G1 X10.916 Y2.499
G1 X10.813 Y2.487
G1 X10.713 Y2.472
G1 X10.615 Y2.454
G1 X10.522 Y2.433
G1 X10.432 Y2.410
G1 X10.346 Y2.383
G1 X10.265 Y2.354
G1 X10.188 Y2.321
G1 X10.122 Y2.287
G1 X10.113 Y2.282
G1 X10.026 Y2.224
G1 X10.015 Y2.216
G1 X9.939 Y2.145
G1 X9.931 Y2.135
G1 X9.866 Y2.053
G1 X9.860 Y2.043
G1 X9.808 Y1.951
G1 X9.803 Y1.942
G1 X9.762 Y1.842
G1 X9.759 Y1.833
G1 X9.730 Y1.728
G1 X9.728 Y1.719
G1 X9.710 Y1.610
G1 X9.709 Y1.602
G1 X9.703 Y1.489
G1 X9.703 Y1.481
G1 X9.708 Y1.369
G1 X9.709 Y1.361
G1 X9.726 Y1.249
G1 X9.727 Y1.241
G1 X9.756 Y1.133
G1 X9.759 Y1.124
G1 X9.799 Y1.021
G1 X9.803 Y1.012
G1 X9.855 Y0.915
G1 X9.860 Y0.906
G1 X9.923 Y0.818
G1 X9.931 Y0.809
G1 X10.006 Y0.730
G1 X10.015 Y0.722
G1 X10.102 Y0.655
G1 X10.111 Y0.649
G1 X10.174 Y0.613
G1 X10.243 Y0.580
G1 X10.318 Y0.551
G1 X10.398 Y0.525
G1 X10.483 Y0.502
G1 X10.573 Y0.482
G1 X10.668 Y0.464
G1 X10.766 Y0.450
G1 X10.869 Y0.438
G1 X10.974 Y0.429
G1 X11.082 Y0.422
G1 X11.193 Y0.419
G1 X11.306 Y0.417
G1 X11.421 Y0.418
G1 X11.536 Y0.422
G1 X11.653 Y0.427
G1 X11.770 Y0.436
G1 X11.888 Y0.447
G1 X12.005 Y0.460
G1 X12.121 Y0.475
G1 X12.237 Y0.493
G1 X12.350 Y0.514
G1 X12.462 Y0.536
G1 X12.571 Y0.561
G1 X12.678 Y0.588
G1 X12.782 Y0.617
G1 X12.882 Y0.649
G1 X12.978 Y0.683
G1 X13.070 Y0.719
G1 X13.157 Y0.758
G1 X13.239 Y0.799
G1 X13.315 Y0.841
G1 X13.457 Y0.930
G1 X13.589 Y1.018
G1 X13.709 Y1.104
G1 X13.815 Y1.186
G1 X13.904 Y1.262
G1 X13.969 Y1.324
G1 X13.975 Y1.332
G1 X14.016 Y1.382
; Retract
G1 Z1.5000 F2540

; Path 25
; Rapid to initial position
G1 X12.177 Y0.352 F2540
G1 Z0.5000
; plunge
G1 Z-2.6750 F127
; cut
G1 X12.156 Y0.347 F1016
G1 X12.052 Y0.325
G1 X11.941 Y0.305
G1 X11.836 Y0.291
G1 X11.744 Y0.283
G1 X11.645 Y0.279
G1 X11.553 Y0.280
G1 X11.470 Y0.285
G1 X11.441 Y0.288
G1 X11.544 Y0.291
G1 X11.663 Y0.298
G1 X11.783 Y0.306
G1 X11.904 Y0.317
G1 X12.024 Y0.331
G1 X12.143 Y0.347
G1 X12.177 Y0.352
G1 X10.359 Y0.400
G1 X10.349 Y0.390
G1 X10.338 Y0.376
G1 X10.326 Y0.359
G1 X10.318 Y0.343
G1 X10.309 Y0.324
G1 X10.303 Y0.305
G1 X10.299 Y0.285
G1 X10.297 Y0.268
G1 X10.297 Y0.247
G1 X10.298 Y0.228
G1 X10.302 Y0.207
G1 X10.307 Y0.191
G1 X10.314 Y0.171
G1 X10.322 Y0.155
G1 X10.333 Y0.137
G1 X10.343 Y0.124
G1 X10.343 Y0.123
G1 X10.277 Y0.166
G1 X10.186 Y0.218
G1 X10.049 Y0.284
G1 X10.031 Y0.291
G1 X9.901 Y0.335
G1 X9.874 Y0.341
G1 X9.759 Y0.357
G1 X9.747 Y0.358
G1 X9.724 Y0.359
G1 X9.713 Y0.359
G1 X9.602 Y0.351
G1 X9.590 Y0.349
G1 X9.567 Y0.345
G1 X9.556 Y0.342
G1 X9.437 Y0.306
G1 X9.409 Y0.295
G1 X9.290 Y0.232
G1 X9.273 Y0.221
G1 X9.152 Y0.135
G1 X9.140 Y0.126
G1 X9.129 Y0.117
G1 X9.143 Y0.133
G1 X9.209 Y0.219
G1 X9.271 Y0.306
G1 X9.328 Y0.396
G1 X9.381 Y0.488
G1 X9.429 Y0.581
G1 X9.473 Y0.677
G1 X9.512 Y0.774
G1 X9.546 Y0.872
G1 X9.575 Y0.971
G1 X9.599 Y1.071
G1 X9.613 Y1.144
G1 X9.626 Y1.094
G1 X9.631 Y1.079
G1 X9.675 Y0.967
G1 X9.682 Y0.953
G1 X9.738 Y0.847
G1 X9.748 Y0.833
G1 X9.816 Y0.737
G1 X9.830 Y0.721
G1 X9.914 Y0.634
G1 X9.930 Y0.620
G1 X10.025 Y0.548
G1 X10.041 Y0.537
G1 X10.113 Y0.496
G1 X10.192 Y0.459
G1 X10.274 Y0.427
G1 X10.359 Y0.400
G1 X10.254 Y0.365
G1 X10.244 Y0.343
G1 X10.237 Y0.318
G1 X10.231 Y0.292
G1 X10.229 Y0.270
G1 X10.229 Y0.269
G1 X10.216 Y0.276
G1 X10.075 Y0.345
G1 X10.053 Y0.353
G1 X9.923 Y0.396
G1 X9.916 Y0.398
G1 X9.884 Y0.405
G1 X9.765 Y0.422
G1 X9.749 Y0.423
G1 X9.722 Y0.424
G1 X9.708 Y0.424
G1 X9.592 Y0.415
G1 X9.577 Y0.413
G1 X9.551 Y0.408
G1 X9.536 Y0.404
G1 X9.416 Y0.368
G1 X9.409 Y0.366
G1 X9.380 Y0.353
G1 X9.388 Y0.365
G1 X9.441 Y0.459
G1 X9.491 Y0.555
G1 X9.536 Y0.654
G1 X9.576 Y0.753
G1 X9.611 Y0.854
G1 X9.628 Y0.911
G1 X9.681 Y0.813
G1 X9.692 Y0.796
G1 X9.764 Y0.696
G1 X9.780 Y0.676
G1 X9.868 Y0.586
G1 X9.888 Y0.569
G1 X9.986 Y0.494
G1 X10.006 Y0.481
G1 X10.083 Y0.438
G1 X10.166 Y0.399
G1 X10.252 Y0.366
G1 X10.254 Y0.365
G1 X9.915 Y0.465
G1 X9.894 Y0.469
G1 X9.770 Y0.487
G1 X9.751 Y0.489
G1 X9.720 Y0.489
G1 X9.703 Y0.489
G1 X9.583 Y0.480
G1 X9.564 Y0.477
G1 X9.533 Y0.471
G1 X9.522 Y0.468
G1 X9.553 Y0.529
G1 X9.600 Y0.631
G1 X9.641 Y0.732
G1 X9.645 Y0.746
G1 X9.711 Y0.654
G1 X9.730 Y0.632
G1 X9.823 Y0.537
G1 X9.846 Y0.518
G1 X9.915 Y0.465
G1 X9.713 Y0.554
G1 X9.697 Y0.554
G1 X9.637 Y0.549
G1 X9.663 Y0.607
G1 X9.663 Y0.608
G1 X9.681 Y0.588
G1 X9.713 Y0.554
G1 X9.409 Y0.701
G1 X9.447 Y0.794
G1 X9.480 Y0.890
G1 X9.509 Y0.986
G1 X9.532 Y1.082
G1 X9.550 Y1.180
G1 X9.564 Y1.278
G1 X9.571 Y1.375
G1 X9.574 Y1.473
G1 X9.571 Y1.570
G1 X9.563 Y1.667
G1 X9.549 Y1.765
G1 X9.530 Y1.862
G1 X9.507 Y1.958
G1 X9.478 Y2.054
G1 X9.445 Y2.149
G1 X9.406 Y2.243
G1 X9.364 Y2.335
G1 X9.316 Y2.427
G1 X9.265 Y2.516
G1 X9.209 Y2.603
G1 X9.149 Y2.688
G1 X9.084 Y2.771
G1 X9.016 Y2.851
G1 X8.944 Y2.928
G1 X8.868 Y3.002
G1 X8.789 Y3.072
G1 X8.708 Y3.138
G1 X8.624 Y3.199
G1 X8.539 Y3.256
G1 X8.451 Y3.309
G1 X8.361 Y3.358
G1 X8.269 Y3.402
G1 X8.177 Y3.441
G1 X8.083 Y3.475
G1 X7.988 Y3.505
G1 X7.892 Y3.529
G1 X7.795 Y3.548
G1 X7.698 Y3.562
G1 X7.601 Y3.570
G1 X7.504 Y3.572
G1 X7.407 Y3.569
G1 X7.311 Y3.561
G1 X7.214 Y3.546
G1 X7.118 Y3.527
G1 X7.022 Y3.502
G1 X6.927 Y3.473
G1 X6.834 Y3.438
G1 X6.741 Y3.399
G1 X6.650 Y3.354
G1 X6.561 Y3.306
G1 X6.473 Y3.253
G1 X6.387 Y3.195
G1 X6.304 Y3.133
G1 X6.223 Y3.067
G1 X6.145 Y2.997
G1 X6.069 Y2.923
G1 X5.997 Y2.846
G1 X5.929 Y2.765
G1 X5.865 Y2.682
G1 X5.805 Y2.597
G1 X5.749 Y2.510
G1 X5.698 Y2.421
G1 X5.651 Y2.329
G1 X5.609 Y2.237
G1 X5.571 Y2.143
G1 X5.537 Y2.048
G1 X5.509 Y1.951
G1 X5.486 Y1.855
G1 X5.467 Y1.758
G1 X5.454 Y1.660
G1 X5.446 Y1.562
G1 X5.444 Y1.465
G1 X5.447 Y1.367
G1 X5.455 Y1.270
G1 X5.468 Y1.172
G1 X5.487 Y1.075
G1 X5.511 Y0.979
G1 X5.540 Y0.883
G1 X5.573 Y0.788
G1 X5.611 Y0.694
G1 X5.654 Y0.602
G1 X5.701 Y0.511
G1 X5.753 Y0.422
G1 X5.809 Y0.334
G1 X5.869 Y0.249
G1 X5.933 Y0.166
G1 X6.002 Y0.086
G1 X6.074 Y0.009
G1 X6.150 Y-0.065
G1 X6.229 Y-0.135
G1 X6.310 Y-0.200
G1 X6.393 Y-0.262
G1 X6.479 Y-0.319
G1 X6.567 Y-0.372
G1 X6.657 Y-0.421
G1 X6.748 Y-0.464
G1 X6.841 Y-0.504
G1 X6.935 Y-0.538
G1 X7.030 Y-0.567
G1 X7.126 Y-0.592
G1 X7.223 Y-0.611
G1 X7.320 Y-0.625
G1 X7.417 Y-0.633
G1 X7.514 Y-0.635
G1 X7.611 Y-0.632
G1 X7.707 Y-0.623
G1 X7.804 Y-0.609
G1 X7.900 Y-0.590
G1 X7.996 Y-0.565
G1 X8.090 Y-0.536
G1 X8.184 Y-0.501
G1 X8.276 Y-0.461
G1 X8.367 Y-0.417
G1 X8.457 Y-0.369
G1 X8.545 Y-0.315
G1 X8.630 Y-0.258
G1 X8.714 Y-0.196
G1 X8.795 Y-0.130
G1 X8.873 Y-0.060
G1 X8.948 Y0.014
G1 X9.021 Y0.092
G1 X9.089 Y0.172
G1 X9.153 Y0.255
G1 X9.213 Y0.340
G1 X9.268 Y0.427
G1 X9.320 Y0.517
G1 X9.367 Y0.608
G1 X9.409 Y0.701
G1 X9.346 Y0.724
G1 X9.383 Y0.815
G1 X9.415 Y0.907
G1 X9.442 Y1.000
G1 X9.465 Y1.094
G1 X9.483 Y1.188
G1 X9.496 Y1.282
G1 X9.504 Y1.377
G1 X9.506 Y1.471
G1 X9.503 Y1.565
G1 X9.495 Y1.659
G1 X9.482 Y1.753
G1 X9.464 Y1.847
G1 X9.441 Y1.940
G1 X9.414 Y2.034
G1 X9.381 Y2.126
G1 X9.344 Y2.217
G1 X9.303 Y2.306
G1 X9.257 Y2.395
G1 X9.207 Y2.481
G1 X9.153 Y2.566
G1 X9.094 Y2.649
G1 X9.032 Y2.729
G1 X8.965 Y2.807
G1 X8.895 Y2.882
G1 X8.822 Y2.954
G1 X8.745 Y3.022
G1 X8.667 Y3.086
G1 X8.586 Y3.146
G1 X8.502 Y3.201
G1 X8.417 Y3.253
G1 X8.330 Y3.300
G1 X8.242 Y3.342
G1 X8.153 Y3.380
G1 X8.062 Y3.413
G1 X7.970 Y3.442
G1 X7.878 Y3.465
G1 X7.785 Y3.484
G1 X7.692 Y3.497
G1 X7.599 Y3.505
G1 X7.506 Y3.507
G1 X7.414 Y3.504
G1 X7.321 Y3.496
G1 X7.228 Y3.483
G1 X7.135 Y3.464
G1 X7.043 Y3.440
G1 X6.952 Y3.412
G1 X6.861 Y3.378
G1 X6.772 Y3.340
G1 X6.684 Y3.298
G1 X6.597 Y3.251
G1 X6.512 Y3.199
G1 X6.429 Y3.143
G1 X6.348 Y3.084
G1 X6.270 Y3.020
G1 X6.193 Y2.952
G1 X6.120 Y2.880
G1 X6.050 Y2.804
G1 X5.984 Y2.727
G1 X5.921 Y2.646
G1 X5.863 Y2.563
G1 X5.809 Y2.478
G1 X5.759 Y2.392
G1 X5.713 Y2.303
G1 X5.672 Y2.213
G1 X5.635 Y2.122
G1 X5.603 Y2.030
G1 X5.575 Y1.937
G1 X5.553 Y1.843
G1 X5.535 Y1.749
G1 X5.522 Y1.655
G1 X5.514 Y1.560
G1 X5.512 Y1.466
G1 X5.514 Y1.373
G1 X5.522 Y1.278
G1 X5.535 Y1.184
G1 X5.554 Y1.090
G1 X5.576 Y0.997
G1 X5.604 Y0.904
G1 X5.637 Y0.811
G1 X5.673 Y0.721
G1 X5.715 Y0.631
G1 X5.761 Y0.542
G1 X5.811 Y0.456
G1 X5.865 Y0.371
G1 X5.924 Y0.288
G1 X5.986 Y0.208
G1 X6.052 Y0.130
G1 X6.123 Y0.055
G1 X6.196 Y-0.017
G1 X6.272 Y-0.085
G1 X6.351 Y-0.149
G1 X6.432 Y-0.209
G1 X6.515 Y-0.264
G1 X6.601 Y-0.316
G1 X6.688 Y-0.363
G1 X6.776 Y-0.405
G1 X6.865 Y-0.443
G1 X6.956 Y-0.476
G1 X7.048 Y-0.504
G1 X7.140 Y-0.528
G1 X7.233 Y-0.546
G1 X7.326 Y-0.560
G1 X7.419 Y-0.568
G1 X7.512 Y-0.570
G1 X7.604 Y-0.567
G1 X7.697 Y-0.559
G1 X7.790 Y-0.546
G1 X7.882 Y-0.527
G1 X7.975 Y-0.503
G1 X8.066 Y-0.475
G1 X8.157 Y-0.441
G1 X8.246 Y-0.403
G1 X8.334 Y-0.361
G1 X8.421 Y-0.313
G1 X8.506 Y-0.262
G1 X8.589 Y-0.206
G1 X8.670 Y-0.146
G1 X8.748 Y-0.082
G1 X8.824 Y-0.014
G1 X8.898 Y0.058
G1 X8.968 Y0.133
G1 X9.034 Y0.211
G1 X9.096 Y0.291
G1 X9.155 Y0.374
G1 X9.209 Y0.459
G1 X9.259 Y0.546
G1 X9.304 Y0.634
G1 X9.346 Y0.724
; Retract
G1 Z1.5000 F2540

; Path 26
; Rapid to initial position
G1 X9.611 Y1.805 F2540
G1 Z0.5000
; plunge
G1 Z-2.6750 F127
; cut
G1 X9.597 Y1.877 F1016
G1 X9.572 Y1.976
G1 X9.543 Y2.075
G1 X9.508 Y2.173
G1 X9.469 Y2.270
G1 X9.425 Y2.364
G1 X9.376 Y2.458
G1 X9.323 Y2.550
G1 X9.265 Y2.639
G1 X9.203 Y2.727
G1 X9.197 Y2.735
G1 X9.238 Y2.701
G1 X9.295 Y2.659
G1 X9.352 Y2.623
G1 X9.402 Y2.596
G1 X9.414 Y2.591
G1 X9.464 Y2.570
G1 X9.479 Y2.564
G1 X9.531 Y2.548
G1 X9.547 Y2.545
G1 X9.600 Y2.535
G1 X9.618 Y2.532
G1 X9.671 Y2.529
G1 X9.689 Y2.529
G1 X9.743 Y2.531
G1 X9.760 Y2.533
G1 X9.814 Y2.541
G1 X9.830 Y2.545
G1 X9.885 Y2.560
G1 X9.899 Y2.564
G1 X9.965 Y2.589
G1 X10.030 Y2.619
G1 X10.095 Y2.654
G1 X10.161 Y2.695
G1 X10.228 Y2.741
G1 X10.296 Y2.792
G1 X10.366 Y2.848
G1 X10.440 Y2.910
G1 X10.516 Y2.977
G1 X10.596 Y3.050
G1 X10.662 Y3.113
G1 X10.412 Y2.850
G1 X10.400 Y2.834
G1 X10.390 Y2.819
G1 X10.381 Y2.800
G1 X10.374 Y2.783
G1 X10.368 Y2.763
G1 X10.365 Y2.746
G1 X10.363 Y2.724
G1 X10.363 Y2.706
G1 X10.366 Y2.685
G1 X10.369 Y2.668
G1 X10.375 Y2.648
G1 X10.382 Y2.631
G1 X10.392 Y2.612
G1 X10.402 Y2.597
G1 X10.415 Y2.581
G1 X10.428 Y2.567
G1 X10.444 Y2.553
G1 X10.450 Y2.549
G1 X10.390 Y2.534
G1 X10.298 Y2.505
G1 X10.209 Y2.473
G1 X10.125 Y2.436
G1 X10.050 Y2.398
G1 X10.035 Y2.389
G1 X9.939 Y2.324
G1 X9.919 Y2.308
G1 X9.836 Y2.229
G1 X9.821 Y2.213
G1 X9.751 Y2.121
G1 X9.741 Y2.105
G1 X9.684 Y2.005
G1 X9.677 Y1.990
G1 X9.633 Y1.884
G1 X9.627 Y1.867
G1 X9.611 Y1.805
G1 X9.625 Y2.037
G1 X9.607 Y2.096
G1 X9.571 Y2.196
G1 X9.531 Y2.296
G1 X9.485 Y2.393
G1 X9.435 Y2.490
G1 X9.419 Y2.517
G1 X9.441 Y2.509
G1 X9.458 Y2.502
G1 X9.514 Y2.485
G1 X9.534 Y2.481
G1 X9.591 Y2.470
G1 X9.613 Y2.467
G1 X9.670 Y2.464
G1 X9.692 Y2.464
G1 X9.751 Y2.466
G1 X9.771 Y2.469
G1 X9.829 Y2.478
G1 X9.848 Y2.482
G1 X9.907 Y2.498
G1 X9.923 Y2.503
G1 X9.994 Y2.530
G1 X10.063 Y2.562
G1 X10.132 Y2.600
G1 X10.201 Y2.642
G1 X10.269 Y2.689
G1 X10.295 Y2.709
G1 X10.296 Y2.700
G1 X10.299 Y2.673
G1 X10.304 Y2.649
G1 X10.312 Y2.624
G1 X10.321 Y2.602
G1 X10.331 Y2.584
G1 X10.273 Y2.566
G1 X10.181 Y2.532
G1 X10.093 Y2.494
G1 X10.014 Y2.453
G1 X9.996 Y2.442
G1 X9.895 Y2.374
G1 X9.872 Y2.355
G1 X9.784 Y2.271
G1 X9.767 Y2.251
G1 X9.693 Y2.156
G1 X9.681 Y2.136
G1 X9.625 Y2.037
G1 X9.642 Y2.199
G1 X9.635 Y2.220
G1 X9.593 Y2.323
G1 X9.552 Y2.411
G1 X9.583 Y2.405
G1 X9.608 Y2.403
G1 X9.670 Y2.399
G1 X9.695 Y2.398
G1 X9.759 Y2.402
G1 X9.782 Y2.405
G1 X9.839 Y2.414
G1 X9.824 Y2.401
G1 X9.736 Y2.317
G1 X9.731 Y2.312
G1 X9.712 Y2.290
G1 X9.642 Y2.199
G1 X9.661 Y2.334
G1 X9.661 Y2.334
G1 X9.662 Y2.334
G1 X9.661 Y2.334
G1 X9.673 Y2.659
G1 X9.683 Y2.659
G1 X9.728 Y2.661
G1 X9.738 Y2.662
G1 X9.785 Y2.669
G1 X9.794 Y2.671
G1 X9.842 Y2.683
G1 X9.850 Y2.686
G1 X9.906 Y2.706
G1 X9.963 Y2.732
G1 X10.022 Y2.764
G1 X10.082 Y2.801
G1 X10.144 Y2.844
G1 X10.209 Y2.892
G1 X10.277 Y2.946
G1 X10.348 Y3.006
G1 X10.422 Y3.071
G1 X10.500 Y3.143
G1 X10.583 Y3.221
G1 X10.670 Y3.305
G1 X10.762 Y3.395
G1 X10.859 Y3.492
G1 X10.961 Y3.595
G1 X11.069 Y3.705
G1 X11.136 Y3.775
G1 X11.201 Y3.844
G1 X11.264 Y3.911
G1 X11.325 Y3.977
G1 X11.383 Y4.043
G1 X11.439 Y4.107
G1 X11.492 Y4.170
G1 X11.544 Y4.232
G1 X11.593 Y4.293
G1 X11.640 Y4.353
G1 X11.685 Y4.412
G1 X11.727 Y4.470
G1 X11.767 Y4.528
G1 X11.805 Y4.585
G1 X11.842 Y4.641
G1 X11.876 Y4.696
G1 X11.907 Y4.750
G1 X11.937 Y4.804
G1 X11.964 Y4.857
G1 X11.990 Y4.910
G1 X12.014 Y4.962
G1 X12.035 Y5.014
G1 X12.054 Y5.065
G1 X12.071 Y5.115
G1 X12.086 Y5.166
G1 X12.099 Y5.215
G1 X12.111 Y5.265
G1 X12.120 Y5.314
G1 X12.127 Y5.362
G1 X12.132 Y5.411
G1 X12.134 Y5.458
G1 X12.136 Y5.505
G1 X12.135 Y5.618
G1 X12.132 Y5.718
G1 X12.125 Y5.808
G1 X12.115 Y5.881
G1 X12.114 Y5.889
G1 X12.099 Y5.950
G1 X12.096 Y5.961
G1 X12.076 Y6.012
G1 X12.068 Y6.027
G1 X12.041 Y6.067
G1 X12.027 Y6.083
G1 X11.993 Y6.113
G1 X11.974 Y6.126
G1 X11.931 Y6.147
G1 X11.913 Y6.154
G1 X11.861 Y6.167
G1 X11.847 Y6.169
G1 X11.785 Y6.174
G1 X11.775 Y6.174
G1 X11.695 Y6.172
G1 X11.606 Y6.162
G1 X11.505 Y6.147
G1 X11.392 Y6.126
G1 X11.262 Y6.101
G1 X11.184 Y6.082
G1 X11.105 Y6.060
G1 X11.024 Y6.032
G1 X10.942 Y6.001
G1 X10.859 Y5.966
G1 X10.774 Y5.927
G1 X10.689 Y5.884
G1 X10.603 Y5.838
G1 X10.517 Y5.789
G1 X10.430 Y5.736
G1 X10.343 Y5.681
G1 X10.256 Y5.622
G1 X10.169 Y5.562
G1 X10.083 Y5.498
G1 X9.997 Y5.432
G1 X9.913 Y5.364
G1 X9.829 Y5.295
G1 X9.746 Y5.223
G1 X9.665 Y5.150
G1 X9.586 Y5.075
G1 X9.508 Y4.999
G1 X9.432 Y4.921
G1 X9.358 Y4.842
G1 X9.287 Y4.763
G1 X9.218 Y4.683
G1 X9.152 Y4.602
G1 X9.089 Y4.521
G1 X9.030 Y4.440
G1 X8.973 Y4.358
G1 X8.921 Y4.277
G1 X8.872 Y4.195
G1 X8.826 Y4.111
G1 X8.770 Y3.990
G1 X8.766 Y3.980
G1 X8.731 Y3.866
G1 X8.729 Y3.852
G1 X8.716 Y3.742
G1 X8.716 Y3.727
G1 X8.725 Y3.619
G1 X8.728 Y3.603
G1 X8.760 Y3.495
G1 X8.765 Y3.482
G1 X8.821 Y3.370
G1 X8.826 Y3.361
G1 X8.906 Y3.243
G1 X8.910 Y3.237
G1 X9.016 Y3.108
G1 X9.070 Y3.047
G1 X9.123 Y2.991
G1 X9.174 Y2.938
G1 X9.223 Y2.889
G1 X9.272 Y2.845
G1 X9.321 Y2.804
G1 X9.370 Y2.768
G1 X9.419 Y2.737
G1 X9.462 Y2.713
G1 X9.470 Y2.710
G1 X9.513 Y2.691
G1 X9.521 Y2.688
G1 X9.565 Y2.675
G1 X9.574 Y2.672
G1 X9.618 Y2.664
G1 X9.628 Y2.662
G1 X9.673 Y2.659
; Retract
G1 Z1.5000 F2540

; Path 27
; Rapid to initial position
G1 X8.830 Y3.124 F2540
G1 Z0.5000
; plunge
G1 Z-2.6750 F127
; cut
G1 X8.749 Y3.189 F1016
G1 X8.663 Y3.253
G1 X8.575 Y3.312
G1 X8.484 Y3.366
G1 X8.391 Y3.416
G1 X8.297 Y3.461
G1 X8.201 Y3.502
G1 X8.104 Y3.537
G1 X8.005 Y3.568
G1 X7.905 Y3.593
G1 X7.805 Y3.612
G1 X7.763 Y3.618
G1 X7.773 Y3.621
G1 X7.887 Y3.652
G1 X7.904 Y3.658
G1 X8.013 Y3.703
G1 X8.030 Y3.711
G1 X8.133 Y3.770
G1 X8.150 Y3.781
G1 X8.244 Y3.852
G1 X8.260 Y3.866
G1 X8.343 Y3.950
G1 X8.358 Y3.967
G1 X8.428 Y4.064
G1 X8.436 Y4.078
G1 X8.481 Y4.158
G1 X8.519 Y4.243
G1 X8.553 Y4.333
G1 X8.580 Y4.419
G1 X8.582 Y4.418
G1 X8.601 Y4.407
G1 X8.617 Y4.400
G1 X8.637 Y4.392
G1 X8.655 Y4.387
G1 X8.670 Y4.384
G1 X8.678 Y4.383
G1 X8.697 Y4.382
G1 X8.718 Y4.382
G1 X8.736 Y4.384
G1 X8.757 Y4.388
G1 X8.775 Y4.393
G1 X8.796 Y4.400
G1 X8.813 Y4.409
G1 X8.832 Y4.420
G1 X8.844 Y4.429
G1 X8.859 Y4.441
G1 X8.884 Y4.464
G1 X8.858 Y4.427
G1 X8.803 Y4.341
G1 X8.751 Y4.256
G1 X8.701 Y4.164
G1 X8.642 Y4.034
G1 X8.635 Y4.016
G1 X8.598 Y3.891
G1 X8.593 Y3.866
G1 X8.580 Y3.750
G1 X8.580 Y3.743
G1 X8.580 Y3.715
G1 X8.591 Y3.601
G1 X8.592 Y3.594
G1 X8.597 Y3.568
G1 X8.633 Y3.448
G1 X8.643 Y3.426
G1 X8.703 Y3.306
G1 X8.712 Y3.290
G1 X8.795 Y3.167
G1 X8.803 Y3.156
G1 X8.830 Y3.124
G1 X8.591 Y3.379
G1 X8.517 Y3.423
G1 X8.422 Y3.474
G1 X8.324 Y3.521
G1 X8.226 Y3.562
G1 X8.124 Y3.599
G1 X8.022 Y3.631
G1 X8.014 Y3.633
G1 X8.045 Y3.645
G1 X8.065 Y3.655
G1 X8.172 Y3.716
G1 X8.192 Y3.729
G1 X8.291 Y3.804
G1 X8.309 Y3.821
G1 X8.397 Y3.909
G1 X8.414 Y3.930
G1 X8.486 Y4.031
G1 X8.497 Y4.047
G1 X8.543 Y4.132
G1 X8.583 Y4.220
G1 X8.618 Y4.314
G1 X8.623 Y4.328
G1 X8.642 Y4.323
G1 X8.661 Y4.320
G1 X8.673 Y4.319
G1 X8.697 Y4.317
G1 X8.710 Y4.317
G1 X8.691 Y4.286
G1 X8.639 Y4.190
G1 X8.578 Y4.056
G1 X8.570 Y4.034
G1 X8.531 Y3.903
G1 X8.526 Y3.873
G1 X8.512 Y3.753
G1 X8.512 Y3.743
G1 X8.512 Y3.710
G1 X8.523 Y3.591
G1 X8.525 Y3.581
G1 X8.532 Y3.550
G1 X8.570 Y3.424
G1 X8.581 Y3.397
G1 X8.591 Y3.379
G1 X8.469 Y3.523
G1 X8.452 Y3.532
G1 X8.352 Y3.581
G1 X8.250 Y3.623
G1 X8.184 Y3.647
G1 X8.211 Y3.663
G1 X8.234 Y3.678
G1 X8.337 Y3.757
G1 X8.359 Y3.776
G1 X8.450 Y3.869
G1 X8.458 Y3.879
G1 X8.444 Y3.754
G1 X8.444 Y3.742
G1 X8.445 Y3.704
G1 X8.456 Y3.581
G1 X8.458 Y3.568
G1 X8.467 Y3.531
G1 X8.469 Y3.523
G1 X8.382 Y3.638
G1 X8.379 Y3.640
G1 X8.324 Y3.663
G1 X8.377 Y3.704
G1 X8.377 Y3.698
G1 X8.382 Y3.638
G1 X8.198 Y3.900
G1 X8.211 Y3.911
G1 X8.290 Y3.991
G1 X8.302 Y4.005
G1 X8.369 Y4.097
G1 X8.376 Y4.108
G1 X8.418 Y4.184
G1 X8.455 Y4.265
G1 X8.488 Y4.351
G1 X8.517 Y4.443
G1 X8.543 Y4.540
G1 X8.552 Y4.585
G1 X8.554 Y4.573
G1 X8.556 Y4.560
G1 X8.560 Y4.546
G1 X8.565 Y4.535
G1 X8.572 Y4.522
G1 X8.578 Y4.512
G1 X8.587 Y4.500
G1 X8.596 Y4.491
G1 X8.607 Y4.481
G1 X8.618 Y4.473
G1 X8.631 Y4.465
G1 X8.642 Y4.460
G1 X8.656 Y4.455
G1 X8.668 Y4.451
G1 X8.684 Y4.448
G1 X8.697 Y4.447
G1 X8.712 Y4.447
G1 X8.724 Y4.448
G1 X8.740 Y4.451
G1 X8.751 Y4.454
G1 X8.766 Y4.459
G1 X8.778 Y4.464
G1 X8.791 Y4.472
G1 X8.799 Y4.478
G1 X8.811 Y4.488
G1 X9.766 Y5.371
G1 X9.865 Y5.459
G1 X9.965 Y5.545
G1 X9.965 Y5.545
G1 X10.067 Y5.627
G1 X10.168 Y5.704
G1 X10.169 Y5.704
G1 X10.276 Y5.781
G1 X10.276 Y5.781
G1 X10.376 Y5.850
G1 X10.478 Y5.915
G1 X10.582 Y5.978
G1 X10.675 Y6.031
G1 X10.773 Y6.082
G1 X10.857 Y6.122
G1 X10.941 Y6.157
G1 X11.014 Y6.183
G1 X11.081 Y6.202
G1 X11.134 Y6.212
G1 X11.185 Y6.216
G1 X11.302 Y6.219
G1 X11.423 Y6.229
G1 X11.541 Y6.244
G1 X11.651 Y6.265
G1 X11.753 Y6.291
G1 X11.833 Y6.319
G1 X11.846 Y6.324
G1 X11.907 Y6.353
G1 X11.914 Y6.356
G1 X11.933 Y6.368
G1 X11.979 Y6.403
G1 X11.991 Y6.413
G1 X11.998 Y6.421
G1 X12.008 Y6.433
G1 X12.029 Y6.462
G1 X12.033 Y6.470
G1 X12.043 Y6.489
G1 X12.046 Y6.497
G1 X12.062 Y6.541
G1 X12.067 Y6.563
G1 X12.073 Y6.612
G1 X12.074 Y6.629
G1 X12.074 Y6.686
G1 X12.073 Y6.697
G1 X12.065 Y6.767
G1 X12.050 Y6.841
G1 X12.030 Y6.919
G1 X12.004 Y7.001
G1 X11.974 Y7.086
G1 X11.939 Y7.175
G1 X11.900 Y7.266
G1 X11.857 Y7.359
G1 X11.810 Y7.455
G1 X11.760 Y7.551
G1 X11.707 Y7.648
G1 X11.651 Y7.746
G1 X11.593 Y7.844
G1 X11.532 Y7.940
G1 X11.470 Y8.036
G1 X11.407 Y8.129
G1 X11.342 Y8.221
G1 X11.277 Y8.309
G1 X11.211 Y8.394
G1 X11.144 Y8.475
G1 X11.078 Y8.551
G1 X11.011 Y8.623
G1 X10.944 Y8.690
G1 X10.878 Y8.750
G1 X10.811 Y8.804
G1 X10.743 Y8.852
G1 X10.685 Y8.887
G1 X10.674 Y8.892
G1 X10.619 Y8.918
G1 X10.605 Y8.923
G1 X10.546 Y8.941
G1 X10.483 Y8.955
G1 X10.415 Y8.966
G1 X10.342 Y8.975
G1 X10.264 Y8.981
G1 X10.181 Y8.985
G1 X10.095 Y8.986
G1 X10.004 Y8.986
G1 X9.910 Y8.984
G1 X9.813 Y8.980
G1 X9.714 Y8.974
G1 X9.613 Y8.966
G1 X9.510 Y8.958
G1 X9.406 Y8.947
G1 X9.302 Y8.935
G1 X9.198 Y8.921
G1 X9.094 Y8.907
G1 X8.991 Y8.891
G1 X8.890 Y8.874
G1 X8.791 Y8.855
G1 X8.695 Y8.836
G1 X8.601 Y8.816
G1 X8.511 Y8.794
G1 X8.425 Y8.772
G1 X8.343 Y8.748
G1 X8.265 Y8.724
G1 X8.193 Y8.699
G1 X8.125 Y8.672
G1 X8.063 Y8.643
G1 X8.006 Y8.612
G1 X7.965 Y8.585
G1 X7.953 Y8.575
G1 X7.919 Y8.546
G1 X7.909 Y8.535
G1 X7.900 Y8.523
G1 X7.889 Y8.505
G1 X7.885 Y8.497
G1 X7.876 Y8.476
G1 X7.871 Y8.461
G1 X7.869 Y8.450
G1 X7.866 Y8.432
G1 X7.865 Y8.400
G1 X7.866 Y8.383
G1 X7.872 Y8.334
G1 X7.883 Y8.280
G1 X7.899 Y8.219
G1 X7.919 Y8.151
G1 X7.943 Y8.076
G1 X7.972 Y7.994
G1 X8.005 Y7.905
G1 X8.041 Y7.811
G1 X8.081 Y7.712
G1 X8.124 Y7.608
G1 X8.170 Y7.500
G1 X8.220 Y7.388
G1 X8.272 Y7.274
G1 X8.325 Y7.159
G1 X8.389 Y7.020
G1 X8.390 Y7.019
G1 X8.449 Y6.882
G1 X8.503 Y6.749
G1 X8.550 Y6.622
G1 X8.591 Y6.502
G1 X8.628 Y6.380
G1 X8.658 Y6.268
G1 X8.684 Y6.155
G1 X8.704 Y6.046
G1 X8.719 Y5.944
G1 X8.728 Y5.840
G1 X8.732 Y5.742
G1 X8.732 Y5.647
G1 X8.726 Y5.551
G1 X8.716 Y5.459
G1 X8.701 Y5.368
G1 X8.592 Y4.810
G1 X8.598 Y4.854
G1 X8.610 Y4.966
G1 X8.619 Y5.080
G1 X8.625 Y5.197
G1 X8.628 Y5.317
G1 X8.628 Y5.438
G1 X8.626 Y5.560
G1 X8.620 Y5.682
G1 X8.611 Y5.805
G1 X8.600 Y5.928
G1 X8.586 Y6.051
G1 X8.570 Y6.172
G1 X8.550 Y6.292
G1 X8.528 Y6.410
G1 X8.504 Y6.526
G1 X8.476 Y6.639
G1 X8.446 Y6.749
G1 X8.414 Y6.856
G1 X8.379 Y6.959
G1 X8.340 Y7.057
G1 X8.300 Y7.150
G1 X8.255 Y7.239
G1 X8.208 Y7.322
G1 X8.158 Y7.399
G1 X8.107 Y7.466
G1 X7.625 Y8.048
G1 X7.614 Y8.059
G1 X7.605 Y8.067
G1 X7.592 Y8.075
G1 X7.581 Y8.082
G1 X7.567 Y8.088
G1 X7.556 Y8.092
G1 X7.540 Y8.096
G1 X7.527 Y8.098
G1 X7.512 Y8.099
G1 X7.500 Y8.099
G1 X7.484 Y8.097
G1 X7.472 Y8.095
G1 X7.457 Y8.090
G1 X7.446 Y8.086
G1 X7.432 Y8.079
G1 X7.421 Y8.072
G1 X7.409 Y8.063
G1 X7.401 Y8.056
G1 X7.389 Y8.044
G1 X6.907 Y7.461
G1 X6.854 Y7.391
G1 X6.804 Y7.315
G1 X6.758 Y7.234
G1 X6.714 Y7.148
G1 X6.673 Y7.057
G1 X6.636 Y6.962
G1 X6.600 Y6.863
G1 X6.568 Y6.760
G1 X6.538 Y6.654
G1 X6.511 Y6.544
G1 X6.487 Y6.432
G1 X6.465 Y6.318
G1 X6.446 Y6.202
G1 X6.430 Y6.085
G1 X6.416 Y5.966
G1 X6.406 Y5.846
G1 X6.397 Y5.726
G1 X6.392 Y5.606
G1 X6.390 Y5.486
G1 X6.390 Y5.367
G1 X6.394 Y5.249
G1 X6.400 Y5.132
G1 X6.410 Y5.016
G1 X6.422 Y4.903
G1 X6.438 Y4.793
G1 X6.457 Y4.685
G1 X6.479 Y4.580
G1 X6.505 Y4.479
G1 X6.534 Y4.381
G1 X6.567 Y4.287
G1 X6.604 Y4.198
G1 X6.642 Y4.119
G1 X6.649 Y4.108
G1 X6.708 Y4.014
G1 X6.720 Y3.999
G1 X6.793 Y3.918
G1 X6.806 Y3.906
G1 X6.891 Y3.837
G1 X6.905 Y3.828
G1 X6.999 Y3.772
G1 X7.013 Y3.764
G1 X7.114 Y3.721
G1 X7.128 Y3.716
G1 X7.236 Y3.685
G1 X7.249 Y3.682
G1 X7.360 Y3.663
G1 X7.374 Y3.661
G1 X7.487 Y3.655
G1 X7.501 Y3.655
G1 X7.614 Y3.661
G1 X7.628 Y3.662
G1 X7.741 Y3.680
G1 X7.754 Y3.683
G1 X7.864 Y3.713
G1 X7.877 Y3.718
G1 X7.982 Y3.761
G1 X7.996 Y3.768
G1 X8.095 Y3.823
G1 X8.108 Y3.832
G1 X8.198 Y3.900
G1 X8.152 Y3.948
G1 X8.161 Y3.956
G1 X8.238 Y4.032
G1 X8.246 Y4.042
G1 X8.311 Y4.131
G1 X8.316 Y4.139
G1 X8.356 Y4.210
G1 X8.391 Y4.287
G1 X8.423 Y4.370
G1 X8.451 Y4.459
G1 X8.476 Y4.553
G1 X8.497 Y4.651
G1 X8.515 Y4.754
G1 X8.530 Y4.860
G1 X8.542 Y4.971
G1 X8.551 Y5.084
G1 X8.557 Y5.199
G1 X8.560 Y5.317
G1 X8.560 Y5.436
G1 X8.558 Y5.557
G1 X8.552 Y5.678
G1 X8.544 Y5.800
G1 X8.533 Y5.921
G1 X8.519 Y6.042
G1 X8.502 Y6.162
G1 X8.483 Y6.281
G1 X8.462 Y6.397
G1 X8.437 Y6.511
G1 X8.411 Y6.623
G1 X8.381 Y6.731
G1 X8.349 Y6.835
G1 X8.315 Y6.936
G1 X8.278 Y7.031
G1 X8.238 Y7.122
G1 X8.196 Y7.208
G1 X8.151 Y7.288
G1 X8.103 Y7.361
G1 X8.054 Y7.426
G1 X7.576 Y8.003
G1 X7.565 Y8.014
G1 X7.552 Y8.023
G1 X7.538 Y8.029
G1 X7.523 Y8.033
G1 X7.507 Y8.034
G1 X7.492 Y8.032
G1 X7.477 Y8.028
G1 X7.463 Y8.021
G1 X7.451 Y8.012
G1 X7.442 Y8.003
G1 X6.962 Y7.423
G1 X6.912 Y7.356
G1 X6.864 Y7.284
G1 X6.819 Y7.206
G1 X6.777 Y7.122
G1 X6.737 Y7.034
G1 X6.700 Y6.941
G1 X6.666 Y6.844
G1 X6.634 Y6.743
G1 X6.604 Y6.639
G1 X6.578 Y6.531
G1 X6.554 Y6.421
G1 X6.532 Y6.308
G1 X6.514 Y6.194
G1 X6.497 Y6.078
G1 X6.484 Y5.960
G1 X6.473 Y5.842
G1 X6.465 Y5.724
G1 X6.460 Y5.605
G1 X6.458 Y5.486
G1 X6.458 Y5.369
G1 X6.462 Y5.252
G1 X6.468 Y5.137
G1 X6.477 Y5.023
G1 X6.490 Y4.912
G1 X6.505 Y4.804
G1 X6.524 Y4.698
G1 X6.545 Y4.595
G1 X6.570 Y4.497
G1 X6.598 Y4.402
G1 X6.630 Y4.311
G1 X6.666 Y4.226
G1 X6.702 Y4.150
G1 X6.707 Y4.142
G1 X6.763 Y4.052
G1 X6.771 Y4.042
G1 X6.841 Y3.964
G1 X6.851 Y3.955
G1 X6.931 Y3.890
G1 X6.941 Y3.883
G1 X7.031 Y3.829
G1 X7.041 Y3.824
G1 X7.138 Y3.782
G1 X7.148 Y3.778
G1 X7.251 Y3.748
G1 X7.261 Y3.746
G1 X7.369 Y3.728
G1 X7.378 Y3.727
G1 X7.488 Y3.720
G1 X7.497 Y3.720
G1 X7.607 Y3.725
G1 X7.617 Y3.726
G1 X7.726 Y3.744
G1 X7.735 Y3.746
G1 X7.841 Y3.775
G1 X7.851 Y3.778
G1 X7.952 Y3.819
G1 X7.962 Y3.824
G1 X8.056 Y3.877
G1 X8.066 Y3.883
G1 X8.152 Y3.948
; Retract
G1 Z1.5000 F2540

; Path 28
; Rapid to initial position
G1 X8.653 Y4.529 F2540
G1 Z0.5000
; plunge
G1 Z-2.6750 F127
; cut
G1 X8.667 Y4.521 F1016
G1 X8.681 Y4.515
G1 X8.697 Y4.512
G1 X8.712 Y4.512
G1 X8.728 Y4.515
G1 X8.742 Y4.520
G1 X8.756 Y4.528
G1 X8.764 Y4.535
G1 X9.719 Y5.418
G1 X9.818 Y5.507
G1 X9.921 Y5.594
G1 X10.025 Y5.678
G1 X10.128 Y5.756
G1 X10.128 Y5.756
G1 X10.235 Y5.833
G1 X10.235 Y5.834
G1 X10.338 Y5.904
G1 X10.442 Y5.971
G1 X10.546 Y6.033
G1 X10.642 Y6.088
G1 X10.740 Y6.139
G1 X10.829 Y6.181
G1 X10.916 Y6.217
G1 X10.992 Y6.245
G1 X11.064 Y6.265
G1 X11.124 Y6.277
G1 X11.181 Y6.281
G1 X11.297 Y6.284
G1 X11.414 Y6.294
G1 X11.527 Y6.308
G1 X11.633 Y6.328
G1 X11.730 Y6.353
G1 X11.807 Y6.379
G1 X11.817 Y6.382
G1 X11.877 Y6.411
G1 X11.892 Y6.420
G1 X11.933 Y6.451
G1 X11.945 Y6.461
G1 X11.951 Y6.469
G1 X11.972 Y6.499
G1 X11.982 Y6.518
G1 X11.996 Y6.556
G1 X11.999 Y6.571
G1 X12.006 Y6.617
G1 X12.006 Y6.628
G1 X12.006 Y6.681
G1 X12.006 Y6.690
G1 X11.998 Y6.755
G1 X11.984 Y6.826
G1 X11.965 Y6.901
G1 X11.940 Y6.980
G1 X11.910 Y7.063
G1 X11.876 Y7.150
G1 X11.838 Y7.239
G1 X11.795 Y7.332
G1 X11.749 Y7.426
G1 X11.699 Y7.521
G1 X11.647 Y7.617
G1 X11.592 Y7.714
G1 X11.534 Y7.810
G1 X11.475 Y7.906
G1 X11.413 Y8.000
G1 X11.351 Y8.093
G1 X11.287 Y8.183
G1 X11.222 Y8.270
G1 X11.157 Y8.353
G1 X11.092 Y8.433
G1 X11.027 Y8.508
G1 X10.962 Y8.578
G1 X10.897 Y8.642
G1 X10.833 Y8.701
G1 X10.770 Y8.752
G1 X10.708 Y8.797
G1 X10.653 Y8.829
G1 X10.645 Y8.834
G1 X10.593 Y8.857
G1 X10.583 Y8.861
G1 X10.530 Y8.878
G1 X10.471 Y8.891
G1 X10.407 Y8.902
G1 X10.336 Y8.910
G1 X10.260 Y8.916
G1 X10.180 Y8.920
G1 X10.095 Y8.921
G1 X10.006 Y8.921
G1 X9.913 Y8.919
G1 X9.817 Y8.915
G1 X9.719 Y8.909
G1 X9.619 Y8.902
G1 X9.517 Y8.893
G1 X9.414 Y8.882
G1 X9.311 Y8.870
G1 X9.208 Y8.857
G1 X9.105 Y8.842
G1 X9.003 Y8.827
G1 X8.903 Y8.810
G1 X8.805 Y8.792
G1 X8.710 Y8.772
G1 X8.617 Y8.752
G1 X8.529 Y8.731
G1 X8.444 Y8.709
G1 X8.364 Y8.687
G1 X8.289 Y8.663
G1 X8.219 Y8.639
G1 X8.155 Y8.613
G1 X8.096 Y8.587
G1 X8.045 Y8.558
G1 X8.007 Y8.533
G1 X7.998 Y8.527
G1 X7.969 Y8.502
G1 X7.959 Y8.491
G1 X7.948 Y8.472
G1 X7.941 Y8.457
G1 X7.936 Y8.442
G1 X7.934 Y8.429
G1 X7.933 Y8.402
G1 X7.934 Y8.390
G1 X7.939 Y8.347
G1 X7.949 Y8.296
G1 X7.964 Y8.237
G1 X7.984 Y8.170
G1 X8.008 Y8.096
G1 X8.036 Y8.015
G1 X8.068 Y7.928
G1 X8.104 Y7.835
G1 X8.144 Y7.736
G1 X8.187 Y7.633
G1 X8.233 Y7.525
G1 X8.282 Y7.414
G1 X8.334 Y7.300
G1 X8.387 Y7.186
G1 X8.453 Y7.044
G1 X8.453 Y7.044
G1 X8.512 Y6.906
G1 X8.567 Y6.771
G1 X8.615 Y6.642
G1 X8.657 Y6.520
G1 X8.694 Y6.396
G1 X8.725 Y6.282
G1 X8.751 Y6.169
G1 X8.771 Y6.055
G1 X8.786 Y5.950
G1 X8.796 Y5.845
G1 X8.800 Y5.745
G1 X8.800 Y5.644
G1 X8.794 Y5.545
G1 X8.784 Y5.452
G1 X8.767 Y5.356
G1 X8.622 Y4.608
G1 X8.620 Y4.594
G1 X8.621 Y4.579
G1 X8.626 Y4.564
G1 X8.633 Y4.551
G1 X8.642 Y4.539
G1 X8.653 Y4.529
; Retract
G1 Z1.5000 F2540

; Path 29
; Rapid to initial position
G1 X7.243 Y3.617 F2540
G1 Z0.5000
; plunge
G1 Z-2.6750 F127
; cut
G1 X7.200 Y3.610 F1016
G1 X7.100 Y3.590
G1 X7.001 Y3.564
G1 X6.903 Y3.533
G1 X6.806 Y3.498
G1 X6.711 Y3.457
G1 X6.617 Y3.411
G1 X6.524 Y3.361
G1 X6.434 Y3.306
G1 X6.346 Y3.246
G1 X6.260 Y3.183
G1 X6.188 Y3.124
G1 X6.219 Y3.162
G1 X6.226 Y3.172
G1 X6.310 Y3.297
G1 X6.320 Y3.314
G1 X6.380 Y3.437
G1 X6.388 Y3.459
G1 X6.422 Y3.574
G1 X6.424 Y3.581
G1 X6.428 Y3.608
G1 X6.438 Y3.728
G1 X6.437 Y3.757
G1 X6.422 Y3.879
G1 X6.417 Y3.902
G1 X6.380 Y4.025
G1 X6.372 Y4.044
G1 X6.309 Y4.178
G1 X6.262 Y4.263
G1 X6.211 Y4.347
G1 X6.156 Y4.432
G1 X6.098 Y4.516
G1 X6.036 Y4.601
G1 X5.971 Y4.684
G1 X5.904 Y4.767
G1 X5.894 Y4.778
G1 X5.931 Y4.762
G1 X5.971 Y4.748
G1 X5.989 Y4.742
G1 X6.029 Y4.734
G1 X6.055 Y4.731
G1 X6.083 Y4.730
G1 X6.095 Y4.730
G1 X6.118 Y4.731
G1 X6.129 Y4.733
G1 X6.162 Y4.739
G1 X6.181 Y4.744
G1 X6.194 Y4.748
G1 X6.209 Y4.754
G1 X6.237 Y4.768
G1 X6.255 Y4.778
G1 X6.268 Y4.787
G1 X6.278 Y4.795
G1 X6.297 Y4.811
G1 X6.306 Y4.820
G1 X6.323 Y4.839
G1 X6.331 Y4.850
G1 X6.347 Y4.873
G1 X6.350 Y4.879
G1 X6.356 Y4.889
G1 X6.371 Y4.782
G1 X6.390 Y4.672
G1 X6.413 Y4.565
G1 X6.439 Y4.461
G1 X6.469 Y4.360
G1 X6.504 Y4.263
G1 X6.542 Y4.171
G1 X6.582 Y4.088
G1 X6.590 Y4.074
G1 X6.654 Y3.975
G1 X6.668 Y3.957
G1 X6.746 Y3.871
G1 X6.763 Y3.856
G1 X6.851 Y3.784
G1 X6.869 Y3.772
G1 X6.967 Y3.714
G1 X6.985 Y3.705
G1 X7.091 Y3.660
G1 X7.109 Y3.654
G1 X7.222 Y3.621
G1 X7.238 Y3.618
G1 X7.243 Y3.617
G1 X6.994 Y3.630
G1 X6.980 Y3.626
G1 X6.878 Y3.594
G1 X6.778 Y3.557
G1 X6.680 Y3.515
G1 X6.583 Y3.468
G1 X6.488 Y3.416
G1 X6.426 Y3.378
G1 X6.444 Y3.415
G1 X6.454 Y3.441
G1 X6.488 Y3.560
G1 X6.491 Y3.571
G1 X6.496 Y3.603
G1 X6.506 Y3.723
G1 X6.506 Y3.730
G1 X6.505 Y3.765
G1 X6.489 Y3.893
G1 X6.482 Y3.920
G1 X6.443 Y4.048
G1 X6.434 Y4.070
G1 X6.370 Y4.208
G1 X6.321 Y4.295
G1 X6.269 Y4.382
G1 X6.213 Y4.468
G1 X6.154 Y4.554
G1 X6.091 Y4.640
G1 X6.071 Y4.665
G1 X6.083 Y4.665
G1 X6.100 Y4.665
G1 X6.126 Y4.667
G1 X6.142 Y4.669
G1 X6.180 Y4.676
G1 X6.204 Y4.682
G1 X6.220 Y4.688
G1 X6.240 Y4.696
G1 X6.272 Y4.712
G1 X6.295 Y4.725
G1 X6.310 Y4.736
G1 X6.324 Y4.659
G1 X6.347 Y4.549
G1 X6.374 Y4.443
G1 X6.405 Y4.339
G1 X6.440 Y4.239
G1 X6.481 Y4.143
G1 X6.523 Y4.057
G1 X6.532 Y4.040
G1 X6.599 Y3.936
G1 X6.617 Y3.914
G1 X6.700 Y3.823
G1 X6.719 Y3.806
G1 X6.812 Y3.731
G1 X6.833 Y3.717
G1 X6.936 Y3.656
G1 X6.958 Y3.646
G1 X6.994 Y3.630
G1 X6.826 Y3.645
G1 X6.750 Y3.616
G1 X6.649 Y3.573
G1 X6.549 Y3.524
G1 X6.548 Y3.524
G1 X6.555 Y3.546
G1 X6.558 Y3.561
G1 X6.564 Y3.598
G1 X6.574 Y3.722
G1 X6.574 Y3.733
G1 X6.572 Y3.772
G1 X6.559 Y3.880
G1 X6.566 Y3.871
G1 X6.653 Y3.776
G1 X6.675 Y3.756
G1 X6.772 Y3.678
G1 X6.797 Y3.662
G1 X6.826 Y3.645
G1 X6.688 Y3.661
G1 X6.635 Y3.638
G1 X6.640 Y3.699
G1 X6.688 Y3.661
G1 X6.302 Y3.727
G1 X6.302 Y3.743
G1 X6.289 Y3.852
G1 X6.286 Y3.866
G1 X6.252 Y3.980
G1 X6.248 Y3.990
G1 X6.189 Y4.117
G1 X6.145 Y4.198
G1 X6.096 Y4.279
G1 X6.043 Y4.360
G1 X5.987 Y4.441
G1 X5.927 Y4.523
G1 X5.864 Y4.604
G1 X5.798 Y4.684
G1 X5.730 Y4.765
G1 X5.658 Y4.844
G1 X5.585 Y4.922
G1 X5.509 Y5.000
G1 X5.431 Y5.076
G1 X5.351 Y5.151
G1 X5.270 Y5.224
G1 X5.188 Y5.296
G1 X5.104 Y5.366
G1 X5.019 Y5.434
G1 X4.933 Y5.499
G1 X4.847 Y5.563
G1 X4.760 Y5.624
G1 X4.673 Y5.682
G1 X4.586 Y5.737
G1 X4.499 Y5.790
G1 X4.413 Y5.839
G1 X4.327 Y5.886
G1 X4.241 Y5.928
G1 X4.157 Y5.967
G1 X4.073 Y6.002
G1 X3.990 Y6.034
G1 X3.909 Y6.061
G1 X3.829 Y6.083
G1 X3.753 Y6.101
G1 X3.625 Y6.127
G1 X3.510 Y6.147
G1 X3.408 Y6.163
G1 X3.316 Y6.172
G1 X3.243 Y6.174
G1 X3.233 Y6.174
G1 X3.171 Y6.169
G1 X3.156 Y6.167
G1 X3.104 Y6.154
G1 X3.086 Y6.147
G1 X3.044 Y6.126
G1 X3.025 Y6.113
G1 X2.991 Y6.083
G1 X2.977 Y6.067
G1 X2.950 Y6.027
G1 X2.942 Y6.012
G1 X2.922 Y5.961
G1 X2.918 Y5.950
G1 X2.904 Y5.889
G1 X2.902 Y5.881
G1 X2.892 Y5.803
G1 X2.886 Y5.715
G1 X2.883 Y5.616
G1 X2.882 Y5.503
G1 X2.883 Y5.455
G1 X2.886 Y5.407
G1 X2.891 Y5.359
G1 X2.899 Y5.311
G1 X2.908 Y5.262
G1 X2.919 Y5.213
G1 X2.932 Y5.163
G1 X2.947 Y5.113
G1 X2.964 Y5.063
G1 X2.984 Y5.012
G1 X3.005 Y4.960
G1 X3.029 Y4.908
G1 X3.054 Y4.856
G1 X3.082 Y4.803
G1 X3.111 Y4.749
G1 X3.143 Y4.694
G1 X3.177 Y4.639
G1 X3.213 Y4.583
G1 X3.251 Y4.527
G1 X3.291 Y4.469
G1 X3.334 Y4.411
G1 X3.379 Y4.352
G1 X3.426 Y4.292
G1 X3.475 Y4.231
G1 X3.526 Y4.169
G1 X3.580 Y4.106
G1 X3.635 Y4.042
G1 X3.694 Y3.977
G1 X3.754 Y3.911
G1 X3.817 Y3.843
G1 X3.882 Y3.775
G1 X3.949 Y3.705
G1 X4.057 Y3.595
G1 X4.160 Y3.492
G1 X4.257 Y3.395
G1 X4.348 Y3.304
G1 X4.436 Y3.220
G1 X4.518 Y3.142
G1 X4.597 Y3.070
G1 X4.672 Y3.004
G1 X4.743 Y2.944
G1 X4.811 Y2.890
G1 X4.876 Y2.842
G1 X4.939 Y2.799
G1 X5.001 Y2.761
G1 X5.060 Y2.730
G1 X5.118 Y2.704
G1 X5.168 Y2.686
G1 X5.176 Y2.683
G1 X5.224 Y2.671
G1 X5.233 Y2.669
G1 X5.279 Y2.662
G1 X5.289 Y2.661
G1 X5.335 Y2.659
G1 X5.345 Y2.659
G1 X5.390 Y2.662
G1 X5.400 Y2.664
G1 X5.444 Y2.672
G1 X5.453 Y2.675
G1 X5.497 Y2.688
G1 X5.505 Y2.691
G1 X5.548 Y2.710
G1 X5.555 Y2.713
G1 X5.604 Y2.740
G1 X5.652 Y2.771
G1 X5.700 Y2.807
G1 X5.748 Y2.847
G1 X5.796 Y2.891
G1 X5.846 Y2.940
G1 X5.896 Y2.992
G1 X5.948 Y3.048
G1 X6.004 Y3.111
G1 X6.107 Y3.237
G1 X6.112 Y3.243
G1 X6.191 Y3.361
G1 X6.197 Y3.370
G1 X6.252 Y3.482
G1 X6.257 Y3.495
G1 X6.290 Y3.603
G1 X6.292 Y3.619
G1 X6.302 Y3.727
G1 X6.301 Y4.456
G1 X6.270 Y4.504
G1 X6.209 Y4.591
G1 X6.194 Y4.612
G1 X6.198 Y4.613
G1 X6.227 Y4.621
G1 X6.248 Y4.628
G1 X6.259 Y4.633
G1 X6.281 Y4.534
G1 X6.301 Y4.456
G1 X6.168 Y4.808
G1 X6.179 Y4.813
G1 X6.202 Y4.824
G1 X6.216 Y4.831
G1 X6.225 Y4.837
G1 X6.233 Y4.844
G1 X6.248 Y4.857
G1 X6.254 Y4.863
G1 X6.269 Y4.878
G1 X6.274 Y4.885
G1 X6.290 Y4.909
G1 X6.300 Y4.929
G1 X6.312 Y4.955
G1 X6.317 Y4.972
G1 X6.325 Y5.004
G1 X6.327 Y5.016
G1 X6.333 Y5.060
G1 X6.335 Y5.106
G1 X6.335 Y5.154
G1 X6.332 Y5.205
G1 X6.326 Y5.261
G1 X6.319 Y5.320
G1 X6.310 Y5.383
G1 X6.299 Y5.451
G1 X6.286 Y5.519
G1 X6.278 Y5.578
G1 X6.276 Y5.644
G1 X6.277 Y5.716
G1 X6.284 Y5.806
G1 X6.295 Y5.896
G1 X6.312 Y6.001
G1 X6.332 Y6.103
G1 X6.332 Y6.103
G1 X6.358 Y6.217
G1 X6.386 Y6.326
G1 X6.386 Y6.327
G1 X6.420 Y6.444
G1 X6.458 Y6.565
G1 X6.457 Y6.565
G1 X6.498 Y6.686
G1 X6.542 Y6.804
G1 X6.543 Y6.806
G1 X6.589 Y6.924
G1 X6.640 Y7.044
G1 X6.694 Y7.161
G1 X6.748 Y7.278
G1 X6.800 Y7.392
G1 X6.849 Y7.503
G1 X6.895 Y7.611
G1 X6.938 Y7.715
G1 X6.978 Y7.814
G1 X7.015 Y7.909
G1 X7.047 Y7.997
G1 X7.076 Y8.079
G1 X7.100 Y8.155
G1 X7.121 Y8.225
G1 X7.136 Y8.288
G1 X7.148 Y8.346
G1 X7.152 Y8.388
G1 X7.153 Y8.406
G1 X7.151 Y8.439
G1 X7.149 Y8.453
G1 X7.146 Y8.464
G1 X7.140 Y8.481
G1 X7.131 Y8.502
G1 X7.123 Y8.516
G1 X7.115 Y8.528
G1 X7.100 Y8.544
G1 X7.094 Y8.550
G1 X7.080 Y8.562
G1 X7.099 Y8.554
G1 X7.239 Y8.496
G1 X7.390 Y8.442
G1 X7.405 Y8.438
G1 X7.416 Y8.436
G1 X7.432 Y8.435
G1 X7.443 Y8.434
G1 X7.456 Y8.435
G1 X7.485 Y8.439
G1 X7.506 Y8.444
G1 X7.559 Y8.460
G1 X7.628 Y8.485
G1 X7.712 Y8.518
G1 X7.810 Y8.559
G1 X7.920 Y8.606
G1 X8.038 Y8.659
G1 X8.165 Y8.718
G1 X8.254 Y8.762
G1 X8.337 Y8.808
G1 X8.413 Y8.858
G1 X8.484 Y8.911
G1 X8.549 Y8.967
G1 X8.608 Y9.028
G1 X8.654 Y9.085
G1 X8.660 Y9.094
G1 X8.706 Y9.163
G1 X8.745 Y9.236
G1 X8.777 Y9.313
G1 X8.803 Y9.394
G1 X8.824 Y9.479
G1 X8.839 Y9.567
G1 X8.849 Y9.660
G1 X8.855 Y9.758
G1 X8.857 Y9.864
G1 X8.854 Y9.943
G1 X8.846 Y10.027
G1 X8.834 Y10.113
G1 X8.818 Y10.202
G1 X8.797 Y10.295
G1 X8.773 Y10.390
G1 X8.746 Y10.486
G1 X8.715 Y10.585
G1 X8.681 Y10.685
G1 X8.645 Y10.786
G1 X8.606 Y10.887
G1 X8.565 Y10.989
G1 X8.522 Y11.090
G1 X8.477 Y11.190
G1 X8.430 Y11.290
G1 X8.382 Y11.387
G1 X8.333 Y11.482
G1 X8.283 Y11.575
G1 X8.232 Y11.665
G1 X8.181 Y11.752
G1 X8.129 Y11.835
G1 X8.077 Y11.913
G1 X8.024 Y11.988
G1 X7.972 Y12.057
G1 X7.920 Y12.121
G1 X7.867 Y12.180
G1 X7.813 Y12.233
G1 X7.759 Y12.279
G1 X7.713 Y12.312
G1 X7.701 Y12.320
G1 X7.655 Y12.345
G1 X7.637 Y12.353
G1 X7.599 Y12.367
G1 X7.592 Y12.369
G1 X7.573 Y12.374
G1 X7.566 Y12.375
G1 X7.530 Y12.380
G1 X7.520 Y12.380
G1 X7.497 Y12.380
G1 X7.488 Y12.380
G1 X7.452 Y12.375
G1 X7.445 Y12.374
G1 X7.426 Y12.369
G1 X7.419 Y12.367
G1 X7.375 Y12.351
G1 X7.357 Y12.342
G1 X7.314 Y12.318
G1 X7.302 Y12.310
G1 X7.257 Y12.278
G1 X7.248 Y12.271
G1 X7.196 Y12.225
G1 X7.145 Y12.173
G1 X7.094 Y12.116
G1 X7.042 Y12.052
G1 X6.990 Y11.983
G1 X6.939 Y11.910
G1 X6.887 Y11.831
G1 X6.835 Y11.749
G1 X6.784 Y11.662
G1 X6.733 Y11.572
G1 X6.683 Y11.480
G1 X6.634 Y11.384
G1 X6.586 Y11.287
G1 X6.540 Y11.187
G1 X6.495 Y11.087
G1 X6.452 Y10.986
G1 X6.410 Y10.884
G1 X6.372 Y10.782
G1 X6.335 Y10.681
G1 X6.302 Y10.581
G1 X6.271 Y10.482
G1 X6.244 Y10.384
G1 X6.220 Y10.289
G1 X6.199 Y10.196
G1 X6.183 Y10.106
G1 X6.171 Y10.018
G1 X6.163 Y9.933
G1 X6.161 Y9.853
G1 X6.165 Y9.726
G1 X6.178 Y9.604
G1 X6.201 Y9.488
G1 X6.229 Y9.387
G1 X6.233 Y9.376
G1 X6.271 Y9.279
G1 X6.275 Y9.270
G1 X6.321 Y9.179
G1 X6.327 Y9.168
G1 X6.383 Y9.081
G1 X6.390 Y9.073
G1 X6.454 Y8.992
G1 X6.462 Y8.983
G1 X6.545 Y8.899
G1 X6.636 Y8.820
G1 X6.738 Y8.747
G1 X6.803 Y8.706
G1 X6.748 Y8.726
G1 X6.671 Y8.750
G1 X6.590 Y8.773
G1 X6.504 Y8.795
G1 X6.414 Y8.816
G1 X6.321 Y8.836
G1 X6.224 Y8.856
G1 X6.125 Y8.874
G1 X6.024 Y8.891
G1 X5.922 Y8.907
G1 X5.818 Y8.922
G1 X5.714 Y8.935
G1 X5.609 Y8.947
G1 X5.506 Y8.958
G1 X5.403 Y8.967
G1 X5.301 Y8.974
G1 X5.202 Y8.980
G1 X5.105 Y8.984
G1 X5.010 Y8.986
G1 X4.920 Y8.986
G1 X4.832 Y8.985
G1 X4.749 Y8.981
G1 X4.670 Y8.974
G1 X4.595 Y8.965
G1 X4.525 Y8.953
G1 X4.459 Y8.937
G1 X4.409 Y8.921
G1 X4.395 Y8.916
G1 X4.341 Y8.891
G1 X4.328 Y8.884
G1 X4.263 Y8.845
G1 X4.199 Y8.798
G1 X4.134 Y8.745
G1 X4.069 Y8.685
G1 X4.003 Y8.619
G1 X3.937 Y8.548
G1 X3.871 Y8.471
G1 X3.805 Y8.391
G1 X3.739 Y8.306
G1 X3.674 Y8.218
G1 X3.609 Y8.127
G1 X3.546 Y8.033
G1 X3.484 Y7.938
G1 X3.424 Y7.841
G1 X3.366 Y7.744
G1 X3.310 Y7.646
G1 X3.257 Y7.548
G1 X3.206 Y7.451
G1 X3.160 Y7.356
G1 X3.116 Y7.262
G1 X3.077 Y7.171
G1 X3.042 Y7.081
G1 X3.011 Y6.996
G1 X2.986 Y6.912
G1 X2.966 Y6.832
G1 X2.951 Y6.756
G1 X2.944 Y6.694
G1 X2.944 Y6.682
G1 X2.943 Y6.624
G1 X2.945 Y6.608
G1 X2.952 Y6.556
G1 X2.958 Y6.535
G1 X2.971 Y6.497
G1 X2.975 Y6.489
G1 X2.985 Y6.470
G1 X2.989 Y6.462
G1 X3.014 Y6.428
G1 X3.024 Y6.416
G1 X3.031 Y6.409
G1 X3.043 Y6.399
G1 X3.084 Y6.368
G1 X3.090 Y6.365
G1 X3.110 Y6.353
G1 X3.174 Y6.323
G1 X3.188 Y6.317
G1 X3.276 Y6.288
G1 X3.376 Y6.263
G1 X3.485 Y6.243
G1 X3.601 Y6.228
G1 X3.722 Y6.219
G1 X3.833 Y6.216
G1 X3.881 Y6.213
G1 X3.936 Y6.204
G1 X3.997 Y6.188
G1 X4.063 Y6.167
G1 X4.137 Y6.139
G1 X4.218 Y6.105
G1 X4.301 Y6.065
G1 X4.385 Y6.021
G1 X4.472 Y5.972
G1 X4.562 Y5.917
G1 X4.646 Y5.862
G1 X4.736 Y5.800
G1 X4.822 Y5.736
G1 X4.909 Y5.668
G1 X4.987 Y5.602
G1 X5.068 Y5.530
G1 X5.156 Y5.449
G1 X5.239 Y5.372
G1 X5.318 Y5.300
G1 X5.393 Y5.234
G1 X5.463 Y5.172
G1 X5.530 Y5.115
G1 X5.593 Y5.063
G1 X5.652 Y5.015
G1 X5.708 Y4.972
G1 X5.761 Y4.934
G1 X5.811 Y4.900
G1 X5.860 Y4.869
G1 X5.908 Y4.844
G1 X5.955 Y4.823
G1 X5.990 Y4.810
G1 X6.005 Y4.806
G1 X6.038 Y4.799
G1 X6.059 Y4.796
G1 X6.083 Y4.795
G1 X6.091 Y4.795
G1 X6.110 Y4.796
G1 X6.117 Y4.797
G1 X6.144 Y4.802
G1 X6.160 Y4.806
G1 X6.168 Y4.808
G1 X6.142 Y4.868
G1 X6.150 Y4.871
G1 X6.168 Y4.880
G1 X6.181 Y4.887
G1 X6.188 Y4.893
G1 X6.203 Y4.906
G1 X6.217 Y4.921
G1 X6.230 Y4.939
G1 X6.237 Y4.953
G1 X6.247 Y4.976
G1 X6.251 Y4.988
G1 X6.258 Y5.015
G1 X6.260 Y5.024
G1 X6.265 Y5.063
G1 X6.267 Y5.105
G1 X6.267 Y5.150
G1 X6.264 Y5.200
G1 X6.259 Y5.253
G1 X6.252 Y5.311
G1 X6.242 Y5.373
G1 X6.232 Y5.440
G1 X6.219 Y5.508
G1 X6.211 Y5.573
G1 X6.208 Y5.643
G1 X6.209 Y5.721
G1 X6.216 Y5.814
G1 X6.228 Y5.906
G1 X6.245 Y6.011
G1 X6.266 Y6.117
G1 X6.292 Y6.231
G1 X6.321 Y6.345
G1 X6.321 Y6.345
G1 X6.355 Y6.463
G1 X6.392 Y6.584
G1 X6.434 Y6.707
G1 X6.478 Y6.827
G1 X6.479 Y6.829
G1 X6.526 Y6.949
G1 X6.577 Y7.069
G1 X6.632 Y7.188
G1 X6.686 Y7.304
G1 X6.737 Y7.417
G1 X6.786 Y7.528
G1 X6.832 Y7.635
G1 X6.875 Y7.738
G1 X6.914 Y7.837
G1 X6.950 Y7.930
G1 X6.982 Y8.017
G1 X7.011 Y8.099
G1 X7.035 Y8.173
G1 X7.055 Y8.240
G1 X7.070 Y8.300
G1 X7.080 Y8.353
G1 X7.084 Y8.390
G1 X7.085 Y8.403
G1 X7.083 Y8.429
G1 X7.081 Y8.444
G1 X7.077 Y8.457
G1 X7.070 Y8.472
G1 X7.063 Y8.486
G1 X7.048 Y8.502
G1 X7.020 Y8.527
G1 X7.011 Y8.533
G1 X6.967 Y8.562
G1 X6.916 Y8.589
G1 X6.859 Y8.615
G1 X6.796 Y8.640
G1 X6.726 Y8.664
G1 X6.652 Y8.687
G1 X6.572 Y8.710
G1 X6.487 Y8.732
G1 X6.399 Y8.753
G1 X6.307 Y8.773
G1 X6.211 Y8.792
G1 X6.113 Y8.810
G1 X6.013 Y8.827
G1 X5.912 Y8.843
G1 X5.809 Y8.857
G1 X5.706 Y8.870
G1 X5.602 Y8.882
G1 X5.499 Y8.893
G1 X5.398 Y8.902
G1 X5.297 Y8.909
G1 X5.199 Y8.915
G1 X5.103 Y8.919
G1 X5.010 Y8.921
G1 X4.921 Y8.921
G1 X4.835 Y8.920
G1 X4.755 Y8.916
G1 X4.678 Y8.910
G1 X4.607 Y8.901
G1 X4.541 Y8.890
G1 X4.480 Y8.876
G1 X4.434 Y8.861
G1 X4.425 Y8.857
G1 X4.373 Y8.834
G1 X4.365 Y8.829
G1 X4.304 Y8.793
G1 X4.243 Y8.749
G1 X4.181 Y8.698
G1 X4.118 Y8.640
G1 X4.054 Y8.576
G1 X3.989 Y8.506
G1 X3.924 Y8.431
G1 X3.859 Y8.352
G1 X3.795 Y8.269
G1 X3.730 Y8.181
G1 X3.666 Y8.091
G1 X3.604 Y7.999
G1 X3.542 Y7.905
G1 X3.483 Y7.809
G1 X3.425 Y7.712
G1 X3.370 Y7.616
G1 X3.318 Y7.519
G1 X3.268 Y7.424
G1 X3.222 Y7.330
G1 X3.179 Y7.237
G1 X3.141 Y7.148
G1 X3.106 Y7.060
G1 X3.077 Y6.977
G1 X3.052 Y6.897
G1 X3.032 Y6.821
G1 X3.019 Y6.749
G1 X3.012 Y6.689
G1 X3.012 Y6.682
G1 X3.011 Y6.629
G1 X3.012 Y6.617
G1 X3.019 Y6.571
G1 X3.022 Y6.556
G1 X3.036 Y6.518
G1 X3.046 Y6.499
G1 X3.066 Y6.469
G1 X3.076 Y6.458
G1 X3.085 Y6.451
G1 X3.126 Y6.420
G1 X3.140 Y6.411
G1 X3.201 Y6.383
G1 X3.210 Y6.379
G1 X3.293 Y6.351
G1 X3.389 Y6.327
G1 X3.494 Y6.308
G1 X3.606 Y6.293
G1 X3.723 Y6.284
G1 X3.836 Y6.281
G1 X3.890 Y6.277
G1 X3.949 Y6.268
G1 X4.017 Y6.251
G1 X4.088 Y6.228
G1 X4.163 Y6.200
G1 X4.248 Y6.163
G1 X4.331 Y6.123
G1 X4.417 Y6.079
G1 X4.506 Y6.028
G1 X4.599 Y5.972
G1 X4.686 Y5.915
G1 X4.778 Y5.852
G1 X4.864 Y5.788
G1 X4.952 Y5.718
G1 X5.034 Y5.650
G1 X5.115 Y5.577
G1 X5.203 Y5.496
G1 X5.286 Y5.419
G1 X5.364 Y5.348
G1 X5.439 Y5.282
G1 X5.509 Y5.221
G1 X5.574 Y5.165
G1 X5.636 Y5.113
G1 X5.695 Y5.066
G1 X5.749 Y5.024
G1 X5.800 Y4.987
G1 X5.848 Y4.954
G1 X5.894 Y4.926
G1 X5.937 Y4.903
G1 X5.979 Y4.884
G1 X6.010 Y4.872
G1 X6.020 Y4.869
G1 X6.048 Y4.863
G1 X6.063 Y4.861
G1 X6.087 Y4.860
G1 X6.106 Y4.861
G1 X6.127 Y4.865
G1 X6.142 Y4.868
; Retract
G1 Z1.5000 F2540

; Path 30
; Rapid to initial position
G1 X5.822 Y2.736 F2540
G1 Z0.5000
; plunge
G1 Z-2.6750 F127
; cut
G1 X5.808 Y2.719 F1016
G1 X5.747 Y2.631
G1 X5.690 Y2.541
G1 X5.637 Y2.449
G1 X5.589 Y2.355
G1 X5.545 Y2.261
G1 X5.506 Y2.163
G1 X5.472 Y2.065
G1 X5.443 Y1.966
G1 X5.419 Y1.867
G1 X5.407 Y1.805
G1 X5.387 Y1.876
G1 X5.382 Y1.890
G1 X5.337 Y1.998
G1 X5.329 Y2.013
G1 X5.272 Y2.113
G1 X5.260 Y2.130
G1 X5.189 Y2.221
G1 X5.174 Y2.238
G1 X5.089 Y2.317
G1 X5.069 Y2.331
G1 X4.975 Y2.394
G1 X4.959 Y2.403
G1 X4.871 Y2.447
G1 X4.779 Y2.486
G1 X4.683 Y2.521
G1 X4.652 Y2.531
G1 X4.654 Y2.532
G1 X4.669 Y2.548
G1 X4.680 Y2.561
G1 X4.691 Y2.578
G1 X4.700 Y2.594
G1 X4.709 Y2.614
G1 X4.714 Y2.632
G1 X4.719 Y2.652
G1 X4.720 Y2.669
G1 X4.721 Y2.690
G1 X4.720 Y2.709
G1 X4.716 Y2.730
G1 X4.711 Y2.747
G1 X4.704 Y2.766
G1 X4.696 Y2.783
G1 X4.685 Y2.800
G1 X4.675 Y2.814
G1 X4.660 Y2.830
G1 X4.594 Y2.896
G1 X4.656 Y2.844
G1 X4.728 Y2.787
G1 X4.798 Y2.735
G1 X4.866 Y2.689
G1 X4.934 Y2.647
G1 X5.002 Y2.612
G1 X5.070 Y2.582
G1 X5.125 Y2.562
G1 X5.140 Y2.557
G1 X5.196 Y2.543
G1 X5.211 Y2.540
G1 X5.266 Y2.532
G1 X5.284 Y2.530
G1 X5.337 Y2.529
G1 X5.356 Y2.529
G1 X5.409 Y2.533
G1 X5.427 Y2.536
G1 X5.479 Y2.546
G1 X5.495 Y2.551
G1 X5.547 Y2.567
G1 X5.560 Y2.572
G1 X5.610 Y2.593
G1 X5.623 Y2.600
G1 X5.681 Y2.632
G1 X5.736 Y2.669
G1 X5.790 Y2.709
G1 X5.822 Y2.736
G1 X5.599 Y2.517
G1 X5.576 Y2.478
G1 X5.526 Y2.381
G1 X5.482 Y2.284
G1 X5.442 Y2.184
G1 X5.406 Y2.083
G1 X5.393 Y2.037
G1 X5.389 Y2.045
G1 X5.329 Y2.148
G1 X5.315 Y2.169
G1 X5.240 Y2.265
G1 X5.221 Y2.284
G1 X5.136 Y2.364
G1 X5.131 Y2.368
G1 X5.108 Y2.385
G1 X5.009 Y2.450
G1 X4.991 Y2.460
G1 X4.899 Y2.506
G1 X4.803 Y2.547
G1 X4.759 Y2.563
G1 X4.763 Y2.569
G1 X4.774 Y2.595
G1 X4.781 Y2.619
G1 X4.786 Y2.645
G1 X4.788 Y2.662
G1 X4.830 Y2.634
G1 X4.901 Y2.591
G1 X4.974 Y2.552
G1 X5.046 Y2.521
G1 X5.105 Y2.500
G1 X5.123 Y2.494
G1 X5.183 Y2.479
G1 X5.201 Y2.476
G1 X5.260 Y2.467
G1 X5.282 Y2.465
G1 X5.339 Y2.464
G1 X5.362 Y2.464
G1 X5.419 Y2.469
G1 X5.441 Y2.472
G1 X5.498 Y2.484
G1 X5.517 Y2.489
G1 X5.572 Y2.507
G1 X5.588 Y2.513
G1 X5.599 Y2.517
G1 X5.466 Y2.411
G1 X5.464 Y2.407
G1 X5.419 Y2.308
G1 X5.377 Y2.205
G1 X5.375 Y2.200
G1 X5.369 Y2.209
G1 X5.290 Y2.309
G1 X5.268 Y2.331
G1 X5.181 Y2.413
G1 X5.180 Y2.413
G1 X5.191 Y2.411
G1 X5.255 Y2.402
G1 X5.280 Y2.400
G1 X5.341 Y2.398
G1 X5.368 Y2.399
G1 X5.429 Y2.405
G1 X5.455 Y2.408
G1 X5.466 Y2.411
G1 X5.356 Y2.334
G1 X5.356 Y2.333
G1 X5.355 Y2.334
G1 X5.356 Y2.334
G1 X5.139 Y2.178
G1 X5.126 Y2.191
G1 X5.046 Y2.266
G1 X5.031 Y2.278
G1 X4.940 Y2.338
G1 X4.928 Y2.345
G1 X4.843 Y2.387
G1 X4.755 Y2.425
G1 X4.662 Y2.459
G1 X4.565 Y2.489
G1 X4.465 Y2.516
G1 X4.361 Y2.539
G1 X4.255 Y2.558
G1 X4.146 Y2.574
G1 X4.034 Y2.587
G1 X3.920 Y2.596
G1 X3.805 Y2.602
G1 X3.688 Y2.605
G1 X3.571 Y2.605
G1 X3.452 Y2.602
G1 X3.333 Y2.596
G1 X3.214 Y2.586
G1 X3.095 Y2.574
G1 X2.977 Y2.559
G1 X2.860 Y2.540
G1 X2.744 Y2.519
G1 X2.629 Y2.495
G1 X2.517 Y2.468
G1 X2.406 Y2.438
G1 X2.298 Y2.406
G1 X2.193 Y2.370
G1 X2.092 Y2.331
G1 X1.993 Y2.290
G1 X1.898 Y2.245
G1 X1.808 Y2.197
G1 X1.722 Y2.147
G1 X1.641 Y2.092
G1 X1.569 Y2.038
G1 X0.916 Y1.512
G1 X0.905 Y1.502
G1 X0.898 Y1.493
G1 X0.889 Y1.480
G1 X0.883 Y1.470
G1 X0.876 Y1.456
G1 X0.872 Y1.444
G1 X0.869 Y1.430
G1 X0.867 Y1.418
G1 X0.867 Y1.403
G1 X0.867 Y1.391
G1 X0.869 Y1.377
G1 X0.872 Y1.365
G1 X0.877 Y1.350
G1 X0.882 Y1.340
G1 X0.890 Y1.327
G1 X0.897 Y1.317
G1 X0.907 Y1.305
G1 X0.915 Y1.297
G1 X0.931 Y1.285
G1 X1.611 Y0.826
G1 X1.689 Y0.777
G1 X1.773 Y0.731
G1 X1.861 Y0.688
G1 X1.955 Y0.648
G1 X2.053 Y0.610
G1 X2.155 Y0.575
G1 X2.261 Y0.542
G1 X2.369 Y0.512
G1 X2.482 Y0.484
G1 X2.596 Y0.459
G1 X2.712 Y0.436
G1 X2.831 Y0.416
G1 X2.950 Y0.398
G1 X3.071 Y0.383
G1 X3.192 Y0.370
G1 X3.313 Y0.360
G1 X3.434 Y0.353
G1 X3.554 Y0.348
G1 X3.673 Y0.346
G1 X3.791 Y0.347
G1 X3.906 Y0.350
G1 X4.020 Y0.356
G1 X4.131 Y0.365
G1 X4.238 Y0.378
G1 X4.343 Y0.393
G1 X4.444 Y0.411
G1 X4.541 Y0.433
G1 X4.634 Y0.458
G1 X4.722 Y0.488
G1 X4.805 Y0.521
G1 X4.882 Y0.558
G1 X4.946 Y0.596
G1 X4.959 Y0.604
G1 X5.049 Y0.674
G1 X5.062 Y0.686
G1 X5.141 Y0.769
G1 X5.151 Y0.781
G1 X5.216 Y0.872
G1 X5.224 Y0.885
G1 X5.277 Y0.986
G1 X5.283 Y0.998
G1 X5.324 Y1.105
G1 X5.328 Y1.117
G1 X5.357 Y1.229
G1 X5.359 Y1.240
G1 X5.376 Y1.354
G1 X5.378 Y1.366
G1 X5.383 Y1.481
G1 X5.383 Y1.493
G1 X5.376 Y1.609
G1 X5.375 Y1.620
G1 X5.357 Y1.732
G1 X5.354 Y1.745
G1 X5.323 Y1.854
G1 X5.319 Y1.866
G1 X5.276 Y1.970
G1 X5.270 Y1.982
G1 X5.215 Y2.078
G1 X5.206 Y2.091
G1 X5.139 Y2.178
G1 X5.087 Y2.135
G1 X5.079 Y2.145
G1 X5.003 Y2.216
G1 X4.992 Y2.224
G1 X4.905 Y2.282
G1 X4.896 Y2.287
G1 X4.816 Y2.328
G1 X4.730 Y2.365
G1 X4.641 Y2.397
G1 X4.547 Y2.427
G1 X4.450 Y2.453
G1 X4.349 Y2.475
G1 X4.244 Y2.494
G1 X4.137 Y2.510
G1 X4.028 Y2.522
G1 X3.917 Y2.531
G1 X3.803 Y2.537
G1 X3.688 Y2.540
G1 X3.573 Y2.540
G1 X3.456 Y2.537
G1 X3.339 Y2.531
G1 X3.222 Y2.522
G1 X3.105 Y2.509
G1 X2.988 Y2.494
G1 X2.873 Y2.476
G1 X2.758 Y2.456
G1 X2.646 Y2.432
G1 X2.535 Y2.405
G1 X2.427 Y2.376
G1 X2.321 Y2.344
G1 X2.218 Y2.309
G1 X2.119 Y2.272
G1 X2.023 Y2.231
G1 X1.931 Y2.188
G1 X1.843 Y2.142
G1 X1.761 Y2.093
G1 X1.683 Y2.041
G1 X1.612 Y1.988
G1 X0.965 Y1.467
G1 X0.954 Y1.456
G1 X0.945 Y1.444
G1 X0.939 Y1.430
G1 X0.935 Y1.415
G1 X0.935 Y1.400
G1 X0.937 Y1.386
G1 X0.942 Y1.371
G1 X0.949 Y1.358
G1 X0.959 Y1.347
G1 X0.971 Y1.338
G1 X1.648 Y0.881
G1 X1.723 Y0.834
G1 X1.803 Y0.789
G1 X1.889 Y0.748
G1 X1.980 Y0.708
G1 X2.076 Y0.672
G1 X2.176 Y0.637
G1 X2.280 Y0.605
G1 X2.387 Y0.575
G1 X2.497 Y0.548
G1 X2.609 Y0.523
G1 X2.724 Y0.500
G1 X2.841 Y0.480
G1 X2.959 Y0.463
G1 X3.078 Y0.448
G1 X3.198 Y0.435
G1 X3.317 Y0.425
G1 X3.437 Y0.418
G1 X3.555 Y0.413
G1 X3.673 Y0.411
G1 X3.789 Y0.412
G1 X3.902 Y0.415
G1 X4.014 Y0.421
G1 X4.123 Y0.430
G1 X4.228 Y0.442
G1 X4.330 Y0.457
G1 X4.428 Y0.475
G1 X4.522 Y0.496
G1 X4.611 Y0.520
G1 X4.695 Y0.548
G1 X4.774 Y0.579
G1 X4.847 Y0.614
G1 X4.907 Y0.649
G1 X4.916 Y0.655
G1 X5.002 Y0.722
G1 X5.012 Y0.730
G1 X5.087 Y0.809
G1 X5.094 Y0.818
G1 X5.158 Y0.906
G1 X5.163 Y0.915
G1 X5.215 Y1.012
G1 X5.219 Y1.021
G1 X5.259 Y1.124
G1 X5.262 Y1.133
G1 X5.290 Y1.241
G1 X5.292 Y1.249
G1 X5.309 Y1.361
G1 X5.310 Y1.369
G1 X5.315 Y1.481
G1 X5.315 Y1.489
G1 X5.309 Y1.602
G1 X5.308 Y1.610
G1 X5.290 Y1.719
G1 X5.288 Y1.728
G1 X5.259 Y1.833
G1 X5.256 Y1.842
G1 X5.214 Y1.942
G1 X5.210 Y1.951
G1 X5.158 Y2.043
G1 X5.151 Y2.053
G1 X5.087 Y2.135
; Retract
G1 Z1.5000 F2540

; Path 31
; Rapid to initial position
G1 X4.556 Y2.622 F2540
G1 Z0.5000
; plunge
G1 Z-2.6750 F127
; cut
G1 X4.566 Y2.633 F1016
G1 X4.575 Y2.646
G1 X4.581 Y2.659
G1 X4.585 Y2.674
G1 X4.585 Y2.689
G1 X4.583 Y2.704
G1 X4.578 Y2.718
G1 X4.570 Y2.731
G1 X4.562 Y2.740
G1 X3.798 Y3.504
G1 X3.721 Y3.585
G1 X3.642 Y3.675
G1 X3.566 Y3.767
G1 X3.488 Y3.869
G1 X3.413 Y3.973
G1 X3.338 Y4.084
G1 X3.266 Y4.196
G1 X3.196 Y4.310
G1 X3.130 Y4.425
G1 X3.068 Y4.541
G1 X3.010 Y4.654
G1 X2.956 Y4.769
G1 X2.908 Y4.880
G1 X2.868 Y4.984
G1 X2.832 Y5.088
G1 X2.803 Y5.188
G1 X2.553 Y6.138
G1 X2.548 Y6.152
G1 X2.540 Y6.165
G1 X2.530 Y6.176
G1 X2.518 Y6.185
G1 X2.504 Y6.193
G1 X2.489 Y6.197
G1 X2.474 Y6.199
G1 X2.458 Y6.198
G1 X2.443 Y6.195
G1 X2.430 Y6.189
G1 X1.491 Y5.699
G1 X1.425 Y5.664
G1 X1.361 Y5.630
G1 X1.299 Y5.595
G1 X1.238 Y5.561
G1 X1.179 Y5.528
G1 X1.121 Y5.494
G1 X1.066 Y5.460
G1 X1.012 Y5.427
G1 X0.960 Y5.393
G1 X0.909 Y5.359
G1 X0.861 Y5.325
G1 X0.813 Y5.291
G1 X0.768 Y5.257
G1 X0.724 Y5.222
G1 X0.681 Y5.187
G1 X0.640 Y5.152
G1 X0.601 Y5.116
G1 X0.564 Y5.080
G1 X0.527 Y5.044
G1 X0.493 Y5.007
G1 X0.460 Y4.969
G1 X0.429 Y4.931
G1 X0.399 Y4.892
G1 X0.371 Y4.852
G1 X0.344 Y4.812
G1 X0.319 Y4.771
G1 X0.296 Y4.729
G1 X0.274 Y4.687
G1 X0.253 Y4.643
G1 X0.235 Y4.599
G1 X0.218 Y4.554
G1 X0.202 Y4.508
G1 X0.188 Y4.461
G1 X0.176 Y4.413
G1 X0.165 Y4.365
G1 X0.155 Y4.315
G1 X0.147 Y4.264
G1 X0.141 Y4.212
G1 X0.135 Y4.160
G1 X0.132 Y4.106
G1 X0.129 Y4.050
G1 X0.128 Y3.994
G1 X0.129 Y3.937
G1 X0.130 Y3.878
G1 X0.133 Y3.818
G1 X0.137 Y3.756
G1 X0.143 Y3.694
G1 X0.149 Y3.629
G1 X0.157 Y3.563
G1 X0.167 Y3.496
G1 X0.177 Y3.427
G1 X0.188 Y3.357
G1 X0.201 Y3.284
G1 X0.215 Y3.210
G1 X0.230 Y3.135
G1 X0.246 Y3.057
G1 X0.263 Y2.977
G1 X0.281 Y2.896
G1 X0.301 Y2.813
G1 X0.321 Y2.728
G1 X0.343 Y2.640
G1 X0.365 Y2.551
G1 X0.389 Y2.460
G1 X0.426 Y2.320
G1 X0.447 Y2.233
G1 X0.458 Y2.193
G1 X0.468 Y2.156
G1 X0.479 Y2.120
G1 X0.491 Y2.087
G1 X0.505 Y2.054
G1 X0.517 Y2.032
G1 X0.522 Y2.023
G1 X0.536 Y2.004
G1 X0.543 Y1.995
G1 X0.558 Y1.978
G1 X0.569 Y1.969
G1 X0.586 Y1.956
G1 X0.599 Y1.948
G1 X0.619 Y1.938
G1 X0.633 Y1.932
G1 X0.656 Y1.926
G1 X0.670 Y1.923
G1 X0.695 Y1.920
G1 X0.706 Y1.919
G1 X0.734 Y1.919
G1 X0.744 Y1.920
G1 X0.783 Y1.924
G1 X0.824 Y1.932
G1 X0.868 Y1.944
G1 X0.916 Y1.959
G1 X0.967 Y1.976
G1 X1.023 Y1.998
G1 X1.085 Y2.022
G1 X1.152 Y2.050
G1 X1.224 Y2.081
G1 X1.303 Y2.116
G1 X1.389 Y2.154
G1 X1.481 Y2.196
G1 X1.927 Y2.398
G1 X2.067 Y2.460
G1 X2.204 Y2.516
G1 X2.334 Y2.566
G1 X2.463 Y2.612
G1 X2.588 Y2.652
G1 X2.712 Y2.688
G1 X2.829 Y2.717
G1 X2.943 Y2.742
G1 X3.055 Y2.761
G1 X3.164 Y2.775
G1 X3.268 Y2.784
G1 X3.368 Y2.788
G1 X3.470 Y2.787
G1 X3.563 Y2.782
G1 X3.655 Y2.771
G1 X3.748 Y2.755
G1 X4.482 Y2.605
G1 X4.498 Y2.603
G1 X4.514 Y2.604
G1 X4.529 Y2.607
G1 X4.543 Y2.614
G1 X4.556 Y2.622
; Retract
G1 Z1.5000 F2540

; Path 32
; Rapid to initial position
G1 X5.405 Y1.144 F2540
G1 Z0.5000
; plunge
G1 Z-2.6750 F127
; cut
G1 X5.421 Y1.061 F1016
G1 X5.446 Y0.961
G1 X5.475 Y0.862
G1 X5.510 Y0.764
G1 X5.549 Y0.668
G1 X5.593 Y0.573
G1 X5.642 Y0.479
G1 X5.695 Y0.388
G1 X5.753 Y0.298
G1 X5.814 Y0.210
G1 X5.881 Y0.125
G1 X5.918 Y0.082
G1 X5.899 Y0.100
G1 X5.771 Y0.204
G1 X5.754 Y0.215
G1 X5.639 Y0.285
G1 X5.628 Y0.290
G1 X5.602 Y0.302
G1 X5.491 Y0.343
G1 X5.478 Y0.346
G1 X5.453 Y0.352
G1 X5.440 Y0.354
G1 X5.328 Y0.366
G1 X5.316 Y0.367
G1 X5.291 Y0.366
G1 X5.277 Y0.365
G1 X5.158 Y0.349
G1 X5.150 Y0.347
G1 X5.122 Y0.340
G1 X4.992 Y0.296
G1 X4.974 Y0.288
G1 X4.827 Y0.215
G1 X4.740 Y0.165
G1 X4.655 Y0.109
G1 X4.571 Y0.051
G1 X4.629 Y0.111
G1 X4.642 Y0.128
G1 X4.651 Y0.143
G1 X4.661 Y0.162
G1 X4.667 Y0.179
G1 X4.673 Y0.199
G1 X4.676 Y0.216
G1 X4.678 Y0.237
G1 X4.678 Y0.256
G1 X4.676 Y0.276
G1 X4.672 Y0.294
G1 X4.666 Y0.314
G1 X4.659 Y0.331
G1 X4.649 Y0.350
G1 X4.639 Y0.365
G1 X4.626 Y0.381
G1 X4.620 Y0.387
G1 X4.656 Y0.397
G1 X4.748 Y0.428
G1 X4.835 Y0.463
G1 X4.918 Y0.503
G1 X4.985 Y0.543
G1 X5.001 Y0.553
G1 X5.096 Y0.627
G1 X5.112 Y0.642
G1 X5.195 Y0.729
G1 X5.207 Y0.744
G1 X5.274 Y0.839
G1 X5.284 Y0.856
G1 X5.340 Y0.960
G1 X5.347 Y0.976
G1 X5.389 Y1.086
G1 X5.394 Y1.101
G1 X5.405 Y1.144
G1 X5.390 Y0.911
G1 X5.411 Y0.841
G1 X5.447 Y0.741
G1 X5.487 Y0.641
G1 X5.532 Y0.544
G1 X5.582 Y0.448
G1 X5.633 Y0.360
G1 X5.626 Y0.363
G1 X5.511 Y0.405
G1 X5.494 Y0.410
G1 X5.463 Y0.417
G1 X5.448 Y0.419
G1 X5.331 Y0.431
G1 X5.314 Y0.432
G1 X5.286 Y0.431
G1 X5.267 Y0.430
G1 X5.144 Y0.413
G1 X5.133 Y0.410
G1 X5.099 Y0.402
G1 X4.965 Y0.356
G1 X4.943 Y0.346
G1 X4.791 Y0.271
G1 X4.746 Y0.245
G1 X4.746 Y0.262
G1 X4.743 Y0.289
G1 X4.737 Y0.312
G1 X4.729 Y0.338
G1 X4.724 Y0.351
G1 X4.774 Y0.368
G1 X4.866 Y0.405
G1 X4.954 Y0.447
G1 X5.025 Y0.490
G1 X5.044 Y0.503
G1 X5.143 Y0.580
G1 X5.163 Y0.598
G1 X5.249 Y0.690
G1 X5.263 Y0.708
G1 X5.332 Y0.806
G1 X5.345 Y0.826
G1 X5.390 Y0.911
G1 X5.373 Y0.747
G1 X5.383 Y0.717
G1 X5.425 Y0.615
G1 X5.471 Y0.515
G1 X5.491 Y0.477
G1 X5.473 Y0.481
G1 X5.456 Y0.483
G1 X5.333 Y0.496
G1 X5.313 Y0.497
G1 X5.280 Y0.496
G1 X5.257 Y0.494
G1 X5.130 Y0.476
G1 X5.115 Y0.473
G1 X5.113 Y0.473
G1 X5.190 Y0.533
G1 X5.213 Y0.555
G1 X5.304 Y0.651
G1 X5.319 Y0.671
G1 X5.373 Y0.747
G1 X5.355 Y0.608
G1 X5.363 Y0.589
G1 X5.377 Y0.557
G1 X5.334 Y0.561
G1 X5.312 Y0.562
G1 X5.311 Y0.562
G1 X5.355 Y0.608
G1 X5.317 Y0.236
G1 X5.296 Y0.236
G1 X5.184 Y0.221
G1 X5.167 Y0.217
G1 X5.047 Y0.177
G1 X5.036 Y0.172
G1 X4.897 Y0.104
G1 X4.817 Y0.057
G1 X4.735 Y0.004
G1 X4.652 Y-0.054
G1 X4.568 Y-0.118
G1 X4.483 Y-0.186
G1 X4.399 Y-0.259
G1 X4.313 Y-0.336
G1 X4.228 Y-0.417
G1 X4.144 Y-0.501
G1 X4.059 Y-0.588
G1 X3.976 Y-0.678
G1 X3.893 Y-0.770
G1 X3.812 Y-0.864
G1 X3.733 Y-0.960
G1 X3.655 Y-1.057
G1 X3.580 Y-1.155
G1 X3.507 Y-1.253
G1 X3.436 Y-1.352
G1 X3.368 Y-1.451
G1 X3.304 Y-1.549
G1 X3.244 Y-1.647
G1 X3.186 Y-1.743
G1 X3.133 Y-1.838
G1 X3.084 Y-1.931
G1 X3.040 Y-2.022
G1 X3.000 Y-2.111
G1 X2.966 Y-2.197
G1 X2.937 Y-2.280
G1 X2.914 Y-2.360
G1 X2.896 Y-2.437
G1 X2.886 Y-2.511
G1 X2.882 Y-2.580
G1 X2.886 Y-2.665
G1 X2.895 Y-2.745
G1 X2.908 Y-2.813
G1 X2.910 Y-2.820
G1 X2.929 Y-2.883
G1 X2.932 Y-2.891
G1 X2.956 Y-2.947
G1 X2.960 Y-2.956
G1 X2.988 Y-3.007
G1 X2.993 Y-3.015
G1 X3.027 Y-3.061
G1 X3.033 Y-3.069
G1 X3.071 Y-3.110
G1 X3.079 Y-3.117
G1 X3.121 Y-3.152
G1 X3.130 Y-3.158
G1 X3.177 Y-3.188
G1 X3.186 Y-3.193
G1 X3.236 Y-3.217
G1 X3.246 Y-3.220
G1 X3.300 Y-3.239
G1 X3.309 Y-3.242
G1 X3.367 Y-3.255
G1 X3.376 Y-3.256
G1 X3.438 Y-3.264
G1 X3.446 Y-3.265
G1 X3.518 Y-3.267
G1 X3.593 Y-3.263
G1 X3.671 Y-3.254
G1 X3.751 Y-3.240
G1 X3.833 Y-3.219
G1 X3.917 Y-3.193
G1 X4.003 Y-3.162
G1 X4.092 Y-3.126
G1 X4.182 Y-3.084
G1 X4.274 Y-3.037
G1 X4.368 Y-2.984
G1 X4.463 Y-2.927
G1 X4.560 Y-2.864
G1 X4.658 Y-2.796
G1 X4.757 Y-2.722
G1 X4.857 Y-2.644
G1 X4.957 Y-2.560
G1 X5.058 Y-2.472
G1 X5.174 Y-2.366
G1 X5.285 Y-2.265
G1 X5.389 Y-2.166
G1 X5.487 Y-2.071
G1 X5.579 Y-1.979
G1 X5.665 Y-1.890
G1 X5.745 Y-1.803
G1 X5.820 Y-1.719
G1 X5.889 Y-1.638
G1 X5.952 Y-1.559
G1 X6.010 Y-1.482
G1 X6.062 Y-1.407
G1 X6.108 Y-1.334
G1 X6.149 Y-1.262
G1 X6.185 Y-1.191
G1 X6.215 Y-1.122
G1 X6.240 Y-1.054
G1 X6.259 Y-0.987
G1 X6.272 Y-0.920
G1 X6.279 Y-0.854
G1 X6.281 Y-0.790
G1 X6.277 Y-0.726
G1 X6.267 Y-0.663
G1 X6.252 Y-0.601
G1 X6.231 Y-0.540
G1 X6.205 Y-0.480
G1 X6.174 Y-0.421
G1 X6.138 Y-0.363
G1 X6.098 Y-0.305
G1 X6.053 Y-0.247
G1 X6.004 Y-0.190
G1 X5.949 Y-0.132
G1 X5.811 Y0.001
G1 X5.690 Y0.098
G1 X5.681 Y0.105
G1 X5.569 Y0.173
G1 X5.554 Y0.181
G1 X5.446 Y0.220
G1 X5.425 Y0.225
G1 X5.317 Y0.236
G1 X4.542 Y0.244
G1 X4.541 Y0.259
G1 X4.537 Y0.273
G1 X4.530 Y0.287
G1 X4.521 Y0.299
G1 X4.509 Y0.309
G1 X4.496 Y0.317
G1 X4.481 Y0.322
G1 X4.466 Y0.325
G1 X4.450 Y0.326
G1 X4.440 Y0.324
G1 X3.724 Y0.178
G1 X3.640 Y0.163
G1 X3.550 Y0.153
G1 X3.457 Y0.148
G1 X3.360 Y0.148
G1 X3.260 Y0.153
G1 X3.153 Y0.164
G1 X3.047 Y0.178
G1 X2.937 Y0.198
G1 X2.821 Y0.224
G1 X2.700 Y0.254
G1 X2.700 Y0.254
G1 X2.580 Y0.289
G1 X2.453 Y0.330
G1 X2.324 Y0.375
G1 X2.194 Y0.425
G1 X2.194 Y0.425
G1 X2.057 Y0.482
G1 X1.920 Y0.542
G1 X1.802 Y0.594
G1 X1.687 Y0.645
G1 X1.574 Y0.692
G1 X1.464 Y0.736
G1 X1.359 Y0.777
G1 X1.259 Y0.815
G1 X1.164 Y0.849
G1 X1.074 Y0.879
G1 X0.991 Y0.906
G1 X0.915 Y0.928
G1 X0.845 Y0.946
G1 X0.783 Y0.960
G1 X0.735 Y0.968
G1 X0.727 Y0.969
G1 X0.689 Y0.971
G1 X0.674 Y0.971
G1 X0.647 Y0.968
G1 X0.631 Y0.966
G1 X0.617 Y0.960
G1 X0.600 Y0.952
G1 X0.587 Y0.944
G1 X0.572 Y0.930
G1 X0.546 Y0.899
G1 X0.541 Y0.892
G1 X0.512 Y0.847
G1 X0.485 Y0.796
G1 X0.459 Y0.740
G1 X0.434 Y0.677
G1 X0.410 Y0.610
G1 X0.388 Y0.537
G1 X0.366 Y0.459
G1 X0.346 Y0.378
G1 X0.326 Y0.292
G1 X0.307 Y0.203
G1 X0.290 Y0.111
G1 X0.274 Y0.017
G1 X0.259 Y-0.079
G1 X0.245 Y-0.177
G1 X0.233 Y-0.276
G1 X0.222 Y-0.376
G1 X0.212 Y-0.476
G1 X0.205 Y-0.575
G1 X0.198 Y-0.674
G1 X0.193 Y-0.771
G1 X0.190 Y-0.867
G1 X0.188 Y-0.961
G1 X0.189 Y-1.052
G1 X0.191 Y-1.140
G1 X0.195 Y-1.225
G1 X0.201 Y-1.306
G1 X0.209 Y-1.383
G1 X0.220 Y-1.455
G1 X0.233 Y-1.522
G1 X0.248 Y-1.585
G1 X0.265 Y-1.636
G1 X0.268 Y-1.643
G1 X0.289 Y-1.691
G1 X0.317 Y-1.741
G1 X0.351 Y-1.792
G1 X0.390 Y-1.845
G1 X0.434 Y-1.900
G1 X0.484 Y-1.957
G1 X0.538 Y-2.015
G1 X0.596 Y-2.074
G1 X0.658 Y-2.135
G1 X0.724 Y-2.196
G1 X0.793 Y-2.258
G1 X0.865 Y-2.320
G1 X0.940 Y-2.383
G1 X1.017 Y-2.445
G1 X1.096 Y-2.507
G1 X1.176 Y-2.568
G1 X1.258 Y-2.629
G1 X1.341 Y-2.688
G1 X1.424 Y-2.746
G1 X1.507 Y-2.802
G1 X1.590 Y-2.856
G1 X1.673 Y-2.908
G1 X1.755 Y-2.958
G1 X1.835 Y-3.005
G1 X1.914 Y-3.049
G1 X1.992 Y-3.089
G1 X2.067 Y-3.126
G1 X2.140 Y-3.159
G1 X2.210 Y-3.189
G1 X2.278 Y-3.214
G1 X2.343 Y-3.234
G1 X2.399 Y-3.248
G1 X2.414 Y-3.251
G1 X2.430 Y-3.250
G1 X2.445 Y-3.247
G1 X2.464 Y-3.239
G1 X2.470 Y-3.235
G1 X2.483 Y-3.227
G1 X2.494 Y-3.216
G1 X2.499 Y-3.209
G1 X2.507 Y-3.196
G1 X2.512 Y-3.188
G1 X2.525 Y-3.161
G1 X2.539 Y-3.129
G1 X2.554 Y-3.089
G1 X2.571 Y-3.042
G1 X2.590 Y-2.988
G1 X2.609 Y-2.928
G1 X2.630 Y-2.862
G1 X2.652 Y-2.791
G1 X2.675 Y-2.714
G1 X2.698 Y-2.633
G1 X2.722 Y-2.548
G1 X2.747 Y-2.459
G1 X2.772 Y-2.367
G1 X2.797 Y-2.274
G1 X2.825 Y-2.177
G1 X2.859 Y-2.078
G1 X2.901 Y-1.970
G1 X2.947 Y-1.863
G1 X2.999 Y-1.751
G1 X3.056 Y-1.635
G1 X3.117 Y-1.522
G1 X3.182 Y-1.405
G1 X3.249 Y-1.293
G1 X3.321 Y-1.179
G1 X3.393 Y-1.071
G1 X3.467 Y-0.965
G1 X3.544 Y-0.862
G1 X3.620 Y-0.766
G1 X3.695 Y-0.678
G1 X3.771 Y-0.595
G1 X4.520 Y0.189
G1 X4.530 Y0.201
G1 X4.537 Y0.215
G1 X4.541 Y0.229
G1 X4.542 Y0.244
; Retract
G1 Z1.5000 F2540

; Path 33
; Rapid to initial position
G1 X3.542 Y0.283 F2540
G1 Z0.5000
; plunge
G1 Z-2.6750 F127
; cut
G1 X3.541 Y0.283 F1016
G1 X3.450 Y0.279
G1 X3.367 Y0.279
G1 X3.269 Y0.284
G1 X3.173 Y0.293
G1 X3.067 Y0.308
G1 X2.967 Y0.325
G1 X2.905 Y0.339
G1 X2.941 Y0.334
G1 X3.064 Y0.318
G1 X3.186 Y0.305
G1 X3.309 Y0.295
G1 X3.431 Y0.288
G1 X3.542 Y0.283
; Retract
G1 Z1.5000 F2540

; Path 34
; Rapid to initial position
G1 X1.357 Y0.918 F2540
G1 Z0.5000
; plunge
G1 Z-2.6750 F127
; cut
G1 X1.307 Y0.937 F1016
G1 X1.209 Y0.972
G1 X1.117 Y1.003
G1 X1.031 Y1.031
G1 X0.950 Y1.054
G1 X0.875 Y1.074
G1 X0.806 Y1.088
G1 X0.751 Y1.097
G1 X0.736 Y1.098
G1 X0.687 Y1.101
G1 X0.661 Y1.101
G1 X0.621 Y1.096
G1 X0.609 Y1.094
G1 X0.627 Y1.166
G1 X0.645 Y1.262
G1 X0.657 Y1.357
G1 X0.664 Y1.452
G1 X0.666 Y1.544
G1 X0.663 Y1.637
G1 X0.654 Y1.727
G1 X0.643 Y1.795
G1 X0.653 Y1.793
G1 X0.687 Y1.790
G1 X0.707 Y1.789
G1 X0.743 Y1.789
G1 X0.761 Y1.791
G1 X0.810 Y1.797
G1 X0.859 Y1.807
G1 X0.910 Y1.820
G1 X0.962 Y1.836
G1 X1.017 Y1.855
G1 X1.076 Y1.877
G1 X1.139 Y1.903
G1 X1.208 Y1.931
G1 X1.281 Y1.963
G1 X1.361 Y1.998
G1 X1.447 Y2.036
G1 X1.479 Y2.051
G1 X0.868 Y1.558
G1 X0.853 Y1.543
G1 X0.841 Y1.529
G1 X0.829 Y1.511
G1 X0.821 Y1.496
G1 X0.812 Y1.477
G1 X0.808 Y1.465
G1 X0.806 Y1.459
G1 X0.801 Y1.438
G1 X0.799 Y1.421
G1 X0.799 Y1.401
G1 X0.800 Y1.382
G1 X0.803 Y1.361
G1 X0.808 Y1.344
G1 X0.815 Y1.324
G1 X0.823 Y1.308
G1 X0.834 Y1.290
G1 X0.845 Y1.275
G1 X0.858 Y1.260
G1 X0.867 Y1.251
G1 X0.872 Y1.247
G1 X0.892 Y1.231
G1 X1.357 Y0.918
G1 X0.929 Y1.127
G1 X0.890 Y1.137
G1 X0.817 Y1.153
G1 X0.758 Y1.162
G1 X0.741 Y1.163
G1 X0.696 Y1.166
G1 X0.712 Y1.254
G1 X0.725 Y1.353
G1 X0.732 Y1.450
G1 X0.734 Y1.546
G1 X0.730 Y1.643
G1 X0.722 Y1.724
G1 X0.749 Y1.724
G1 X0.770 Y1.726
G1 X0.824 Y1.733
G1 X0.877 Y1.744
G1 X0.931 Y1.758
G1 X0.986 Y1.775
G1 X1.042 Y1.795
G1 X1.068 Y1.804
G1 X0.824 Y1.608
G1 X0.819 Y1.603
G1 X0.800 Y1.584
G1 X0.784 Y1.565
G1 X0.772 Y1.547
G1 X0.769 Y1.541
G1 X0.758 Y1.522
G1 X0.748 Y1.498
G1 X0.743 Y1.484
G1 X0.739 Y1.472
G1 X0.734 Y1.446
G1 X0.731 Y1.424
G1 X0.731 Y1.397
G1 X0.733 Y1.372
G1 X0.737 Y1.345
G1 X0.744 Y1.322
G1 X0.753 Y1.298
G1 X0.764 Y1.275
G1 X0.779 Y1.252
G1 X0.793 Y1.233
G1 X0.810 Y1.214
G1 X0.821 Y1.203
G1 X0.830 Y1.196
G1 X0.853 Y1.178
G1 X0.929 Y1.127
G1 X0.493 Y1.189
G1 X0.510 Y1.278
G1 X0.521 Y1.367
G1 X0.528 Y1.454
G1 X0.530 Y1.540
G1 X0.527 Y1.625
G1 X0.519 Y1.708
G1 X0.507 Y1.789
G1 X0.490 Y1.869
G1 X0.468 Y1.946
G1 X0.442 Y2.021
G1 X0.412 Y2.094
G1 X0.377 Y2.164
G1 X0.338 Y2.231
G1 X0.294 Y2.296
G1 X0.247 Y2.357
G1 X0.196 Y2.414
G1 X0.140 Y2.468
G1 X0.081 Y2.519
G1 X0.019 Y2.565
G1 X-0.048 Y2.607
G1 X-0.118 Y2.645
G1 X-0.191 Y2.678
G1 X-0.267 Y2.707
G1 X-0.346 Y2.730
G1 X-0.428 Y2.749
G1 X-0.513 Y2.763
G1 X-0.601 Y2.771
G1 X-0.691 Y2.773
G1 X-0.766 Y2.771
G1 X-0.845 Y2.763
G1 X-0.927 Y2.751
G1 X-1.013 Y2.734
G1 X-1.101 Y2.714
G1 X-1.192 Y2.689
G1 X-1.286 Y2.662
G1 X-1.381 Y2.631
G1 X-1.478 Y2.597
G1 X-1.575 Y2.560
G1 X-1.673 Y2.521
G1 X-1.772 Y2.479
G1 X-1.870 Y2.435
G1 X-1.967 Y2.390
G1 X-2.063 Y2.343
G1 X-2.158 Y2.294
G1 X-2.250 Y2.244
G1 X-2.340 Y2.194
G1 X-2.427 Y2.142
G1 X-2.510 Y2.090
G1 X-2.590 Y2.038
G1 X-2.666 Y1.986
G1 X-2.737 Y1.934
G1 X-2.802 Y1.882
G1 X-2.863 Y1.831
G1 X-2.918 Y1.780
G1 X-2.967 Y1.729
G1 X-3.009 Y1.678
G1 X-3.039 Y1.635
G1 X-3.044 Y1.627
G1 X-3.066 Y1.585
G1 X-3.071 Y1.574
G1 X-3.084 Y1.535
G1 X-3.088 Y1.519
G1 X-3.093 Y1.482
G1 X-3.093 Y1.463
G1 X-3.088 Y1.426
G1 X-3.085 Y1.410
G1 X-3.072 Y1.371
G1 X-3.067 Y1.360
G1 X-3.046 Y1.317
G1 X-3.041 Y1.309
G1 X-3.007 Y1.260
G1 X-2.967 Y1.210
G1 X-2.920 Y1.159
G1 X-2.867 Y1.108
G1 X-2.808 Y1.057
G1 X-2.744 Y1.005
G1 X-2.675 Y0.953
G1 X-2.601 Y0.901
G1 X-2.523 Y0.849
G1 X-2.441 Y0.797
G1 X-2.356 Y0.746
G1 X-2.268 Y0.696
G1 X-2.177 Y0.646
G1 X-2.085 Y0.598
G1 X-1.990 Y0.551
G1 X-1.894 Y0.506
G1 X-1.798 Y0.462
G1 X-1.701 Y0.421
G1 X-1.603 Y0.381
G1 X-1.507 Y0.345
G1 X-1.411 Y0.311
G1 X-1.315 Y0.280
G1 X-1.222 Y0.252
G1 X-1.131 Y0.228
G1 X-1.042 Y0.207
G1 X-0.955 Y0.191
G1 X-0.871 Y0.179
G1 X-0.791 Y0.171
G1 X-0.715 Y0.168
G1 X-0.611 Y0.169
G1 X-0.512 Y0.175
G1 X-0.419 Y0.184
G1 X-0.332 Y0.199
G1 X-0.249 Y0.219
G1 X-0.172 Y0.244
G1 X-0.106 Y0.271
G1 X-0.098 Y0.275
G1 X-0.037 Y0.308
G1 X-0.030 Y0.312
G1 X0.027 Y0.350
G1 X0.034 Y0.355
G1 X0.087 Y0.399
G1 X0.093 Y0.404
G1 X0.148 Y0.460
G1 X0.198 Y0.521
G1 X0.246 Y0.588
G1 X0.291 Y0.661
G1 X0.333 Y0.740
G1 X0.374 Y0.827
G1 X0.411 Y0.918
G1 X0.444 Y1.009
G1 X0.471 Y1.099
G1 X0.493 Y1.189
; Retract
G1 Z1.5000 F2540

; Path 35
; Rapid to initial position
G1 X0.192 Y0.316 F2540
G1 Z0.5000
; plunge
G1 Z-2.6750 F127
; cut
G1 X0.174 Y0.226 F1016
G1 X0.156 Y0.132
G1 X0.140 Y0.036
G1 X0.124 Y-0.062
G1 X0.110 Y-0.162
G1 X0.098 Y-0.263
G1 X0.087 Y-0.364
G1 X0.077 Y-0.466
G1 X0.069 Y-0.567
G1 X0.066 Y-0.609
G1 X0.049 Y-0.509
G1 X0.043 Y-0.487
G1 X0.006 Y-0.382
G1 X0.002 Y-0.371
G1 X-0.008 Y-0.351
G1 X-0.014 Y-0.341
G1 X-0.072 Y-0.252
G1 X-0.085 Y-0.237
G1 X-0.095 Y-0.226
G1 X-0.106 Y-0.216
G1 X-0.185 Y-0.149
G1 X-0.202 Y-0.137
G1 X-0.213 Y-0.131
G1 X-0.227 Y-0.124
G1 X-0.318 Y-0.082
G1 X-0.329 Y-0.078
G1 X-0.351 Y-0.071
G1 X-0.362 Y-0.068
G1 X-0.480 Y-0.043
G1 X-0.505 Y-0.040
G1 X-0.634 Y-0.033
G1 X-0.672 Y-0.030
G1 X-0.717 Y-0.021
G1 X-0.787 Y-0.004
G1 X-0.864 Y0.020
G1 X-0.952 Y0.050
G1 X-0.995 Y0.066
G1 X-0.975 Y0.062
G1 X-0.885 Y0.049
G1 X-0.796 Y0.041
G1 X-0.713 Y0.038
G1 X-0.603 Y0.039
G1 X-0.497 Y0.045
G1 X-0.396 Y0.056
G1 X-0.299 Y0.073
G1 X-0.205 Y0.095
G1 X-0.117 Y0.124
G1 X-0.046 Y0.154
G1 X-0.032 Y0.161
G1 X0.036 Y0.198
G1 X0.048 Y0.205
G1 X0.110 Y0.247
G1 X0.123 Y0.256
G1 X0.181 Y0.305
G1 X0.191 Y0.315
G1 X0.192 Y0.316
G1 X0.091 Y0.155
G1 X0.089 Y0.143
G1 X0.072 Y0.046
G1 X0.057 Y-0.053
G1 X0.043 Y-0.154
G1 X0.030 Y-0.256
G1 X0.027 Y-0.282
G1 X-0.019 Y-0.212
G1 X-0.035 Y-0.193
G1 X-0.047 Y-0.179
G1 X-0.061 Y-0.167
G1 X-0.145 Y-0.096
G1 X-0.166 Y-0.082
G1 X-0.181 Y-0.073
G1 X-0.197 Y-0.065
G1 X-0.293 Y-0.022
G1 X-0.308 Y-0.016
G1 X-0.334 Y-0.008
G1 X-0.347 Y-0.004
G1 X-0.354 Y-0.003
G1 X-0.282 Y0.009
G1 X-0.183 Y0.034
G1 X-0.090 Y0.065
G1 X-0.015 Y0.096
G1 X0.002 Y0.105
G1 X0.073 Y0.143
G1 X0.087 Y0.152
G1 X0.091 Y0.155
G1 X0.001 Y0.032
G1 X-0.010 Y-0.045
G1 X-0.020 Y-0.115
G1 X-0.100 Y-0.047
G1 X-0.106 Y-0.043
G1 X-0.131 Y-0.026
G1 X-0.140 Y-0.021
G1 X-0.062 Y0.005
G1 X0.001 Y0.032
G1 X-0.225 Y-0.202
G1 X-0.238 Y-0.193
G1 X-0.245 Y-0.188
G1 X-0.256 Y-0.183
G1 X-0.344 Y-0.142
G1 X-0.351 Y-0.140
G1 X-0.370 Y-0.134
G1 X-0.377 Y-0.132
G1 X-0.489 Y-0.108
G1 X-0.509 Y-0.105
G1 X-0.638 Y-0.098
G1 X-0.681 Y-0.094
G1 X-0.732 Y-0.085
G1 X-0.804 Y-0.067
G1 X-0.886 Y-0.042
G1 X-0.977 Y-0.011
G1 X-1.084 Y0.029
G1 X-1.192 Y0.071
G1 X-1.194 Y0.072
G1 X-1.315 Y0.122
G1 X-1.440 Y0.175
G1 X-1.574 Y0.234
G1 X-1.574 Y0.234
G1 X-1.709 Y0.296
G1 X-1.849 Y0.361
G1 X-1.849 Y0.361
G1 X-1.990 Y0.429
G1 X-1.990 Y0.429
G1 X-2.134 Y0.500
G1 X-2.134 Y0.500
G1 X-2.277 Y0.571
G1 X-2.419 Y0.644
G1 X-2.420 Y0.644
G1 X-2.563 Y0.719
G1 X-2.564 Y0.719
G1 X-2.702 Y0.793
G1 X-2.837 Y0.866
G1 X-2.970 Y0.940
G1 X-3.095 Y1.012
G1 X-3.216 Y1.082
G1 X-3.328 Y1.150
G1 X-3.433 Y1.215
G1 X-3.527 Y1.276
G1 X-3.611 Y1.333
G1 X-3.684 Y1.386
G1 X-3.744 Y1.433
G1 X-3.784 Y1.469
G1 X-3.741 Y1.507
G1 X-3.682 Y1.553
G1 X-3.613 Y1.603
G1 X-3.525 Y1.662
G1 X-3.432 Y1.723
G1 X-3.328 Y1.787
G1 X-3.328 Y1.787
G1 X-3.214 Y1.856
G1 X-3.096 Y1.925
G1 X-2.970 Y1.997
G1 X-2.837 Y2.071
G1 X-2.836 Y2.072
G1 X-2.702 Y2.144
G1 X-2.563 Y2.218
G1 X-2.421 Y2.292
G1 X-2.278 Y2.365
G1 X-2.134 Y2.437
G1 X-1.990 Y2.508
G1 X-1.848 Y2.576
G1 X-1.709 Y2.641
G1 X-1.574 Y2.703
G1 X-1.574 Y2.703
G1 X-1.440 Y2.762
G1 X-1.316 Y2.815
G1 X-1.194 Y2.866
G1 X-1.082 Y2.909
G1 X-0.977 Y2.948
G1 X-0.887 Y2.979
G1 X-0.802 Y3.004
G1 X-0.733 Y3.022
G1 X-0.681 Y3.032
G1 X-0.637 Y3.035
G1 X-0.503 Y3.043
G1 X-0.485 Y3.046
G1 X-0.377 Y3.069
G1 X-0.369 Y3.071
G1 X-0.351 Y3.077
G1 X-0.344 Y3.080
G1 X-0.251 Y3.123
G1 X-0.237 Y3.130
G1 X-0.229 Y3.136
G1 X-0.220 Y3.143
G1 X-0.147 Y3.206
G1 X-0.136 Y3.217
G1 X-0.130 Y3.224
G1 X-0.123 Y3.233
G1 X-0.072 Y3.313
G1 X-0.068 Y3.319
G1 X-0.060 Y3.337
G1 X-0.057 Y3.344
G1 X-0.020 Y3.449
G1 X-0.015 Y3.468
G1 X0.005 Y3.596
G1 X0.006 Y3.609
G1 X0.013 Y3.768
G1 X0.008 Y3.901
G1 X-0.006 Y4.029
G1 X-0.031 Y4.150
G1 X-0.062 Y4.255
G1 X-0.066 Y4.265
G1 X-0.106 Y4.364
G1 X-0.112 Y4.375
G1 X-0.163 Y4.468
G1 X-0.169 Y4.478
G1 X-0.230 Y4.565
G1 X-0.238 Y4.574
G1 X-0.309 Y4.655
G1 X-0.318 Y4.664
G1 X-0.400 Y4.738
G1 X-0.409 Y4.746
G1 X-0.509 Y4.821
G1 X-0.620 Y4.890
G1 X-0.742 Y4.953
G1 X-0.874 Y5.011
G1 X-1.016 Y5.065
G1 X-1.170 Y5.114
G1 X-1.335 Y5.159
G1 X-1.378 Y5.170
G1 X-1.421 Y5.179
G1 X-1.463 Y5.188
G1 X-1.506 Y5.195
G1 X-1.550 Y5.202
G1 X-1.592 Y5.207
G1 X-1.635 Y5.212
G1 X-1.678 Y5.215
G1 X-1.721 Y5.216
G1 X-1.765 Y5.217
G1 X-1.808 Y5.217
G1 X-1.852 Y5.215
G1 X-1.895 Y5.212
G1 X-1.939 Y5.208
G1 X-1.983 Y5.202
G1 X-2.028 Y5.195
G1 X-2.071 Y5.187
G1 X-2.116 Y5.178
G1 X-2.161 Y5.167
G1 X-2.205 Y5.155
G1 X-2.250 Y5.141
G1 X-2.296 Y5.126
G1 X-2.341 Y5.110
G1 X-2.387 Y5.092
G1 X-2.433 Y5.073
G1 X-2.480 Y5.053
G1 X-2.527 Y5.031
G1 X-2.574 Y5.008
G1 X-2.622 Y4.983
G1 X-2.670 Y4.957
G1 X-2.720 Y4.929
G1 X-2.769 Y4.901
G1 X-2.819 Y4.870
G1 X-2.870 Y4.838
G1 X-2.921 Y4.805
G1 X-2.973 Y4.770
G1 X-3.026 Y4.733
G1 X-3.080 Y4.695
G1 X-3.134 Y4.656
G1 X-3.190 Y4.615
G1 X-3.246 Y4.572
G1 X-3.303 Y4.527
G1 X-3.361 Y4.481
G1 X-3.421 Y4.434
G1 X-3.481 Y4.384
G1 X-3.542 Y4.333
G1 X-3.605 Y4.280
G1 X-3.669 Y4.226
G1 X-3.733 Y4.170
G1 X-3.799 Y4.111
G1 X-3.935 Y3.990
G1 X-4.076 Y3.861
G1 X-4.149 Y3.794
G1 X-4.223 Y3.724
G1 X-4.299 Y3.653
G1 X-4.454 Y3.505
G1 X-4.616 Y3.349
G1 X-4.784 Y3.185
G1 X-4.870 Y3.100
G1 X-6.427 Y1.567
G1 X-6.437 Y1.555
G1 X-6.444 Y1.544
G1 X-6.452 Y1.531
G1 X-6.456 Y1.520
G1 X-6.461 Y1.506
G1 X-6.464 Y1.495
G1 X-6.466 Y1.480
G1 X-6.466 Y1.468
G1 X-6.465 Y1.453
G1 X-6.464 Y1.441
G1 X-6.460 Y1.426
G1 X-6.456 Y1.415
G1 X-6.449 Y1.401
G1 X-6.442 Y1.389
G1 X-6.429 Y1.373
G1 X-6.423 Y1.366
G1 X-4.869 Y-0.163
G1 X-4.789 Y-0.242
G1 X-4.626 Y-0.400
G1 X-4.464 Y-0.556
G1 X-4.303 Y-0.708
G1 X-4.223 Y-0.784
G1 X-4.143 Y-0.858
G1 X-4.065 Y-0.931
G1 X-3.986 Y-1.003
G1 X-3.834 Y-1.142
G1 X-3.759 Y-1.209
G1 X-3.686 Y-1.275
G1 X-3.545 Y-1.401
G1 X-3.476 Y-1.460
G1 X-3.410 Y-1.518
G1 X-3.346 Y-1.573
G1 X-3.284 Y-1.626
G1 X-3.224 Y-1.676
G1 X-3.166 Y-1.724
G1 X-3.111 Y-1.769
G1 X-3.058 Y-1.812
G1 X-3.009 Y-1.851
G1 X-2.962 Y-1.887
G1 X-2.918 Y-1.921
G1 X-2.876 Y-1.951
G1 X-2.837 Y-1.978
G1 X-2.801 Y-2.003
G1 X-2.761 Y-2.026
G1 X-2.646 Y-2.085
G1 X-2.634 Y-2.091
G1 X-2.507 Y-2.139
G1 X-2.496 Y-2.142
G1 X-2.349 Y-2.182
G1 X-2.195 Y-2.211
G1 X-2.036 Y-2.229
G1 X-1.872 Y-2.237
G1 X-1.706 Y-2.235
G1 X-1.538 Y-2.223
G1 X-1.371 Y-2.202
G1 X-1.207 Y-2.171
G1 X-1.045 Y-2.131
G1 X-0.890 Y-2.082
G1 X-0.741 Y-2.022
G1 X-0.601 Y-1.953
G1 X-0.481 Y-1.881
G1 X-0.470 Y-1.874
G1 X-0.363 Y-1.793
G1 X-0.349 Y-1.780
G1 X-0.281 Y-1.710
G1 X-0.270 Y-1.696
G1 X-0.208 Y-1.608
G1 X-0.201 Y-1.597
G1 X-0.145 Y-1.494
G1 X-0.140 Y-1.484
G1 X-0.088 Y-1.361
G1 X-0.046 Y-1.230
G1 X-0.014 Y-1.094
G1 X0.006 Y-0.956
G1 X0.013 Y-0.830
G1 X0.013 Y-0.820
G1 X0.006 Y-0.668
G1 X0.005 Y-0.655
G1 X-0.017 Y-0.525
G1 X-0.022 Y-0.507
G1 X-0.057 Y-0.406
G1 X-0.060 Y-0.399
G1 X-0.068 Y-0.382
G1 X-0.072 Y-0.375
G1 X-0.127 Y-0.291
G1 X-0.136 Y-0.280
G1 X-0.142 Y-0.273
G1 X-0.151 Y-0.264
G1 X-0.225 Y-0.202
G1 X-0.266 Y-0.254
G1 X-0.278 Y-0.245
G1 X-0.285 Y-0.241
G1 X-0.373 Y-0.201
G1 X-0.392 Y-0.195
G1 X-0.500 Y-0.172
G1 X-0.513 Y-0.170
G1 X-0.642 Y-0.163
G1 X-0.690 Y-0.159
G1 X-0.748 Y-0.148
G1 X-0.821 Y-0.130
G1 X-0.908 Y-0.104
G1 X-1.001 Y-0.072
G1 X-1.108 Y-0.032
G1 X-1.221 Y0.012
G1 X-1.221 Y0.012
G1 X-1.343 Y0.062
G1 X-1.469 Y0.116
G1 X-1.602 Y0.175
G1 X-1.738 Y0.237
G1 X-1.879 Y0.303
G1 X-2.021 Y0.371
G1 X-2.165 Y0.442
G1 X-2.165 Y0.442
G1 X-2.309 Y0.514
G1 X-2.452 Y0.587
G1 X-2.452 Y0.587
G1 X-2.595 Y0.662
G1 X-2.595 Y0.662
G1 X-2.735 Y0.736
G1 X-2.871 Y0.810
G1 X-3.004 Y0.884
G1 X-3.130 Y0.956
G1 X-3.251 Y1.027
G1 X-3.365 Y1.095
G1 X-3.470 Y1.161
G1 X-3.566 Y1.223
G1 X-3.650 Y1.280
G1 X-3.725 Y1.334
G1 X-3.787 Y1.383
G1 X-3.834 Y1.424
G1 X-3.865 Y1.457
G1 X-3.873 Y1.469
G1 X-3.866 Y1.480
G1 X-3.835 Y1.512
G1 X-3.785 Y1.556
G1 X-3.724 Y1.604
G1 X-3.652 Y1.656
G1 X-3.565 Y1.715
G1 X-3.470 Y1.777
G1 X-3.365 Y1.842
G1 X-3.250 Y1.911
G1 X-3.131 Y1.981
G1 X-3.004 Y2.053
G1 X-2.871 Y2.127
G1 X-2.871 Y2.127
G1 X-2.735 Y2.201
G1 X-2.595 Y2.275
G1 X-2.453 Y2.350
G1 X-2.309 Y2.423
G1 X-2.165 Y2.495
G1 X-2.021 Y2.566
G1 X-1.879 Y2.634
G1 X-1.738 Y2.700
G1 X-1.602 Y2.762
G1 X-1.469 Y2.821
G1 X-1.343 Y2.875
G1 X-1.221 Y2.925
G1 X-1.107 Y2.970
G1 X-1.001 Y3.009
G1 X-0.908 Y3.041
G1 X-0.822 Y3.067
G1 X-0.747 Y3.086
G1 X-0.690 Y3.096
G1 X-0.641 Y3.100
G1 X-0.513 Y3.107
G1 X-0.500 Y3.109
G1 X-0.392 Y3.132
G1 X-0.373 Y3.138
G1 X-0.285 Y3.179
G1 X-0.272 Y3.186
G1 X-0.266 Y3.191
G1 X-0.197 Y3.250
G1 X-0.186 Y3.261
G1 X-0.181 Y3.268
G1 X-0.130 Y3.347
G1 X-0.121 Y3.364
G1 X-0.086 Y3.465
G1 X-0.083 Y3.478
G1 X-0.062 Y3.602
G1 X-0.062 Y3.611
G1 X-0.055 Y3.766
G1 X-0.060 Y3.894
G1 X-0.073 Y4.016
G1 X-0.096 Y4.132
G1 X-0.126 Y4.234
G1 X-0.129 Y4.242
G1 X-0.168 Y4.337
G1 X-0.172 Y4.345
G1 X-0.221 Y4.434
G1 X-0.226 Y4.442
G1 X-0.284 Y4.525
G1 X-0.290 Y4.532
G1 X-0.359 Y4.610
G1 X-0.365 Y4.616
G1 X-0.444 Y4.689
G1 X-0.450 Y4.694
G1 X-0.546 Y4.766
G1 X-0.653 Y4.833
G1 X-0.770 Y4.894
G1 X-0.898 Y4.951
G1 X-1.038 Y5.003
G1 X-1.189 Y5.051
G1 X-1.352 Y5.096
G1 X-1.393 Y5.106
G1 X-1.434 Y5.115
G1 X-1.475 Y5.124
G1 X-1.517 Y5.131
G1 X-1.558 Y5.137
G1 X-1.599 Y5.142
G1 X-1.640 Y5.147
G1 X-1.681 Y5.150
G1 X-1.723 Y5.151
G1 X-1.764 Y5.152
G1 X-1.806 Y5.152
G1 X-1.847 Y5.150
G1 X-1.888 Y5.147
G1 X-1.930 Y5.143
G1 X-1.972 Y5.138
G1 X-2.015 Y5.131
G1 X-2.057 Y5.123
G1 X-2.099 Y5.114
G1 X-2.142 Y5.104
G1 X-2.185 Y5.092
G1 X-2.228 Y5.079
G1 X-2.272 Y5.065
G1 X-2.316 Y5.049
G1 X-2.360 Y5.032
G1 X-2.405 Y5.014
G1 X-2.450 Y4.994
G1 X-2.496 Y4.973
G1 X-2.542 Y4.950
G1 X-2.589 Y4.926
G1 X-2.636 Y4.901
G1 X-2.684 Y4.874
G1 X-2.733 Y4.845
G1 X-2.782 Y4.816
G1 X-2.832 Y4.784
G1 X-2.882 Y4.751
G1 X-2.933 Y4.717
G1 X-2.986 Y4.681
G1 X-3.039 Y4.643
G1 X-3.092 Y4.604
G1 X-3.147 Y4.564
G1 X-3.203 Y4.521
G1 X-3.260 Y4.477
G1 X-3.318 Y4.432
G1 X-3.377 Y4.384
G1 X-3.436 Y4.335
G1 X-3.497 Y4.284
G1 X-3.559 Y4.232
G1 X-3.623 Y4.178
G1 X-3.687 Y4.122
G1 X-3.753 Y4.064
G1 X-3.889 Y3.942
G1 X-4.029 Y3.814
G1 X-4.101 Y3.747
G1 X-4.175 Y3.678
G1 X-4.251 Y3.607
G1 X-4.406 Y3.459
G1 X-4.568 Y3.303
G1 X-4.735 Y3.139
G1 X-4.822 Y3.055
G1 X-6.374 Y1.525
G1 X-6.384 Y1.514
G1 X-6.392 Y1.501
G1 X-6.396 Y1.486
G1 X-6.398 Y1.472
G1 X-6.398 Y1.457
G1 X-6.394 Y1.442
G1 X-6.387 Y1.428
G1 X-6.374 Y1.412
G1 X-4.821 Y-0.117
G1 X-4.740 Y-0.197
G1 X-4.578 Y-0.354
G1 X-4.416 Y-0.509
G1 X-4.255 Y-0.662
G1 X-4.175 Y-0.737
G1 X-4.096 Y-0.811
G1 X-4.017 Y-0.884
G1 X-3.939 Y-0.956
G1 X-3.787 Y-1.095
G1 X-3.713 Y-1.162
G1 X-3.640 Y-1.227
G1 X-3.499 Y-1.352
G1 X-3.431 Y-1.412
G1 X-3.365 Y-1.469
G1 X-3.301 Y-1.524
G1 X-3.239 Y-1.577
G1 X-3.179 Y-1.627
G1 X-3.122 Y-1.675
G1 X-3.067 Y-1.719
G1 X-3.015 Y-1.761
G1 X-2.966 Y-1.800
G1 X-2.920 Y-1.836
G1 X-2.876 Y-1.869
G1 X-2.836 Y-1.898
G1 X-2.799 Y-1.925
G1 X-2.764 Y-1.948
G1 X-2.729 Y-1.969
G1 X-2.617 Y-2.026
G1 X-2.609 Y-2.030
G1 X-2.485 Y-2.077
G1 X-2.477 Y-2.080
G1 X-2.336 Y-2.118
G1 X-2.187 Y-2.146
G1 X-2.032 Y-2.164
G1 X-1.873 Y-2.172
G1 X-1.710 Y-2.170
G1 X-1.547 Y-2.159
G1 X-1.384 Y-2.138
G1 X-1.224 Y-2.108
G1 X-1.067 Y-2.069
G1 X-0.916 Y-2.021
G1 X-0.772 Y-1.964
G1 X-0.637 Y-1.898
G1 X-0.520 Y-1.828
G1 X-0.513 Y-1.823
G1 X-0.409 Y-1.745
G1 X-0.399 Y-1.736
G1 X-0.335 Y-1.669
G1 X-0.327 Y-1.660
G1 X-0.266 Y-1.574
G1 X-0.262 Y-1.567
G1 X-0.207 Y-1.466
G1 X-0.203 Y-1.459
G1 X-0.153 Y-1.341
G1 X-0.112 Y-1.216
G1 X-0.081 Y-1.085
G1 X-0.062 Y-0.953
G1 X-0.055 Y-0.830
G1 X-0.055 Y-0.822
G1 X-0.062 Y-0.674
G1 X-0.062 Y-0.665
G1 X-0.083 Y-0.541
G1 X-0.086 Y-0.528
G1 X-0.121 Y-0.427
G1 X-0.130 Y-0.410
G1 X-0.181 Y-0.331
G1 X-0.190 Y-0.319
G1 X-0.197 Y-0.313
G1 X-0.266 Y-0.254
; Retract
G1 Z1.5000 F2540

; Path 36
; Rapid to initial position
G1 X0.054 Y-1.100 F2540
G1 Z0.5000
; plunge
G1 Z-2.6750 F127
; cut
G1 X0.055 Y-1.146 F1016
G1 X0.059 Y-1.235
G1 X0.066 Y-1.319
G1 X0.075 Y-1.401
G1 X0.086 Y-1.478
G1 X0.100 Y-1.553
G1 X0.118 Y-1.624
G1 X0.137 Y-1.681
G1 X0.143 Y-1.695
G1 X0.169 Y-1.753
G1 X0.202 Y-1.810
G1 X0.239 Y-1.867
G1 X0.282 Y-1.925
G1 X0.330 Y-1.984
G1 X0.382 Y-2.044
G1 X0.438 Y-2.104
G1 X0.496 Y-2.163
G1 X0.446 Y-2.128
G1 X0.375 Y-2.084
G1 X0.302 Y-2.045
G1 X0.227 Y-2.010
G1 X0.152 Y-1.980
G1 X0.075 Y-1.953
G1 X-0.002 Y-1.933
G1 X-0.081 Y-1.917
G1 X-0.160 Y-1.906
G1 X-0.239 Y-1.900
G1 X-0.319 Y-1.899
G1 X-0.398 Y-1.903
G1 X-0.316 Y-1.840
G1 X-0.300 Y-1.825
G1 X-0.227 Y-1.750
G1 X-0.214 Y-1.733
G1 X-0.149 Y-1.641
G1 X-0.141 Y-1.627
G1 X-0.084 Y-1.522
G1 X-0.077 Y-1.508
G1 X-0.024 Y-1.380
G1 X0.021 Y-1.244
G1 X0.053 Y-1.103
G1 X0.054 Y-1.100
G1 X0.015 Y-1.463
G1 X0.019 Y-1.490
G1 X0.034 Y-1.568
G1 X0.054 Y-1.643
G1 X0.074 Y-1.705
G1 X0.080 Y-1.721
G1 X0.109 Y-1.783
G1 X0.144 Y-1.845
G1 X0.184 Y-1.905
G1 X0.202 Y-1.929
G1 X0.175 Y-1.918
G1 X0.093 Y-1.891
G1 X0.012 Y-1.869
G1 X-0.071 Y-1.853
G1 X-0.155 Y-1.841
G1 X-0.218 Y-1.836
G1 X-0.173 Y-1.789
G1 X-0.158 Y-1.769
G1 X-0.091 Y-1.674
G1 X-0.081 Y-1.657
G1 X-0.022 Y-1.549
G1 X-0.014 Y-1.532
G1 X0.015 Y-1.463
G1 X-0.010 Y-1.667
G1 X0.011 Y-1.728
G1 X0.018 Y-1.747
G1 X0.048 Y-1.811
G1 X0.026 Y-1.805
G1 X-0.061 Y-1.788
G1 X-0.087 Y-1.785
G1 X-0.032 Y-1.706
G1 X-0.020 Y-1.687
G1 X-0.010 Y-1.667
G1 X-1.271 Y-2.249
G1 X-1.337 Y-2.298
G1 X-1.413 Y-2.358
G1 X-1.489 Y-2.422
G1 X-1.564 Y-2.489
G1 X-1.639 Y-2.560
G1 X-1.715 Y-2.636
G1 X-1.790 Y-2.715
G1 X-1.845 Y-2.777
G1 X-1.835 Y-2.731
G1 X-1.834 Y-2.718
G1 X-1.832 Y-2.693
G1 X-1.831 Y-2.680
G1 X-1.835 Y-2.617
G1 X-1.838 Y-2.599
G1 X-1.849 Y-2.542
G1 X-1.856 Y-2.520
G1 X-1.872 Y-2.477
G1 X-1.876 Y-2.468
G1 X-1.884 Y-2.450
G1 X-1.890 Y-2.441
G1 X-1.912 Y-2.405
G1 X-1.919 Y-2.396
G1 X-1.934 Y-2.378
G1 X-1.942 Y-2.369
G1 X-1.972 Y-2.341
G1 X-1.982 Y-2.333
G1 X-2.003 Y-2.318
G1 X-2.013 Y-2.311
G1 X-2.044 Y-2.293
G1 X-2.039 Y-2.294
G1 X-1.871 Y-2.302
G1 X-1.701 Y-2.300
G1 X-1.529 Y-2.288
G1 X-1.358 Y-2.266
G1 X-1.271 Y-2.249
G1 X-1.508 Y-2.351
G1 X-1.535 Y-2.374
G1 X-1.612 Y-2.443
G1 X-1.689 Y-2.515
G1 X-1.765 Y-2.592
G1 X-1.770 Y-2.597
G1 X-1.771 Y-2.586
G1 X-1.784 Y-2.524
G1 X-1.791 Y-2.498
G1 X-1.809 Y-2.451
G1 X-1.814 Y-2.440
G1 X-1.825 Y-2.418
G1 X-1.832 Y-2.407
G1 X-1.857 Y-2.367
G1 X-1.857 Y-2.367
G1 X-1.696 Y-2.365
G1 X-1.520 Y-2.352
G1 X-1.508 Y-2.351
G1 X-1.695 Y-2.430
G1 X-1.732 Y-2.465
G1 X-1.745 Y-2.431
G1 X-1.695 Y-2.430
G1 X-1.934 Y-2.502
G1 X-1.937 Y-2.496
G1 X-1.945 Y-2.481
G1 X-1.948 Y-2.475
G1 X-1.968 Y-2.443
G1 X-1.973 Y-2.436
G1 X-1.985 Y-2.421
G1 X-1.991 Y-2.415
G1 X-2.017 Y-2.390
G1 X-2.023 Y-2.384
G1 X-2.041 Y-2.372
G1 X-2.048 Y-2.367
G1 X-2.079 Y-2.349
G1 X-2.087 Y-2.346
G1 X-2.105 Y-2.338
G1 X-2.113 Y-2.335
G1 X-2.157 Y-2.323
G1 X-2.174 Y-2.320
G1 X-2.181 Y-2.319
G1 X-2.229 Y-2.315
G1 X-2.249 Y-2.315
G1 X-2.302 Y-2.319
G1 X-2.317 Y-2.321
G1 X-2.373 Y-2.333
G1 X-2.386 Y-2.336
G1 X-2.456 Y-2.358
G1 X-2.529 Y-2.387
G1 X-2.606 Y-2.423
G1 X-2.686 Y-2.465
G1 X-2.770 Y-2.515
G1 X-2.860 Y-2.572
G1 X-2.956 Y-2.640
G1 X-2.964 Y-2.647
G1 X-3.027 Y-2.700
G1 X-3.032 Y-2.705
G1 X-3.046 Y-2.720
G1 X-3.051 Y-2.726
G1 X-3.084 Y-2.773
G1 X-3.092 Y-2.786
G1 X-3.097 Y-2.797
G1 X-3.102 Y-2.811
G1 X-3.105 Y-2.822
G1 X-3.107 Y-2.837
G1 X-3.108 Y-2.848
G1 X-3.107 Y-2.865
G1 X-3.103 Y-2.903
G1 X-3.100 Y-2.918
G1 X-3.096 Y-2.929
G1 X-3.091 Y-2.943
G1 X-3.085 Y-2.954
G1 X-3.077 Y-2.966
G1 X-3.069 Y-2.976
G1 X-3.058 Y-2.987
G1 X-3.050 Y-2.994
G1 X-3.034 Y-3.006
G1 X-2.991 Y-3.031
G1 X-2.977 Y-3.038
G1 X-2.966 Y-3.043
G1 X-2.947 Y-3.048
G1 X-2.871 Y-3.064
G1 X-2.855 Y-3.066
G1 X-2.738 Y-3.075
G1 X-2.584 Y-3.078
G1 X-2.473 Y-3.074
G1 X-2.461 Y-3.073
G1 X-2.356 Y-3.058
G1 X-2.344 Y-3.056
G1 X-2.249 Y-3.033
G1 X-2.235 Y-3.029
G1 X-2.151 Y-2.998
G1 X-2.135 Y-2.990
G1 X-2.063 Y-2.951
G1 X-2.044 Y-2.938
G1 X-1.995 Y-2.896
G1 X-1.988 Y-2.890
G1 X-1.973 Y-2.873
G1 X-1.967 Y-2.866
G1 X-1.932 Y-2.815
G1 X-1.925 Y-2.802
G1 X-1.920 Y-2.791
G1 X-1.914 Y-2.771
G1 X-1.903 Y-2.721
G1 X-1.901 Y-2.713
G1 X-1.900 Y-2.692
G1 X-1.899 Y-2.683
G1 X-1.903 Y-2.625
G1 X-1.905 Y-2.611
G1 X-1.915 Y-2.559
G1 X-1.920 Y-2.542
G1 X-1.934 Y-2.502
G1 X-1.999 Y-2.524
G1 X-2.006 Y-2.509
G1 X-2.026 Y-2.476
G1 X-2.039 Y-2.461
G1 X-2.065 Y-2.436
G1 X-2.082 Y-2.423
G1 X-2.114 Y-2.405
G1 X-2.133 Y-2.397
G1 X-2.170 Y-2.387
G1 X-2.187 Y-2.384
G1 X-2.230 Y-2.380
G1 X-2.244 Y-2.380
G1 X-2.292 Y-2.383
G1 X-2.303 Y-2.385
G1 X-2.356 Y-2.396
G1 X-2.365 Y-2.398
G1 X-2.430 Y-2.418
G1 X-2.499 Y-2.445
G1 X-2.572 Y-2.480
G1 X-2.650 Y-2.521
G1 X-2.732 Y-2.569
G1 X-2.819 Y-2.625
G1 X-2.913 Y-2.690
G1 X-2.919 Y-2.695
G1 X-2.981 Y-2.748
G1 X-2.995 Y-2.763
G1 X-3.025 Y-2.804
G1 X-3.032 Y-2.818
G1 X-3.037 Y-2.832
G1 X-3.040 Y-2.847
G1 X-3.039 Y-2.859
G1 X-3.036 Y-2.890
G1 X-3.033 Y-2.905
G1 X-3.027 Y-2.919
G1 X-3.019 Y-2.932
G1 X-3.009 Y-2.943
G1 X-2.997 Y-2.951
G1 X-2.960 Y-2.974
G1 X-2.946 Y-2.980
G1 X-2.933 Y-2.984
G1 X-2.861 Y-2.999
G1 X-2.849 Y-3.001
G1 X-2.737 Y-3.010
G1 X-2.587 Y-3.013
G1 X-2.479 Y-3.009
G1 X-2.470 Y-3.008
G1 X-2.369 Y-2.995
G1 X-2.361 Y-2.993
G1 X-2.269 Y-2.971
G1 X-2.259 Y-2.968
G1 X-2.180 Y-2.939
G1 X-2.168 Y-2.933
G1 X-2.102 Y-2.898
G1 X-2.089 Y-2.888
G1 X-2.039 Y-2.847
G1 X-2.024 Y-2.830
G1 X-1.992 Y-2.785
G1 X-1.985 Y-2.772
G1 X-1.980 Y-2.757
G1 X-1.969 Y-2.708
G1 X-1.967 Y-2.687
G1 X-1.970 Y-2.633
G1 X-1.972 Y-2.622
G1 X-1.980 Y-2.576
G1 X-1.984 Y-2.563
G1 X-1.999 Y-2.524
; Retract
G1 Z1.5000 F2540

; Path 37
; Rapid to initial position
G1 X-2.314 Y-2.255 F2540
G1 Z0.5000
; plunge
G1 Z-2.6750 F127
; cut
G1 X-2.331 Y-2.258 F1016
G1 X-2.390 Y-2.270
G1 X-2.407 Y-2.274
G1 X-2.482 Y-2.298
G1 X-2.559 Y-2.328
G1 X-2.639 Y-2.366
G1 X-2.721 Y-2.410
G1 X-2.808 Y-2.461
G1 X-2.900 Y-2.520
G1 X-2.940 Y-2.548
G1 X-2.925 Y-2.510
G1 X-2.920 Y-2.492
G1 X-2.917 Y-2.479
G1 X-2.915 Y-2.464
G1 X-2.911 Y-2.417
G1 X-2.911 Y-2.407
G1 X-2.912 Y-2.386
G1 X-2.913 Y-2.376
G1 X-2.921 Y-2.316
G1 X-2.926 Y-2.296
G1 X-2.945 Y-2.236
G1 X-2.951 Y-2.219
G1 X-2.984 Y-2.146
G1 X-3.025 Y-2.072
G1 X-3.072 Y-1.997
G1 X-3.127 Y-1.922
G1 X-3.187 Y-1.845
G1 X-3.252 Y-1.768
G1 X-3.322 Y-1.690
G1 X-3.372 Y-1.638
G1 X-3.328 Y-1.675
G1 X-3.268 Y-1.726
G1 X-3.210 Y-1.774
G1 X-3.155 Y-1.819
G1 X-3.102 Y-1.862
G1 X-3.052 Y-1.901
G1 X-3.004 Y-1.939
G1 X-2.959 Y-1.972
G1 X-2.916 Y-2.004
G1 X-2.876 Y-2.032
G1 X-2.837 Y-2.058
G1 X-2.793 Y-2.084
G1 X-2.674 Y-2.144
G1 X-2.659 Y-2.151
G1 X-2.528 Y-2.201
G1 X-2.514 Y-2.205
G1 X-2.362 Y-2.246
G1 X-2.314 Y-2.255
G1 X-2.560 Y-2.258
G1 X-2.589 Y-2.270
G1 X-2.672 Y-2.309
G1 X-2.757 Y-2.355
G1 X-2.843 Y-2.405
G1 X-2.844 Y-2.380
G1 X-2.845 Y-2.367
G1 X-2.855 Y-2.301
G1 X-2.861 Y-2.278
G1 X-2.881 Y-2.213
G1 X-2.889 Y-2.193
G1 X-2.924 Y-2.115
G1 X-2.957 Y-2.056
G1 X-2.956 Y-2.056
G1 X-2.915 Y-2.085
G1 X-2.873 Y-2.113
G1 X-2.825 Y-2.141
G1 X-2.702 Y-2.204
G1 X-2.684 Y-2.212
G1 X-2.560 Y-2.258
G1 X-2.728 Y-2.264
G1 X-2.787 Y-2.296
G1 X-2.789 Y-2.286
G1 X-2.796 Y-2.259
G1 X-2.807 Y-2.224
G1 X-2.730 Y-2.263
G1 X-2.728 Y-2.264
G1 X-3.057 Y-2.332
G1 X-3.073 Y-2.279
G1 X-3.076 Y-2.270
G1 X-3.105 Y-2.206
G1 X-3.141 Y-2.140
G1 X-3.185 Y-2.071
G1 X-3.235 Y-2.000
G1 X-3.292 Y-1.927
G1 X-3.355 Y-1.853
G1 X-3.423 Y-1.778
G1 X-3.495 Y-1.702
G1 X-3.571 Y-1.626
G1 X-3.651 Y-1.551
G1 X-3.733 Y-1.476
G1 X-3.818 Y-1.403
G1 X-3.904 Y-1.332
G1 X-3.991 Y-1.263
G1 X-4.078 Y-1.197
G1 X-4.165 Y-1.135
G1 X-4.251 Y-1.077
G1 X-4.336 Y-1.023
G1 X-4.419 Y-0.974
G1 X-4.500 Y-0.931
G1 X-4.578 Y-0.893
G1 X-4.654 Y-0.862
G1 X-4.719 Y-0.841
G1 X-4.727 Y-0.838
G1 X-4.786 Y-0.825
G1 X-4.797 Y-0.823
G1 X-4.850 Y-0.818
G1 X-4.865 Y-0.817
G1 X-4.912 Y-0.821
G1 X-4.933 Y-0.825
G1 X-4.972 Y-0.838
G1 X-4.987 Y-0.844
G1 X-4.996 Y-0.850
G1 X-5.028 Y-0.872
G1 X-5.044 Y-0.888
G1 X-5.070 Y-0.921
G1 X-5.077 Y-0.931
G1 X-5.103 Y-0.976
G1 X-5.107 Y-0.982
G1 X-5.135 Y-1.043
G1 X-5.162 Y-1.112
G1 X-5.189 Y-1.190
G1 X-5.215 Y-1.276
G1 X-5.240 Y-1.370
G1 X-5.264 Y-1.469
G1 X-5.287 Y-1.574
G1 X-5.310 Y-1.684
G1 X-5.332 Y-1.799
G1 X-5.352 Y-1.916
G1 X-5.372 Y-2.036
G1 X-5.390 Y-2.158
G1 X-5.406 Y-2.281
G1 X-5.421 Y-2.403
G1 X-5.435 Y-2.525
G1 X-5.447 Y-2.645
G1 X-5.457 Y-2.762
G1 X-5.466 Y-2.877
G1 X-5.472 Y-2.987
G1 X-5.477 Y-3.092
G1 X-5.479 Y-3.192
G1 X-5.479 Y-3.286
G1 X-5.476 Y-3.372
G1 X-5.471 Y-3.451
G1 X-5.463 Y-3.522
G1 X-5.453 Y-3.578
G1 X-5.451 Y-3.586
G1 X-5.438 Y-3.631
G1 X-5.434 Y-3.643
G1 X-5.418 Y-3.676
G1 X-5.410 Y-3.689
G1 X-5.405 Y-3.696
G1 X-5.386 Y-3.716
G1 X-5.374 Y-3.726
G1 X-5.361 Y-3.735
G1 X-5.349 Y-3.740
G1 X-5.327 Y-3.747
G1 X-5.312 Y-3.750
G1 X-5.289 Y-3.750
G1 X-5.268 Y-3.748
G1 X-5.258 Y-3.746
G1 X-5.223 Y-3.737
G1 X-5.181 Y-3.724
G1 X-5.133 Y-3.707
G1 X-5.078 Y-3.686
G1 X-5.017 Y-3.661
G1 X-4.950 Y-3.632
G1 X-4.878 Y-3.601
G1 X-4.801 Y-3.566
G1 X-4.719 Y-3.528
G1 X-4.634 Y-3.488
G1 X-4.545 Y-3.445
G1 X-4.454 Y-3.400
G1 X-4.360 Y-3.353
G1 X-4.265 Y-3.305
G1 X-4.169 Y-3.255
G1 X-4.073 Y-3.204
G1 X-3.978 Y-3.152
G1 X-3.885 Y-3.100
G1 X-3.794 Y-3.047
G1 X-3.706 Y-2.995
G1 X-3.622 Y-2.944
G1 X-3.542 Y-2.893
G1 X-3.466 Y-2.844
G1 X-3.396 Y-2.797
G1 X-3.330 Y-2.751
G1 X-3.271 Y-2.708
G1 X-3.218 Y-2.666
G1 X-3.172 Y-2.628
G1 X-3.132 Y-2.591
G1 X-3.105 Y-2.562
G1 X-3.099 Y-2.555
G1 X-3.081 Y-2.530
G1 X-3.071 Y-2.512
G1 X-3.056 Y-2.476
G1 X-3.052 Y-2.461
G1 X-3.051 Y-2.453
G1 X-3.047 Y-2.410
G1 X-3.048 Y-2.393
G1 X-3.054 Y-2.344
G1 X-3.057 Y-2.332
; Retract
G1 Z1.5000 F2540

; Path 38
; Rapid to initial position
G1 X-3.168 Y-2.795 F2540
G1 Z0.5000
; plunge
G1 Z-2.6750 F127
; cut
G1 X-3.168 Y-2.795 F1016
G1 X-3.172 Y-2.812
G1 X-3.175 Y-2.833
G1 X-3.176 Y-2.850
G1 X-3.175 Y-2.872
G1 X-3.170 Y-2.915
G1 X-3.165 Y-2.936
G1 X-3.160 Y-2.953
G1 X-3.152 Y-2.972
G1 X-3.143 Y-2.989
G1 X-3.131 Y-3.006
G1 X-3.119 Y-3.020
G1 X-3.104 Y-3.035
G1 X-3.090 Y-3.047
G1 X-3.070 Y-3.061
G1 X-3.022 Y-3.089
G1 X-3.002 Y-3.099
G1 X-2.986 Y-3.105
G1 X-2.961 Y-3.112
G1 X-2.881 Y-3.128
G1 X-2.860 Y-3.131
G1 X-2.740 Y-3.140
G1 X-2.581 Y-3.143
G1 X-2.467 Y-3.139
G1 X-2.451 Y-3.137
G1 X-2.342 Y-3.122
G1 X-2.328 Y-3.119
G1 X-2.227 Y-3.095
G1 X-2.210 Y-3.090
G1 X-2.121 Y-3.056
G1 X-2.101 Y-3.047
G1 X-2.030 Y-3.007
G1 X-2.023 Y-3.004
G1 X-2.021 Y-3.002
G1 X-2.035 Y-3.023
G1 X-2.051 Y-3.049
G1 X-2.068 Y-3.078
G1 X-2.084 Y-3.106
G1 X-2.100 Y-3.135
G1 X-2.115 Y-3.164
G1 X-2.129 Y-3.194
G1 X-2.144 Y-3.224
G1 X-2.157 Y-3.255
G1 X-2.171 Y-3.287
G1 X-2.184 Y-3.320
G1 X-2.196 Y-3.352
G1 X-2.208 Y-3.386
G1 X-2.220 Y-3.421
G1 X-2.231 Y-3.456
G1 X-2.242 Y-3.492
G1 X-2.252 Y-3.529
G1 X-2.262 Y-3.567
G1 X-2.272 Y-3.606
G1 X-2.282 Y-3.645
G1 X-2.291 Y-3.686
G1 X-2.299 Y-3.727
G1 X-2.308 Y-3.770
G1 X-2.316 Y-3.813
G1 X-2.323 Y-3.852
G1 X-2.324 Y-3.791
G1 X-2.326 Y-3.731
G1 X-2.331 Y-3.673
G1 X-2.338 Y-3.618
G1 X-2.349 Y-3.563
G1 X-2.363 Y-3.512
G1 X-2.376 Y-3.475
G1 X-2.383 Y-3.460
G1 X-2.400 Y-3.426
G1 X-2.410 Y-3.409
G1 X-2.432 Y-3.378
G1 X-2.446 Y-3.361
G1 X-2.471 Y-3.334
G1 X-2.489 Y-3.318
G1 X-2.518 Y-3.296
G1 X-2.539 Y-3.283
G1 X-2.572 Y-3.265
G1 X-2.592 Y-3.257
G1 X-2.626 Y-3.245
G1 X-2.646 Y-3.239
G1 X-2.683 Y-3.232
G1 X-2.698 Y-3.230
G1 X-2.748 Y-3.225
G1 X-2.796 Y-3.224
G1 X-2.845 Y-3.226
G1 X-2.893 Y-3.230
G1 X-2.942 Y-3.237
G1 X-2.993 Y-3.245
G1 X-3.045 Y-3.254
G1 X-3.101 Y-3.265
G1 X-3.221 Y-3.289
G1 X-3.297 Y-3.306
G1 X-3.376 Y-3.324
G1 X-3.460 Y-3.344
G1 X-3.547 Y-3.367
G1 X-3.637 Y-3.390
G1 X-3.728 Y-3.416
G1 X-3.822 Y-3.442
G1 X-3.915 Y-3.470
G1 X-4.009 Y-3.498
G1 X-4.102 Y-3.527
G1 X-4.194 Y-3.557
G1 X-4.284 Y-3.587
G1 X-4.372 Y-3.617
G1 X-4.456 Y-3.646
G1 X-4.537 Y-3.676
G1 X-4.613 Y-3.705
G1 X-4.723 Y-3.749
G1 X-4.823 Y-3.791
G1 X-4.913 Y-3.832
G1 X-4.994 Y-3.874
G1 X-5.057 Y-3.912
G1 X-5.069 Y-3.921
G1 X-5.123 Y-3.960
G1 X-5.138 Y-3.974
G1 X-5.182 Y-4.017
G1 X-5.199 Y-4.038
G1 X-5.225 Y-4.076
G1 X-5.231 Y-4.086
G1 X-5.242 Y-4.107
G1 X-5.247 Y-4.118
G1 X-5.262 Y-4.158
G1 X-5.265 Y-4.170
G1 X-5.271 Y-4.195
G1 X-5.273 Y-4.207
G1 X-5.277 Y-4.248
G1 X-5.277 Y-4.260
G1 X-5.277 Y-4.282
G1 X-5.275 Y-4.294
G1 X-5.267 Y-4.347
G1 X-5.260 Y-4.373
G1 X-5.242 Y-4.425
G1 X-5.234 Y-4.442
G1 X-5.206 Y-4.496
G1 X-5.200 Y-4.507
G1 X-5.160 Y-4.569
G1 X-5.131 Y-4.609
G1 X-5.201 Y-4.556
G1 X-5.288 Y-4.491
G1 X-5.371 Y-4.430
G1 X-5.447 Y-4.374
G1 X-5.518 Y-4.324
G1 X-5.582 Y-4.280
G1 X-5.640 Y-4.241
G1 X-5.694 Y-4.208
G1 X-5.703 Y-4.203
G1 X-5.707 Y-4.171
G1 X-5.711 Y-4.102
G1 X-5.711 Y-4.020
G1 X-5.707 Y-3.925
G1 X-5.707 Y-3.923
G1 X-5.700 Y-3.814
G1 X-5.690 Y-3.694
G1 X-5.677 Y-3.565
G1 X-5.660 Y-3.429
G1 X-5.660 Y-3.428
G1 X-5.641 Y-3.284
G1 X-5.641 Y-3.283
G1 X-5.619 Y-3.135
G1 X-5.613 Y-3.094
G1 X-5.615 Y-3.192
G1 X-5.615 Y-3.289
G1 X-5.612 Y-3.380
G1 X-5.606 Y-3.465
G1 X-5.597 Y-3.544
G1 X-5.586 Y-3.607
G1 X-5.582 Y-3.620
G1 X-5.566 Y-3.676
G1 X-5.557 Y-3.697
G1 X-5.536 Y-3.740
G1 X-5.526 Y-3.757
G1 X-5.516 Y-3.770
G1 X-5.507 Y-3.782
G1 X-5.479 Y-3.811
G1 X-5.463 Y-3.825
G1 X-5.448 Y-3.836
G1 X-5.431 Y-3.846
G1 X-5.415 Y-3.854
G1 X-5.392 Y-3.863
G1 X-5.359 Y-3.874
G1 X-5.344 Y-3.877
G1 X-5.336 Y-3.878
G1 X-5.321 Y-3.880
G1 X-5.314 Y-3.880
G1 X-5.286 Y-3.881
G1 X-5.271 Y-3.880
G1 X-5.241 Y-3.876
G1 X-5.224 Y-3.872
G1 X-5.180 Y-3.861
G1 X-5.134 Y-3.846
G1 X-5.082 Y-3.828
G1 X-5.025 Y-3.806
G1 X-4.962 Y-3.780
G1 X-4.893 Y-3.751
G1 X-4.820 Y-3.718
G1 X-4.741 Y-3.683
G1 X-4.659 Y-3.645
G1 X-4.573 Y-3.604
G1 X-4.483 Y-3.561
G1 X-4.391 Y-3.516
G1 X-4.297 Y-3.468
G1 X-4.201 Y-3.420
G1 X-4.103 Y-3.369
G1 X-4.005 Y-3.317
G1 X-3.909 Y-3.264
G1 X-3.814 Y-3.211
G1 X-3.722 Y-3.158
G1 X-3.633 Y-3.105
G1 X-3.547 Y-3.053
G1 X-3.465 Y-3.001
G1 X-3.388 Y-2.951
G1 X-3.315 Y-2.902
G1 X-3.248 Y-2.854
G1 X-3.185 Y-2.809
G1 X-3.168 Y-2.795
G1 X-3.237 Y-2.927
G1 X-3.236 Y-2.929
G1 X-3.230 Y-2.956
G1 X-3.223 Y-2.978
G1 X-3.212 Y-3.002
G1 X-3.200 Y-3.024
G1 X-3.184 Y-3.047
G1 X-3.168 Y-3.065
G1 X-3.149 Y-3.084
G1 X-3.130 Y-3.100
G1 X-3.106 Y-3.116
G1 X-3.052 Y-3.148
G1 X-3.027 Y-3.159
G1 X-3.005 Y-3.167
G1 X-2.976 Y-3.176
G1 X-2.974 Y-3.176
G1 X-3.005 Y-3.181
G1 X-3.059 Y-3.191
G1 X-3.115 Y-3.201
G1 X-3.236 Y-3.226
G1 X-3.313 Y-3.242
G1 X-3.393 Y-3.261
G1 X-3.478 Y-3.281
G1 X-3.566 Y-3.304
G1 X-3.655 Y-3.328
G1 X-3.748 Y-3.353
G1 X-3.842 Y-3.380
G1 X-3.935 Y-3.408
G1 X-4.030 Y-3.437
G1 X-4.124 Y-3.466
G1 X-4.185 Y-3.485
G1 X-4.169 Y-3.477
G1 X-4.070 Y-3.426
G1 X-3.972 Y-3.373
G1 X-3.874 Y-3.320
G1 X-3.779 Y-3.267
G1 X-3.687 Y-3.213
G1 X-3.597 Y-3.160
G1 X-3.510 Y-3.107
G1 X-3.427 Y-3.055
G1 X-3.349 Y-3.004
G1 X-3.275 Y-2.954
G1 X-3.237 Y-2.927
G1 X-3.272 Y-3.032
G1 X-3.272 Y-3.033
G1 X-3.256 Y-3.060
G1 X-3.237 Y-3.088
G1 X-3.217 Y-3.111
G1 X-3.193 Y-3.134
G1 X-3.176 Y-3.147
G1 X-3.251 Y-3.162
G1 X-3.329 Y-3.179
G1 X-3.410 Y-3.198
G1 X-3.495 Y-3.218
G1 X-3.584 Y-3.241
G1 X-3.621 Y-3.251
G1 X-3.560 Y-3.215
G1 X-3.473 Y-3.162
G1 X-3.389 Y-3.109
G1 X-3.310 Y-3.057
G1 X-3.272 Y-3.032
G1 X-3.207 Y-3.353
G1 X-3.281 Y-3.369
G1 X-3.360 Y-3.387
G1 X-3.443 Y-3.407
G1 X-3.529 Y-3.429
G1 X-3.618 Y-3.453
G1 X-3.709 Y-3.478
G1 X-3.801 Y-3.504
G1 X-3.894 Y-3.532
G1 X-3.988 Y-3.560
G1 X-4.081 Y-3.589
G1 X-4.172 Y-3.619
G1 X-4.261 Y-3.648
G1 X-4.348 Y-3.678
G1 X-4.432 Y-3.707
G1 X-4.512 Y-3.736
G1 X-4.587 Y-3.765
G1 X-4.696 Y-3.809
G1 X-4.793 Y-3.850
G1 X-4.881 Y-3.890
G1 X-4.958 Y-3.930
G1 X-5.018 Y-3.965
G1 X-5.028 Y-3.972
G1 X-5.077 Y-4.009
G1 X-5.089 Y-4.019
G1 X-5.128 Y-4.058
G1 X-5.142 Y-4.074
G1 X-5.166 Y-4.109
G1 X-5.170 Y-4.116
G1 X-5.180 Y-4.133
G1 X-5.183 Y-4.140
G1 X-5.197 Y-4.176
G1 X-5.199 Y-4.184
G1 X-5.204 Y-4.205
G1 X-5.205 Y-4.213
G1 X-5.209 Y-4.251
G1 X-5.209 Y-4.258
G1 X-5.209 Y-4.277
G1 X-5.208 Y-4.285
G1 X-5.201 Y-4.331
G1 X-5.196 Y-4.352
G1 X-5.179 Y-4.400
G1 X-5.173 Y-4.413
G1 X-5.147 Y-4.464
G1 X-5.142 Y-4.473
G1 X-5.104 Y-4.532
G1 X-5.059 Y-4.595
G1 X-5.004 Y-4.664
G1 X-4.905 Y-4.776
G1 X-4.791 Y-4.890
G1 X-4.664 Y-5.005
G1 X-4.526 Y-5.119
G1 X-4.379 Y-5.232
G1 X-4.226 Y-5.342
G1 X-4.070 Y-5.447
G1 X-3.913 Y-5.547
G1 X-3.757 Y-5.639
G1 X-3.604 Y-5.721
G1 X-3.457 Y-5.794
G1 X-3.318 Y-5.855
G1 X-3.196 Y-5.899
G1 X-3.186 Y-5.902
G1 X-3.077 Y-5.931
G1 X-3.060 Y-5.934
G1 X-2.974 Y-5.944
G1 X-2.965 Y-5.945
G1 X-2.943 Y-5.945
G1 X-2.935 Y-5.944
G1 X-2.863 Y-5.935
G1 X-2.847 Y-5.931
G1 X-2.834 Y-5.927
G1 X-2.817 Y-5.920
G1 X-2.810 Y-5.916
G1 X-2.780 Y-5.899
G1 X-2.768 Y-5.890
G1 X-2.760 Y-5.884
G1 X-2.751 Y-5.875
G1 X-2.723 Y-5.845
G1 X-2.711 Y-5.830
G1 X-2.684 Y-5.790
G1 X-2.677 Y-5.779
G1 X-2.648 Y-5.722
G1 X-2.621 Y-5.658
G1 X-2.596 Y-5.586
G1 X-2.572 Y-5.507
G1 X-2.549 Y-5.421
G1 X-2.527 Y-5.328
G1 X-2.507 Y-5.230
G1 X-2.489 Y-5.125
G1 X-2.472 Y-5.016
G1 X-2.456 Y-4.903
G1 X-2.443 Y-4.785
G1 X-2.432 Y-4.665
G1 X-2.423 Y-4.543
G1 X-2.416 Y-4.436
G1 X-2.405 Y-4.242
G1 X-2.400 Y-4.154
G1 X-2.396 Y-4.072
G1 X-2.393 Y-3.995
G1 X-2.391 Y-3.923
G1 X-2.391 Y-3.856
G1 X-2.392 Y-3.794
G1 X-2.394 Y-3.736
G1 X-2.398 Y-3.681
G1 X-2.405 Y-3.629
G1 X-2.414 Y-3.580
G1 X-2.427 Y-3.533
G1 X-2.439 Y-3.500
G1 X-2.444 Y-3.488
G1 X-2.459 Y-3.458
G1 X-2.467 Y-3.444
G1 X-2.485 Y-3.418
G1 X-2.496 Y-3.404
G1 X-2.518 Y-3.382
G1 X-2.532 Y-3.369
G1 X-2.556 Y-3.350
G1 X-2.573 Y-3.340
G1 X-2.600 Y-3.325
G1 X-2.616 Y-3.318
G1 X-2.645 Y-3.307
G1 X-2.661 Y-3.303
G1 X-2.693 Y-3.296
G1 X-2.705 Y-3.294
G1 X-2.749 Y-3.290
G1 X-2.793 Y-3.289
G1 X-2.838 Y-3.291
G1 X-2.884 Y-3.295
G1 X-2.931 Y-3.301
G1 X-2.980 Y-3.309
G1 X-3.032 Y-3.318
G1 X-3.087 Y-3.329
G1 X-3.207 Y-3.353
G1 X-3.192 Y-3.417
G1 X-3.265 Y-3.432
G1 X-3.343 Y-3.450
G1 X-3.425 Y-3.470
G1 X-3.511 Y-3.492
G1 X-3.599 Y-3.516
G1 X-3.690 Y-3.541
G1 X-3.781 Y-3.567
G1 X-3.874 Y-3.594
G1 X-3.967 Y-3.622
G1 X-4.059 Y-3.651
G1 X-4.150 Y-3.680
G1 X-4.239 Y-3.709
G1 X-4.325 Y-3.739
G1 X-4.408 Y-3.768
G1 X-4.487 Y-3.797
G1 X-4.561 Y-3.825
G1 X-4.668 Y-3.868
G1 X-4.764 Y-3.909
G1 X-4.848 Y-3.947
G1 X-4.922 Y-3.985
G1 X-4.979 Y-4.019
G1 X-4.986 Y-4.024
G1 X-5.032 Y-4.057
G1 X-5.041 Y-4.065
G1 X-5.076 Y-4.099
G1 X-5.086 Y-4.110
G1 X-5.110 Y-4.145
G1 X-5.119 Y-4.163
G1 X-5.133 Y-4.199
G1 X-5.137 Y-4.219
G1 X-5.141 Y-4.257
G1 X-5.141 Y-4.276
G1 X-5.135 Y-4.316
G1 X-5.131 Y-4.331
G1 X-5.116 Y-4.375
G1 X-5.112 Y-4.385
G1 X-5.087 Y-4.433
G1 X-5.084 Y-4.439
G1 X-5.048 Y-4.495
G1 X-5.004 Y-4.556
G1 X-4.952 Y-4.622
G1 X-4.856 Y-4.731
G1 X-4.745 Y-4.843
G1 X-4.619 Y-4.956
G1 X-4.483 Y-5.068
G1 X-4.338 Y-5.180
G1 X-4.187 Y-5.289
G1 X-4.033 Y-5.393
G1 X-3.877 Y-5.491
G1 X-3.723 Y-5.582
G1 X-3.573 Y-5.664
G1 X-3.429 Y-5.735
G1 X-3.293 Y-5.794
G1 X-3.175 Y-5.837
G1 X-3.167 Y-5.839
G1 X-3.064 Y-5.867
G1 X-3.052 Y-5.869
G1 X-2.965 Y-5.880
G1 X-2.944 Y-5.880
G1 X-2.878 Y-5.871
G1 X-2.862 Y-5.868
G1 X-2.845 Y-5.860
G1 X-2.821 Y-5.846
G1 X-2.808 Y-5.837
G1 X-2.801 Y-5.831
G1 X-2.777 Y-5.806
G1 X-2.768 Y-5.794
G1 X-2.743 Y-5.758
G1 X-2.739 Y-5.750
G1 X-2.712 Y-5.697
G1 X-2.686 Y-5.637
G1 X-2.661 Y-5.567
G1 X-2.638 Y-5.491
G1 X-2.615 Y-5.407
G1 X-2.594 Y-5.316
G1 X-2.574 Y-5.218
G1 X-2.556 Y-5.116
G1 X-2.539 Y-5.008
G1 X-2.524 Y-4.896
G1 X-2.511 Y-4.780
G1 X-2.500 Y-4.661
G1 X-2.491 Y-4.539
G1 X-2.484 Y-4.433
G1 X-2.472 Y-4.239
G1 X-2.468 Y-4.151
G1 X-2.464 Y-4.070
G1 X-2.461 Y-3.994
G1 X-2.459 Y-3.923
G1 X-2.459 Y-3.857
G1 X-2.460 Y-3.797
G1 X-2.462 Y-3.740
G1 X-2.466 Y-3.689
G1 X-2.472 Y-3.641
G1 X-2.480 Y-3.596
G1 X-2.492 Y-3.554
G1 X-2.502 Y-3.524
G1 X-2.506 Y-3.516
G1 X-2.519 Y-3.489
G1 X-2.524 Y-3.480
G1 X-2.540 Y-3.457
G1 X-2.547 Y-3.448
G1 X-2.565 Y-3.429
G1 X-2.575 Y-3.419
G1 X-2.595 Y-3.404
G1 X-2.606 Y-3.396
G1 X-2.629 Y-3.384
G1 X-2.640 Y-3.379
G1 X-2.665 Y-3.370
G1 X-2.677 Y-3.366
G1 X-2.704 Y-3.360
G1 X-2.713 Y-3.359
G1 X-2.751 Y-3.355
G1 X-2.790 Y-3.354
G1 X-2.832 Y-3.356
G1 X-2.875 Y-3.360
G1 X-2.920 Y-3.365
G1 X-2.968 Y-3.373
G1 X-3.019 Y-3.382
G1 X-3.073 Y-3.392
G1 X-3.192 Y-3.417
G1 X-2.543 Y-3.207
G1 X-2.460 Y-3.204
G1 X-2.441 Y-3.202
G1 X-2.328 Y-3.186
G1 X-2.311 Y-3.182
G1 X-2.206 Y-3.157
G1 X-2.186 Y-3.150
G1 X-2.183 Y-3.149
G1 X-2.191 Y-3.167
G1 X-2.206 Y-3.199
G1 X-2.220 Y-3.230
G1 X-2.235 Y-3.264
G1 X-2.248 Y-3.298
G1 X-2.260 Y-3.331
G1 X-2.273 Y-3.367
G1 X-2.285 Y-3.402
G1 X-2.296 Y-3.438
G1 X-2.306 Y-3.470
G1 X-2.314 Y-3.449
G1 X-2.322 Y-3.432
G1 X-2.341 Y-3.393
G1 X-2.353 Y-3.373
G1 X-2.378 Y-3.337
G1 X-2.395 Y-3.317
G1 X-2.425 Y-3.286
G1 X-2.447 Y-3.267
G1 X-2.481 Y-3.241
G1 X-2.507 Y-3.226
G1 X-2.543 Y-3.207
G1 X-2.361 Y-3.256
G1 X-2.313 Y-3.250
G1 X-2.301 Y-3.247
G1 X-2.312 Y-3.276
G1 X-2.322 Y-3.302
G1 X-2.325 Y-3.297
G1 X-2.345 Y-3.273
G1 X-2.361 Y-3.256
G1 X-2.446 Y-5.270
G1 X-2.454 Y-5.454
G1 X-2.461 Y-5.632
G1 X-2.471 Y-5.914
G1 X-2.483 Y-6.303
G1 X-2.497 Y-6.278
G1 X-2.534 Y-6.220
G1 X-2.575 Y-6.165
G1 X-2.611 Y-6.125
G1 X-2.621 Y-6.115
G1 X-2.661 Y-6.078
G1 X-2.672 Y-6.069
G1 X-2.716 Y-6.036
G1 X-2.727 Y-6.029
G1 X-2.773 Y-6.001
G1 X-2.787 Y-5.994
G1 X-2.804 Y-5.985
G1 X-2.786 Y-5.977
G1 X-2.775 Y-5.972
G1 X-2.740 Y-5.951
G1 X-2.724 Y-5.940
G1 X-2.713 Y-5.930
G1 X-2.701 Y-5.919
G1 X-2.668 Y-5.884
G1 X-2.653 Y-5.865
G1 X-2.625 Y-5.822
G1 X-2.616 Y-5.808
G1 X-2.585 Y-5.746
G1 X-2.557 Y-5.679
G1 X-2.530 Y-5.604
G1 X-2.506 Y-5.523
G1 X-2.483 Y-5.435
G1 X-2.460 Y-5.340
G1 X-2.446 Y-5.270
G1 X-2.535 Y-5.796
G1 X-2.539 Y-5.912
G1 X-2.545 Y-6.099
G1 X-2.562 Y-6.080
G1 X-2.574 Y-6.068
G1 X-2.617 Y-6.029
G1 X-2.630 Y-6.018
G1 X-2.675 Y-5.985
G1 X-2.665 Y-5.976
G1 X-2.650 Y-5.963
G1 X-2.613 Y-5.923
G1 X-2.596 Y-5.900
G1 X-2.565 Y-5.854
G1 X-2.555 Y-5.836
G1 X-2.535 Y-5.796
; Retract
G1 Z1.5000 F2540

; Path 39
; Rapid to initial position
G1 X-2.460 Y-7.698 F2540
G1 Z0.5000
; plunge
G1 Z-2.6750 F127
; cut
G1 X-2.488 Y-8.564 F1016
G1 X-2.487 Y-8.579
G1 X-2.485 Y-8.592
G1 X-2.481 Y-8.606
G1 X-2.477 Y-8.617
G1 X-2.470 Y-8.631
G1 X-2.464 Y-8.641
G1 X-2.456 Y-8.653
G1 X-2.447 Y-8.663
G1 X-2.436 Y-8.673
G1 X-2.426 Y-8.681
G1 X-2.413 Y-8.689
G1 X-2.402 Y-8.695
G1 X-2.388 Y-8.701
G1 X-2.376 Y-8.704
G1 X-2.361 Y-8.708
G1 X-2.350 Y-8.709
G1 X-2.335 Y-8.710
G1 X-1.676 Y-8.710
G1 X-1.698 Y-8.713
G1 X-1.802 Y-8.730
G1 X-1.906 Y-8.751
G1 X-2.010 Y-8.776
G1 X-2.113 Y-8.803
G1 X-2.217 Y-8.835
G1 X-2.317 Y-8.869
G1 X-2.712 Y-9.010
G1 X-2.532 Y-8.108
G1 X-2.508 Y-7.984
G1 X-2.486 Y-7.863
G1 X-2.467 Y-7.746
G1 X-2.460 Y-7.698
G1 X-2.555 Y-8.572
G1 X-2.554 Y-8.589
G1 X-2.551 Y-8.608
G1 X-2.545 Y-8.629
G1 X-2.539 Y-8.645
G1 X-2.530 Y-8.663
G1 X-2.520 Y-8.678
G1 X-2.507 Y-8.696
G1 X-2.495 Y-8.709
G1 X-2.479 Y-8.724
G1 X-2.464 Y-8.735
G1 X-2.446 Y-8.746
G1 X-2.429 Y-8.754
G1 X-2.409 Y-8.762
G1 X-2.391 Y-8.768
G1 X-2.370 Y-8.772
G1 X-2.354 Y-8.774
G1 X-2.335 Y-8.775
G1 X-2.244 Y-8.775
G1 X-2.341 Y-8.808
G1 X-2.623 Y-8.908
G1 X-2.555 Y-8.572
G1 X-2.526 Y-8.770
G1 X-2.521 Y-8.775
G1 X-2.501 Y-8.789
G1 X-2.495 Y-8.793
G1 X-2.533 Y-8.807
G1 X-2.526 Y-8.770
; Retract
G1 Z1.5000 F2540

; Path 40
; Rapid to initial position
G1 X-0.282 Y-8.775 F2540
G1 Z0.5000
; plunge
G1 Z-2.6750 F127
; cut
G1 X-0.273 Y-8.775 F1016
G1 X-0.155 Y-8.774
G1 X-0.038 Y-8.773
G1 X0.078 Y-8.771
G1 X0.193 Y-8.768
G1 X0.308 Y-8.765
G1 X0.421 Y-8.761
G1 X0.433 Y-8.760
G1 X0.384 Y-8.780
G1 X0.326 Y-8.808
G1 X0.313 Y-8.815
G1 X0.264 Y-8.845
G1 X0.246 Y-8.859
G1 X0.213 Y-8.886
G1 X0.205 Y-8.895
G1 X0.189 Y-8.912
G1 X0.181 Y-8.921
G1 X0.157 Y-8.956
G1 X0.146 Y-8.975
G1 X0.140 Y-8.986
G1 X0.138 Y-8.992
G1 X0.129 Y-9.019
G1 X0.121 Y-9.054
G1 X0.121 Y-9.056
G1 X0.110 Y-9.043
G1 X0.100 Y-9.032
G1 X0.045 Y-8.978
G1 X-0.015 Y-8.928
G1 X-0.078 Y-8.883
G1 X-0.146 Y-8.842
G1 X-0.218 Y-8.804
G1 X-0.282 Y-8.775
G1 X-0.028 Y-8.838
G1 X0.080 Y-8.836
G1 X0.173 Y-8.834
G1 X0.165 Y-8.841
G1 X0.154 Y-8.851
G1 X0.135 Y-8.873
G1 X0.125 Y-8.885
G1 X0.097 Y-8.924
G1 X0.093 Y-8.932
G1 X0.090 Y-8.928
G1 X0.026 Y-8.876
G1 X-0.028 Y-8.838
; Retract
G1 Z1.5000 F2540

; Path 41
; Rapid to initial position
G1 X-0.399 Y-6.639 F2540
G1 Z0.5000
; plunge
G1 Z-2.6750 F127
; cut
G1 X-0.385 Y-6.604 F1016
G1 X-0.359 Y-6.535
G1 X-0.334 Y-6.459
G1 X-0.308 Y-6.377
G1 X-0.294 Y-6.329
G1 X-0.290 Y-6.338
G1 X-0.257 Y-6.396
G1 X-0.245 Y-6.413
G1 X-0.233 Y-6.427
G1 X-0.218 Y-6.442
G1 X-0.208 Y-6.450
G1 X-0.203 Y-6.454
G1 X-0.181 Y-6.469
G1 X-0.124 Y-6.501
G1 X-0.110 Y-6.508
G1 X-0.103 Y-6.510
G1 X-0.089 Y-6.515
G1 X-0.082 Y-6.517
G1 X-0.064 Y-6.521
G1 X-0.171 Y-6.560
G1 X-0.295 Y-6.604
G1 X-0.399 Y-6.639
G1 X-0.287 Y-6.531
G1 X-0.271 Y-6.483
G1 X-0.263 Y-6.491
G1 X-0.251 Y-6.501
G1 X-0.242 Y-6.508
G1 X-0.234 Y-6.513
G1 X-0.287 Y-6.531
G1 X-0.164 Y-6.401
G1 X-0.147 Y-6.413
G1 X-0.094 Y-6.442
G1 X-0.080 Y-6.449
G1 X-0.066 Y-6.454
G1 X-0.046 Y-6.458
G1 X-0.037 Y-6.460
G1 X0.031 Y-6.467
G1 X0.039 Y-6.467
G1 X0.059 Y-6.467
G1 X0.067 Y-6.467
G1 X0.164 Y-6.455
G1 X0.178 Y-6.452
G1 X0.297 Y-6.422
G1 X0.400 Y-6.393
G1 X0.526 Y-6.361
G1 X0.527 Y-6.360
G1 X0.666 Y-6.326
G1 X0.667 Y-6.325
G1 X0.824 Y-6.288
G1 X0.989 Y-6.249
G1 X1.156 Y-6.212
G1 X1.322 Y-6.175
G1 X1.322 Y-6.175
G1 X1.488 Y-6.140
G1 X1.659 Y-6.096
G1 X1.834 Y-6.037
G1 X2.008 Y-5.963
G1 X2.178 Y-5.880
G1 X2.339 Y-5.787
G1 X2.489 Y-5.687
G1 X2.612 Y-5.589
G1 X2.621 Y-5.581
G1 X2.721 Y-5.482
G1 X2.730 Y-5.471
G1 X2.814 Y-5.365
G1 X2.822 Y-5.355
G1 X2.891 Y-5.246
G1 X2.897 Y-5.235
G1 X2.952 Y-5.121
G1 X2.956 Y-5.111
G1 X2.996 Y-4.996
G1 X3.000 Y-4.984
G1 X3.027 Y-4.869
G1 X3.029 Y-4.856
G1 X3.043 Y-4.738
G1 X3.044 Y-4.728
G1 X3.046 Y-4.612
G1 X3.046 Y-4.600
G1 X3.035 Y-4.474
G1 X3.012 Y-4.349
G1 X2.979 Y-4.228
G1 X2.935 Y-4.109
G1 X2.882 Y-3.993
G1 X2.820 Y-3.882
G1 X2.750 Y-3.776
G1 X2.672 Y-3.675
G1 X2.587 Y-3.579
G1 X2.495 Y-3.491
G1 X2.397 Y-3.409
G1 X2.294 Y-3.335
G1 X2.185 Y-3.269
G1 X2.072 Y-3.213
G1 X1.955 Y-3.167
G1 X1.845 Y-3.134
G1 X1.834 Y-3.131
G1 X1.721 Y-3.109
G1 X1.710 Y-3.107
G1 X1.597 Y-3.096
G1 X1.583 Y-3.095
G1 X1.469 Y-3.097
G1 X1.455 Y-3.097
G1 X1.342 Y-3.111
G1 X1.327 Y-3.114
G1 X1.215 Y-3.141
G1 X1.201 Y-3.145
G1 X1.089 Y-3.187
G1 X1.076 Y-3.192
G1 X0.966 Y-3.248
G1 X0.955 Y-3.255
G1 X0.848 Y-3.325
G1 X0.837 Y-3.334
G1 X0.727 Y-3.426
G1 X0.671 Y-3.481
G1 X0.617 Y-3.542
G1 X0.565 Y-3.608
G1 X0.513 Y-3.679
G1 X0.463 Y-3.754
G1 X0.414 Y-3.833
G1 X0.366 Y-3.915
G1 X0.321 Y-4.000
G1 X0.278 Y-4.087
G1 X0.237 Y-4.175
G1 X0.200 Y-4.265
G1 X0.165 Y-4.355
G1 X0.134 Y-4.445
G1 X0.106 Y-4.535
G1 X0.082 Y-4.624
G1 X0.064 Y-4.707
G1 X0.031 Y-4.870
G1 X-0.004 Y-5.040
G1 X-0.041 Y-5.209
G1 X-0.041 Y-5.211
G1 X-0.079 Y-5.380
G1 X-0.079 Y-5.380
G1 X-0.115 Y-5.540
G1 X-0.116 Y-5.540
G1 X-0.151 Y-5.688
G1 X-0.151 Y-5.689
G1 X-0.182 Y-5.815
G1 X-0.211 Y-5.924
G1 X-0.240 Y-6.046
G1 X-0.242 Y-6.058
G1 X-0.253 Y-6.152
G1 X-0.254 Y-6.159
G1 X-0.254 Y-6.176
G1 X-0.254 Y-6.183
G1 X-0.246 Y-6.259
G1 X-0.243 Y-6.274
G1 X-0.239 Y-6.286
G1 X-0.230 Y-6.307
G1 X-0.200 Y-6.360
G1 X-0.191 Y-6.373
G1 X-0.184 Y-6.382
G1 X-0.173 Y-6.393
G1 X-0.164 Y-6.401
G1 X-0.124 Y-6.348
G1 X-0.111 Y-6.357
G1 X-0.065 Y-6.384
G1 X-0.051 Y-6.390
G1 X-0.030 Y-6.395
G1 X0.039 Y-6.402
G1 X0.059 Y-6.402
G1 X0.150 Y-6.391
G1 X0.161 Y-6.389
G1 X0.278 Y-6.359
G1 X0.381 Y-6.331
G1 X0.508 Y-6.298
G1 X0.508 Y-6.298
G1 X0.651 Y-6.262
G1 X0.651 Y-6.262
G1 X0.808 Y-6.224
G1 X0.973 Y-6.186
G1 X1.141 Y-6.148
G1 X1.307 Y-6.112
G1 X1.470 Y-6.077
G1 X1.636 Y-6.035
G1 X1.807 Y-5.977
G1 X1.977 Y-5.906
G1 X2.143 Y-5.824
G1 X2.300 Y-5.733
G1 X2.445 Y-5.637
G1 X2.566 Y-5.541
G1 X2.572 Y-5.535
G1 X2.670 Y-5.440
G1 X2.676 Y-5.432
G1 X2.758 Y-5.329
G1 X2.763 Y-5.322
G1 X2.831 Y-5.215
G1 X2.835 Y-5.207
G1 X2.888 Y-5.098
G1 X2.891 Y-5.090
G1 X2.931 Y-4.978
G1 X2.933 Y-4.970
G1 X2.960 Y-4.857
G1 X2.961 Y-4.849
G1 X2.975 Y-4.735
G1 X2.976 Y-4.727
G1 X2.978 Y-4.613
G1 X2.978 Y-4.606
G1 X2.968 Y-4.485
G1 X2.947 Y-4.366
G1 X2.915 Y-4.249
G1 X2.873 Y-4.135
G1 X2.822 Y-4.024
G1 X2.763 Y-3.917
G1 X2.695 Y-3.814
G1 X2.620 Y-3.717
G1 X2.538 Y-3.625
G1 X2.450 Y-3.540
G1 X2.356 Y-3.461
G1 X2.257 Y-3.390
G1 X2.154 Y-3.327
G1 X2.046 Y-3.273
G1 X1.934 Y-3.229
G1 X1.828 Y-3.197
G1 X1.820 Y-3.195
G1 X1.711 Y-3.173
G1 X1.703 Y-3.172
G1 X1.593 Y-3.161
G1 X1.584 Y-3.160
G1 X1.474 Y-3.161
G1 X1.464 Y-3.162
G1 X1.354 Y-3.175
G1 X1.344 Y-3.177
G1 X1.235 Y-3.203
G1 X1.225 Y-3.206
G1 X1.117 Y-3.246
G1 X1.108 Y-3.250
G1 X1.002 Y-3.304
G1 X0.993 Y-3.309
G1 X0.889 Y-3.377
G1 X0.882 Y-3.383
G1 X0.776 Y-3.472
G1 X0.723 Y-3.524
G1 X0.671 Y-3.582
G1 X0.621 Y-3.646
G1 X0.570 Y-3.714
G1 X0.521 Y-3.787
G1 X0.473 Y-3.864
G1 X0.427 Y-3.945
G1 X0.383 Y-4.028
G1 X0.340 Y-4.113
G1 X0.300 Y-4.200
G1 X0.263 Y-4.288
G1 X0.229 Y-4.376
G1 X0.199 Y-4.464
G1 X0.172 Y-4.551
G1 X0.149 Y-4.637
G1 X0.131 Y-4.720
G1 X0.098 Y-4.883
G1 X0.062 Y-5.053
G1 X0.025 Y-5.225
G1 X0.025 Y-5.225
G1 X-0.012 Y-5.394
G1 X-0.049 Y-5.555
G1 X-0.084 Y-5.703
G1 X-0.084 Y-5.703
G1 X-0.116 Y-5.830
G1 X-0.145 Y-5.939
G1 X-0.173 Y-6.057
G1 X-0.175 Y-6.066
G1 X-0.186 Y-6.160
G1 X-0.186 Y-6.177
G1 X-0.179 Y-6.247
G1 X-0.176 Y-6.261
G1 X-0.169 Y-6.277
G1 X-0.143 Y-6.325
G1 X-0.134 Y-6.338
G1 X-0.124 Y-6.348
; Retract
G1 Z1.5000 F2540

; Path 42
; Rapid to initial position
G1 X2.997 Y-5.182 F2540
G1 Z0.5000
; plunge
G1 Z-2.6750 F127
; cut
G1 X3.015 Y-5.145 F1016
G1 X3.020 Y-5.131
G1 X3.062 Y-5.013
G1 X3.066 Y-4.998
G1 X3.094 Y-4.879
G1 X3.097 Y-4.864
G1 X3.111 Y-4.741
G1 X3.112 Y-4.729
G1 X3.114 Y-4.611
G1 X3.114 Y-4.595
G1 X3.102 Y-4.463
G1 X3.100 Y-4.450
G1 X3.147 Y-4.546
G1 X3.198 Y-4.644
G1 X3.252 Y-4.743
G1 X3.308 Y-4.841
G1 X3.367 Y-4.940
G1 X3.414 Y-5.016
G1 X3.412 Y-5.015
G1 X3.393 Y-5.005
G1 X3.375 Y-4.999
G1 X3.354 Y-4.993
G1 X3.335 Y-4.990
G1 X3.313 Y-4.988
G1 X3.296 Y-4.988
G1 X3.273 Y-4.990
G1 X3.255 Y-4.993
G1 X3.235 Y-4.998
G1 X3.217 Y-5.005
G1 X3.203 Y-5.011
G1 X3.197 Y-5.014
G1 X3.180 Y-5.024
G1 X3.163 Y-5.036
G1 X3.155 Y-5.043
G1 X2.997 Y-5.182
G1 X3.142 Y-4.970
G1 X3.161 Y-4.890
G1 X3.164 Y-4.871
G1 X3.179 Y-4.750
G1 X3.192 Y-4.774
G1 X3.249 Y-4.874
G1 X3.279 Y-4.924
G1 X3.268 Y-4.925
G1 X3.261 Y-4.926
G1 X3.237 Y-4.930
G1 X3.211 Y-4.937
G1 X3.188 Y-4.946
G1 X3.170 Y-4.954
G1 X3.160 Y-4.959
G1 X3.142 Y-4.970
G1 X2.892 Y-3.873
G1 X2.878 Y-3.847
G1 X2.805 Y-3.737
G1 X2.724 Y-3.632
G1 X2.635 Y-3.534
G1 X2.540 Y-3.442
G1 X2.462 Y-3.377
G1 X2.473 Y-3.375
G1 X2.480 Y-3.373
G1 X2.501 Y-3.366
G1 X2.523 Y-3.356
G1 X2.535 Y-3.350
G1 X2.551 Y-3.341
G1 X2.569 Y-3.328
G1 X2.582 Y-3.316
G1 X2.596 Y-3.302
G1 X2.606 Y-3.289
G1 X2.613 Y-3.279
G1 X2.626 Y-3.260
G1 X2.635 Y-3.243
G1 X2.651 Y-3.210
G1 X2.666 Y-3.174
G1 X2.683 Y-3.131
G1 X2.700 Y-3.082
G1 X2.719 Y-3.027
G1 X2.739 Y-2.966
G1 X2.760 Y-2.899
G1 X2.777 Y-2.846
G1 X2.780 Y-2.857
G1 X2.801 Y-2.926
G1 X2.806 Y-2.939
G1 X2.832 Y-3.003
G1 X2.840 Y-3.017
G1 X2.872 Y-3.075
G1 X2.882 Y-3.090
G1 X2.921 Y-3.143
G1 X2.933 Y-3.156
G1 X2.977 Y-3.203
G1 X2.990 Y-3.215
G1 X3.040 Y-3.256
G1 X3.055 Y-3.267
G1 X3.109 Y-3.300
G1 X3.126 Y-3.310
G1 X3.154 Y-3.323
G1 X3.140 Y-3.329
G1 X3.074 Y-3.361
G1 X3.068 Y-3.364
G1 X3.043 Y-3.380
G1 X2.993 Y-3.418
G1 X2.977 Y-3.432
G1 X2.966 Y-3.444
G1 X2.954 Y-3.459
G1 X2.930 Y-3.493
G1 X2.924 Y-3.504
G1 X2.912 Y-3.527
G1 X2.907 Y-3.540
G1 X2.892 Y-3.583
G1 X2.890 Y-3.590
G1 X2.884 Y-3.617
G1 X2.876 Y-3.671
G1 X2.875 Y-3.693
G1 X2.876 Y-3.753
G1 X2.877 Y-3.766
G1 X2.886 Y-3.842
G1 X2.892 Y-3.873
G1 X2.812 Y-3.638
G1 X2.775 Y-3.590
G1 X2.683 Y-3.488
G1 X2.587 Y-3.395
G1 X2.592 Y-3.392
G1 X2.614 Y-3.376
G1 X2.631 Y-3.361
G1 X2.650 Y-3.341
G1 X2.663 Y-3.325
G1 X2.671 Y-3.313
G1 X2.686 Y-3.291
G1 X2.697 Y-3.270
G1 X2.714 Y-3.235
G1 X2.730 Y-3.197
G1 X2.747 Y-3.152
G1 X2.765 Y-3.103
G1 X2.782 Y-3.052
G1 X2.815 Y-3.110
G1 X2.826 Y-3.127
G1 X2.868 Y-3.184
G1 X2.882 Y-3.200
G1 X2.930 Y-3.250
G1 X2.946 Y-3.265
G1 X3.000 Y-3.309
G1 X3.015 Y-3.319
G1 X3.001 Y-3.328
G1 X2.946 Y-3.370
G1 X2.926 Y-3.389
G1 X2.912 Y-3.404
G1 X2.897 Y-3.423
G1 X2.871 Y-3.461
G1 X2.862 Y-3.476
G1 X2.849 Y-3.503
G1 X2.842 Y-3.519
G1 X2.826 Y-3.566
G1 X2.823 Y-3.576
G1 X2.816 Y-3.608
G1 X2.812 Y-3.638
G1 X2.779 Y-3.495
G1 X2.732 Y-3.442
G1 X2.687 Y-3.399
G1 X2.704 Y-3.381
G1 X2.720 Y-3.361
G1 X2.729 Y-3.348
G1 X2.746 Y-3.321
G1 X2.759 Y-3.298
G1 X2.777 Y-3.259
G1 X2.794 Y-3.219
G1 X2.800 Y-3.204
G1 X2.816 Y-3.226
G1 X2.832 Y-3.244
G1 X2.883 Y-3.298
G1 X2.902 Y-3.314
G1 X2.906 Y-3.318
G1 X2.898 Y-3.324
G1 X2.875 Y-3.346
G1 X2.857 Y-3.365
G1 X2.840 Y-3.388
G1 X2.811 Y-3.430
G1 X2.801 Y-3.448
G1 X2.786 Y-3.479
G1 X2.779 Y-3.495
G1 X1.624 Y-3.033
G1 X1.600 Y-3.031
G1 X1.583 Y-3.030
G1 X1.464 Y-3.032
G1 X1.447 Y-3.033
G1 X1.329 Y-3.047
G1 X1.311 Y-3.051
G1 X1.193 Y-3.079
G1 X1.177 Y-3.085
G1 X1.060 Y-3.128
G1 X1.044 Y-3.135
G1 X1.014 Y-3.150
G1 X1.175 Y-2.959
G1 X1.186 Y-2.941
G1 X1.196 Y-2.924
G1 X1.204 Y-2.905
G1 X1.209 Y-2.889
G1 X1.213 Y-2.868
G1 X1.215 Y-2.850
G1 X1.216 Y-2.829
G1 X1.215 Y-2.810
G1 X1.211 Y-2.789
G1 X1.206 Y-2.774
G1 X1.199 Y-2.754
G1 X1.196 Y-2.747
G1 X1.261 Y-2.794
G1 X1.345 Y-2.852
G1 X1.430 Y-2.910
G1 X1.515 Y-2.965
G1 X1.600 Y-3.018
G1 X1.624 Y-3.033
G1 X1.405 Y-2.972
G1 X1.315 Y-2.984
G1 X1.294 Y-2.988
G1 X1.222 Y-3.005
G1 X1.232 Y-2.994
G1 X1.247 Y-2.971
G1 X1.259 Y-2.949
G1 X1.269 Y-2.924
G1 X1.275 Y-2.902
G1 X1.279 Y-2.886
G1 X1.306 Y-2.906
G1 X1.392 Y-2.963
G1 X1.405 Y-2.972
; Retract
G1 Z1.5000 F2540

; Path 43
; Rapid to initial position
G1 X6.156 Y-1.507 F2540
G1 Z0.5000
; plunge
G1 Z-2.6750 F127
; cut
G1 X6.178 Y-1.475 F1016
G1 X6.228 Y-1.396
G1 X6.272 Y-1.319
G1 X6.311 Y-1.241
G1 X6.344 Y-1.164
G1 X6.371 Y-1.088
G1 X6.392 Y-1.011
G1 X6.407 Y-0.934
G1 X6.415 Y-0.857
G1 X6.417 Y-0.781
G1 X6.411 Y-0.706
G1 X6.399 Y-0.632
G1 X6.381 Y-0.560
G1 X6.357 Y-0.490
G1 X6.327 Y-0.421
G1 X6.291 Y-0.355
G1 X6.252 Y-0.290
G1 X6.207 Y-0.226
G1 X6.158 Y-0.164
G1 X6.144 Y-0.149
G1 X6.185 Y-0.184
G1 X6.268 Y-0.252
G1 X6.354 Y-0.316
G1 X6.443 Y-0.374
G1 X6.534 Y-0.429
G1 X6.626 Y-0.479
G1 X6.721 Y-0.524
G1 X6.817 Y-0.565
G1 X6.914 Y-0.600
G1 X7.013 Y-0.631
G1 X7.112 Y-0.656
G1 X7.213 Y-0.675
G1 X7.244 Y-0.680
G1 X7.229 Y-0.682
G1 X7.212 Y-0.686
G1 X7.100 Y-0.719
G1 X7.082 Y-0.726
G1 X6.976 Y-0.772
G1 X6.958 Y-0.781
G1 X6.859 Y-0.841
G1 X6.843 Y-0.853
G1 X6.754 Y-0.926
G1 X6.738 Y-0.942
G1 X6.661 Y-1.029
G1 X6.647 Y-1.047
G1 X6.586 Y-1.144
G1 X6.577 Y-1.160
G1 X6.523 Y-1.277
G1 X6.476 Y-1.402
G1 X6.450 Y-1.490
G1 X6.436 Y-1.481
G1 X6.417 Y-1.470
G1 X6.401 Y-1.462
G1 X6.381 Y-1.455
G1 X6.363 Y-1.450
G1 X6.347 Y-1.447
G1 X6.340 Y-1.446
G1 X6.321 Y-1.445
G1 X6.300 Y-1.445
G1 X6.282 Y-1.447
G1 X6.261 Y-1.451
G1 X6.243 Y-1.456
G1 X6.222 Y-1.463
G1 X6.205 Y-1.472
G1 X6.186 Y-1.483
G1 X6.174 Y-1.492
G1 X6.159 Y-1.504
G1 X6.156 Y-1.507
G1 X6.314 Y-1.380
G1 X6.333 Y-1.347
G1 X6.374 Y-1.266
G1 X6.408 Y-1.185
G1 X6.437 Y-1.104
G1 X6.459 Y-1.023
G1 X6.475 Y-0.940
G1 X6.483 Y-0.859
G1 X6.485 Y-0.777
G1 X6.478 Y-0.696
G1 X6.465 Y-0.616
G1 X6.446 Y-0.540
G1 X6.419 Y-0.465
G1 X6.403 Y-0.427
G1 X6.407 Y-0.430
G1 X6.500 Y-0.486
G1 X6.596 Y-0.537
G1 X6.693 Y-0.584
G1 X6.793 Y-0.625
G1 X6.893 Y-0.662
G1 X6.994 Y-0.693
G1 X6.943 Y-0.715
G1 X6.922 Y-0.726
G1 X6.818 Y-0.789
G1 X6.799 Y-0.804
G1 X6.705 Y-0.881
G1 X6.686 Y-0.900
G1 X6.605 Y-0.991
G1 X6.589 Y-1.014
G1 X6.526 Y-1.114
G1 X6.515 Y-1.134
G1 X6.459 Y-1.255
G1 X6.411 Y-1.384
G1 X6.407 Y-1.395
G1 X6.400 Y-1.393
G1 X6.376 Y-1.386
G1 X6.357 Y-1.383
G1 X6.345 Y-1.381
G1 X6.321 Y-1.380
G1 X6.314 Y-1.380
G1 X6.538 Y-0.970
G1 X6.543 Y-0.946
G1 X6.551 Y-0.860
G1 X6.552 Y-0.772
G1 X6.546 Y-0.686
G1 X6.531 Y-0.601
G1 X6.524 Y-0.573
G1 X6.566 Y-0.596
G1 X6.666 Y-0.643
G1 X6.768 Y-0.686
G1 X6.827 Y-0.707
G1 X6.777 Y-0.738
G1 X6.754 Y-0.754
G1 X6.656 Y-0.836
G1 X6.634 Y-0.858
G1 X6.549 Y-0.955
G1 X6.538 Y-0.970
G1 X6.620 Y-0.780
G1 X6.620 Y-0.767
G1 X6.614 Y-0.691
G1 X6.639 Y-0.703
G1 X6.688 Y-0.723
G1 X6.620 Y-0.780
G1 X7.763 Y-0.681
G1 X7.818 Y-0.673
G1 X7.918 Y-0.653
G1 X8.017 Y-0.627
G1 X8.115 Y-0.596
G1 X8.212 Y-0.560
G1 X8.307 Y-0.520
G1 X8.401 Y-0.474
G1 X8.493 Y-0.424
G1 X8.584 Y-0.369
G1 X8.672 Y-0.309
G1 X8.737 Y-0.261
G1 X8.712 Y-0.291
G1 X8.673 Y-0.340
G1 X8.637 Y-0.392
G1 X8.605 Y-0.445
G1 X8.578 Y-0.500
G1 X8.560 Y-0.543
G1 X8.556 Y-0.557
G1 X8.542 Y-0.603
G1 X8.539 Y-0.616
G1 X8.531 Y-0.662
G1 X8.529 Y-0.677
G1 X8.525 Y-0.725
G1 X8.525 Y-0.739
G1 X8.526 Y-0.786
G1 X8.528 Y-0.800
G1 X8.534 Y-0.848
G1 X8.537 Y-0.862
G1 X8.551 Y-0.922
G1 X8.570 Y-0.980
G1 X8.594 Y-1.040
G1 X8.622 Y-1.098
G1 X8.655 Y-1.158
G1 X8.691 Y-1.219
G1 X8.732 Y-1.280
G1 X8.777 Y-1.346
G1 X8.826 Y-1.413
G1 X8.879 Y-1.482
G1 X8.938 Y-1.556
G1 X9.000 Y-1.633
G1 X9.007 Y-1.642
G1 X8.967 Y-1.606
G1 X8.950 Y-1.592
G1 X8.935 Y-1.583
G1 X8.915 Y-1.574
G1 X8.898 Y-1.567
G1 X8.877 Y-1.561
G1 X8.858 Y-1.557
G1 X8.837 Y-1.555
G1 X8.819 Y-1.554
G1 X8.797 Y-1.556
G1 X8.777 Y-1.559
G1 X8.755 Y-1.565
G1 X8.739 Y-1.571
G1 X8.720 Y-1.579
G1 X8.703 Y-1.588
G1 X8.685 Y-1.601
G1 X8.671 Y-1.613
G1 X8.656 Y-1.628
G1 X8.644 Y-1.642
G1 X8.632 Y-1.660
G1 X8.624 Y-1.675
G1 X8.617 Y-1.691
G1 X8.609 Y-1.644
G1 X8.588 Y-1.546
G1 X8.564 Y-1.452
G1 X8.536 Y-1.363
G1 X8.505 Y-1.278
G1 X8.468 Y-1.198
G1 X8.432 Y-1.133
G1 X8.422 Y-1.118
G1 X8.351 Y-1.021
G1 X8.336 Y-1.005
G1 X8.252 Y-0.922
G1 X8.236 Y-0.908
G1 X8.142 Y-0.838
G1 X8.125 Y-0.827
G1 X8.022 Y-0.770
G1 X8.005 Y-0.762
G1 X7.895 Y-0.718
G1 X7.879 Y-0.713
G1 X7.765 Y-0.682
G1 X7.763 Y-0.681
G1 X8.014 Y-0.695
G1 X8.038 Y-0.689
G1 X8.139 Y-0.657
G1 X8.240 Y-0.620
G1 X8.338 Y-0.578
G1 X8.435 Y-0.530
G1 X8.509 Y-0.490
G1 X8.496 Y-0.523
G1 X8.490 Y-0.539
G1 X8.476 Y-0.589
G1 X8.472 Y-0.605
G1 X8.463 Y-0.654
G1 X8.461 Y-0.672
G1 X8.457 Y-0.724
G1 X8.457 Y-0.741
G1 X8.459 Y-0.791
G1 X8.460 Y-0.808
G1 X8.467 Y-0.859
G1 X8.470 Y-0.877
G1 X8.486 Y-0.942
G1 X8.507 Y-1.004
G1 X8.532 Y-1.067
G1 X8.562 Y-1.128
G1 X8.596 Y-1.190
G1 X8.634 Y-1.253
G1 X8.675 Y-1.316
G1 X8.721 Y-1.383
G1 X8.771 Y-1.451
G1 X8.801 Y-1.490
G1 X8.785 Y-1.492
G1 X8.765 Y-1.495
G1 X8.758 Y-1.496
G1 X8.731 Y-1.504
G1 X8.710 Y-1.512
G1 X8.686 Y-1.523
G1 X8.664 Y-1.536
G1 X8.656 Y-1.541
G1 X8.654 Y-1.530
G1 X8.629 Y-1.434
G1 X8.600 Y-1.341
G1 X8.567 Y-1.252
G1 X8.528 Y-1.167
G1 X8.490 Y-1.099
G1 X8.478 Y-1.081
G1 X8.402 Y-0.979
G1 X8.385 Y-0.960
G1 X8.297 Y-0.873
G1 X8.278 Y-0.856
G1 X8.180 Y-0.784
G1 X8.159 Y-0.771
G1 X8.051 Y-0.711
G1 X8.031 Y-0.702
G1 X8.014 Y-0.695
G1 X8.185 Y-0.710
G1 X8.267 Y-0.679
G1 X8.369 Y-0.636
G1 X8.400 Y-0.620
G1 X8.396 Y-0.647
G1 X8.393 Y-0.668
G1 X8.389 Y-0.724
G1 X8.389 Y-0.743
G1 X8.391 Y-0.797
G1 X8.393 Y-0.816
G1 X8.400 Y-0.871
G1 X8.402 Y-0.883
G1 X8.342 Y-0.824
G1 X8.319 Y-0.805
G1 X8.217 Y-0.729
G1 X8.193 Y-0.714
G1 X8.185 Y-0.710
; Retract
G1 Z1.5000 F2540

; Path 44
; Rapid to initial position
G1 X11.862 Y2.630 F2540
G1 Z0.5000
; plunge
G1 Z-2.6750 F127
; cut
G1 X11.863 Y2.630 F1016
G1 X11.862 Y2.630
G1 X11.862 Y2.630
; Retract
G1 Z1.5000 F2540

; Path 45
; Rapid to initial position
G1 X12.254 Y5.871 F2540
G1 Z0.5000
; plunge
G1 Z-2.6750 F127
; cut
G1 X12.249 Y5.904 F1016
G1 X12.247 Y5.918
G1 X12.229 Y5.989
G1 X12.223 Y6.008
G1 X12.201 Y6.062
G1 X12.197 Y6.072
G1 X12.182 Y6.097
G1 X12.153 Y6.141
G1 X12.146 Y6.150
G1 X12.129 Y6.169
G1 X12.119 Y6.179
G1 X12.081 Y6.212
G1 X12.071 Y6.220
G1 X12.049 Y6.234
G1 X12.037 Y6.241
G1 X11.990 Y6.265
G1 X11.980 Y6.269
G1 X11.959 Y6.277
G1 X11.947 Y6.280
G1 X11.921 Y6.286
G1 X11.940 Y6.296
G1 X11.951 Y6.301
G1 X11.975 Y6.317
G1 X12.025 Y6.355
G1 X12.041 Y6.369
G1 X12.053 Y6.381
G1 X12.064 Y6.397
G1 X12.087 Y6.430
G1 X12.094 Y6.441
G1 X12.106 Y6.465
G1 X12.111 Y6.477
G1 X12.126 Y6.521
G1 X12.128 Y6.527
G1 X12.134 Y6.554
G1 X12.141 Y6.608
G1 X12.142 Y6.629
G1 X12.142 Y6.689
G1 X12.141 Y6.704
G1 X12.132 Y6.779
G1 X12.120 Y6.837
G1 X12.163 Y6.755
G1 X12.219 Y6.660
G1 X12.279 Y6.570
G1 X12.344 Y6.485
G1 X12.412 Y6.406
G1 X12.485 Y6.332
G1 X12.495 Y6.323
G1 X12.483 Y6.320
G1 X12.463 Y6.313
G1 X12.446 Y6.306
G1 X12.427 Y6.295
G1 X12.411 Y6.284
G1 X12.394 Y6.270
G1 X12.382 Y6.258
G1 X12.368 Y6.242
G1 X12.358 Y6.227
G1 X12.348 Y6.209
G1 X12.343 Y6.198
G1 X12.340 Y6.192
G1 X12.333 Y6.169
G1 X12.254 Y5.871
G1 X12.249 Y6.116
G1 X12.240 Y6.132
G1 X12.207 Y6.180
G1 X12.198 Y6.192
G1 X12.178 Y6.214
G1 X12.165 Y6.227
G1 X12.123 Y6.264
G1 X12.110 Y6.273
G1 X12.085 Y6.290
G1 X12.068 Y6.299
G1 X12.064 Y6.301
G1 X12.072 Y6.308
G1 X12.092 Y6.326
G1 X12.107 Y6.342
G1 X12.121 Y6.360
G1 X12.146 Y6.397
G1 X12.155 Y6.413
G1 X12.170 Y6.441
G1 X12.175 Y6.456
G1 X12.192 Y6.503
G1 X12.195 Y6.514
G1 X12.201 Y6.546
G1 X12.204 Y6.563
G1 X12.224 Y6.532
G1 X12.291 Y6.444
G1 X12.363 Y6.361
G1 X12.380 Y6.343
G1 X12.366 Y6.333
G1 X12.345 Y6.316
G1 X12.329 Y6.299
G1 X12.311 Y6.278
G1 X12.298 Y6.258
G1 X12.286 Y6.235
G1 X12.279 Y6.222
G1 X12.275 Y6.212
G1 X12.267 Y6.185
G1 X12.249 Y6.116
G1 X12.224 Y6.263
G1 X12.211 Y6.275
G1 X12.168 Y6.312
G1 X12.178 Y6.325
G1 X12.206 Y6.366
G1 X12.217 Y6.385
G1 X12.231 Y6.413
G1 X12.239 Y6.402
G1 X12.285 Y6.349
G1 X12.275 Y6.339
G1 X12.254 Y6.313
G1 X12.238 Y6.288
G1 X12.224 Y6.263
G1 X12.462 Y6.450
G1 X12.531 Y6.379
G1 X12.604 Y6.314
G1 X12.679 Y6.254
G1 X12.758 Y6.200
G1 X12.839 Y6.152
G1 X12.922 Y6.110
G1 X13.008 Y6.074
G1 X13.095 Y6.045
G1 X13.184 Y6.022
G1 X13.274 Y6.006
G1 X13.364 Y5.997
G1 X13.456 Y5.995
G1 X13.548 Y6.001
G1 X13.639 Y6.014
G1 X13.729 Y6.034
G1 X13.819 Y6.061
G1 X13.907 Y6.096
G1 X13.994 Y6.138
G1 X14.078 Y6.188
G1 X14.160 Y6.245
G1 X14.240 Y6.309
G1 X14.316 Y6.380
G1 X14.393 Y6.461
G1 X14.430 Y6.509
G1 X14.468 Y6.565
G1 X14.505 Y6.629
G1 X14.543 Y6.699
G1 X14.581 Y6.776
G1 X14.620 Y6.860
G1 X14.659 Y6.950
G1 X14.699 Y7.045
G1 X14.738 Y7.144
G1 X14.778 Y7.248
G1 X14.817 Y7.355
G1 X14.856 Y7.464
G1 X14.894 Y7.576
G1 X14.932 Y7.689
G1 X14.968 Y7.803
G1 X15.003 Y7.918
G1 X15.037 Y8.031
G1 X15.069 Y8.144
G1 X15.099 Y8.254
G1 X15.128 Y8.362
G1 X15.154 Y8.467
G1 X15.177 Y8.568
G1 X15.198 Y8.665
G1 X15.216 Y8.757
G1 X15.232 Y8.844
G1 X15.244 Y8.925
G1 X15.252 Y9.000
G1 X15.256 Y9.069
G1 X15.256 Y9.124
G1 X15.256 Y9.135
G1 X15.251 Y9.182
G1 X15.248 Y9.199
G1 X15.238 Y9.237
G1 X15.232 Y9.251
G1 X15.229 Y9.259
G1 X15.223 Y9.269
G1 X15.208 Y9.295
G1 X15.199 Y9.307
G1 X15.190 Y9.316
G1 X15.179 Y9.327
G1 X15.169 Y9.334
G1 X15.156 Y9.343
G1 X15.147 Y9.348
G1 X15.134 Y9.353
G1 X15.118 Y9.359
G1 X15.103 Y9.363
G1 X15.093 Y9.365
G1 X15.079 Y9.367
G1 X15.054 Y9.369
G1 X15.041 Y9.369
G1 X15.001 Y9.368
G1 X14.956 Y9.364
G1 X14.902 Y9.358
G1 X14.842 Y9.350
G1 X14.774 Y9.339
G1 X14.700 Y9.327
G1 X14.620 Y9.313
G1 X14.533 Y9.297
G1 X14.442 Y9.279
G1 X14.345 Y9.260
G1 X14.245 Y9.239
G1 X14.141 Y9.217
G1 X14.033 Y9.193
G1 X13.923 Y9.168
G1 X13.791 Y9.136
G1 X13.664 Y9.103
G1 X13.541 Y9.069
G1 X13.423 Y9.033
G1 X13.310 Y8.996
G1 X13.201 Y8.957
G1 X13.096 Y8.916
G1 X12.996 Y8.874
G1 X12.901 Y8.831
G1 X12.810 Y8.785
G1 X12.723 Y8.738
G1 X12.641 Y8.689
G1 X12.564 Y8.638
G1 X12.490 Y8.585
G1 X12.422 Y8.530
G1 X12.358 Y8.473
G1 X12.299 Y8.414
G1 X12.244 Y8.353
G1 X12.194 Y8.290
G1 X12.150 Y8.225
G1 X12.110 Y8.157
G1 X12.076 Y8.088
G1 X12.047 Y8.017
G1 X12.023 Y7.944
G1 X12.005 Y7.870
G1 X11.992 Y7.794
G1 X11.984 Y7.717
G1 X11.981 Y7.639
G1 X11.984 Y7.559
G1 X11.991 Y7.479
G1 X12.004 Y7.398
G1 X12.021 Y7.316
G1 X12.051 Y7.201
G1 X12.087 Y7.090
G1 X12.127 Y6.985
G1 X12.172 Y6.883
G1 X12.222 Y6.787
G1 X12.276 Y6.695
G1 X12.334 Y6.608
G1 X12.396 Y6.527
G1 X12.462 Y6.450
G1 X12.512 Y6.495
G1 X12.578 Y6.427
G1 X12.647 Y6.364
G1 X12.719 Y6.307
G1 X12.794 Y6.255
G1 X12.871 Y6.209
G1 X12.950 Y6.169
G1 X13.030 Y6.135
G1 X13.112 Y6.108
G1 X13.196 Y6.086
G1 X13.281 Y6.071
G1 X13.366 Y6.062
G1 X13.452 Y6.060
G1 X13.538 Y6.065
G1 X13.624 Y6.077
G1 X13.709 Y6.096
G1 X13.793 Y6.121
G1 X13.877 Y6.154
G1 X13.958 Y6.194
G1 X14.038 Y6.241
G1 X14.117 Y6.294
G1 X14.193 Y6.355
G1 X14.266 Y6.423
G1 X14.338 Y6.500
G1 X14.373 Y6.545
G1 X14.408 Y6.597
G1 X14.444 Y6.658
G1 X14.481 Y6.727
G1 X14.519 Y6.803
G1 X14.557 Y6.885
G1 X14.596 Y6.974
G1 X14.635 Y7.068
G1 X14.674 Y7.166
G1 X14.714 Y7.269
G1 X14.753 Y7.375
G1 X14.791 Y7.485
G1 X14.829 Y7.596
G1 X14.867 Y7.708
G1 X14.903 Y7.822
G1 X14.938 Y7.935
G1 X14.971 Y8.048
G1 X15.003 Y8.160
G1 X15.034 Y8.270
G1 X15.061 Y8.377
G1 X15.087 Y8.481
G1 X15.111 Y8.582
G1 X15.132 Y8.677
G1 X15.149 Y8.768
G1 X15.164 Y8.853
G1 X15.176 Y8.931
G1 X15.184 Y9.004
G1 X15.188 Y9.069
G1 X15.188 Y9.121
G1 X15.188 Y9.129
G1 X15.184 Y9.171
G1 X15.182 Y9.183
G1 X15.173 Y9.215
G1 X15.168 Y9.229
G1 X15.165 Y9.236
G1 X15.152 Y9.257
G1 X15.143 Y9.270
G1 X15.132 Y9.280
G1 X15.118 Y9.288
G1 X15.109 Y9.292
G1 X15.098 Y9.297
G1 X15.083 Y9.301
G1 X15.074 Y9.302
G1 X15.052 Y9.304
G1 X15.043 Y9.304
G1 X15.007 Y9.303
G1 X14.964 Y9.299
G1 X14.912 Y9.293
G1 X14.853 Y9.285
G1 X14.786 Y9.275
G1 X14.712 Y9.263
G1 X14.633 Y9.249
G1 X14.547 Y9.233
G1 X14.456 Y9.215
G1 X14.360 Y9.196
G1 X14.259 Y9.175
G1 X14.156 Y9.153
G1 X14.049 Y9.130
G1 X13.939 Y9.105
G1 X13.809 Y9.073
G1 X13.683 Y9.041
G1 X13.562 Y9.007
G1 X13.445 Y8.971
G1 X13.333 Y8.935
G1 X13.226 Y8.896
G1 X13.124 Y8.857
G1 X13.026 Y8.816
G1 X12.932 Y8.773
G1 X12.843 Y8.729
G1 X12.759 Y8.683
G1 X12.680 Y8.635
G1 X12.605 Y8.586
G1 X12.534 Y8.535
G1 X12.468 Y8.483
G1 X12.407 Y8.428
G1 X12.350 Y8.372
G1 X12.298 Y8.314
G1 X12.251 Y8.254
G1 X12.209 Y8.193
G1 X12.172 Y8.129
G1 X12.139 Y8.064
G1 X12.112 Y7.997
G1 X12.089 Y7.929
G1 X12.072 Y7.859
G1 X12.060 Y7.787
G1 X12.052 Y7.715
G1 X12.049 Y7.641
G1 X12.052 Y7.565
G1 X12.059 Y7.489
G1 X12.071 Y7.411
G1 X12.087 Y7.332
G1 X12.116 Y7.220
G1 X12.151 Y7.113
G1 X12.190 Y7.010
G1 X12.234 Y6.912
G1 X12.281 Y6.819
G1 X12.333 Y6.730
G1 X12.389 Y6.647
G1 X12.449 Y6.568
G1 X12.512 Y6.495
; Retract
G1 Z1.5000 F2540

; Path 46
; Rapid to initial position
G1 X11.952 Y7.313 F2540
G1 Z0.5000
; plunge
G1 Z-2.6750 F127
; cut
G1 X11.918 Y7.387 F1016
G1 X11.871 Y7.484
G1 X11.820 Y7.581
G1 X11.766 Y7.680
G1 X11.710 Y7.778
G1 X11.651 Y7.877
G1 X11.603 Y7.953
G1 X11.606 Y7.951
G1 X11.625 Y7.942
G1 X11.642 Y7.936
G1 X11.657 Y7.932
G1 X11.663 Y7.930
G1 X11.683 Y7.927
G1 X11.704 Y7.925
G1 X11.722 Y7.925
G1 X11.744 Y7.927
G1 X11.763 Y7.930
G1 X11.783 Y7.936
G1 X11.801 Y7.942
G1 X11.815 Y7.948
G1 X11.821 Y7.952
G1 X11.838 Y7.962
G1 X11.855 Y7.974
G1 X11.863 Y7.980
G1 X12.013 Y8.112
G1 X12.013 Y8.111
G1 X11.982 Y8.036
G1 X11.957 Y7.959
G1 X11.938 Y7.880
G1 X11.924 Y7.800
G1 X11.916 Y7.719
G1 X11.913 Y7.637
G1 X11.916 Y7.554
G1 X11.924 Y7.470
G1 X11.937 Y7.386
G1 X11.952 Y7.313
G1 X11.847 Y7.673
G1 X11.826 Y7.711
G1 X11.769 Y7.811
G1 X11.739 Y7.861
G1 X11.750 Y7.862
G1 X11.757 Y7.863
G1 X11.781 Y7.868
G1 X11.807 Y7.875
G1 X11.830 Y7.883
G1 X11.847 Y7.891
G1 X11.857 Y7.896
G1 X11.875 Y7.907
G1 X11.871 Y7.891
G1 X11.857 Y7.806
G1 X11.848 Y7.721
G1 X11.847 Y7.673
G1 X10.963 Y8.763
G1 X10.922 Y8.800
G1 X10.851 Y8.857
G1 X10.779 Y8.907
G1 X10.717 Y8.944
G1 X10.703 Y8.951
G1 X10.643 Y8.978
G1 X10.626 Y8.985
G1 X10.562 Y9.004
G1 X10.495 Y9.020
G1 X10.423 Y9.031
G1 X10.347 Y9.040
G1 X10.267 Y9.046
G1 X10.183 Y9.050
G1 X10.094 Y9.052
G1 X10.002 Y9.051
G1 X9.907 Y9.049
G1 X9.809 Y9.045
G1 X9.709 Y9.039
G1 X9.606 Y9.031
G1 X9.503 Y9.022
G1 X9.398 Y9.012
G1 X9.293 Y8.999
G1 X9.187 Y8.986
G1 X9.083 Y8.971
G1 X8.980 Y8.955
G1 X8.877 Y8.938
G1 X8.777 Y8.919
G1 X8.679 Y8.900
G1 X8.585 Y8.879
G1 X8.536 Y8.867
G1 X8.599 Y8.923
G1 X8.662 Y8.988
G1 X8.710 Y9.049
G1 X8.718 Y9.059
G1 X8.766 Y9.133
G1 X8.808 Y9.212
G1 X8.842 Y9.294
G1 X8.869 Y9.379
G1 X8.891 Y9.468
G1 X8.907 Y9.560
G1 X8.917 Y9.657
G1 X8.923 Y9.757
G1 X8.925 Y9.866
G1 X8.922 Y9.949
G1 X8.914 Y10.035
G1 X8.901 Y10.124
G1 X8.888 Y10.195
G1 X8.912 Y10.117
G1 X8.935 Y10.029
G1 X8.949 Y9.966
G1 X8.958 Y9.905
G1 X8.961 Y9.850
G1 X8.963 Y9.766
G1 X8.970 Y9.678
G1 X8.982 Y9.593
G1 X8.997 Y9.526
G1 X9.002 Y9.512
G1 X9.023 Y9.450
G1 X9.032 Y9.433
G1 X9.061 Y9.377
G1 X9.073 Y9.358
G1 X9.110 Y9.309
G1 X9.127 Y9.291
G1 X9.172 Y9.249
G1 X9.192 Y9.233
G1 X9.243 Y9.200
G1 X9.264 Y9.188
G1 X9.322 Y9.161
G1 X9.340 Y9.155
G1 X9.405 Y9.133
G1 X9.420 Y9.130
G1 X9.502 Y9.112
G1 X9.590 Y9.100
G1 X9.683 Y9.092
G1 X9.784 Y9.088
G1 X9.893 Y9.087
G1 X10.012 Y9.088
G1 X10.124 Y9.095
G1 X10.231 Y9.108
G1 X10.319 Y9.125
G1 X10.334 Y9.128
G1 X10.415 Y9.153
G1 X10.433 Y9.159
G1 X10.508 Y9.192
G1 X10.526 Y9.203
G1 X10.595 Y9.245
G1 X10.612 Y9.258
G1 X10.673 Y9.309
G1 X10.688 Y9.323
G1 X10.740 Y9.380
G1 X10.739 Y9.366
G1 X10.740 Y9.292
G1 X10.741 Y9.274
G1 X10.752 Y9.200
G1 X10.755 Y9.184
G1 X10.774 Y9.113
G1 X10.780 Y9.096
G1 X10.813 Y9.014
G1 X10.855 Y8.932
G1 X10.904 Y8.851
G1 X10.960 Y8.766
G1 X10.963 Y8.763
G1 X10.744 Y9.004
G1 X10.732 Y9.010
G1 X10.668 Y9.039
G1 X10.646 Y9.047
G1 X10.578 Y9.067
G1 X10.506 Y9.084
G1 X10.444 Y9.094
G1 X10.461 Y9.100
G1 X10.542 Y9.136
G1 X10.563 Y9.148
G1 X10.636 Y9.193
G1 X10.657 Y9.209
G1 X10.679 Y9.227
G1 X10.685 Y9.187
G1 X10.689 Y9.168
G1 X10.709 Y9.093
G1 X10.716 Y9.073
G1 X10.744 Y9.004
G1 X10.554 Y9.297
G1 X10.567 Y9.307
G1 X10.625 Y9.355
G1 X10.637 Y9.366
G1 X10.690 Y9.424
G1 X10.698 Y9.435
G1 X10.747 Y9.503
G1 X10.753 Y9.513
G1 X10.802 Y9.599
G1 X10.847 Y9.695
G1 X10.891 Y9.802
G1 X10.933 Y9.921
G1 X10.976 Y10.054
G1 X11.020 Y10.201
G1 X11.037 Y10.258
G1 X11.052 Y10.314
G1 X11.067 Y10.369
G1 X11.081 Y10.424
G1 X11.093 Y10.478
G1 X11.105 Y10.532
G1 X11.116 Y10.584
G1 X11.126 Y10.637
G1 X11.135 Y10.689
G1 X11.142 Y10.740
G1 X11.148 Y10.792
G1 X11.153 Y10.843
G1 X11.157 Y10.894
G1 X11.160 Y10.944
G1 X11.161 Y10.995
G1 X11.161 Y11.044
G1 X11.160 Y11.095
G1 X11.157 Y11.145
G1 X11.152 Y11.195
G1 X11.146 Y11.244
G1 X11.139 Y11.295
G1 X11.130 Y11.344
G1 X11.120 Y11.395
G1 X11.108 Y11.445
G1 X11.094 Y11.496
G1 X11.079 Y11.546
G1 X11.062 Y11.597
G1 X11.043 Y11.648
G1 X11.023 Y11.699
G1 X11.001 Y11.751
G1 X10.978 Y11.803
G1 X10.952 Y11.855
G1 X10.925 Y11.908
G1 X10.897 Y11.962
G1 X10.866 Y12.016
G1 X10.834 Y12.071
G1 X10.800 Y12.126
G1 X10.765 Y12.183
G1 X10.727 Y12.240
G1 X10.688 Y12.298
G1 X10.646 Y12.358
G1 X10.603 Y12.418
G1 X10.558 Y12.479
G1 X10.511 Y12.541
G1 X10.462 Y12.605
G1 X10.411 Y12.670
G1 X10.358 Y12.736
G1 X10.303 Y12.804
G1 X10.245 Y12.873
G1 X10.186 Y12.944
G1 X10.125 Y13.016
G1 X10.061 Y13.090
G1 X9.995 Y13.166
G1 X9.927 Y13.243
G1 X9.857 Y13.322
G1 X9.784 Y13.404
G1 X9.709 Y13.486
G1 X9.632 Y13.571
G1 X9.552 Y13.659
G1 X9.385 Y13.839
G1 X9.208 Y14.028
G1 X7.618 Y15.720
G1 X7.607 Y15.730
G1 X7.597 Y15.737
G1 X7.584 Y15.745
G1 X7.572 Y15.751
G1 X7.558 Y15.756
G1 X7.546 Y15.760
G1 X7.531 Y15.762
G1 X7.518 Y15.764
G1 X7.502 Y15.764
G1 X7.490 Y15.763
G1 X7.475 Y15.760
G1 X7.463 Y15.757
G1 X7.448 Y15.752
G1 X7.437 Y15.747
G1 X7.423 Y15.739
G1 X7.413 Y15.731
G1 X7.395 Y15.716
G1 X5.809 Y14.028
G1 X5.632 Y13.839
G1 X5.548 Y13.747
G1 X5.466 Y13.658
G1 X5.386 Y13.571
G1 X5.309 Y13.486
G1 X5.233 Y13.403
G1 X5.161 Y13.322
G1 X5.090 Y13.243
G1 X5.022 Y13.165
G1 X4.956 Y13.089
G1 X4.892 Y13.016
G1 X4.831 Y12.943
G1 X4.771 Y12.872
G1 X4.714 Y12.803
G1 X4.659 Y12.735
G1 X4.606 Y12.669
G1 X4.555 Y12.604
G1 X4.506 Y12.540
G1 X4.459 Y12.478
G1 X4.413 Y12.416
G1 X4.370 Y12.356
G1 X4.329 Y12.296
G1 X4.290 Y12.238
G1 X4.252 Y12.181
G1 X4.216 Y12.124
G1 X4.182 Y12.069
G1 X4.150 Y12.014
G1 X4.119 Y11.959
G1 X4.091 Y11.906
G1 X4.064 Y11.852
G1 X4.039 Y11.800
G1 X4.015 Y11.748
G1 X3.993 Y11.696
G1 X3.973 Y11.644
G1 X3.955 Y11.593
G1 X3.938 Y11.542
G1 X3.923 Y11.492
G1 X3.909 Y11.441
G1 X3.897 Y11.391
G1 X3.887 Y11.341
G1 X3.878 Y11.290
G1 X3.871 Y11.240
G1 X3.865 Y11.191
G1 X3.861 Y11.140
G1 X3.858 Y11.091
G1 X3.857 Y11.041
G1 X3.857 Y10.991
G1 X3.858 Y10.941
G1 X3.861 Y10.890
G1 X3.865 Y10.840
G1 X3.870 Y10.789
G1 X3.876 Y10.737
G1 X3.884 Y10.686
G1 X3.893 Y10.635
G1 X3.902 Y10.582
G1 X3.913 Y10.529
G1 X3.925 Y10.476
G1 X3.938 Y10.422
G1 X3.951 Y10.368
G1 X3.966 Y10.312
G1 X3.982 Y10.256
G1 X3.998 Y10.199
G1 X4.043 Y10.051
G1 X4.086 Y9.917
G1 X4.130 Y9.796
G1 X4.174 Y9.687
G1 X4.221 Y9.589
G1 X4.267 Y9.510
G1 X4.273 Y9.500
G1 X4.322 Y9.432
G1 X4.331 Y9.421
G1 X4.384 Y9.363
G1 X4.396 Y9.352
G1 X4.454 Y9.304
G1 X4.468 Y9.294
G1 X4.532 Y9.255
G1 X4.547 Y9.247
G1 X4.617 Y9.217
G1 X4.631 Y9.212
G1 X4.708 Y9.190
G1 X4.720 Y9.187
G1 X4.812 Y9.170
G1 X4.911 Y9.159
G1 X5.016 Y9.153
G1 X5.130 Y9.152
G1 X5.239 Y9.153
G1 X5.339 Y9.158
G1 X5.431 Y9.166
G1 X5.518 Y9.179
G1 X5.586 Y9.194
G1 X5.598 Y9.197
G1 X5.660 Y9.218
G1 X5.674 Y9.223
G1 X5.729 Y9.249
G1 X5.744 Y9.258
G1 X5.791 Y9.290
G1 X5.807 Y9.303
G1 X5.847 Y9.341
G1 X5.859 Y9.356
G1 X5.892 Y9.400
G1 X5.902 Y9.416
G1 X5.928 Y9.466
G1 X5.933 Y9.480
G1 X5.953 Y9.536
G1 X5.956 Y9.548
G1 X5.972 Y9.620
G1 X5.982 Y9.696
G1 X5.987 Y9.777
G1 X5.989 Y9.854
G1 X5.992 Y9.911
G1 X6.002 Y9.976
G1 X6.016 Y10.045
G1 X6.040 Y10.133
G1 X6.068 Y10.225
G1 X6.103 Y10.325
G1 X6.143 Y10.432
G1 X6.188 Y10.544
G1 X6.238 Y10.662
G1 X6.292 Y10.780
G1 X6.292 Y10.780
G1 X6.351 Y10.903
G1 X6.351 Y10.905
G1 X6.411 Y11.023
G1 X6.411 Y11.024
G1 X6.476 Y11.146
G1 X6.543 Y11.268
G1 X6.612 Y11.389
G1 X6.685 Y11.509
G1 X6.759 Y11.630
G1 X6.830 Y11.749
G1 X6.899 Y11.866
G1 X6.966 Y11.982
G1 X7.029 Y12.094
G1 X7.089 Y12.203
G1 X7.145 Y12.307
G1 X7.197 Y12.406
G1 X7.244 Y12.500
G1 X7.287 Y12.587
G1 X7.324 Y12.668
G1 X7.356 Y12.741
G1 X7.383 Y12.809
G1 X7.404 Y12.870
G1 X7.415 Y12.915
G1 X7.418 Y12.930
G1 X7.419 Y12.940
G1 X7.458 Y13.033
G1 X7.509 Y13.054
G1 X7.559 Y13.033
G1 X7.599 Y12.940
G1 X7.600 Y12.926
G1 X7.603 Y12.910
G1 X7.617 Y12.860
G1 X7.637 Y12.802
G1 X7.663 Y12.738
G1 X7.695 Y12.665
G1 X7.732 Y12.585
G1 X7.774 Y12.498
G1 X7.822 Y12.404
G1 X7.873 Y12.306
G1 X7.929 Y12.201
G1 X7.989 Y12.093
G1 X8.052 Y11.981
G1 X8.119 Y11.865
G1 X8.188 Y11.748
G1 X8.260 Y11.628
G1 X8.333 Y11.510
G1 X8.406 Y11.389
G1 X8.474 Y11.271
G1 X8.541 Y11.148
G1 X8.607 Y11.024
G1 X8.607 Y11.023
G1 X8.666 Y10.905
G1 X8.667 Y10.903
G1 X8.725 Y10.781
G1 X8.725 Y10.781
G1 X8.780 Y10.662
G1 X8.829 Y10.547
G1 X8.874 Y10.436
G1 X8.914 Y10.329
G1 X8.950 Y10.225
G1 X8.978 Y10.133
G1 X9.001 Y10.045
G1 X9.016 Y9.976
G1 X9.026 Y9.911
G1 X9.029 Y9.854
G1 X9.031 Y9.770
G1 X9.037 Y9.686
G1 X9.048 Y9.607
G1 X9.063 Y9.544
G1 X9.066 Y9.533
G1 X9.086 Y9.476
G1 X9.092 Y9.462
G1 X9.119 Y9.411
G1 X9.129 Y9.396
G1 X9.162 Y9.352
G1 X9.175 Y9.337
G1 X9.215 Y9.299
G1 X9.231 Y9.287
G1 X9.278 Y9.256
G1 X9.294 Y9.247
G1 X9.348 Y9.222
G1 X9.362 Y9.216
G1 X9.423 Y9.196
G1 X9.435 Y9.193
G1 X9.512 Y9.176
G1 X9.596 Y9.165
G1 X9.686 Y9.157
G1 X9.784 Y9.153
G1 X9.892 Y9.152
G1 X10.008 Y9.153
G1 X10.116 Y9.160
G1 X10.218 Y9.172
G1 X10.302 Y9.188
G1 X10.314 Y9.191
G1 X10.391 Y9.213
G1 X10.405 Y9.219
G1 X10.475 Y9.249
G1 X10.490 Y9.257
G1 X10.554 Y9.297
G1 X10.513 Y9.349
G1 X10.523 Y9.356
G1 X10.577 Y9.401
G1 X10.586 Y9.409
G1 X10.636 Y9.464
G1 X10.642 Y9.472
G1 X10.689 Y9.537
G1 X10.693 Y9.544
G1 X10.740 Y9.626
G1 X10.784 Y9.718
G1 X10.826 Y9.823
G1 X10.868 Y9.941
G1 X10.911 Y10.072
G1 X10.955 Y10.218
G1 X10.971 Y10.274
G1 X10.986 Y10.330
G1 X11.001 Y10.385
G1 X11.014 Y10.439
G1 X11.027 Y10.492
G1 X11.038 Y10.544
G1 X11.049 Y10.596
G1 X11.059 Y10.647
G1 X11.067 Y10.698
G1 X11.074 Y10.748
G1 X11.081 Y10.798
G1 X11.086 Y10.848
G1 X11.089 Y10.897
G1 X11.092 Y10.946
G1 X11.093 Y10.995
G1 X11.093 Y11.043
G1 X11.092 Y11.091
G1 X11.089 Y11.140
G1 X11.085 Y11.187
G1 X11.079 Y11.235
G1 X11.072 Y11.284
G1 X11.063 Y11.332
G1 X11.053 Y11.380
G1 X11.042 Y11.429
G1 X11.029 Y11.477
G1 X11.014 Y11.526
G1 X10.997 Y11.575
G1 X10.980 Y11.625
G1 X10.960 Y11.675
G1 X10.939 Y11.725
G1 X10.916 Y11.776
G1 X10.891 Y11.827
G1 X10.865 Y11.879
G1 X10.837 Y11.931
G1 X10.807 Y11.984
G1 X10.776 Y12.038
G1 X10.742 Y12.093
G1 X10.707 Y12.148
G1 X10.670 Y12.205
G1 X10.631 Y12.262
G1 X10.590 Y12.321
G1 X10.548 Y12.380
G1 X10.503 Y12.441
G1 X10.456 Y12.503
G1 X10.408 Y12.566
G1 X10.357 Y12.630
G1 X10.304 Y12.696
G1 X10.249 Y12.764
G1 X10.192 Y12.832
G1 X10.133 Y12.903
G1 X10.072 Y12.975
G1 X10.009 Y13.048
G1 X9.943 Y13.124
G1 X9.875 Y13.201
G1 X9.805 Y13.280
G1 X9.732 Y13.361
G1 X9.658 Y13.444
G1 X9.580 Y13.528
G1 X9.501 Y13.615
G1 X9.334 Y13.796
G1 X9.158 Y13.985
G1 X7.572 Y15.672
G1 X7.561 Y15.682
G1 X7.547 Y15.690
G1 X7.533 Y15.696
G1 X7.518 Y15.699
G1 X7.502 Y15.699
G1 X7.486 Y15.696
G1 X7.472 Y15.691
G1 X7.459 Y15.683
G1 X7.446 Y15.672
G1 X5.860 Y13.984
G1 X5.683 Y13.796
G1 X5.599 Y13.704
G1 X5.517 Y13.615
G1 X5.437 Y13.528
G1 X5.360 Y13.444
G1 X5.285 Y13.361
G1 X5.212 Y13.280
G1 X5.142 Y13.201
G1 X5.074 Y13.123
G1 X5.009 Y13.048
G1 X4.945 Y12.974
G1 X4.884 Y12.902
G1 X4.825 Y12.832
G1 X4.768 Y12.763
G1 X4.713 Y12.696
G1 X4.660 Y12.630
G1 X4.609 Y12.565
G1 X4.561 Y12.502
G1 X4.514 Y12.440
G1 X4.470 Y12.379
G1 X4.427 Y12.320
G1 X4.386 Y12.261
G1 X4.347 Y12.204
G1 X4.310 Y12.147
G1 X4.275 Y12.092
G1 X4.241 Y12.037
G1 X4.210 Y11.983
G1 X4.180 Y11.930
G1 X4.152 Y11.877
G1 X4.126 Y11.825
G1 X4.101 Y11.774
G1 X4.078 Y11.723
G1 X4.057 Y11.673
G1 X4.037 Y11.623
G1 X4.020 Y11.573
G1 X4.003 Y11.524
G1 X3.989 Y11.475
G1 X3.975 Y11.427
G1 X3.964 Y11.378
G1 X3.954 Y11.330
G1 X3.945 Y11.281
G1 X3.938 Y11.233
G1 X3.933 Y11.185
G1 X3.929 Y11.137
G1 X3.926 Y11.089
G1 X3.925 Y11.041
G1 X3.925 Y10.992
G1 X3.926 Y10.944
G1 X3.928 Y10.895
G1 X3.932 Y10.846
G1 X3.937 Y10.796
G1 X3.944 Y10.747
G1 X3.951 Y10.697
G1 X3.960 Y10.646
G1 X3.969 Y10.595
G1 X3.980 Y10.543
G1 X3.991 Y10.491
G1 X4.004 Y10.438
G1 X4.017 Y10.384
G1 X4.032 Y10.329
G1 X4.047 Y10.274
G1 X4.064 Y10.217
G1 X4.108 Y10.070
G1 X4.150 Y9.938
G1 X4.193 Y9.820
G1 X4.236 Y9.714
G1 X4.281 Y9.620
G1 X4.325 Y9.544
G1 X4.329 Y9.537
G1 X4.376 Y9.472
G1 X4.382 Y9.464
G1 X4.432 Y9.409
G1 X4.440 Y9.401
G1 X4.495 Y9.356
G1 X4.505 Y9.349
G1 X4.565 Y9.312
G1 X4.575 Y9.307
G1 X4.641 Y9.278
G1 X4.651 Y9.274
G1 X4.724 Y9.253
G1 X4.733 Y9.251
G1 X4.820 Y9.234
G1 X4.915 Y9.224
G1 X5.017 Y9.219
G1 X5.129 Y9.217
G1 X5.236 Y9.218
G1 X5.333 Y9.223
G1 X5.421 Y9.230
G1 X5.502 Y9.242
G1 X5.568 Y9.257
G1 X5.576 Y9.259
G1 X5.634 Y9.278
G1 X5.644 Y9.282
G1 X5.694 Y9.305
G1 X5.705 Y9.312
G1 X5.748 Y9.340
G1 X5.759 Y9.349
G1 X5.795 Y9.383
G1 X5.804 Y9.394
G1 X5.834 Y9.433
G1 X5.841 Y9.445
G1 X5.865 Y9.491
G1 X5.869 Y9.501
G1 X5.887 Y9.553
G1 X5.890 Y9.562
G1 X5.904 Y9.628
G1 X5.914 Y9.700
G1 X5.919 Y9.778
G1 X5.921 Y9.857
G1 X5.924 Y9.917
G1 X5.935 Y9.988
G1 X5.950 Y10.061
G1 X5.974 Y10.149
G1 X5.974 Y10.150
G1 X6.003 Y10.245
G1 X6.039 Y10.348
G1 X6.079 Y10.456
G1 X6.125 Y10.569
G1 X6.175 Y10.687
G1 X6.230 Y10.807
G1 X6.289 Y10.930
G1 X6.289 Y10.930
G1 X6.350 Y11.053
G1 X6.350 Y11.053
G1 X6.415 Y11.177
G1 X6.483 Y11.300
G1 X6.553 Y11.422
G1 X6.626 Y11.542
G1 X6.699 Y11.662
G1 X6.771 Y11.781
G1 X6.840 Y11.898
G1 X6.906 Y12.013
G1 X6.969 Y12.124
G1 X7.029 Y12.232
G1 X7.084 Y12.336
G1 X7.136 Y12.435
G1 X7.183 Y12.527
G1 X7.225 Y12.614
G1 X7.261 Y12.693
G1 X7.293 Y12.765
G1 X7.318 Y12.829
G1 X7.338 Y12.886
G1 X7.349 Y12.927
G1 X7.351 Y12.938
G1 X7.353 Y12.957
G1 X7.406 Y13.082
G1 X7.509 Y13.124
G1 X7.612 Y13.082
G1 X7.665 Y12.956
G1 X7.667 Y12.937
G1 X7.669 Y12.927
G1 X7.682 Y12.880
G1 X7.701 Y12.825
G1 X7.726 Y12.763
G1 X7.757 Y12.691
G1 X7.794 Y12.612
G1 X7.836 Y12.526
G1 X7.883 Y12.434
G1 X7.934 Y12.335
G1 X7.990 Y12.232
G1 X8.049 Y12.124
G1 X8.112 Y12.012
G1 X8.178 Y11.897
G1 X8.247 Y11.780
G1 X8.319 Y11.661
G1 X8.391 Y11.543
G1 X8.465 Y11.422
G1 X8.534 Y11.301
G1 X8.602 Y11.178
G1 X8.667 Y11.053
G1 X8.668 Y11.053
G1 X8.729 Y10.930
G1 X8.729 Y10.930
G1 X8.787 Y10.808
G1 X8.843 Y10.686
G1 X8.892 Y10.571
G1 X8.938 Y10.458
G1 X8.978 Y10.350
G1 X9.014 Y10.245
G1 X9.044 Y10.150
G1 X9.044 Y10.149
G1 X9.067 Y10.061
G1 X9.083 Y9.988
G1 X9.094 Y9.917
G1 X9.097 Y9.857
G1 X9.099 Y9.774
G1 X9.104 Y9.695
G1 X9.115 Y9.621
G1 X9.128 Y9.562
G1 X9.131 Y9.553
G1 X9.149 Y9.501
G1 X9.153 Y9.491
G1 X9.177 Y9.445
G1 X9.184 Y9.434
G1 X9.214 Y9.394
G1 X9.223 Y9.383
G1 X9.259 Y9.349
G1 X9.270 Y9.340
G1 X9.313 Y9.312
G1 X9.324 Y9.305
G1 X9.374 Y9.282
G1 X9.384 Y9.278
G1 X9.441 Y9.259
G1 X9.450 Y9.257
G1 X9.522 Y9.241
G1 X9.602 Y9.230
G1 X9.689 Y9.222
G1 X9.785 Y9.218
G1 X9.891 Y9.217
G1 X10.004 Y9.219
G1 X10.108 Y9.224
G1 X10.204 Y9.235
G1 X10.285 Y9.251
G1 X10.294 Y9.253
G1 X10.366 Y9.274
G1 X10.376 Y9.278
G1 X10.442 Y9.307
G1 X10.453 Y9.312
G1 X10.513 Y9.349
; Retract
G1 Z1.5000 F2540

; Path 47
; Rapid to initial position
G1 X9.375 Y9.074 F2540
G1 Z0.5000
; plunge
G1 Z-2.6750 F127
; cut
G1 X9.284 Y9.064 F1016
G1 X9.177 Y9.050
G1 X9.072 Y9.035
G1 X8.968 Y9.019
G1 X8.865 Y9.002
G1 X8.764 Y8.983
G1 X8.739 Y8.978
G1 X8.767 Y9.012
G1 X8.776 Y9.024
G1 X8.827 Y9.104
G1 X8.871 Y9.188
G1 X8.907 Y9.274
G1 X8.936 Y9.364
G1 X8.955 Y9.443
G1 X8.961 Y9.425
G1 X8.971 Y9.403
G1 X9.003 Y9.343
G1 X9.018 Y9.320
G1 X9.059 Y9.266
G1 X9.080 Y9.244
G1 X9.130 Y9.198
G1 X9.153 Y9.180
G1 X9.210 Y9.143
G1 X9.234 Y9.130
G1 X9.297 Y9.101
G1 X9.318 Y9.093
G1 X9.375 Y9.074
G1 X9.139 Y9.111
G1 X9.061 Y9.099
G1 X8.956 Y9.083
G1 X8.886 Y9.071
G1 X8.888 Y9.074
G1 X8.934 Y9.164
G1 X8.972 Y9.255
G1 X8.975 Y9.266
G1 X9.009 Y9.222
G1 X9.033 Y9.197
G1 X9.087 Y9.147
G1 X9.115 Y9.126
G1 X9.139 Y9.111
G1 X8.682 Y9.261
G1 X8.712 Y9.333
G1 X8.737 Y9.409
G1 X8.757 Y9.489
G1 X8.771 Y9.574
G1 X8.781 Y9.664
G1 X8.787 Y9.759
G1 X8.789 Y9.862
G1 X8.786 Y9.938
G1 X8.779 Y10.018
G1 X8.767 Y10.101
G1 X8.751 Y10.189
G1 X8.731 Y10.279
G1 X8.707 Y10.372
G1 X8.680 Y10.468
G1 X8.650 Y10.565
G1 X8.617 Y10.664
G1 X8.581 Y10.764
G1 X8.543 Y10.864
G1 X8.502 Y10.964
G1 X8.459 Y11.064
G1 X8.415 Y11.164
G1 X8.369 Y11.262
G1 X8.321 Y11.358
G1 X8.273 Y11.452
G1 X8.223 Y11.544
G1 X8.173 Y11.633
G1 X8.122 Y11.718
G1 X8.071 Y11.800
G1 X8.020 Y11.877
G1 X7.969 Y11.949
G1 X7.919 Y12.017
G1 X7.868 Y12.078
G1 X7.818 Y12.134
G1 X7.768 Y12.184
G1 X7.718 Y12.227
G1 X7.675 Y12.258
G1 X7.667 Y12.263
G1 X7.626 Y12.286
G1 X7.613 Y12.292
G1 X7.575 Y12.306
G1 X7.556 Y12.310
G1 X7.520 Y12.315
G1 X7.497 Y12.315
G1 X7.461 Y12.310
G1 X7.443 Y12.306
G1 X7.404 Y12.292
G1 X7.392 Y12.286
G1 X7.351 Y12.263
G1 X7.343 Y12.258
G1 X7.300 Y12.228
G1 X7.294 Y12.223
G1 X7.246 Y12.180
G1 X7.196 Y12.131
G1 X7.147 Y12.076
G1 X7.097 Y12.014
G1 X7.047 Y11.947
G1 X6.996 Y11.875
G1 X6.945 Y11.798
G1 X6.894 Y11.717
G1 X6.844 Y11.631
G1 X6.794 Y11.543
G1 X6.744 Y11.451
G1 X6.696 Y11.357
G1 X6.648 Y11.260
G1 X6.602 Y11.162
G1 X6.558 Y11.062
G1 X6.515 Y10.962
G1 X6.474 Y10.862
G1 X6.436 Y10.761
G1 X6.400 Y10.661
G1 X6.367 Y10.562
G1 X6.337 Y10.465
G1 X6.310 Y10.369
G1 X6.286 Y10.276
G1 X6.266 Y10.185
G1 X6.250 Y10.097
G1 X6.238 Y10.012
G1 X6.231 Y9.931
G1 X6.229 Y9.855
G1 X6.233 Y9.733
G1 X6.245 Y9.616
G1 X6.267 Y9.505
G1 X6.294 Y9.406
G1 X6.297 Y9.399
G1 X6.333 Y9.305
G1 X6.336 Y9.298
G1 X6.381 Y9.210
G1 X6.385 Y9.203
G1 X6.439 Y9.119
G1 X6.444 Y9.112
G1 X6.507 Y9.033
G1 X6.512 Y9.027
G1 X6.590 Y8.947
G1 X6.678 Y8.872
G1 X6.775 Y8.802
G1 X6.882 Y8.735
G1 X6.999 Y8.673
G1 X7.126 Y8.613
G1 X7.263 Y8.557
G1 X7.408 Y8.505
G1 X7.423 Y8.501
G1 X7.438 Y8.499
G1 X7.448 Y8.500
G1 X7.470 Y8.502
G1 X7.485 Y8.506
G1 X7.535 Y8.521
G1 X7.602 Y8.545
G1 X7.685 Y8.578
G1 X7.782 Y8.618
G1 X7.891 Y8.665
G1 X8.009 Y8.718
G1 X8.134 Y8.776
G1 X8.219 Y8.818
G1 X8.299 Y8.862
G1 X8.372 Y8.909
G1 X8.439 Y8.959
G1 X8.500 Y9.012
G1 X8.554 Y9.068
G1 X8.598 Y9.122
G1 X8.603 Y9.128
G1 X8.645 Y9.192
G1 X8.682 Y9.261
; Retract
G1 Z1.5000 F2540

; Path 48
; Rapid to initial position
G1 X7.808 Y8.487 F2540
G1 Z0.5000
; plunge
G1 Z-2.6750 F127
; cut
G1 X7.805 Y8.475 F1016
G1 X7.801 Y8.457
G1 X7.798 Y8.434
G1 X7.797 Y8.397
G1 X7.799 Y8.375
G1 X7.805 Y8.322
G1 X7.817 Y8.265
G1 X7.833 Y8.202
G1 X7.854 Y8.131
G1 X7.879 Y8.055
G1 X7.908 Y7.972
G1 X7.941 Y7.883
G1 X7.977 Y7.788
G1 X8.017 Y7.687
G1 X8.025 Y7.670
G1 X7.674 Y8.093
G1 X7.659 Y8.108
G1 X7.645 Y8.119
G1 X7.627 Y8.131
G1 X7.610 Y8.141
G1 X7.590 Y8.149
G1 X7.573 Y8.155
G1 X7.551 Y8.160
G1 X7.532 Y8.163
G1 X7.511 Y8.164
G1 X7.492 Y8.163
G1 X7.470 Y8.161
G1 X7.452 Y8.157
G1 X7.432 Y8.151
G1 X7.415 Y8.144
G1 X7.395 Y8.134
G1 X7.379 Y8.123
G1 X7.363 Y8.111
G1 X7.355 Y8.104
G1 X7.350 Y8.099
G1 X7.336 Y8.084
G1 X6.993 Y7.669
G1 X7.002 Y7.692
G1 X7.042 Y7.792
G1 X7.079 Y7.887
G1 X7.111 Y7.976
G1 X7.141 Y8.060
G1 X7.166 Y8.137
G1 X7.187 Y8.210
G1 X7.203 Y8.276
G1 X7.215 Y8.340
G1 X7.220 Y8.387
G1 X7.221 Y8.409
G1 X7.219 Y8.434
G1 X7.371 Y8.379
G1 X7.392 Y8.374
G1 X7.410 Y8.371
G1 X7.430 Y8.369
G1 X7.441 Y8.369
G1 X7.448 Y8.369
G1 X7.464 Y8.371
G1 X7.500 Y8.375
G1 X7.527 Y8.382
G1 X7.583 Y8.399
G1 X7.654 Y8.424
G1 X7.739 Y8.458
G1 X7.808 Y8.487
G1 X7.730 Y8.384
G1 X7.731 Y8.368
G1 X7.738 Y8.309
G1 X7.751 Y8.249
G1 X7.768 Y8.184
G1 X7.789 Y8.111
G1 X7.814 Y8.035
G1 X7.818 Y8.024
G1 X7.727 Y8.134
G1 X7.722 Y8.139
G1 X7.703 Y8.158
G1 X7.684 Y8.172
G1 X7.661 Y8.188
G1 X7.638 Y8.200
G1 X7.612 Y8.211
G1 X7.590 Y8.218
G1 X7.561 Y8.225
G1 X7.535 Y8.228
G1 X7.509 Y8.229
G1 X7.491 Y8.229
G1 X7.484 Y8.228
G1 X7.455 Y8.224
G1 X7.432 Y8.219
G1 X7.406 Y8.211
G1 X7.383 Y8.201
G1 X7.357 Y8.188
G1 X7.336 Y8.174
G1 X7.317 Y8.159
G1 X7.307 Y8.150
G1 X7.298 Y8.142
G1 X7.282 Y8.124
G1 X7.200 Y8.025
G1 X7.206 Y8.041
G1 X7.231 Y8.120
G1 X7.253 Y8.194
G1 X7.270 Y8.265
G1 X7.283 Y8.333
G1 X7.284 Y8.341
G1 X7.354 Y8.316
G1 X7.382 Y8.310
G1 X7.404 Y8.306
G1 X7.428 Y8.304
G1 X7.442 Y8.304
G1 X7.453 Y8.304
G1 X7.474 Y8.306
G1 X7.516 Y8.312
G1 X7.547 Y8.320
G1 X7.607 Y8.338
G1 X7.680 Y8.364
G1 X7.730 Y8.384
G1 X7.673 Y8.292
G1 X7.681 Y8.251
G1 X7.665 Y8.260
G1 X7.633 Y8.273
G1 X7.626 Y8.275
G1 X7.632 Y8.277
G1 X7.673 Y8.292
G1 X7.339 Y8.253
G1 X7.337 Y8.251
G1 X7.337 Y8.253
G1 X7.339 Y8.253
; Retract
G1 Z1.5000 F2540

; Path 49
; Rapid to initial position
G1 X6.483 Y8.867 F2540
G1 Z0.5000
; plunge
G1 Z-2.6750 F127
; cut
G1 X6.429 Y8.880 F1016
G1 X6.334 Y8.900
G1 X6.237 Y8.920
G1 X6.137 Y8.938
G1 X6.035 Y8.955
G1 X5.932 Y8.971
G1 X5.827 Y8.986
G1 X5.722 Y9.000
G1 X5.617 Y9.012
G1 X5.512 Y9.022
G1 X5.408 Y9.032
G1 X5.306 Y9.039
G1 X5.205 Y9.045
G1 X5.107 Y9.049
G1 X5.011 Y9.051
G1 X4.918 Y9.051
G1 X4.829 Y9.050
G1 X4.743 Y9.046
G1 X4.662 Y9.039
G1 X4.583 Y9.030
G1 X4.508 Y9.016
G1 X4.437 Y8.999
G1 X4.383 Y8.982
G1 X4.366 Y8.975
G1 X4.308 Y8.948
G1 X4.292 Y8.939
G1 X4.222 Y8.897
G1 X4.154 Y8.848
G1 X4.087 Y8.792
G1 X4.054 Y8.762
G1 X4.062 Y8.772
G1 X4.120 Y8.860
G1 X4.170 Y8.946
G1 X4.213 Y9.032
G1 X4.241 Y9.105
G1 X4.246 Y9.120
G1 X4.264 Y9.191
G1 X4.268 Y9.210
G1 X4.277 Y9.283
G1 X4.278 Y9.300
G1 X4.278 Y9.375
G1 X4.278 Y9.380
G1 X4.280 Y9.378
G1 X4.337 Y9.316
G1 X4.351 Y9.303
G1 X4.414 Y9.251
G1 X4.432 Y9.239
G1 X4.501 Y9.197
G1 X4.519 Y9.188
G1 X4.594 Y9.156
G1 X4.611 Y9.150
G1 X4.691 Y9.126
G1 X4.707 Y9.123
G1 X4.805 Y9.105
G1 X4.907 Y9.094
G1 X5.015 Y9.088
G1 X5.131 Y9.087
G1 X5.242 Y9.088
G1 X5.345 Y9.093
G1 X5.442 Y9.101
G1 X5.533 Y9.115
G1 X5.605 Y9.131
G1 X5.621 Y9.136
G1 X5.686 Y9.158
G1 X5.704 Y9.165
G1 X5.764 Y9.194
G1 X5.784 Y9.205
G1 X5.835 Y9.241
G1 X5.855 Y9.257
G1 X5.899 Y9.299
G1 X5.915 Y9.318
G1 X5.951 Y9.367
G1 X5.963 Y9.387
G1 X5.991 Y9.443
G1 X5.998 Y9.460
G1 X6.018 Y9.519
G1 X6.023 Y9.535
G1 X6.039 Y9.612
G1 X6.050 Y9.692
G1 X6.055 Y9.776
G1 X6.056 Y9.850
G1 X6.060 Y9.905
G1 X6.069 Y9.966
G1 X6.082 Y10.029
G1 X6.106 Y10.117
G1 X6.130 Y10.195
G1 X6.116 Y10.114
G1 X6.103 Y10.024
G1 X6.095 Y9.935
G1 X6.093 Y9.851
G1 X6.097 Y9.719
G1 X6.111 Y9.593
G1 X6.135 Y9.471
G1 X6.164 Y9.367
G1 X6.169 Y9.353
G1 X6.209 Y9.253
G1 X6.214 Y9.241
G1 X6.262 Y9.147
G1 X6.269 Y9.134
G1 X6.328 Y9.044
G1 X6.336 Y9.033
G1 X6.402 Y8.950
G1 X6.413 Y8.938
G1 X6.483 Y8.867
G1 X6.298 Y8.974
G1 X6.250 Y8.984
G1 X6.149 Y9.002
G1 X6.046 Y9.020
G1 X5.942 Y9.036
G1 X5.836 Y9.051
G1 X5.730 Y9.064
G1 X5.644 Y9.074
G1 X5.713 Y9.098
G1 X5.735 Y9.107
G1 X5.800 Y9.139
G1 X5.823 Y9.152
G1 X5.880 Y9.192
G1 X5.903 Y9.211
G1 X5.951 Y9.258
G1 X5.970 Y9.280
G1 X6.010 Y9.334
G1 X6.025 Y9.359
G1 X6.054 Y9.419
G1 X6.063 Y9.439
G1 X6.069 Y9.458
G1 X6.070 Y9.454
G1 X6.100 Y9.347
G1 X6.105 Y9.331
G1 X6.146 Y9.227
G1 X6.153 Y9.212
G1 X6.202 Y9.116
G1 X6.212 Y9.100
G1 X6.273 Y9.006
G1 X6.282 Y8.994
G1 X6.298 Y8.974
G1 X6.153 Y9.068
G1 X6.056 Y9.084
G1 X5.952 Y9.100
G1 X5.879 Y9.110
G1 X5.925 Y9.143
G1 X5.952 Y9.166
G1 X6.004 Y9.217
G1 X6.026 Y9.243
G1 X6.053 Y9.280
G1 X6.084 Y9.200
G1 X6.092 Y9.184
G1 X6.143 Y9.083
G1 X6.153 Y9.068
G1 X4.573 Y9.094
G1 X4.571 Y9.094
G1 X4.491 Y9.080
G1 X4.416 Y9.061
G1 X4.357 Y9.042
G1 X4.337 Y9.033
G1 X4.274 Y9.005
G1 X4.276 Y9.009
G1 X4.307 Y9.087
G1 X4.312 Y9.104
G1 X4.331 Y9.179
G1 X4.335 Y9.202
G1 X4.339 Y9.227
G1 X4.374 Y9.199
G1 X4.395 Y9.184
G1 X4.470 Y9.139
G1 X4.491 Y9.129
G1 X4.571 Y9.094
G1 X4.573 Y9.094
G1 X4.131 Y9.216
G1 X4.133 Y9.226
G1 X4.142 Y9.291
G1 X4.142 Y9.301
G1 X4.143 Y9.367
G1 X4.142 Y9.376
G1 X4.134 Y9.445
G1 X4.132 Y9.453
G1 X4.114 Y9.532
G1 X4.088 Y9.615
G1 X4.054 Y9.703
G1 X4.013 Y9.798
G1 X3.963 Y9.902
G1 X3.907 Y10.016
G1 X3.877 Y10.073
G1 X3.848 Y10.129
G1 X3.820 Y10.184
G1 X3.791 Y10.237
G1 X3.762 Y10.289
G1 X3.734 Y10.339
G1 X3.705 Y10.388
G1 X3.677 Y10.435
G1 X3.648 Y10.482
G1 X3.619 Y10.527
G1 X3.590 Y10.570
G1 X3.560 Y10.613
G1 X3.529 Y10.654
G1 X3.499 Y10.694
G1 X3.468 Y10.733
G1 X3.436 Y10.771
G1 X3.403 Y10.807
G1 X3.370 Y10.842
G1 X3.336 Y10.877
G1 X3.301 Y10.910
G1 X3.265 Y10.942
G1 X3.229 Y10.972
G1 X3.191 Y11.002
G1 X3.152 Y11.031
G1 X3.112 Y11.058
G1 X3.071 Y11.084
G1 X3.029 Y11.110
G1 X2.986 Y11.134
G1 X2.941 Y11.157
G1 X2.896 Y11.180
G1 X2.848 Y11.201
G1 X2.800 Y11.221
G1 X2.750 Y11.241
G1 X2.698 Y11.259
G1 X2.645 Y11.277
G1 X2.590 Y11.294
G1 X2.534 Y11.310
G1 X2.476 Y11.325
G1 X2.417 Y11.340
G1 X2.355 Y11.354
G1 X2.291 Y11.367
G1 X2.226 Y11.380
G1 X2.158 Y11.392
G1 X2.089 Y11.403
G1 X2.017 Y11.413
G1 X1.943 Y11.424
G1 X1.867 Y11.433
G1 X1.789 Y11.443
G1 X1.708 Y11.451
G1 X1.625 Y11.460
G1 X1.539 Y11.468
G1 X1.451 Y11.475
G1 X1.360 Y11.482
G1 X1.266 Y11.489
G1 X1.170 Y11.496
G1 X1.071 Y11.502
G1 X0.969 Y11.508
G1 X0.864 Y11.514
G1 X0.755 Y11.519
G1 X0.644 Y11.524
G1 X0.413 Y11.535
G1 X0.168 Y11.544
G1 X-2.333 Y11.639
G1 X-2.349 Y11.638
G1 X-2.364 Y11.635
G1 X-2.378 Y11.629
G1 X-2.391 Y11.620
G1 X-2.402 Y11.609
G1 X-2.411 Y11.597
G1 X-2.417 Y11.583
G1 X-2.421 Y11.569
G1 X-2.421 Y11.555
G1 X-2.336 Y8.883
G1 X-2.329 Y8.690
G1 X-2.322 Y8.506
G1 X-2.312 Y8.248
G1 X-2.304 Y8.086
G1 X-2.296 Y7.932
G1 X-2.288 Y7.786
G1 X-2.283 Y7.716
G1 X-2.274 Y7.581
G1 X-2.269 Y7.517
G1 X-2.259 Y7.392
G1 X-2.254 Y7.333
G1 X-2.248 Y7.275
G1 X-2.243 Y7.218
G1 X-2.237 Y7.164
G1 X-2.231 Y7.110
G1 X-2.224 Y7.058
G1 X-2.211 Y6.959
G1 X-2.204 Y6.911
G1 X-2.197 Y6.865
G1 X-2.190 Y6.819
G1 X-2.174 Y6.733
G1 X-2.166 Y6.691
G1 X-2.157 Y6.651
G1 X-2.149 Y6.612
G1 X-2.139 Y6.573
G1 X-2.130 Y6.536
G1 X-2.120 Y6.499
G1 X-2.111 Y6.464
G1 X-2.100 Y6.430
G1 X-2.090 Y6.397
G1 X-2.079 Y6.364
G1 X-2.067 Y6.332
G1 X-2.056 Y6.301
G1 X-2.043 Y6.270
G1 X-2.031 Y6.240
G1 X-2.018 Y6.212
G1 X-2.005 Y6.183
G1 X-1.991 Y6.155
G1 X-1.977 Y6.129
G1 X-1.963 Y6.102
G1 X-1.948 Y6.076
G1 X-1.933 Y6.050
G1 X-1.917 Y6.025
G1 X-1.901 Y6.001
G1 X-1.885 Y5.977
G1 X-1.868 Y5.953
G1 X-1.851 Y5.929
G1 X-1.833 Y5.906
G1 X-1.815 Y5.883
G1 X-1.796 Y5.860
G1 X-1.778 Y5.838
G1 X-1.757 Y5.815
G1 X-1.679 Y5.730
G1 X-1.594 Y5.645
G1 X-1.504 Y5.562
G1 X-1.409 Y5.481
G1 X-1.311 Y5.403
G1 X-1.210 Y5.327
G1 X-1.106 Y5.255
G1 X-1.001 Y5.186
G1 X-0.896 Y5.121
G1 X-0.790 Y5.062
G1 X-0.685 Y5.007
G1 X-0.581 Y4.958
G1 X-0.479 Y4.915
G1 X-0.380 Y4.879
G1 X-0.283 Y4.850
G1 X-0.198 Y4.830
G1 X-0.182 Y4.828
G1 X-0.159 Y4.830
G1 X-0.132 Y4.836
G1 X-0.112 Y4.843
G1 X-0.059 Y4.869
G1 X0.009 Y4.909
G1 X0.090 Y4.962
G1 X0.183 Y5.026
G1 X0.284 Y5.100
G1 X0.392 Y5.183
G1 X0.504 Y5.271
G1 X1.050 Y5.710
G1 X1.061 Y5.721
G1 X1.070 Y5.733
G1 X1.076 Y5.747
G1 X1.079 Y5.762
G1 X1.080 Y5.777
G1 X1.078 Y5.791
G1 X1.073 Y5.806
G1 X1.061 Y5.824
G1 X0.517 Y6.471
G1 X0.462 Y6.541
G1 X0.410 Y6.615
G1 X0.411 Y6.615
G1 X0.354 Y6.702
G1 X0.300 Y6.795
G1 X0.247 Y6.893
G1 X0.195 Y6.996
G1 X0.144 Y7.106
G1 X0.095 Y7.219
G1 X0.049 Y7.332
G1 X0.005 Y7.450
G1 X0.004 Y7.450
G1 X-0.036 Y7.566
G1 X-0.073 Y7.685
G1 X-0.106 Y7.799
G1 X-0.106 Y7.799
G1 X-0.136 Y7.916
G1 X-0.160 Y8.027
G1 X-0.180 Y8.136
G1 X-0.199 Y8.245
G1 X-0.219 Y8.357
G1 X-0.240 Y8.468
G1 X-0.263 Y8.579
G1 X-0.287 Y8.689
G1 X-0.311 Y8.796
G1 X-0.336 Y8.901
G1 X-0.362 Y9.003
G1 X-0.387 Y9.100
G1 X-0.413 Y9.193
G1 X-0.439 Y9.280
G1 X-0.465 Y9.360
G1 X-0.490 Y9.434
G1 X-0.514 Y9.501
G1 X-0.539 Y9.560
G1 X-0.561 Y9.607
G1 X-0.591 Y9.668
G1 X-0.614 Y9.719
G1 X-0.630 Y9.761
G1 X-0.632 Y9.771
G1 X-0.629 Y9.771
G1 X-0.586 Y9.765
G1 X-0.526 Y9.751
G1 X-0.450 Y9.730
G1 X-0.358 Y9.700
G1 X-0.248 Y9.663
G1 X-0.125 Y9.620
G1 X0.018 Y9.568
G1 X0.112 Y9.534
G1 X0.210 Y9.502
G1 X0.309 Y9.470
G1 X0.409 Y9.440
G1 X0.510 Y9.410
G1 X0.611 Y9.383
G1 X0.711 Y9.357
G1 X0.809 Y9.333
G1 X0.905 Y9.311
G1 X0.998 Y9.291
G1 X1.088 Y9.273
G1 X1.173 Y9.258
G1 X1.253 Y9.246
G1 X1.328 Y9.237
G1 X1.398 Y9.230
G1 X1.455 Y9.228
G1 X1.508 Y9.224
G1 X1.562 Y9.215
G1 X1.622 Y9.201
G1 X1.689 Y9.182
G1 X1.760 Y9.157
G1 X1.834 Y9.128
G1 X1.907 Y9.096
G1 X1.986 Y9.058
G1 X2.062 Y9.018
G1 X2.143 Y8.973
G1 X2.220 Y8.927
G1 X2.299 Y8.876
G1 X2.373 Y8.825
G1 X2.449 Y8.770
G1 X2.518 Y8.715
G1 X2.587 Y8.657
G1 X3.247 Y8.076
G1 X3.259 Y8.067
G1 X3.273 Y8.061
G1 X3.288 Y8.056
G1 X3.304 Y8.055
G1 X3.319 Y8.056
G1 X3.334 Y8.060
G1 X3.348 Y8.067
G1 X3.361 Y8.076
G1 X3.373 Y8.088
G1 X3.813 Y8.661
G1 X3.884 Y8.755
G1 X3.947 Y8.842
G1 X4.002 Y8.924
G1 X4.048 Y9.002
G1 X4.085 Y9.077
G1 X4.111 Y9.143
G1 X4.114 Y9.152
G1 X4.131 Y9.216
; Retract
G1 Z1.5000 F2540

; Path 50
; Rapid to initial position
G1 X3.889 Y10.337 F2540
G1 Z0.5000
; plunge
G1 Z-2.6750 F127
; cut
G1 X3.882 Y10.351 F1016
G1 X3.853 Y10.403
G1 X3.823 Y10.453
G1 X3.794 Y10.502
G1 X3.764 Y10.550
G1 X3.733 Y10.598
G1 X3.703 Y10.643
G1 X3.671 Y10.688
G1 X3.639 Y10.732
G1 X3.607 Y10.774
G1 X3.573 Y10.815
G1 X3.539 Y10.855
G1 X3.504 Y10.895
G1 X3.469 Y10.932
G1 X3.432 Y10.969
G1 X3.394 Y11.005
G1 X3.355 Y11.040
G1 X3.315 Y11.073
G1 X3.274 Y11.105
G1 X3.232 Y11.136
G1 X3.189 Y11.166
G1 X3.144 Y11.195
G1 X3.098 Y11.222
G1 X3.051 Y11.248
G1 X3.003 Y11.273
G1 X2.954 Y11.297
G1 X2.903 Y11.320
G1 X2.851 Y11.342
G1 X2.807 Y11.359
G1 X2.825 Y11.368
G1 X2.844 Y11.380
G1 X2.858 Y11.390
G1 X2.874 Y11.405
G1 X2.887 Y11.419
G1 X2.900 Y11.436
G1 X2.910 Y11.451
G1 X2.919 Y11.469
G1 X2.925 Y11.484
G1 X2.931 Y11.503
G1 X2.942 Y11.553
G1 X2.946 Y11.580
G1 X2.948 Y11.624
G1 X2.988 Y11.510
G1 X2.999 Y11.488
G1 X3.085 Y11.336
G1 X3.100 Y11.314
G1 X3.194 Y11.203
G1 X3.201 Y11.195
G1 X3.219 Y11.179
G1 X3.228 Y11.172
G1 X3.332 Y11.096
G1 X3.350 Y11.085
G1 X3.361 Y11.080
G1 X3.368 Y11.077
G1 X3.391 Y11.068
G1 X3.489 Y11.040
G1 X3.505 Y11.037
G1 X3.512 Y11.035
G1 X3.531 Y11.034
G1 X3.553 Y11.034
G1 X3.567 Y11.035
G1 X3.574 Y11.035
G1 X3.598 Y11.040
G1 X3.610 Y11.043
G1 X3.693 Y11.069
G1 X3.714 Y11.077
G1 X3.731 Y11.086
G1 X3.749 Y11.098
G1 X3.762 Y11.108
G1 X3.778 Y11.123
G1 X3.789 Y11.135
G1 X3.792 Y11.139
G1 X3.790 Y11.092
G1 X3.789 Y11.040
G1 X3.789 Y10.990
G1 X3.790 Y10.937
G1 X3.793 Y10.885
G1 X3.797 Y10.833
G1 X3.802 Y10.781
G1 X3.809 Y10.728
G1 X3.817 Y10.676
G1 X3.826 Y10.623
G1 X3.835 Y10.570
G1 X3.847 Y10.516
G1 X3.859 Y10.462
G1 X3.872 Y10.407
G1 X3.886 Y10.352
G1 X3.889 Y10.337
G1 X3.744 Y10.700
G1 X3.727 Y10.725
G1 X3.694 Y10.770
G1 X3.660 Y10.813
G1 X3.626 Y10.856
G1 X3.591 Y10.897
G1 X3.555 Y10.938
G1 X3.526 Y10.969
G1 X3.530 Y10.969
G1 X3.558 Y10.969
G1 X3.575 Y10.970
G1 X3.587 Y10.971
G1 X3.616 Y10.977
G1 X3.630 Y10.981
G1 X3.720 Y11.009
G1 X3.721 Y11.009
G1 X3.721 Y10.988
G1 X3.722 Y10.934
G1 X3.725 Y10.880
G1 X3.729 Y10.827
G1 X3.735 Y10.773
G1 X3.741 Y10.719
G1 X3.744 Y10.700
G1 X3.589 Y11.105
G1 X3.667 Y11.129
G1 X3.682 Y11.135
G1 X3.694 Y11.140
G1 X3.707 Y11.149
G1 X3.716 Y11.156
G1 X3.727 Y11.166
G1 X3.735 Y11.174
G1 X3.745 Y11.187
G1 X3.798 Y11.266
G1 X3.805 Y11.279
G1 X3.810 Y11.292
G1 X3.816 Y11.312
G1 X3.817 Y11.321
G1 X3.837 Y11.456
G1 X3.837 Y11.471
G1 X3.837 Y11.484
G1 X3.833 Y11.505
G1 X3.806 Y11.611
G1 X3.804 Y11.619
G1 X3.796 Y11.639
G1 X3.792 Y11.646
G1 X3.717 Y11.781
G1 X3.707 Y11.795
G1 X3.597 Y11.935
G1 X3.586 Y11.948
G1 X3.452 Y12.079
G1 X3.443 Y12.086
G1 X3.339 Y12.169
G1 X3.267 Y12.218
G1 X3.261 Y12.222
G1 X3.244 Y12.230
G1 X3.238 Y12.233
G1 X3.181 Y12.256
G1 X3.166 Y12.261
G1 X3.153 Y12.263
G1 X3.137 Y12.265
G1 X3.125 Y12.265
G1 X3.110 Y12.264
G1 X3.100 Y12.263
G1 X3.086 Y12.260
G1 X3.048 Y12.249
G1 X3.033 Y12.244
G1 X3.022 Y12.239
G1 X3.009 Y12.231
G1 X2.998 Y12.224
G1 X2.987 Y12.213
G1 X2.979 Y12.205
G1 X2.969 Y12.193
G1 X2.962 Y12.182
G1 X2.954 Y12.166
G1 X2.951 Y12.159
G1 X2.934 Y12.114
G1 X2.931 Y12.100
G1 X2.928 Y12.088
G1 X2.927 Y12.066
G1 X2.930 Y11.991
G1 X2.932 Y11.976
G1 X2.952 Y11.864
G1 X2.985 Y11.723
G1 X2.988 Y11.713
G1 X3.050 Y11.536
G1 X3.059 Y11.518
G1 X3.141 Y11.372
G1 X3.153 Y11.354
G1 X3.244 Y11.247
G1 X3.249 Y11.242
G1 X3.263 Y11.228
G1 X3.270 Y11.223
G1 X3.368 Y11.151
G1 X3.381 Y11.143
G1 X3.392 Y11.138
G1 X3.411 Y11.131
G1 X3.504 Y11.103
G1 X3.519 Y11.100
G1 X3.532 Y11.099
G1 X3.548 Y11.099
G1 X3.562 Y11.100
G1 X3.581 Y11.103
G1 X3.589 Y11.105
G1 X3.569 Y11.167
G1 X3.641 Y11.189
G1 X3.656 Y11.195
G1 X3.669 Y11.203
G1 X3.680 Y11.213
G1 X3.687 Y11.222
G1 X3.737 Y11.296
G1 X3.744 Y11.309
G1 X3.750 Y11.329
G1 X3.769 Y11.459
G1 X3.769 Y11.474
G1 X3.767 Y11.490
G1 X3.740 Y11.596
G1 X3.732 Y11.615
G1 X3.660 Y11.745
G1 X3.653 Y11.756
G1 X3.545 Y11.894
G1 X3.537 Y11.902
G1 X3.405 Y12.031
G1 X3.400 Y12.036
G1 X3.300 Y12.116
G1 X3.228 Y12.165
G1 X3.212 Y12.173
G1 X3.160 Y12.194
G1 X3.145 Y12.198
G1 X3.130 Y12.200
G1 X3.114 Y12.199
G1 X3.105 Y12.197
G1 X3.072 Y12.189
G1 X3.058 Y12.183
G1 X3.044 Y12.175
G1 X3.033 Y12.165
G1 X3.023 Y12.154
G1 X3.015 Y12.137
G1 X3.000 Y12.098
G1 X2.996 Y12.084
G1 X2.995 Y12.068
G1 X2.998 Y11.997
G1 X2.999 Y11.987
G1 X3.018 Y11.879
G1 X3.051 Y11.741
G1 X3.053 Y11.733
G1 X3.113 Y11.562
G1 X3.118 Y11.549
G1 X3.198 Y11.408
G1 X3.206 Y11.395
G1 X3.297 Y11.288
G1 X3.311 Y11.275
G1 X3.404 Y11.206
G1 X3.417 Y11.198
G1 X3.431 Y11.193
G1 X3.518 Y11.167
G1 X3.533 Y11.164
G1 X3.549 Y11.164
G1 X3.569 Y11.167
; Retract
G1 Z1.5000 F2540

; Path 51
; Rapid to initial position
G1 X3.882 Y11.589 F2540
G1 Z0.5000
; plunge
G1 Z-2.6750 F127
; cut
G1 X3.871 Y11.630 F1016
G1 X3.867 Y11.643
G1 X3.857 Y11.666
G1 X3.852 Y11.677
G1 X3.774 Y11.816
G1 X3.762 Y11.833
G1 X3.768 Y11.834
G1 X3.786 Y11.837
G1 X3.807 Y11.844
G1 X3.825 Y11.850
G1 X3.844 Y11.860
G1 X3.859 Y11.869
G1 X3.876 Y11.882
G1 X3.889 Y11.893
G1 X3.901 Y11.906
G1 X4.254 Y12.306
G1 X4.232 Y12.273
G1 X4.194 Y12.215
G1 X4.157 Y12.157
G1 X4.123 Y12.100
G1 X4.090 Y12.045
G1 X4.059 Y11.989
G1 X4.030 Y11.934
G1 X4.002 Y11.879
G1 X3.976 Y11.825
G1 X3.952 Y11.772
G1 X3.930 Y11.719
G1 X3.909 Y11.665
G1 X3.890 Y11.613
G1 X3.882 Y11.589
G1 X3.877 Y11.769
G1 X3.862 Y11.796
G1 X3.881 Y11.805
G1 X3.898 Y11.816
G1 X3.889 Y11.796
G1 X3.877 Y11.769
G1 X3.808 Y11.915
G1 X3.818 Y11.921
G1 X3.831 Y11.930
G1 X3.839 Y11.938
G1 X3.849 Y11.948
G1 X4.662 Y12.869
G1 X4.746 Y12.964
G1 X4.827 Y13.058
G1 X4.906 Y13.150
G1 X4.980 Y13.240
G1 X5.052 Y13.327
G1 X5.120 Y13.410
G1 X5.184 Y13.490
G1 X5.242 Y13.565
G1 X5.296 Y13.636
G1 X5.345 Y13.701
G1 X5.387 Y13.760
G1 X5.424 Y13.815
G1 X5.455 Y13.864
G1 X5.481 Y13.910
G1 X5.496 Y13.942
G1 X5.501 Y13.958
G1 X5.503 Y13.964
G1 X5.508 Y13.989
G1 X5.510 Y14.004
G1 X5.511 Y14.015
G1 X5.510 Y14.030
G1 X5.508 Y14.042
G1 X5.504 Y14.056
G1 X5.501 Y14.066
G1 X5.496 Y14.076
G1 X5.478 Y14.113
G1 X5.470 Y14.126
G1 X5.463 Y14.136
G1 X5.448 Y14.152
G1 X5.400 Y14.195
G1 X5.386 Y14.206
G1 X5.306 Y14.259
G1 X5.207 Y14.315
G1 X5.090 Y14.373
G1 X4.957 Y14.433
G1 X4.812 Y14.493
G1 X4.655 Y14.551
G1 X4.490 Y14.605
G1 X4.317 Y14.653
G1 X4.140 Y14.695
G1 X3.958 Y14.732
G1 X3.776 Y14.763
G1 X3.595 Y14.788
G1 X3.419 Y14.806
G1 X3.248 Y14.819
G1 X3.086 Y14.825
G1 X2.935 Y14.824
G1 X2.796 Y14.815
G1 X2.682 Y14.801
G1 X2.670 Y14.799
G1 X2.574 Y14.777
G1 X2.555 Y14.770
G1 X2.481 Y14.740
G1 X2.467 Y14.733
G1 X2.459 Y14.728
G1 X2.448 Y14.719
G1 X2.400 Y14.680
G1 X2.389 Y14.670
G1 X2.381 Y14.660
G1 X2.373 Y14.648
G1 X2.367 Y14.638
G1 X2.359 Y14.620
G1 X2.342 Y14.572
G1 X2.339 Y14.557
G1 X2.337 Y14.545
G1 X2.336 Y14.530
G1 X2.337 Y14.521
G1 X2.338 Y14.509
G1 X2.342 Y14.485
G1 X2.345 Y14.470
G1 X2.357 Y14.429
G1 X2.374 Y14.381
G1 X2.396 Y14.326
G1 X2.423 Y14.261
G1 X2.455 Y14.188
G1 X2.492 Y14.108
G1 X2.533 Y14.020
G1 X2.577 Y13.927
G1 X2.626 Y13.827
G1 X2.677 Y13.722
G1 X2.732 Y13.613
G1 X2.789 Y13.500
G1 X2.849 Y13.384
G1 X2.911 Y13.265
G1 X2.974 Y13.145
G1 X3.599 Y11.971
G1 X3.607 Y11.958
G1 X3.615 Y11.949
G1 X3.625 Y11.938
G1 X3.635 Y11.930
G1 X3.648 Y11.921
G1 X3.658 Y11.915
G1 X3.672 Y11.908
G1 X3.684 Y11.904
G1 X3.699 Y11.900
G1 X3.711 Y11.898
G1 X3.726 Y11.896
G1 X3.740 Y11.896
G1 X3.755 Y11.898
G1 X3.767 Y11.900
G1 X3.782 Y11.904
G1 X3.794 Y11.909
G1 X3.808 Y11.915
G1 X3.777 Y11.974
G1 X3.790 Y11.983
G1 X3.797 Y11.990
G1 X4.610 Y12.911
G1 X4.693 Y13.006
G1 X4.774 Y13.099
G1 X4.852 Y13.191
G1 X4.927 Y13.281
G1 X4.999 Y13.367
G1 X5.066 Y13.450
G1 X5.129 Y13.529
G1 X5.187 Y13.604
G1 X5.241 Y13.673
G1 X5.289 Y13.738
G1 X5.330 Y13.796
G1 X5.366 Y13.849
G1 X5.395 Y13.895
G1 X5.419 Y13.936
G1 X5.431 Y13.963
G1 X5.436 Y13.978
G1 X5.441 Y13.996
G1 X5.443 Y14.011
G1 X5.442 Y14.026
G1 X5.438 Y14.041
G1 X5.435 Y14.049
G1 X5.419 Y14.080
G1 X5.411 Y14.093
G1 X5.401 Y14.105
G1 X5.357 Y14.145
G1 X5.347 Y14.152
G1 X5.272 Y14.203
G1 X5.176 Y14.257
G1 X5.061 Y14.314
G1 X4.931 Y14.373
G1 X4.787 Y14.432
G1 X4.633 Y14.490
G1 X4.471 Y14.543
G1 X4.301 Y14.590
G1 X4.125 Y14.632
G1 X3.946 Y14.668
G1 X3.766 Y14.698
G1 X3.588 Y14.723
G1 X3.413 Y14.741
G1 X3.246 Y14.754
G1 X3.087 Y14.759
G1 X2.939 Y14.759
G1 X2.805 Y14.751
G1 X2.695 Y14.737
G1 X2.686 Y14.735
G1 X2.595 Y14.715
G1 X2.582 Y14.711
G1 X2.514 Y14.683
G1 X2.500 Y14.676
G1 X2.492 Y14.670
G1 X2.449 Y14.635
G1 X2.438 Y14.624
G1 X2.429 Y14.612
G1 X2.423 Y14.599
G1 X2.409 Y14.557
G1 X2.405 Y14.542
G1 X2.404 Y14.527
G1 X2.405 Y14.519
G1 X2.408 Y14.498
G1 X2.410 Y14.488
G1 X2.421 Y14.450
G1 X2.438 Y14.405
G1 X2.459 Y14.350
G1 X2.486 Y14.286
G1 X2.518 Y14.214
G1 X2.554 Y14.134
G1 X2.594 Y14.047
G1 X2.639 Y13.954
G1 X2.687 Y13.855
G1 X2.738 Y13.751
G1 X2.793 Y13.642
G1 X2.850 Y13.529
G1 X2.910 Y13.413
G1 X2.972 Y13.294
G1 X3.035 Y13.174
G1 X3.657 Y12.006
G1 X3.665 Y11.993
G1 X3.675 Y11.982
G1 X3.688 Y11.973
G1 X3.702 Y11.967
G1 X3.717 Y11.963
G1 X3.733 Y11.961
G1 X3.748 Y11.963
G1 X3.763 Y11.967
G1 X3.777 Y11.974
; Retract
G1 Z1.5000 F2540

; Path 52
; Rapid to initial position
G1 X3.397 Y12.208 F2540
G1 Z0.5000
; plunge
G1 Z-2.6750 F127
; cut
G1 X3.379 Y12.222 F1016
G1 X3.303 Y12.273
G1 X3.294 Y12.279
G1 X3.274 Y12.289
G1 X3.264 Y12.294
G1 X3.201 Y12.318
G1 X3.180 Y12.324
G1 X3.167 Y12.327
G1 X3.160 Y12.328
G1 X3.138 Y12.330
G1 X3.121 Y12.330
G1 X3.101 Y12.329
G1 X3.085 Y12.326
G1 X3.068 Y12.323
G1 X3.023 Y12.310
G1 X3.003 Y12.303
G1 X2.987 Y12.295
G1 X2.974 Y12.287
G1 X2.968 Y12.283
G1 X2.953 Y12.272
G1 X2.937 Y12.258
G1 X2.925 Y12.245
G1 X2.916 Y12.233
G1 X2.911 Y12.228
G1 X2.904 Y12.216
G1 X2.900 Y12.210
G1 X2.898 Y12.205
G1 X2.879 Y12.330
G1 X2.864 Y12.418
G1 X2.847 Y12.510
G1 X2.827 Y12.606
G1 X2.806 Y12.705
G1 X2.783 Y12.807
G1 X2.758 Y12.909
G1 X2.732 Y13.013
G1 X2.705 Y13.117
G1 X2.677 Y13.220
G1 X2.649 Y13.323
G1 X2.620 Y13.423
G1 X2.590 Y13.520
G1 X2.561 Y13.614
G1 X2.531 Y13.705
G1 X2.502 Y13.790
G1 X2.473 Y13.868
G1 X2.426 Y13.992
G1 X2.382 Y14.104
G1 X2.341 Y14.202
G1 X2.300 Y14.291
G1 X2.262 Y14.358
G1 X2.253 Y14.372
G1 X2.217 Y14.423
G1 X2.212 Y14.428
G1 X2.194 Y14.449
G1 X2.151 Y14.489
G1 X2.136 Y14.501
G1 X2.124 Y14.510
G1 X2.111 Y14.517
G1 X2.065 Y14.540
G1 X2.045 Y14.549
G1 X2.032 Y14.553
G1 X2.025 Y14.555
G1 X1.999 Y14.560
G1 X1.949 Y14.566
G1 X1.928 Y14.566
G1 X1.910 Y14.565
G1 X1.887 Y14.562
G1 X1.841 Y14.553
G1 X1.829 Y14.550
G1 X1.806 Y14.542
G1 X1.795 Y14.538
G1 X1.739 Y14.512
G1 X1.720 Y14.501
G1 X1.653 Y14.457
G1 X1.585 Y14.405
G1 X1.554 Y14.378
G1 X1.599 Y14.443
G1 X1.662 Y14.537
G1 X1.721 Y14.627
G1 X1.776 Y14.711
G1 X1.825 Y14.789
G1 X1.868 Y14.861
G1 X1.905 Y14.928
G1 X1.937 Y14.988
G1 X1.947 Y15.009
G1 X1.988 Y15.009
G1 X2.070 Y15.005
G1 X2.167 Y14.998
G1 X2.276 Y14.987
G1 X2.396 Y14.973
G1 X2.529 Y14.955
G1 X2.669 Y14.935
G1 X2.816 Y14.911
G1 X2.948 Y14.889
G1 X2.931 Y14.889
G1 X2.788 Y14.880
G1 X2.668 Y14.865
G1 X2.654 Y14.862
G1 X2.552 Y14.838
G1 X2.528 Y14.830
G1 X2.449 Y14.797
G1 X2.431 Y14.788
G1 X2.418 Y14.780
G1 X2.403 Y14.769
G1 X2.352 Y14.726
G1 X2.336 Y14.711
G1 X2.325 Y14.696
G1 X2.313 Y14.679
G1 X2.305 Y14.664
G1 X2.294 Y14.640
G1 X2.276 Y14.587
G1 X2.271 Y14.566
G1 X2.269 Y14.548
G1 X2.268 Y14.528
G1 X2.269 Y14.514
G1 X2.271 Y14.500
G1 X2.275 Y14.471
G1 X2.280 Y14.452
G1 X2.293 Y14.408
G1 X2.311 Y14.358
G1 X2.333 Y14.301
G1 X2.361 Y14.236
G1 X2.393 Y14.162
G1 X2.430 Y14.081
G1 X2.471 Y13.993
G1 X2.516 Y13.899
G1 X2.564 Y13.799
G1 X2.616 Y13.694
G1 X2.671 Y13.585
G1 X2.728 Y13.471
G1 X2.788 Y13.355
G1 X2.850 Y13.235
G1 X2.914 Y13.115
G1 X3.397 Y12.208
G1 X3.231 Y12.377
G1 X3.221 Y12.380
G1 X3.195 Y12.388
G1 X3.178 Y12.391
G1 X3.166 Y12.393
G1 X3.138 Y12.395
G1 X3.116 Y12.395
G1 X3.090 Y12.393
G1 X3.070 Y12.390
G1 X3.049 Y12.385
G1 X2.998 Y12.371
G1 X2.973 Y12.361
G1 X2.952 Y12.351
G1 X2.945 Y12.347
G1 X2.931 Y12.430
G1 X2.913 Y12.522
G1 X2.894 Y12.620
G1 X2.872 Y12.719
G1 X2.849 Y12.821
G1 X2.824 Y12.924
G1 X2.798 Y13.029
G1 X2.771 Y13.134
G1 X2.743 Y13.237
G1 X2.714 Y13.340
G1 X2.708 Y13.364
G1 X2.727 Y13.326
G1 X2.790 Y13.206
G1 X2.853 Y13.086
G1 X3.231 Y12.377
G1 X3.110 Y12.460
G1 X3.080 Y12.457
G1 X3.055 Y12.453
G1 X3.029 Y12.448
G1 X2.999 Y12.439
G1 X2.998 Y12.442
G1 X2.980 Y12.535
G1 X2.960 Y12.633
G1 X2.939 Y12.733
G1 X2.919 Y12.818
G1 X3.110 Y12.460
G1 X2.730 Y12.395
G1 X2.713 Y12.485
G1 X2.694 Y12.580
G1 X2.673 Y12.677
G1 X2.650 Y12.777
G1 X2.626 Y12.879
G1 X2.600 Y12.982
G1 X2.574 Y13.085
G1 X2.546 Y13.187
G1 X2.518 Y13.288
G1 X2.489 Y13.387
G1 X2.460 Y13.483
G1 X2.431 Y13.575
G1 X2.402 Y13.664
G1 X2.373 Y13.747
G1 X2.345 Y13.824
G1 X2.298 Y13.947
G1 X2.256 Y14.055
G1 X2.217 Y14.149
G1 X2.179 Y14.230
G1 X2.146 Y14.291
G1 X2.141 Y14.298
G1 X2.108 Y14.345
G1 X2.098 Y14.357
G1 X2.064 Y14.389
G1 X2.052 Y14.398
G1 X2.045 Y14.403
G1 X2.010 Y14.421
G1 X1.996 Y14.427
G1 X1.981 Y14.431
G1 X1.943 Y14.436
G1 X1.927 Y14.436
G1 X1.914 Y14.435
G1 X1.873 Y14.427
G1 X1.853 Y14.420
G1 X1.807 Y14.399
G1 X1.797 Y14.393
G1 X1.738 Y14.356
G1 X1.676 Y14.308
G1 X1.607 Y14.249
G1 X1.530 Y14.180
G1 X1.441 Y14.098
G1 X1.340 Y13.998
G1 X1.238 Y13.885
G1 X1.135 Y13.761
G1 X1.032 Y13.628
G1 X0.932 Y13.488
G1 X0.834 Y13.343
G1 X0.740 Y13.194
G1 X0.651 Y13.044
G1 X0.569 Y12.895
G1 X0.493 Y12.748
G1 X0.425 Y12.606
G1 X0.367 Y12.469
G1 X0.319 Y12.340
G1 X0.283 Y12.220
G1 X0.262 Y12.118
G1 X0.261 Y12.109
G1 X0.253 Y12.022
G1 X0.253 Y12.007
G1 X0.255 Y11.998
G1 X0.261 Y11.972
G1 X0.266 Y11.958
G1 X0.273 Y11.946
G1 X0.290 Y11.920
G1 X0.303 Y11.905
G1 X0.331 Y11.880
G1 X0.341 Y11.872
G1 X0.379 Y11.847
G1 X0.387 Y11.842
G1 X0.441 Y11.814
G1 X0.502 Y11.788
G1 X0.571 Y11.762
G1 X0.648 Y11.738
G1 X0.731 Y11.715
G1 X0.822 Y11.694
G1 X0.917 Y11.673
G1 X1.019 Y11.655
G1 X1.125 Y11.638
G1 X1.235 Y11.623
G1 X1.350 Y11.610
G1 X1.466 Y11.599
G1 X1.695 Y11.580
G1 X1.806 Y11.570
G1 X2.016 Y11.550
G1 X2.016 Y11.550
G1 X2.113 Y11.541
G1 X2.206 Y11.531
G1 X2.293 Y11.522
G1 X2.293 Y11.522
G1 X2.371 Y11.513
G1 X2.444 Y11.504
G1 X2.507 Y11.496
G1 X2.507 Y11.496
G1 X2.563 Y11.488
G1 X2.606 Y11.482
G1 X2.643 Y11.475
G1 X2.661 Y11.471
G1 X2.673 Y11.467
G1 X2.688 Y11.464
G1 X2.703 Y11.463
G1 X2.719 Y11.465
G1 X2.738 Y11.472
G1 X2.753 Y11.479
G1 X2.767 Y11.487
G1 X2.778 Y11.497
G1 X2.788 Y11.509
G1 X2.795 Y11.522
G1 X2.798 Y11.533
G1 X2.808 Y11.571
G1 X2.810 Y11.586
G1 X2.813 Y11.658
G1 X2.811 Y11.752
G1 X2.803 Y11.868
G1 X2.789 Y12.000
G1 X2.769 Y12.148
G1 X2.745 Y12.309
G1 X2.730 Y12.395
G1 X2.964 Y11.412
G1 X3.001 Y11.347
G1 X2.983 Y11.356
G1 X2.938 Y11.376
G1 X2.942 Y11.381
G1 X2.958 Y11.403
G1 X2.964 Y11.412
G1 X0.462 Y11.663
G1 X0.418 Y11.665
G1 X0.174 Y11.674
G1 X-0.328 Y11.693
G1 X-0.281 Y11.712
G1 X-0.205 Y11.747
G1 X-0.134 Y11.786
G1 X-0.064 Y11.830
G1 X-0.000 Y11.877
G1 X0.059 Y11.929
G1 X0.104 Y11.975
G1 X0.114 Y11.985
G1 X0.119 Y11.991
G1 X0.119 Y11.985
G1 X0.122 Y11.969
G1 X0.131 Y11.933
G1 X0.138 Y11.913
G1 X0.143 Y11.902
G1 X0.146 Y11.895
G1 X0.159 Y11.875
G1 X0.178 Y11.846
G1 X0.185 Y11.837
G1 X0.201 Y11.820
G1 X0.209 Y11.811
G1 X0.245 Y11.779
G1 X0.264 Y11.765
G1 X0.309 Y11.735
G1 X0.322 Y11.728
G1 X0.385 Y11.695
G1 X0.454 Y11.666
G1 X0.462 Y11.663
G1 X0.190 Y11.739
G1 X0.177 Y11.739
G1 X-0.069 Y11.749
G1 X-0.023 Y11.778
G1 X0.045 Y11.829
G1 X0.086 Y11.865
G1 X0.087 Y11.863
G1 X0.102 Y11.839
G1 X0.124 Y11.807
G1 X0.133 Y11.795
G1 X0.151 Y11.775
G1 X0.163 Y11.763
G1 X0.190 Y11.739
; Retract
G1 Z1.5000 F2540

; Path 53
; Rapid to initial position
G1 X-1.901 Y11.688 F2540
G1 Z0.5000
; plunge
G1 Z-2.6750 F127
; cut
G1 X-2.337 Y11.704 F1016
G1 X-2.352 Y11.703
G1 X-2.364 Y11.701
G1 X-2.380 Y11.698
G1 X-2.392 Y11.694
G1 X-2.406 Y11.688
G1 X-2.417 Y11.682
G1 X-2.430 Y11.674
G1 X-2.439 Y11.666
G1 X-2.450 Y11.655
G1 X-2.458 Y11.646
G1 X-2.467 Y11.634
G1 X-2.473 Y11.623
G1 X-2.479 Y11.609
G1 X-2.483 Y11.598
G1 X-2.487 Y11.584
G1 X-2.489 Y11.572
G1 X-2.489 Y11.553
G1 X-2.460 Y10.635
G1 X-2.467 Y10.685
G1 X-2.486 Y10.802
G1 X-2.508 Y10.923
G1 X-2.532 Y11.047
G1 X-2.712 Y11.947
G1 X-2.314 Y11.805
G1 X-2.212 Y11.770
G1 X-2.108 Y11.739
G1 X-2.005 Y11.712
G1 X-1.901 Y11.688
G1 X-2.390 Y11.762
G1 X-2.401 Y11.760
G1 X-2.419 Y11.754
G1 X-2.439 Y11.745
G1 X-2.456 Y11.736
G1 X-2.474 Y11.723
G1 X-2.487 Y11.712
G1 X-2.503 Y11.697
G1 X-2.515 Y11.682
G1 X-2.527 Y11.665
G1 X-2.536 Y11.649
G1 X-2.544 Y11.630
G1 X-2.550 Y11.613
G1 X-2.554 Y11.593
G1 X-2.556 Y11.581
G1 X-2.557 Y11.574
G1 X-2.557 Y11.551
G1 X-2.556 Y11.512
G1 X-2.623 Y11.845
G1 X-2.390 Y11.762
; Retract
G1 Z1.5000 F2540

; Path 54
; Rapid to initial position
G1 X-2.483 Y9.239 F2540
G1 Z0.5000
; plunge
G1 Z-2.6750 F127
; cut
G1 X-2.472 Y8.878 F1016
G1 X-2.465 Y8.685
G1 X-2.462 Y8.604
G1 X-2.468 Y8.620
G1 X-2.498 Y8.687
G1 X-2.524 Y8.736
G1 X-2.536 Y8.753
G1 X-2.567 Y8.794
G1 X-2.581 Y8.810
G1 X-2.590 Y8.818
G1 X-2.623 Y8.847
G1 X-2.640 Y8.859
G1 X-2.654 Y8.867
G1 X-2.677 Y8.878
G1 X-2.755 Y8.908
G1 X-2.774 Y8.914
G1 X-2.788 Y8.917
G1 X-2.803 Y8.919
G1 X-2.810 Y8.920
G1 X-2.779 Y8.935
G1 X-2.767 Y8.942
G1 X-2.721 Y8.970
G1 X-2.710 Y8.978
G1 X-2.666 Y9.011
G1 X-2.656 Y9.020
G1 X-2.615 Y9.058
G1 X-2.607 Y9.068
G1 X-2.562 Y9.118
G1 X-2.523 Y9.173
G1 X-2.488 Y9.231
G1 X-2.483 Y9.239
G1 X-2.545 Y9.037
G1 X-2.540 Y8.876
G1 X-2.539 Y8.862
G1 X-2.545 Y8.867
G1 X-2.583 Y8.899
G1 X-2.605 Y8.914
G1 X-2.624 Y8.925
G1 X-2.651 Y8.938
G1 X-2.653 Y8.938
G1 X-2.621 Y8.963
G1 X-2.608 Y8.974
G1 X-2.564 Y9.015
G1 X-2.554 Y9.026
G1 X-2.545 Y9.037
G1 X-2.686 Y8.809
G1 X-2.703 Y8.817
G1 X-2.775 Y8.846
G1 X-2.790 Y8.850
G1 X-2.798 Y8.852
G1 X-2.811 Y8.854
G1 X-2.900 Y8.864
G1 X-2.923 Y8.864
G1 X-3.026 Y8.856
G1 X-3.041 Y8.853
G1 X-3.156 Y8.830
G1 X-3.167 Y8.827
G1 X-3.301 Y8.787
G1 X-3.442 Y8.734
G1 X-3.589 Y8.668
G1 X-3.740 Y8.592
G1 X-3.894 Y8.506
G1 X-4.050 Y8.411
G1 X-4.204 Y8.309
G1 X-4.355 Y8.199
G1 X-4.501 Y8.083
G1 X-4.641 Y7.962
G1 X-4.773 Y7.837
G1 X-4.890 Y7.711
G1 X-4.969 Y7.622
G1 X-5.038 Y7.542
G1 X-5.099 Y7.468
G1 X-5.150 Y7.400
G1 X-5.186 Y7.345
G1 X-5.192 Y7.334
G1 X-5.218 Y7.282
G1 X-5.225 Y7.263
G1 X-5.237 Y7.222
G1 X-5.238 Y7.214
G1 X-5.242 Y7.193
G1 X-5.242 Y7.184
G1 X-5.242 Y7.141
G1 X-5.241 Y7.126
G1 X-5.239 Y7.116
G1 X-5.234 Y7.100
G1 X-5.220 Y7.061
G1 X-5.214 Y7.048
G1 X-5.209 Y7.039
G1 X-5.201 Y7.027
G1 X-5.178 Y6.996
G1 X-5.173 Y6.991
G1 X-5.159 Y6.977
G1 X-5.154 Y6.972
G1 X-5.114 Y6.940
G1 X-5.100 Y6.930
G1 X-5.041 Y6.895
G1 X-4.973 Y6.862
G1 X-4.896 Y6.829
G1 X-4.809 Y6.794
G1 X-4.080 Y6.517
G1 X-4.079 Y6.517
G1 X-3.782 Y6.402
G1 X-3.690 Y6.368
G1 X-3.602 Y6.337
G1 X-3.518 Y6.308
G1 X-3.437 Y6.284
G1 X-3.359 Y6.262
G1 X-3.285 Y6.244
G1 X-3.212 Y6.230
G1 X-3.142 Y6.220
G1 X-3.075 Y6.214
G1 X-3.009 Y6.212
G1 X-2.945 Y6.216
G1 X-2.893 Y6.223
G1 X-2.883 Y6.225
G1 X-2.835 Y6.236
G1 X-2.821 Y6.240
G1 X-2.777 Y6.256
G1 X-2.764 Y6.262
G1 X-2.722 Y6.283
G1 X-2.710 Y6.291
G1 X-2.672 Y6.316
G1 X-2.660 Y6.325
G1 X-2.626 Y6.355
G1 X-2.615 Y6.365
G1 X-2.583 Y6.401
G1 X-2.576 Y6.410
G1 X-2.548 Y6.448
G1 X-2.541 Y6.459
G1 X-2.512 Y6.511
G1 X-2.486 Y6.567
G1 X-2.464 Y6.626
G1 X-2.446 Y6.689
G1 X-2.429 Y6.756
G1 X-2.416 Y6.827
G1 X-2.405 Y6.901
G1 X-2.396 Y6.981
G1 X-2.389 Y7.065
G1 X-2.384 Y7.154
G1 X-2.380 Y7.247
G1 X-2.378 Y7.346
G1 X-2.377 Y7.450
G1 X-2.379 Y7.565
G1 X-2.382 Y7.677
G1 X-2.388 Y7.788
G1 X-2.396 Y7.896
G1 X-2.406 Y8.000
G1 X-2.419 Y8.100
G1 X-2.432 Y8.197
G1 X-2.448 Y8.288
G1 X-2.466 Y8.373
G1 X-2.485 Y8.453
G1 X-2.507 Y8.527
G1 X-2.531 Y8.595
G1 X-2.558 Y8.657
G1 X-2.582 Y8.702
G1 X-2.591 Y8.715
G1 X-2.618 Y8.751
G1 X-2.630 Y8.765
G1 X-2.635 Y8.770
G1 X-2.664 Y8.794
G1 X-2.677 Y8.803
G1 X-2.686 Y8.809
G1 X-2.717 Y8.751
G1 X-2.729 Y8.757
G1 X-2.795 Y8.784
G1 X-2.810 Y8.788
G1 X-2.818 Y8.789
G1 X-2.901 Y8.798
G1 X-2.918 Y8.799
G1 X-3.016 Y8.791
G1 X-3.027 Y8.790
G1 X-3.139 Y8.767
G1 X-3.147 Y8.765
G1 X-3.276 Y8.726
G1 X-3.413 Y8.674
G1 X-3.557 Y8.611
G1 X-3.706 Y8.536
G1 X-3.858 Y8.451
G1 X-4.011 Y8.358
G1 X-4.163 Y8.257
G1 X-4.312 Y8.148
G1 X-4.456 Y8.035
G1 X-4.593 Y7.916
G1 X-4.722 Y7.793
G1 X-4.838 Y7.669
G1 X-4.917 Y7.581
G1 X-4.985 Y7.501
G1 X-5.043 Y7.430
G1 X-5.092 Y7.366
G1 X-5.126 Y7.313
G1 X-5.131 Y7.305
G1 X-5.154 Y7.259
G1 X-5.159 Y7.245
G1 X-5.171 Y7.205
G1 X-5.174 Y7.184
G1 X-5.174 Y7.147
G1 X-5.173 Y7.132
G1 X-5.170 Y7.121
G1 X-5.158 Y7.088
G1 X-5.152 Y7.074
G1 X-5.146 Y7.066
G1 X-5.123 Y7.035
G1 X-5.110 Y7.022
G1 X-5.074 Y6.992
G1 X-5.064 Y6.985
G1 X-5.010 Y6.953
G1 X-4.945 Y6.921
G1 X-4.870 Y6.889
G1 X-4.783 Y6.855
G1 X-4.055 Y6.577
G1 X-4.055 Y6.577
G1 X-3.757 Y6.463
G1 X-3.666 Y6.429
G1 X-3.580 Y6.398
G1 X-3.497 Y6.370
G1 X-3.418 Y6.346
G1 X-3.343 Y6.325
G1 X-3.271 Y6.308
G1 X-3.202 Y6.294
G1 X-3.136 Y6.284
G1 X-3.073 Y6.279
G1 X-3.012 Y6.277
G1 X-2.954 Y6.280
G1 X-2.907 Y6.286
G1 X-2.899 Y6.288
G1 X-2.855 Y6.298
G1 X-2.845 Y6.301
G1 X-2.805 Y6.316
G1 X-2.795 Y6.320
G1 X-2.758 Y6.339
G1 X-2.749 Y6.344
G1 X-2.714 Y6.367
G1 X-2.705 Y6.374
G1 X-2.674 Y6.401
G1 X-2.666 Y6.408
G1 X-2.637 Y6.440
G1 X-2.632 Y6.447
G1 X-2.606 Y6.483
G1 X-2.601 Y6.490
G1 X-2.574 Y6.537
G1 X-2.550 Y6.589
G1 X-2.530 Y6.644
G1 X-2.512 Y6.704
G1 X-2.496 Y6.768
G1 X-2.483 Y6.836
G1 X-2.473 Y6.909
G1 X-2.464 Y6.986
G1 X-2.457 Y7.069
G1 X-2.452 Y7.156
G1 X-2.448 Y7.249
G1 X-2.446 Y7.346
G1 X-2.445 Y7.450
G1 X-2.447 Y7.563
G1 X-2.450 Y7.674
G1 X-2.456 Y7.783
G1 X-2.464 Y7.890
G1 X-2.474 Y7.993
G1 X-2.486 Y8.091
G1 X-2.500 Y8.186
G1 X-2.515 Y8.275
G1 X-2.532 Y8.358
G1 X-2.551 Y8.435
G1 X-2.571 Y8.506
G1 X-2.594 Y8.570
G1 X-2.618 Y8.627
G1 X-2.640 Y8.668
G1 X-2.646 Y8.677
G1 X-2.669 Y8.709
G1 X-2.681 Y8.722
G1 X-2.705 Y8.742
G1 X-2.717 Y8.751
; Retract
G1 Z1.5000 F2540

; Path 55
; Rapid to initial position
G1 X-2.338 Y6.888 F2540
G1 Z0.5000
; plunge
G1 Z-2.6750 F127
; cut
G1 X-2.332 Y6.844 F1016
G1 X-2.324 Y6.797
G1 X-2.308 Y6.708
G1 X-2.299 Y6.666
G1 X-2.290 Y6.623
G1 X-2.281 Y6.583
G1 X-2.272 Y6.543
G1 X-2.262 Y6.504
G1 X-2.252 Y6.466
G1 X-2.241 Y6.428
G1 X-2.230 Y6.392
G1 X-2.219 Y6.357
G1 X-2.207 Y6.322
G1 X-2.195 Y6.287
G1 X-2.183 Y6.255
G1 X-2.170 Y6.222
G1 X-2.156 Y6.189
G1 X-2.142 Y6.158
G1 X-2.128 Y6.128
G1 X-2.113 Y6.098
G1 X-2.098 Y6.068
G1 X-2.083 Y6.040
G1 X-2.066 Y6.011
G1 X-2.050 Y5.984
G1 X-2.033 Y5.956
G1 X-2.022 Y5.939
G1 X-2.036 Y5.948
G1 X-2.111 Y5.989
G1 X-2.131 Y5.997
G1 X-2.219 Y6.030
G1 X-2.236 Y6.035
G1 X-2.334 Y6.058
G1 X-2.350 Y6.061
G1 X-2.459 Y6.075
G1 X-2.474 Y6.076
G1 X-2.595 Y6.080
G1 X-2.753 Y6.077
G1 X-2.871 Y6.067
G1 X-2.890 Y6.064
G1 X-2.974 Y6.046
G1 X-2.994 Y6.039
G1 X-3.011 Y6.032
G1 X-3.034 Y6.020
G1 X-3.081 Y5.991
G1 X-3.098 Y5.978
G1 X-3.111 Y5.965
G1 X-3.125 Y5.950
G1 X-3.137 Y5.935
G1 X-3.148 Y5.917
G1 X-3.156 Y5.900
G1 X-3.163 Y5.880
G1 X-3.167 Y5.864
G1 X-3.172 Y5.840
G1 X-3.175 Y5.796
G1 X-3.175 Y5.775
G1 X-3.173 Y5.758
G1 X-3.169 Y5.738
G1 X-3.165 Y5.724
G1 X-3.184 Y5.738
G1 X-3.243 Y5.781
G1 X-3.307 Y5.825
G1 X-3.377 Y5.871
G1 X-3.451 Y5.919
G1 X-3.529 Y5.967
G1 X-3.610 Y6.017
G1 X-3.695 Y6.069
G1 X-3.782 Y6.120
G1 X-3.871 Y6.173
G1 X-3.962 Y6.225
G1 X-4.053 Y6.276
G1 X-4.145 Y6.327
G1 X-4.237 Y6.377
G1 X-4.328 Y6.426
G1 X-4.418 Y6.474
G1 X-4.506 Y6.519
G1 X-4.592 Y6.563
G1 X-4.675 Y6.603
G1 X-4.754 Y6.642
G1 X-4.831 Y6.677
G1 X-4.903 Y6.709
G1 X-4.971 Y6.738
G1 X-5.035 Y6.763
G1 X-5.095 Y6.784
G1 X-5.155 Y6.802
G1 X-5.202 Y6.812
G1 X-5.220 Y6.815
G1 X-5.258 Y6.818
G1 X-5.281 Y6.818
G1 X-5.301 Y6.816
G1 X-5.322 Y6.812
G1 X-5.340 Y6.807
G1 X-5.360 Y6.800
G1 X-5.376 Y6.792
G1 X-5.396 Y6.781
G1 X-5.431 Y6.757
G1 X-5.447 Y6.743
G1 X-5.460 Y6.730
G1 X-5.474 Y6.714
G1 X-5.481 Y6.704
G1 X-5.485 Y6.699
G1 X-5.496 Y6.680
G1 X-5.525 Y6.620
G1 X-5.534 Y6.595
G1 X-5.559 Y6.500
G1 X-5.580 Y6.385
G1 X-5.597 Y6.252
G1 X-5.609 Y6.102
G1 X-5.613 Y6.032
G1 X-5.619 Y6.071
G1 X-5.641 Y6.220
G1 X-5.660 Y6.365
G1 X-5.660 Y6.367
G1 X-5.676 Y6.501
G1 X-5.690 Y6.632
G1 X-5.700 Y6.752
G1 X-5.700 Y6.752
G1 X-5.707 Y6.862
G1 X-5.711 Y6.955
G1 X-5.711 Y7.039
G1 X-5.707 Y7.110
G1 X-5.703 Y7.140
G1 X-5.685 Y7.150
G1 X-5.636 Y7.182
G1 X-5.579 Y7.219
G1 X-5.516 Y7.263
G1 X-5.445 Y7.313
G1 X-5.369 Y7.368
G1 X-5.287 Y7.429
G1 X-5.199 Y7.494
G1 X-5.108 Y7.564
G1 X-5.105 Y7.566
G1 X-5.154 Y7.506
G1 X-5.207 Y7.435
G1 X-5.245 Y7.377
G1 X-5.254 Y7.362
G1 X-5.282 Y7.304
G1 X-5.291 Y7.280
G1 X-5.303 Y7.235
G1 X-5.306 Y7.223
G1 X-5.310 Y7.197
G1 X-5.310 Y7.184
G1 X-5.310 Y7.135
G1 X-5.308 Y7.115
G1 X-5.304 Y7.098
G1 X-5.299 Y7.078
G1 X-5.283 Y7.035
G1 X-5.274 Y7.016
G1 X-5.266 Y7.004
G1 X-5.256 Y6.988
G1 X-5.229 Y6.954
G1 X-5.222 Y6.947
G1 X-5.207 Y6.931
G1 X-5.198 Y6.923
G1 X-5.154 Y6.887
G1 X-5.135 Y6.874
G1 X-5.071 Y6.837
G1 X-5.001 Y6.802
G1 X-4.922 Y6.769
G1 X-4.834 Y6.734
G1 X-4.105 Y6.456
G1 X-4.104 Y6.456
G1 X-3.806 Y6.342
G1 X-3.714 Y6.307
G1 X-3.624 Y6.275
G1 X-3.539 Y6.246
G1 X-3.456 Y6.221
G1 X-3.376 Y6.199
G1 X-3.298 Y6.180
G1 X-3.223 Y6.166
G1 X-3.148 Y6.155
G1 X-3.077 Y6.149
G1 X-3.005 Y6.147
G1 X-2.935 Y6.151
G1 X-2.879 Y6.159
G1 X-2.866 Y6.162
G1 X-2.815 Y6.174
G1 X-2.797 Y6.179
G1 X-2.749 Y6.197
G1 X-2.732 Y6.204
G1 X-2.687 Y6.227
G1 X-2.671 Y6.237
G1 X-2.629 Y6.266
G1 X-2.614 Y6.277
G1 X-2.577 Y6.310
G1 X-2.564 Y6.323
G1 X-2.528 Y6.362
G1 X-2.520 Y6.373
G1 X-2.491 Y6.414
G1 X-2.481 Y6.428
G1 X-2.449 Y6.485
G1 X-2.422 Y6.546
G1 X-2.399 Y6.608
G1 X-2.379 Y6.675
G1 X-2.363 Y6.744
G1 X-2.349 Y6.818
G1 X-2.338 Y6.888
G1 X-2.345 Y6.558
G1 X-2.338 Y6.528
G1 X-2.328 Y6.488
G1 X-2.317 Y6.449
G1 X-2.307 Y6.410
G1 X-2.295 Y6.373
G1 X-2.284 Y6.337
G1 X-2.272 Y6.301
G1 X-2.259 Y6.265
G1 X-2.246 Y6.231
G1 X-2.233 Y6.198
G1 X-2.218 Y6.163
G1 X-2.204 Y6.132
G1 X-2.189 Y6.100
G1 X-2.183 Y6.086
G1 X-2.200 Y6.092
G1 X-2.220 Y6.098
G1 X-2.322 Y6.122
G1 X-2.341 Y6.125
G1 X-2.455 Y6.140
G1 X-2.471 Y6.141
G1 X-2.597 Y6.146
G1 X-2.709 Y6.143
G1 X-2.700 Y6.147
G1 X-2.651 Y6.172
G1 X-2.631 Y6.184
G1 X-2.585 Y6.215
G1 X-2.568 Y6.229
G1 X-2.528 Y6.265
G1 X-2.512 Y6.280
G1 X-2.474 Y6.323
G1 X-2.464 Y6.336
G1 X-2.433 Y6.379
G1 X-2.421 Y6.397
G1 X-2.387 Y6.459
G1 X-2.358 Y6.524
G1 X-2.345 Y6.558
G1 X-2.363 Y6.363
G1 X-2.360 Y6.354
G1 X-2.349 Y6.317
G1 X-2.336 Y6.280
G1 X-2.323 Y6.243
G1 X-2.310 Y6.208
G1 X-2.300 Y6.184
G1 X-2.309 Y6.186
G1 X-2.332 Y6.190
G1 X-2.450 Y6.205
G1 X-2.469 Y6.207
G1 X-2.492 Y6.207
G1 X-2.478 Y6.220
G1 X-2.461 Y6.238
G1 X-2.419 Y6.285
G1 X-2.408 Y6.299
G1 X-2.375 Y6.345
G1 X-2.363 Y6.363
G1 X-2.464 Y6.010
G1 X-2.476 Y6.011
G1 X-2.594 Y6.015
G1 X-2.747 Y6.012
G1 X-2.860 Y6.003
G1 X-2.875 Y6.000
G1 X-2.953 Y5.984
G1 X-2.968 Y5.979
G1 X-2.979 Y5.975
G1 X-2.997 Y5.966
G1 X-3.039 Y5.939
G1 X-3.051 Y5.930
G1 X-3.061 Y5.922
G1 X-3.071 Y5.911
G1 X-3.078 Y5.901
G1 X-3.086 Y5.888
G1 X-3.092 Y5.878
G1 X-3.097 Y5.863
G1 X-3.100 Y5.853
G1 X-3.104 Y5.834
G1 X-3.107 Y5.796
G1 X-3.107 Y5.781
G1 X-3.106 Y5.769
G1 X-3.104 Y5.755
G1 X-3.101 Y5.743
G1 X-3.095 Y5.729
G1 X-3.090 Y5.720
G1 X-3.081 Y5.704
G1 X-3.051 Y5.663
G1 X-3.046 Y5.657
G1 X-3.032 Y5.642
G1 X-3.027 Y5.637
G1 X-2.962 Y5.582
G1 X-2.953 Y5.575
G1 X-2.854 Y5.506
G1 X-2.765 Y5.449
G1 X-2.680 Y5.399
G1 X-2.598 Y5.356
G1 X-2.520 Y5.320
G1 X-2.444 Y5.291
G1 X-2.382 Y5.272
G1 X-2.370 Y5.269
G1 X-2.313 Y5.258
G1 X-2.297 Y5.256
G1 X-2.243 Y5.252
G1 X-2.224 Y5.252
G1 X-2.181 Y5.256
G1 X-2.174 Y5.257
G1 X-2.150 Y5.262
G1 X-2.113 Y5.272
G1 X-2.105 Y5.275
G1 X-2.087 Y5.283
G1 X-2.079 Y5.286
G1 X-2.048 Y5.304
G1 X-2.041 Y5.309
G1 X-2.024 Y5.321
G1 X-2.017 Y5.327
G1 X-1.991 Y5.352
G1 X-1.985 Y5.358
G1 X-1.973 Y5.374
G1 X-1.968 Y5.380
G1 X-1.945 Y5.418
G1 X-1.937 Y5.433
G1 X-1.934 Y5.439
G1 X-1.918 Y5.484
G1 X-1.914 Y5.501
G1 X-1.904 Y5.552
G1 X-1.902 Y5.567
G1 X-1.899 Y5.621
G1 X-1.900 Y5.629
G1 X-1.901 Y5.650
G1 X-1.903 Y5.659
G1 X-1.915 Y5.714
G1 X-1.920 Y5.728
G1 X-1.925 Y5.739
G1 X-1.935 Y5.758
G1 X-1.967 Y5.803
G1 X-1.973 Y5.811
G1 X-1.988 Y5.827
G1 X-1.995 Y5.834
G1 X-2.050 Y5.879
G1 X-2.069 Y5.892
G1 X-2.139 Y5.930
G1 X-2.155 Y5.937
G1 X-2.239 Y5.967
G1 X-2.253 Y5.971
G1 X-2.347 Y5.994
G1 X-2.360 Y5.996
G1 X-2.464 Y6.010
G1 X-2.470 Y5.946
G1 X-2.479 Y5.946
G1 X-2.592 Y5.950
G1 X-2.742 Y5.947
G1 X-2.849 Y5.938
G1 X-2.861 Y5.937
G1 X-2.933 Y5.922
G1 X-2.947 Y5.917
G1 X-2.960 Y5.911
G1 X-2.997 Y5.888
G1 X-3.010 Y5.879
G1 X-3.020 Y5.868
G1 X-3.028 Y5.855
G1 X-3.034 Y5.841
G1 X-3.036 Y5.827
G1 X-3.039 Y5.796
G1 X-3.039 Y5.781
G1 X-3.037 Y5.766
G1 X-3.031 Y5.752
G1 X-3.025 Y5.741
G1 X-2.995 Y5.700
G1 X-2.981 Y5.685
G1 X-2.919 Y5.633
G1 X-2.913 Y5.628
G1 X-2.817 Y5.560
G1 X-2.729 Y5.505
G1 X-2.647 Y5.456
G1 X-2.568 Y5.415
G1 X-2.494 Y5.380
G1 X-2.424 Y5.353
G1 X-2.365 Y5.335
G1 X-2.356 Y5.333
G1 X-2.303 Y5.322
G1 X-2.292 Y5.321
G1 X-2.244 Y5.317
G1 X-2.230 Y5.317
G1 X-2.187 Y5.321
G1 X-2.170 Y5.324
G1 X-2.133 Y5.335
G1 X-2.114 Y5.343
G1 X-2.082 Y5.360
G1 X-2.065 Y5.373
G1 X-2.039 Y5.398
G1 X-2.026 Y5.414
G1 X-2.006 Y5.446
G1 X-1.999 Y5.461
G1 X-1.984 Y5.501
G1 X-1.980 Y5.513
G1 X-1.972 Y5.559
G1 X-1.970 Y5.570
G1 X-1.967 Y5.624
G1 X-1.969 Y5.645
G1 X-1.980 Y5.694
G1 X-1.985 Y5.708
G1 X-1.992 Y5.722
G1 X-2.024 Y5.768
G1 X-2.039 Y5.784
G1 X-2.089 Y5.826
G1 X-2.103 Y5.835
G1 X-2.168 Y5.871
G1 X-2.180 Y5.876
G1 X-2.259 Y5.905
G1 X-2.269 Y5.908
G1 X-2.361 Y5.930
G1 X-2.369 Y5.932
G1 X-2.470 Y5.946
G1 X-3.056 Y6.083
G1 X-3.071 Y6.075
G1 X-3.123 Y6.042
G1 X-3.145 Y6.025
G1 X-3.163 Y6.008
G1 X-3.181 Y5.988
G1 X-3.195 Y5.968
G1 X-3.210 Y5.944
G1 X-3.220 Y5.922
G1 X-3.229 Y5.896
G1 X-3.234 Y5.875
G1 X-3.237 Y5.857
G1 X-3.269 Y5.878
G1 X-3.339 Y5.925
G1 X-3.413 Y5.973
G1 X-3.492 Y6.022
G1 X-3.573 Y6.072
G1 X-3.659 Y6.125
G1 X-3.746 Y6.176
G1 X-3.836 Y6.228
G1 X-3.927 Y6.281
G1 X-4.019 Y6.333
G1 X-4.111 Y6.384
G1 X-4.141 Y6.400
G1 X-4.129 Y6.396
G1 X-4.129 Y6.395
G1 X-3.831 Y6.281
G1 X-3.737 Y6.246
G1 X-3.647 Y6.214
G1 X-3.559 Y6.184
G1 X-3.475 Y6.158
G1 X-3.392 Y6.136
G1 X-3.312 Y6.116
G1 X-3.233 Y6.101
G1 X-3.155 Y6.090
G1 X-3.078 Y6.084
G1 X-3.056 Y6.083
G1 X-3.228 Y6.035
G1 X-3.236 Y6.025
G1 X-3.254 Y6.000
G1 X-3.272 Y5.971
G1 X-3.275 Y5.962
G1 X-3.301 Y5.979
G1 X-3.376 Y6.028
G1 X-3.455 Y6.077
G1 X-3.479 Y6.092
G1 X-3.409 Y6.073
G1 X-3.325 Y6.053
G1 X-3.243 Y6.037
G1 X-3.228 Y6.035
G1 X-3.453 Y5.763
G1 X-3.525 Y5.810
G1 X-3.602 Y5.858
G1 X-3.683 Y5.907
G1 X-3.766 Y5.958
G1 X-3.853 Y6.009
G1 X-3.941 Y6.061
G1 X-4.031 Y6.112
G1 X-4.121 Y6.163
G1 X-4.212 Y6.214
G1 X-4.303 Y6.264
G1 X-4.393 Y6.312
G1 X-4.482 Y6.359
G1 X-4.569 Y6.404
G1 X-4.654 Y6.447
G1 X-4.736 Y6.487
G1 X-4.814 Y6.524
G1 X-4.888 Y6.559
G1 X-4.958 Y6.590
G1 X-5.023 Y6.617
G1 X-5.082 Y6.641
G1 X-5.136 Y6.660
G1 X-5.186 Y6.675
G1 X-5.222 Y6.683
G1 X-5.233 Y6.685
G1 X-5.261 Y6.688
G1 X-5.277 Y6.688
G1 X-5.292 Y6.685
G1 X-5.307 Y6.680
G1 X-5.318 Y6.674
G1 X-5.344 Y6.657
G1 X-5.356 Y6.647
G1 X-5.366 Y6.636
G1 X-5.373 Y6.624
G1 X-5.397 Y6.575
G1 X-5.402 Y6.562
G1 X-5.425 Y6.477
G1 X-5.445 Y6.370
G1 X-5.461 Y6.242
G1 X-5.473 Y6.096
G1 X-5.481 Y5.936
G1 X-5.484 Y5.764
G1 X-5.480 Y5.598
G1 X-5.468 Y5.424
G1 X-5.449 Y5.247
G1 X-5.423 Y5.067
G1 X-5.392 Y4.888
G1 X-5.356 Y4.712
G1 X-5.316 Y4.541
G1 X-5.272 Y4.377
G1 X-5.225 Y4.223
G1 X-5.176 Y4.081
G1 X-5.124 Y3.952
G1 X-5.071 Y3.839
G1 X-5.020 Y3.752
G1 X-5.015 Y3.743
G1 X-4.965 Y3.678
G1 X-4.952 Y3.665
G1 X-4.904 Y3.624
G1 X-4.891 Y3.615
G1 X-4.873 Y3.607
G1 X-4.826 Y3.593
G1 X-4.811 Y3.590
G1 X-4.795 Y3.590
G1 X-4.781 Y3.591
G1 X-4.763 Y3.595
G1 X-4.747 Y3.601
G1 X-4.721 Y3.613
G1 X-4.714 Y3.617
G1 X-4.677 Y3.638
G1 X-4.634 Y3.665
G1 X-4.586 Y3.699
G1 X-4.533 Y3.739
G1 X-4.474 Y3.784
G1 X-4.411 Y3.834
G1 X-4.343 Y3.889
G1 X-4.271 Y3.949
G1 X-4.196 Y4.013
G1 X-4.118 Y4.080
G1 X-4.037 Y4.151
G1 X-3.955 Y4.225
G1 X-3.870 Y4.302
G1 X-3.785 Y4.381
G1 X-3.700 Y4.461
G1 X-3.619 Y4.542
G1 X-3.542 Y4.622
G1 X-3.470 Y4.701
G1 X-3.402 Y4.779
G1 X-3.339 Y4.855
G1 X-3.281 Y4.928
G1 X-3.230 Y4.999
G1 X-3.183 Y5.067
G1 X-3.144 Y5.131
G1 X-3.111 Y5.193
G1 X-3.084 Y5.251
G1 X-3.068 Y5.296
G1 X-3.066 Y5.307
G1 X-3.058 Y5.346
G1 X-3.056 Y5.362
G1 X-3.056 Y5.395
G1 X-3.058 Y5.410
G1 X-3.061 Y5.420
G1 X-3.070 Y5.446
G1 X-3.076 Y5.460
G1 X-3.081 Y5.468
G1 X-3.098 Y5.490
G1 X-3.105 Y5.498
G1 X-3.134 Y5.528
G1 X-3.172 Y5.561
G1 X-3.215 Y5.596
G1 X-3.266 Y5.634
G1 X-3.322 Y5.675
G1 X-3.385 Y5.718
G1 X-3.453 Y5.763
G1 X-2.940 Y5.486
G1 X-2.892 Y5.452
G1 X-2.800 Y5.394
G1 X-2.713 Y5.343
G1 X-2.628 Y5.298
G1 X-2.545 Y5.259
G1 X-2.465 Y5.229
G1 X-2.398 Y5.209
G1 X-2.384 Y5.205
G1 X-2.322 Y5.193
G1 X-2.307 Y5.191
G1 X-2.319 Y5.187
G1 X-2.366 Y5.170
G1 X-2.414 Y5.152
G1 X-2.462 Y5.132
G1 X-2.510 Y5.111
G1 X-2.558 Y5.089
G1 X-2.607 Y5.065
G1 X-2.656 Y5.040
G1 X-2.705 Y5.013
G1 X-2.755 Y4.985
G1 X-2.805 Y4.955
G1 X-2.856 Y4.924
G1 X-2.908 Y4.892
G1 X-2.960 Y4.858
G1 X-3.013 Y4.823
G1 X-3.067 Y4.786
G1 X-3.121 Y4.747
G1 X-3.176 Y4.707
G1 X-3.232 Y4.666
G1 X-3.289 Y4.622
G1 X-3.346 Y4.578
G1 X-3.405 Y4.531
G1 X-3.465 Y4.483
G1 X-3.526 Y4.434
G1 X-3.587 Y4.382
G1 X-3.613 Y4.360
G1 X-3.602 Y4.371
G1 X-3.519 Y4.453
G1 X-3.440 Y4.536
G1 X-3.366 Y4.617
G1 X-3.295 Y4.698
G1 X-3.230 Y4.776
G1 X-3.170 Y4.854
G1 X-3.116 Y4.928
G1 X-3.066 Y5.001
G1 X-3.023 Y5.071
G1 X-2.986 Y5.141
G1 X-2.955 Y5.209
G1 X-2.937 Y5.264
G1 X-2.932 Y5.283
G1 X-2.923 Y5.328
G1 X-2.922 Y5.335
G1 X-2.920 Y5.364
G1 X-2.921 Y5.409
G1 X-2.923 Y5.429
G1 X-2.926 Y5.444
G1 X-2.932 Y5.462
G1 X-2.940 Y5.486
G1 X-2.853 Y5.349
G1 X-2.836 Y5.338
G1 X-2.746 Y5.285
G1 X-2.657 Y5.239
G1 X-2.570 Y5.199
G1 X-2.518 Y5.179
G1 X-2.539 Y5.170
G1 X-2.589 Y5.147
G1 X-2.639 Y5.122
G1 X-2.689 Y5.096
G1 X-2.739 Y5.070
G1 X-2.791 Y5.040
G1 X-2.842 Y5.011
G1 X-2.894 Y4.979
G1 X-2.946 Y4.946
G1 X-2.999 Y4.911
G1 X-3.052 Y4.876
G1 X-3.090 Y4.850
G1 X-3.059 Y4.893
G1 X-3.008 Y4.968
G1 X-2.963 Y5.041
G1 X-2.923 Y5.116
G1 X-2.891 Y5.189
G1 X-2.871 Y5.248
G1 X-2.865 Y5.271
G1 X-2.855 Y5.321
G1 X-2.854 Y5.331
G1 X-2.853 Y5.349
G1 X-2.802 Y5.242
G1 X-2.778 Y5.228
G1 X-2.687 Y5.180
G1 X-2.678 Y5.176
G1 X-2.723 Y5.153
G1 X-2.773 Y5.126
G1 X-2.827 Y5.096
G1 X-2.872 Y5.069
G1 X-2.860 Y5.090
G1 X-2.826 Y5.169
G1 X-2.805 Y5.233
G1 X-2.802 Y5.242
G1 X-1.985 Y5.268
G1 X-1.979 Y5.273
G1 X-1.969 Y5.281
G1 X-1.939 Y5.309
G1 X-1.931 Y5.319
G1 X-1.916 Y5.337
G1 X-1.910 Y5.347
G1 X-1.883 Y5.390
G1 X-1.875 Y5.407
G1 X-1.870 Y5.418
G1 X-1.853 Y5.467
G1 X-1.847 Y5.490
G1 X-1.836 Y5.545
G1 X-1.834 Y5.563
G1 X-1.831 Y5.622
G1 X-1.832 Y5.634
G1 X-1.834 Y5.660
G1 X-1.836 Y5.673
G1 X-1.846 Y5.714
G1 X-1.776 Y5.639
G1 X-1.688 Y5.551
G1 X-1.594 Y5.465
G1 X-1.496 Y5.381
G1 X-1.395 Y5.300
G1 X-1.290 Y5.221
G1 X-1.274 Y5.210
G1 X-1.318 Y5.222
G1 X-1.362 Y5.233
G1 X-1.407 Y5.243
G1 X-1.450 Y5.252
G1 X-1.495 Y5.260
G1 X-1.541 Y5.267
G1 X-1.585 Y5.272
G1 X-1.630 Y5.277
G1 X-1.675 Y5.280
G1 X-1.719 Y5.281
G1 X-1.766 Y5.282
G1 X-1.811 Y5.282
G1 X-1.856 Y5.280
G1 X-1.902 Y5.277
G1 X-1.948 Y5.272
G1 X-1.985 Y5.268
G1 X-1.831 Y5.346
G1 X-1.822 Y5.362
G1 X-1.812 Y5.382
G1 X-1.806 Y5.397
G1 X-1.787 Y5.451
G1 X-1.780 Y5.478
G1 X-1.769 Y5.538
G1 X-1.735 Y5.504
G1 X-1.640 Y5.417
G1 X-1.542 Y5.332
G1 X-1.578 Y5.337
G1 X-1.625 Y5.341
G1 X-1.672 Y5.345
G1 X-1.718 Y5.347
G1 X-1.767 Y5.348
G1 X-1.814 Y5.347
G1 X-1.831 Y5.346
G1 X-0.275 Y4.715
G1 X-0.217 Y4.702
G1 X-0.202 Y4.699
G1 X-0.194 Y4.699
G1 X-0.179 Y4.698
G1 X-0.171 Y4.698
G1 X-0.143 Y4.701
G1 X-0.130 Y4.703
G1 X-0.099 Y4.710
G1 X-0.086 Y4.713
G1 X-0.062 Y4.722
G1 X-0.049 Y4.727
G1 X0.013 Y4.758
G1 X0.086 Y4.801
G1 X0.170 Y4.856
G1 X0.248 Y4.911
G1 X0.226 Y4.877
G1 X0.199 Y4.832
G1 X0.173 Y4.786
G1 X0.150 Y4.740
G1 X0.127 Y4.692
G1 X0.107 Y4.643
G1 X0.088 Y4.594
G1 X0.071 Y4.544
G1 X0.056 Y4.493
G1 X0.043 Y4.441
G1 X0.031 Y4.388
G1 X0.021 Y4.334
G1 X0.012 Y4.280
G1 X0.009 Y4.254
G1 X0.002 Y4.276
G1 X-0.003 Y4.289
G1 X-0.044 Y4.391
G1 X-0.052 Y4.406
G1 X-0.104 Y4.501
G1 X-0.113 Y4.515
G1 X-0.176 Y4.604
G1 X-0.186 Y4.616
G1 X-0.260 Y4.699
G1 X-0.271 Y4.711
G1 X-0.275 Y4.715
G1 X-0.119 Y4.639
G1 X-0.116 Y4.639
G1 X-0.081 Y4.647
G1 X-0.063 Y4.652
G1 X-0.033 Y4.662
G1 X-0.018 Y4.669
G1 X0.049 Y4.703
G1 X0.062 Y4.711
G1 X0.043 Y4.665
G1 X0.024 Y4.614
G1 X0.006 Y4.561
G1 X-0.010 Y4.508
G1 X-0.017 Y4.482
G1 X-0.046 Y4.536
G1 X-0.057 Y4.551
G1 X-0.119 Y4.639
G1 X0.041 Y3.419
G1 X0.042 Y3.407
G1 X0.054 Y3.335
G1 X0.067 Y3.261
G1 X0.081 Y3.186
G1 X0.097 Y3.109
G1 X0.113 Y3.030
G1 X0.130 Y2.950
G1 X0.149 Y2.868
G1 X0.168 Y2.784
G1 X0.189 Y2.698
G1 X0.211 Y2.610
G1 X0.219 Y2.576
G1 X0.164 Y2.622
G1 X0.094 Y2.674
G1 X0.019 Y2.721
G1 X-0.059 Y2.763
G1 X-0.141 Y2.800
G1 X-0.227 Y2.831
G1 X-0.315 Y2.857
G1 X-0.406 Y2.878
G1 X-0.500 Y2.892
G1 X-0.597 Y2.901
G1 X-0.697 Y2.904
G1 X-0.780 Y2.900
G1 X-0.866 Y2.892
G1 X-0.954 Y2.878
G1 X-1.002 Y2.869
G1 X-0.952 Y2.887
G1 X-0.867 Y2.916
G1 X-0.781 Y2.942
G1 X-0.719 Y2.958
G1 X-0.672 Y2.967
G1 X-0.633 Y2.970
G1 X-0.492 Y2.979
G1 X-0.470 Y2.982
G1 X-0.358 Y3.006
G1 X-0.347 Y3.009
G1 X-0.325 Y3.017
G1 X-0.315 Y3.021
G1 X-0.217 Y3.066
G1 X-0.198 Y3.077
G1 X-0.185 Y3.086
G1 X-0.175 Y3.094
G1 X-0.097 Y3.162
G1 X-0.083 Y3.177
G1 X-0.074 Y3.187
G1 X-0.066 Y3.199
G1 X-0.012 Y3.282
G1 X-0.007 Y3.291
G1 X0.003 Y3.312
G1 X0.008 Y3.323
G1 X0.041 Y3.419
G1 X0.011 Y3.193
G1 X0.014 Y3.174
G1 X0.030 Y3.096
G1 X0.046 Y3.017
G1 X0.064 Y2.937
G1 X0.082 Y2.854
G1 X0.102 Y2.769
G1 X0.109 Y2.742
G1 X0.053 Y2.777
G1 X-0.030 Y2.822
G1 X-0.117 Y2.861
G1 X-0.207 Y2.894
G1 X-0.300 Y2.921
G1 X-0.371 Y2.937
G1 X-0.338 Y2.944
G1 X-0.325 Y2.948
G1 X-0.299 Y2.956
G1 X-0.285 Y2.962
G1 X-0.181 Y3.010
G1 X-0.159 Y3.024
G1 X-0.142 Y3.036
G1 X-0.130 Y3.046
G1 X-0.046 Y3.118
G1 X-0.029 Y3.137
G1 X-0.018 Y3.150
G1 X-0.008 Y3.165
G1 X0.011 Y3.193
G1 X-0.029 Y3.045
G1 X-0.020 Y3.004
G1 X-0.003 Y2.923
G1 X0.008 Y2.876
G1 X-0.001 Y2.881
G1 X-0.092 Y2.921
G1 X-0.162 Y2.947
G1 X-0.152 Y2.952
G1 X-0.145 Y2.955
G1 X-0.118 Y2.972
G1 X-0.098 Y2.986
G1 X-0.084 Y2.997
G1 X-0.029 Y3.045
; Retract
G1 Z1.5000 F2540

; Path 56
; Rapid to initial position
G1 X1.198 Y5.690 F2540
G1 Z0.5000
; plunge
G1 Z-2.6750 F127
; cut
G1 X1.202 Y5.700 F1016
G1 X1.207 Y5.712
G1 X1.209 Y5.718
G1 X1.213 Y5.739
G1 X1.215 Y5.755
G1 X1.216 Y5.776
G1 X1.215 Y5.795
G1 X1.211 Y5.816
G1 X1.207 Y5.833
G1 X1.202 Y5.847
G1 X1.199 Y5.854
G1 X1.193 Y5.867
G1 X1.189 Y5.873
G1 X1.175 Y5.895
G1 X1.167 Y5.905
G1 X1.058 Y6.036
G1 X1.136 Y5.999
G1 X1.150 Y5.993
G1 X1.234 Y5.962
G1 X1.247 Y5.959
G1 X1.332 Y5.936
G1 X1.346 Y5.934
G1 X1.433 Y5.919
G1 X1.447 Y5.918
G1 X1.536 Y5.912
G1 X1.549 Y5.912
G1 X1.618 Y5.914
G1 X1.426 Y5.813
G1 X1.358 Y5.778
G1 X1.293 Y5.743
G1 X1.230 Y5.708
G1 X1.198 Y5.690
G1 X1.281 Y5.811
G1 X1.277 Y5.832
G1 X1.271 Y5.854
G1 X1.265 Y5.871
G1 X1.260 Y5.882
G1 X1.257 Y5.889
G1 X1.318 Y5.873
G1 X1.334 Y5.870
G1 X1.378 Y5.862
G1 X1.325 Y5.835
G1 X1.281 Y5.811
G1 X1.346 Y6.000
G1 X1.358 Y5.998
G1 X1.440 Y5.984
G1 X1.452 Y5.983
G1 X1.536 Y5.977
G1 X1.548 Y5.977
G1 X1.633 Y5.979
G1 X1.644 Y5.980
G1 X1.741 Y5.992
G1 X1.837 Y6.013
G1 X1.934 Y6.042
G1 X2.030 Y6.080
G1 X2.126 Y6.126
G1 X2.221 Y6.180
G1 X2.317 Y6.242
G1 X2.414 Y6.315
G1 X2.528 Y6.415
G1 X2.537 Y6.424
G1 X2.639 Y6.534
G1 X2.646 Y6.543
G1 X2.736 Y6.663
G1 X2.742 Y6.672
G1 X2.818 Y6.798
G1 X2.824 Y6.808
G1 X2.891 Y6.950
G1 X2.946 Y7.097
G1 X2.986 Y7.246
G1 X3.011 Y7.397
G1 X3.023 Y7.539
G1 X3.023 Y7.549
G1 X3.020 Y7.688
G1 X3.019 Y7.700
G1 X3.003 Y7.837
G1 X3.000 Y7.848
G1 X2.970 Y7.979
G1 X2.966 Y7.992
G1 X2.920 Y8.117
G1 X2.914 Y8.130
G1 X2.854 Y8.247
G1 X2.846 Y8.260
G1 X2.771 Y8.369
G1 X2.760 Y8.381
G1 X2.670 Y8.478
G1 X2.659 Y8.488
G1 X2.611 Y8.528
G1 X2.555 Y8.567
G1 X2.492 Y8.607
G1 X2.422 Y8.646
G1 X2.345 Y8.687
G1 X2.262 Y8.727
G1 X2.174 Y8.768
G1 X2.080 Y8.809
G1 X1.982 Y8.851
G1 X1.880 Y8.892
G1 X1.775 Y8.933
G1 X1.667 Y8.974
G1 X1.557 Y9.014
G1 X1.446 Y9.052
G1 X1.334 Y9.090
G1 X1.222 Y9.127
G1 X1.110 Y9.162
G1 X1.000 Y9.195
G1 X0.891 Y9.227
G1 X0.785 Y9.256
G1 X0.682 Y9.283
G1 X0.582 Y9.308
G1 X0.487 Y9.330
G1 X0.396 Y9.349
G1 X0.310 Y9.364
G1 X0.230 Y9.377
G1 X0.154 Y9.385
G1 X0.085 Y9.390
G1 X0.029 Y9.390
G1 X0.018 Y9.389
G1 X-0.029 Y9.384
G1 X-0.051 Y9.380
G1 X-0.088 Y9.369
G1 X-0.103 Y9.363
G1 X-0.112 Y9.359
G1 X-0.124 Y9.352
G1 X-0.150 Y9.335
G1 X-0.162 Y9.326
G1 X-0.171 Y9.318
G1 X-0.181 Y9.306
G1 X-0.190 Y9.294
G1 X-0.201 Y9.274
G1 X-0.204 Y9.266
G1 X-0.209 Y9.255
G1 X-0.211 Y9.246
G1 X-0.216 Y9.225
G1 X-0.217 Y9.216
G1 X-0.219 Y9.190
G1 X-0.219 Y9.180
G1 X-0.218 Y9.140
G1 X-0.214 Y9.095
G1 X-0.208 Y9.041
G1 X-0.200 Y8.979
G1 X-0.190 Y8.911
G1 X-0.178 Y8.835
G1 X-0.165 Y8.753
G1 X-0.149 Y8.664
G1 X-0.132 Y8.571
G1 X-0.113 Y8.472
G1 X-0.093 Y8.370
G1 X-0.071 Y8.263
G1 X-0.048 Y8.154
G1 X-0.023 Y8.040
G1 X0.015 Y7.877
G1 X0.056 Y7.720
G1 X0.100 Y7.569
G1 X0.146 Y7.425
G1 X0.195 Y7.287
G1 X0.247 Y7.155
G1 X0.302 Y7.030
G1 X0.360 Y6.911
G1 X0.420 Y6.799
G1 X0.482 Y6.693
G1 X0.548 Y6.594
G1 X0.616 Y6.502
G1 X0.687 Y6.416
G1 X0.761 Y6.337
G1 X0.838 Y6.265
G1 X0.918 Y6.201
G1 X1.001 Y6.144
G1 X1.086 Y6.095
G1 X1.163 Y6.059
G1 X1.174 Y6.054
G1 X1.255 Y6.025
G1 X1.265 Y6.022
G1 X1.346 Y6.000
G1 X1.361 Y6.064
G1 X1.369 Y6.062
G1 X1.449 Y6.049
G1 X1.457 Y6.048
G1 X1.537 Y6.042
G1 X1.546 Y6.042
G1 X1.628 Y6.044
G1 X1.636 Y6.045
G1 X1.726 Y6.056
G1 X1.817 Y6.075
G1 X1.908 Y6.103
G1 X2.000 Y6.138
G1 X2.091 Y6.182
G1 X2.183 Y6.234
G1 X2.275 Y6.294
G1 X2.368 Y6.363
G1 X2.480 Y6.461
G1 X2.486 Y6.467
G1 X2.586 Y6.575
G1 X2.591 Y6.581
G1 X2.679 Y6.698
G1 X2.683 Y6.704
G1 X2.758 Y6.828
G1 X2.762 Y6.835
G1 X2.827 Y6.972
G1 X2.880 Y7.113
G1 X2.919 Y7.257
G1 X2.944 Y7.402
G1 X2.955 Y7.540
G1 X2.955 Y7.548
G1 X2.952 Y7.684
G1 X2.952 Y7.692
G1 X2.936 Y7.825
G1 X2.934 Y7.833
G1 X2.904 Y7.961
G1 X2.901 Y7.970
G1 X2.857 Y8.092
G1 X2.853 Y8.101
G1 X2.795 Y8.215
G1 X2.790 Y8.224
G1 X2.717 Y8.329
G1 X2.710 Y8.338
G1 X2.623 Y8.432
G1 X2.615 Y8.439
G1 X2.570 Y8.475
G1 X2.518 Y8.513
G1 X2.457 Y8.551
G1 X2.389 Y8.589
G1 X2.314 Y8.629
G1 X2.233 Y8.669
G1 X2.145 Y8.709
G1 X2.053 Y8.750
G1 X1.955 Y8.791
G1 X1.854 Y8.832
G1 X1.750 Y8.873
G1 X1.643 Y8.913
G1 X1.534 Y8.952
G1 X1.423 Y8.991
G1 X1.312 Y9.029
G1 X1.200 Y9.065
G1 X1.090 Y9.100
G1 X0.980 Y9.133
G1 X0.872 Y9.164
G1 X0.767 Y9.194
G1 X0.665 Y9.220
G1 X0.566 Y9.244
G1 X0.472 Y9.266
G1 X0.383 Y9.285
G1 X0.299 Y9.300
G1 X0.222 Y9.312
G1 X0.150 Y9.320
G1 X0.085 Y9.325
G1 X0.034 Y9.325
G1 X0.025 Y9.324
G1 X-0.017 Y9.320
G1 X-0.032 Y9.317
G1 X-0.063 Y9.308
G1 X-0.078 Y9.303
G1 X-0.086 Y9.298
G1 X-0.107 Y9.285
G1 X-0.120 Y9.275
G1 X-0.130 Y9.264
G1 X-0.140 Y9.244
G1 X-0.145 Y9.233
G1 X-0.149 Y9.211
G1 X-0.151 Y9.189
G1 X-0.151 Y9.182
G1 X-0.150 Y9.145
G1 X-0.147 Y9.101
G1 X-0.141 Y9.049
G1 X-0.133 Y8.988
G1 X-0.123 Y8.920
G1 X-0.111 Y8.845
G1 X-0.098 Y8.763
G1 X-0.082 Y8.676
G1 X-0.065 Y8.583
G1 X-0.046 Y8.484
G1 X-0.026 Y8.382
G1 X-0.004 Y8.276
G1 X0.019 Y8.167
G1 X0.043 Y8.054
G1 X0.081 Y7.893
G1 X0.121 Y7.737
G1 X0.165 Y7.588
G1 X0.210 Y7.446
G1 X0.259 Y7.310
G1 X0.310 Y7.180
G1 X0.364 Y7.057
G1 X0.420 Y6.941
G1 X0.479 Y6.831
G1 X0.540 Y6.728
G1 X0.604 Y6.631
G1 X0.670 Y6.542
G1 X0.738 Y6.459
G1 X0.809 Y6.384
G1 X0.882 Y6.315
G1 X0.958 Y6.254
G1 X1.036 Y6.200
G1 X1.116 Y6.154
G1 X1.191 Y6.118
G1 X1.199 Y6.115
G1 X1.275 Y6.087
G1 X1.283 Y6.084
G1 X1.361 Y6.064
; Retract
G1 Z1.5000 F2540

; Path 57
; Rapid to initial position
G1 X2.524 Y6.323 F2540
G1 Z0.5000
; plunge
G1 Z-2.6750 F127
; cut
G1 X2.577 Y6.370 F1016
G1 X2.588 Y6.381
G1 X2.692 Y6.493
G1 X2.702 Y6.505
G1 X2.793 Y6.628
G1 X2.800 Y6.639
G1 X2.879 Y6.768
G1 X2.886 Y6.781
G1 X2.888 Y6.785
G1 X2.884 Y6.763
G1 X2.877 Y6.698
G1 X2.876 Y6.682
G1 X2.876 Y6.619
G1 X2.877 Y6.599
G1 X2.885 Y6.547
G1 X2.886 Y6.540
G1 X2.894 Y6.514
G1 X2.908 Y6.473
G1 X2.914 Y6.460
G1 X2.926 Y6.437
G1 X2.933 Y6.426
G1 X2.961 Y6.387
G1 X2.975 Y6.371
G1 X2.986 Y6.361
G1 X3.001 Y6.348
G1 X3.046 Y6.315
G1 X3.055 Y6.309
G1 X3.080 Y6.294
G1 X3.097 Y6.286
G1 X3.066 Y6.279
G1 X3.056 Y6.275
G1 X3.035 Y6.268
G1 X3.023 Y6.263
G1 X2.976 Y6.239
G1 X2.965 Y6.232
G1 X2.944 Y6.218
G1 X2.933 Y6.209
G1 X2.895 Y6.175
G1 X2.886 Y6.166
G1 X2.870 Y6.147
G1 X2.862 Y6.137
G1 X2.829 Y6.086
G1 X2.819 Y6.068
G1 X2.815 Y6.059
G1 X2.792 Y6.000
G1 X2.786 Y5.979
G1 X2.770 Y5.912
G1 X2.767 Y5.897
G1 X2.764 Y5.870
G1 X2.682 Y6.181
G1 X2.674 Y6.200
G1 X2.666 Y6.218
G1 X2.654 Y6.236
G1 X2.644 Y6.249
G1 X2.629 Y6.265
G1 X2.615 Y6.278
G1 X2.598 Y6.291
G1 X2.583 Y6.300
G1 X2.564 Y6.309
G1 X2.546 Y6.317
G1 X2.525 Y6.323
G1 X2.524 Y6.323
G1 X2.642 Y6.340
G1 X2.745 Y6.453
G1 X2.757 Y6.467
G1 X2.816 Y6.547
G1 X2.818 Y6.534
G1 X2.821 Y6.524
G1 X2.829 Y6.493
G1 X2.846 Y6.448
G1 X2.853 Y6.431
G1 X2.867 Y6.404
G1 X2.877 Y6.389
G1 X2.909 Y6.345
G1 X2.926 Y6.326
G1 X2.941 Y6.312
G1 X2.954 Y6.301
G1 X2.939 Y6.294
G1 X2.926 Y6.286
G1 X2.901 Y6.268
G1 X2.886 Y6.257
G1 X2.845 Y6.219
G1 X2.833 Y6.207
G1 X2.815 Y6.185
G1 X2.804 Y6.171
G1 X2.769 Y6.116
G1 X2.746 Y6.203
G1 X2.736 Y6.229
G1 X2.724 Y6.252
G1 X2.709 Y6.274
G1 X2.695 Y6.292
G1 X2.676 Y6.313
G1 X2.657 Y6.329
G1 X2.642 Y6.340
G1 X2.737 Y6.345
G1 X2.791 Y6.404
G1 X2.792 Y6.402
G1 X2.809 Y6.370
G1 X2.822 Y6.351
G1 X2.850 Y6.313
G1 X2.840 Y6.304
G1 X2.794 Y6.263
G1 X2.794 Y6.262
G1 X2.781 Y6.286
G1 X2.763 Y6.313
G1 X2.745 Y6.336
G1 X2.737 Y6.345
G1 X3.066 Y7.314
G1 X3.079 Y7.393
G1 X3.091 Y7.538
G1 X3.091 Y7.550
G1 X3.088 Y7.692
G1 X3.087 Y7.707
G1 X3.069 Y7.849
G1 X3.067 Y7.862
G1 X3.035 Y7.998
G1 X3.030 Y8.013
G1 X2.988 Y8.127
G1 X3.164 Y7.973
G1 X3.182 Y7.960
G1 X3.199 Y7.951
G1 X3.218 Y7.942
G1 X3.234 Y7.936
G1 X3.256 Y7.930
G1 X3.274 Y7.927
G1 X3.297 Y7.925
G1 X3.316 Y7.925
G1 X3.338 Y7.927
G1 X3.356 Y7.931
G1 X3.376 Y7.937
G1 X3.394 Y7.943
G1 X3.413 Y7.952
G1 X3.414 Y7.953
G1 X3.365 Y7.873
G1 X3.306 Y7.775
G1 X3.250 Y7.676
G1 X3.196 Y7.577
G1 X3.145 Y7.479
G1 X3.098 Y7.382
G1 X3.066 Y7.314
G1 X3.157 Y7.646
G1 X3.156 Y7.697
G1 X3.154 Y7.715
G1 X3.136 Y7.861
G1 X3.133 Y7.876
G1 X3.122 Y7.921
G1 X3.124 Y7.920
G1 X3.147 Y7.904
G1 X3.169 Y7.892
G1 X3.193 Y7.881
G1 X3.216 Y7.873
G1 X3.244 Y7.866
G1 X3.269 Y7.862
G1 X3.279 Y7.861
G1 X3.246 Y7.806
G1 X3.189 Y7.706
G1 X3.157 Y7.646
; Retract
G1 Z1.5000 F2540

; Path 58
; Rapid to initial position
G1 X1.884 Y8.961 F2540
G1 Z0.5000
; plunge
G1 Z-2.6750 F127
; cut
G1 X1.800 Y8.994 F1016
G1 X1.691 Y9.035
G1 X1.580 Y9.075
G1 X1.563 Y9.081
G1 X1.583 Y9.076
G1 X1.645 Y9.058
G1 X1.712 Y9.035
G1 X1.777 Y9.009
G1 X1.851 Y8.977
G1 X1.884 Y8.961
G1 X-0.037 Y9.448
G1 X-0.043 Y9.448
G1 X-0.070 Y9.442
G1 X-0.113 Y9.429
G1 X-0.133 Y9.422
G1 X-0.147 Y9.415
G1 X-0.162 Y9.406
G1 X-0.193 Y9.386
G1 X-0.210 Y9.373
G1 X-0.223 Y9.360
G1 X-0.233 Y9.348
G1 X-0.238 Y9.343
G1 X-0.247 Y9.330
G1 X-0.250 Y9.324
G1 X-0.263 Y9.301
G1 X-0.269 Y9.288
G1 X-0.274 Y9.272
G1 X-0.278 Y9.260
G1 X-0.283 Y9.234
G1 X-0.284 Y9.232
G1 X-0.309 Y9.318
G1 X-0.335 Y9.401
G1 X-0.361 Y9.478
G1 X-0.388 Y9.549
G1 X-0.399 Y9.576
G1 X-0.294 Y9.540
G1 X-0.173 Y9.498
G1 X-0.037 Y9.448
G1 X-0.222 Y9.446
G1 X-0.236 Y9.436
G1 X-0.258 Y9.419
G1 X-0.267 Y9.410
G1 X-0.271 Y9.421
G1 X-0.287 Y9.469
G1 X-0.222 Y9.446
; Retract
G1 Z1.5000 F2540

; Path 59
; Rapid to initial position
G1 X-5.357 Y7.296 F2540
G1 Z0.5000
; plunge
G1 Z-2.6750 F127
; cut
G1 X-5.370 Y7.248 F1016
G1 X-5.373 Y7.232
G1 X-5.378 Y7.200
G1 X-5.378 Y7.183
G1 X-5.377 Y7.129
G1 X-5.375 Y7.103
G1 X-5.370 Y7.081
G1 X-5.363 Y7.057
G1 X-5.344 Y7.007
G1 X-5.333 Y6.984
G1 X-5.323 Y6.968
G1 X-5.310 Y6.950
G1 X-5.281 Y6.911
G1 X-5.272 Y6.902
G1 X-5.254 Y6.884
G1 X-5.253 Y6.883
G1 X-5.258 Y6.883
G1 X-5.287 Y6.883
G1 X-5.314 Y6.880
G1 X-5.341 Y6.875
G1 X-5.364 Y6.868
G1 X-5.390 Y6.858
G1 X-5.411 Y6.848
G1 X-5.435 Y6.834
G1 X-5.475 Y6.806
G1 X-5.496 Y6.789
G1 X-5.513 Y6.772
G1 X-5.530 Y6.751
G1 X-5.539 Y6.739
G1 X-5.545 Y6.729
G1 X-5.557 Y6.707
G1 X-5.589 Y6.641
G1 X-5.599 Y6.611
G1 X-5.614 Y6.557
G1 X-5.622 Y6.638
G1 X-5.632 Y6.755
G1 X-5.632 Y6.756
G1 X-5.639 Y6.866
G1 X-5.643 Y6.957
G1 X-5.643 Y7.035
G1 X-5.639 Y7.102
G1 X-5.597 Y7.128
G1 X-5.539 Y7.166
G1 X-5.475 Y7.210
G1 X-5.404 Y7.261
G1 X-5.357 Y7.296
G1 X-5.446 Y7.151
G1 X-5.445 Y7.122
G1 X-5.441 Y7.089
G1 X-5.435 Y7.063
G1 X-5.427 Y7.035
G1 X-5.406 Y6.980
G1 X-5.392 Y6.952
G1 X-5.380 Y6.933
G1 X-5.379 Y6.932
G1 X-5.390 Y6.929
G1 X-5.420 Y6.917
G1 X-5.447 Y6.903
G1 X-5.475 Y6.887
G1 X-5.520 Y6.856
G1 X-5.546 Y6.833
G1 X-5.566 Y6.812
G1 X-5.567 Y6.811
G1 X-5.571 Y6.870
G1 X-5.575 Y6.960
G1 X-5.575 Y7.032
G1 X-5.573 Y7.065
G1 X-5.558 Y7.074
G1 X-5.499 Y7.114
G1 X-5.446 Y7.151
G1 X-5.498 Y7.035
G1 X-5.491 Y7.013
G1 X-5.472 Y6.964
G1 X-5.483 Y6.959
G1 X-5.506 Y6.945
G1 X-5.507 Y6.962
G1 X-5.507 Y7.029
G1 X-5.498 Y7.035
; Retract
G1 Z1.5000 F2540

; Path 60
; Rapid to initial position
G1 X-4.214 Y3.824 F2540
G1 Z0.5000
; plunge
G1 Z-2.6750 F127
; cut
G1 X-4.271 Y3.771 F1016
G1 X-4.347 Y3.699
G1 X-4.502 Y3.551
G1 X-4.665 Y3.395
G1 X-4.833 Y3.230
G1 X-4.875 Y3.189
G1 X-4.861 Y3.246
G1 X-4.859 Y3.268
G1 X-4.855 Y3.329
G1 X-4.856 Y3.353
G1 X-4.862 Y3.413
G1 X-4.867 Y3.435
G1 X-4.877 Y3.472
G1 X-4.855 Y3.466
G1 X-4.833 Y3.462
G1 X-4.815 Y3.460
G1 X-4.794 Y3.459
G1 X-4.783 Y3.460
G1 X-4.776 Y3.461
G1 X-4.750 Y3.465
G1 X-4.729 Y3.469
G1 X-4.718 Y3.472
G1 X-4.699 Y3.479
G1 X-4.688 Y3.484
G1 X-4.656 Y3.499
G1 X-4.643 Y3.505
G1 X-4.600 Y3.530
G1 X-4.554 Y3.560
G1 X-4.503 Y3.596
G1 X-4.447 Y3.637
G1 X-4.387 Y3.684
G1 X-4.323 Y3.735
G1 X-4.253 Y3.791
G1 X-4.214 Y3.824
G1 X-4.757 Y3.398
G1 X-4.789 Y3.367
G1 X-4.792 Y3.394
G1 X-4.790 Y3.394
G1 X-4.775 Y3.395
G1 X-4.765 Y3.396
G1 X-4.757 Y3.398
; Retract
G1 Z1.5000 F2540

; Path 61
; Rapid to initial position
G1 X-6.247 Y1.837 F2540
G1 Z0.5000
; plunge
G1 Z-2.6750 F127
; cut
G1 X-6.480 Y1.608 F1016
G1 X-6.490 Y1.596
G1 X-6.494 Y1.590
G1 X-6.504 Y1.575
G1 X-6.514 Y1.557
G1 X-6.521 Y1.540
G1 X-6.528 Y1.520
G1 X-6.531 Y1.503
G1 X-6.534 Y1.483
G1 X-6.534 Y1.464
G1 X-6.533 Y1.443
G1 X-6.530 Y1.425
G1 X-6.524 Y1.404
G1 X-6.518 Y1.388
G1 X-6.511 Y1.375
G1 X-6.508 Y1.368
G1 X-6.500 Y1.356
G1 X-6.496 Y1.350
G1 X-6.481 Y1.331
G1 X-6.472 Y1.321
G1 X-6.248 Y1.101
G1 X-6.297 Y1.138
G1 X-6.369 Y1.192
G1 X-6.438 Y1.242
G1 X-6.503 Y1.288
G1 X-6.563 Y1.330
G1 X-6.619 Y1.367
G1 X-6.779 Y1.469
G1 X-6.614 Y1.573
G1 X-6.560 Y1.610
G1 X-6.500 Y1.651
G1 X-6.436 Y1.697
G1 X-6.368 Y1.747
G1 X-6.296 Y1.800
G1 X-6.247 Y1.837
G1 X-6.599 Y1.504
G1 X-6.602 Y1.485
G1 X-6.602 Y1.460
G1 X-6.600 Y1.433
G1 X-6.600 Y1.433
G1 X-6.656 Y1.469
G1 X-6.599 Y1.504
G1 X-4.875 Y-0.251
G1 X-4.837 Y-0.288
G1 X-4.675 Y-0.446
G1 X-4.512 Y-0.602
G1 X-4.350 Y-0.755
G1 X-4.270 Y-0.830
G1 X-4.191 Y-0.904
G1 X-4.112 Y-0.978
G1 X-4.033 Y-1.050
G1 X-3.937 Y-1.137
G1 X-3.997 Y-1.093
G1 X-4.086 Y-1.029
G1 X-4.176 Y-0.968
G1 X-4.265 Y-0.912
G1 X-4.353 Y-0.860
G1 X-4.440 Y-0.814
G1 X-4.525 Y-0.773
G1 X-4.609 Y-0.739
G1 X-4.682 Y-0.715
G1 X-4.695 Y-0.712
G1 X-4.764 Y-0.696
G1 X-4.783 Y-0.693
G1 X-4.848 Y-0.687
G1 X-4.876 Y-0.687
G1 X-4.926 Y-0.691
G1 X-4.939 Y-0.693
G1 X-4.954 Y-0.696
G1 X-4.954 Y-0.695
G1 X-4.921 Y-0.640
G1 X-4.912 Y-0.624
G1 X-4.887 Y-0.566
G1 X-4.880 Y-0.546
G1 X-4.864 Y-0.487
G1 X-4.861 Y-0.464
G1 X-4.855 Y-0.404
G1 X-4.855 Y-0.380
G1 X-4.860 Y-0.320
G1 X-4.864 Y-0.298
G1 X-4.875 Y-0.251
G1 X-4.789 Y-0.427
G1 X-4.723 Y-0.492
G1 X-4.560 Y-0.648
G1 X-4.483 Y-0.720
G1 X-4.498 Y-0.713
G1 X-4.587 Y-0.678
G1 X-4.665 Y-0.652
G1 X-4.679 Y-0.648
G1 X-4.753 Y-0.632
G1 X-4.777 Y-0.629
G1 X-4.838 Y-0.623
G1 X-4.822 Y-0.586
G1 X-4.814 Y-0.562
G1 X-4.797 Y-0.497
G1 X-4.793 Y-0.470
G1 X-4.789 Y-0.427
G1 X-4.744 Y-0.563
G1 X-4.739 Y-0.568
G1 X-4.743 Y-0.567
G1 X-4.745 Y-0.567
G1 X-4.744 Y-0.563
; Retract
G1 Z1.5000 F2540

; Path 62
; Rapid to initial position
G1 X-3.396 Y1.270 F2540
G1 Z0.5000
; plunge
G1 Z-2.6750 F127
; cut
G1 X-3.488 Y1.329 F1016
G1 X-3.571 Y1.386
G1 X-3.643 Y1.438
G1 X-3.682 Y1.469
G1 X-3.639 Y1.502
G1 X-3.573 Y1.550
G1 X-3.486 Y1.609
G1 X-3.394 Y1.669
G1 X-3.293 Y1.731
G1 X-3.292 Y1.732
G1 X-3.178 Y1.801
G1 X-3.061 Y1.869
G1 X-2.945 Y1.935
G1 X-2.958 Y1.924
G1 X-3.019 Y1.867
G1 X-3.073 Y1.809
G1 X-3.122 Y1.750
G1 X-3.157 Y1.699
G1 X-3.165 Y1.686
G1 X-3.192 Y1.635
G1 X-3.200 Y1.615
G1 X-3.215 Y1.569
G1 X-3.217 Y1.563
G1 X-3.223 Y1.535
G1 X-3.228 Y1.494
G1 X-3.229 Y1.483
G1 X-3.229 Y1.460
G1 X-3.228 Y1.448
G1 X-3.222 Y1.404
G1 X-3.221 Y1.398
G1 X-3.215 Y1.371
G1 X-3.198 Y1.321
G1 X-3.189 Y1.302
G1 X-3.164 Y1.254
G1 X-3.155 Y1.238
G1 X-3.115 Y1.180
G1 X-3.068 Y1.123
G1 X-3.016 Y1.067
G1 X-2.958 Y1.012
G1 X-2.950 Y1.005
G1 X-3.060 Y1.068
G1 X-3.180 Y1.137
G1 X-3.291 Y1.205
G1 X-3.396 Y1.270
G1 X-3.359 Y1.324
G1 X-3.448 Y1.382
G1 X-3.448 Y1.382
G1 X-3.532 Y1.439
G1 X-3.572 Y1.469
G1 X-3.534 Y1.497
G1 X-3.446 Y1.556
G1 X-3.356 Y1.615
G1 X-3.259 Y1.675
G1 X-3.256 Y1.677
G1 X-3.241 Y1.686
G1 X-3.255 Y1.659
G1 X-3.265 Y1.635
G1 X-3.281 Y1.586
G1 X-3.284 Y1.575
G1 X-3.291 Y1.542
G1 X-3.296 Y1.496
G1 X-3.297 Y1.484
G1 X-3.297 Y1.456
G1 X-3.295 Y1.441
G1 X-3.289 Y1.393
G1 X-3.287 Y1.383
G1 X-3.279 Y1.351
G1 X-3.260 Y1.295
G1 X-3.250 Y1.274
G1 X-3.238 Y1.249
G1 X-3.255 Y1.260
G1 X-3.359 Y1.324
G1 X-3.359 Y1.324
G1 X-3.359 Y1.403
G1 X-3.409 Y1.435
G1 X-3.409 Y1.435
G1 X-3.457 Y1.469
G1 X-3.407 Y1.503
G1 X-3.360 Y1.533
G1 X-3.364 Y1.498
G1 X-3.365 Y1.484
G1 X-3.364 Y1.451
G1 X-3.363 Y1.433
G1 X-3.359 Y1.403
; Retract
G1 Z1.5000 F2540

; Path 63
; Rapid to initial position
G1 X-5.623 Y-3.714 F2540
G1 Z0.5000
; plunge
G1 Z-2.6750 F127
; cut
G1 X-5.619 Y-3.724 F1016
G1 X-5.595 Y-3.773
G1 X-5.581 Y-3.795
G1 X-5.569 Y-3.811
G1 X-5.557 Y-3.825
G1 X-5.525 Y-3.859
G1 X-5.504 Y-3.877
G1 X-5.485 Y-3.891
G1 X-5.462 Y-3.904
G1 X-5.440 Y-3.915
G1 X-5.414 Y-3.925
G1 X-5.375 Y-3.937
G1 X-5.355 Y-3.941
G1 X-5.344 Y-3.943
G1 X-5.325 Y-3.945
G1 X-5.315 Y-3.945
G1 X-5.281 Y-3.946
G1 X-5.262 Y-3.944
G1 X-5.227 Y-3.939
G1 X-5.206 Y-3.935
G1 X-5.189 Y-3.931
G1 X-5.231 Y-3.972
G1 X-5.235 Y-3.977
G1 X-5.255 Y-4.002
G1 X-5.284 Y-4.044
G1 X-5.292 Y-4.057
G1 X-5.304 Y-4.081
G1 X-5.311 Y-4.096
G1 X-5.327 Y-4.141
G1 X-5.332 Y-4.156
G1 X-5.338 Y-4.186
G1 X-5.340 Y-4.201
G1 X-5.345 Y-4.247
G1 X-5.345 Y-4.261
G1 X-5.344 Y-4.287
G1 X-5.343 Y-4.304
G1 X-5.333 Y-4.363
G1 X-5.329 Y-4.378
G1 X-5.330 Y-4.378
G1 X-5.407 Y-4.322
G1 X-5.479 Y-4.271
G1 X-5.544 Y-4.226
G1 X-5.603 Y-4.187
G1 X-5.639 Y-4.164
G1 X-5.643 Y-4.099
G1 X-5.643 Y-4.022
G1 X-5.639 Y-3.929
G1 X-5.639 Y-3.927
G1 X-5.632 Y-3.819
G1 X-5.632 Y-3.818
G1 X-5.623 Y-3.714
G1 X-5.570 Y-3.908
G1 X-5.544 Y-3.930
G1 X-5.521 Y-3.946
G1 X-5.493 Y-3.963
G1 X-5.466 Y-3.975
G1 X-5.434 Y-3.987
G1 X-5.390 Y-4.001
G1 X-5.366 Y-4.006
G1 X-5.352 Y-4.008
G1 X-5.341 Y-4.009
G1 X-5.344 Y-4.012
G1 X-5.353 Y-4.028
G1 X-5.367 Y-4.055
G1 X-5.375 Y-4.074
G1 X-5.393 Y-4.123
G1 X-5.398 Y-4.143
G1 X-5.406 Y-4.177
G1 X-5.408 Y-4.195
G1 X-5.412 Y-4.237
G1 X-5.439 Y-4.219
G1 X-5.505 Y-4.173
G1 X-5.566 Y-4.133
G1 X-5.573 Y-4.128
G1 X-5.575 Y-4.096
G1 X-5.575 Y-4.024
G1 X-5.571 Y-3.933
G1 X-5.571 Y-3.931
G1 X-5.570 Y-3.908
G1 X-5.507 Y-4.028
G1 X-5.490 Y-4.036
G1 X-5.455 Y-4.049
G1 X-5.440 Y-4.054
G1 X-5.459 Y-4.106
G1 X-5.463 Y-4.122
G1 X-5.466 Y-4.119
G1 X-5.507 Y-4.092
G1 X-5.507 Y-4.028
; Retract
G1 Z1.5000 F2540

; Path 64
; Rapid to initial position
G1 X1.746 Y-11.594 F2540
G1 Z0.5000
; plunge
G1 Z-2.6750 F127
; cut
G1 X1.774 Y-11.605 F1016
G1 X1.803 Y-11.613
G1 X1.858 Y-11.626
G1 X1.873 Y-11.628
G1 X1.904 Y-11.631
G1 X1.920 Y-11.632
G1 X1.980 Y-11.631
G1 X2.007 Y-11.627
G1 X2.029 Y-11.623
G1 X2.054 Y-11.616
G1 X2.107 Y-11.597
G1 X2.131 Y-11.586
G1 X2.146 Y-11.578
G1 X2.155 Y-11.572
G1 X2.182 Y-11.553
G1 X2.207 Y-11.532
G1 X2.206 Y-11.533
G1 X2.201 Y-11.572
G1 X2.201 Y-11.600
G1 X2.202 Y-11.622
G1 X2.205 Y-11.645
G1 X2.210 Y-11.664
G1 X2.216 Y-11.683
G1 X2.237 Y-11.741
G1 X2.248 Y-11.765
G1 X2.256 Y-11.779
G1 X2.263 Y-11.788
G1 X2.279 Y-11.809
G1 X2.294 Y-11.826
G1 X2.317 Y-11.847
G1 X2.376 Y-11.894
G1 X2.397 Y-11.907
G1 X2.413 Y-11.916
G1 X2.430 Y-11.924
G1 X2.027 Y-11.975
G1 X1.746 Y-11.594
G1 X1.905 Y-11.696
G1 X1.921 Y-11.697
G1 X1.988 Y-11.695
G1 X2.022 Y-11.691
G1 X2.049 Y-11.685
G1 X2.077 Y-11.677
G1 X2.136 Y-11.656
G1 X2.138 Y-11.655
G1 X2.139 Y-11.659
G1 X2.144 Y-11.682
G1 X2.151 Y-11.705
G1 X2.175 Y-11.768
G1 X2.189 Y-11.796
G1 X2.199 Y-11.814
G1 X2.208 Y-11.827
G1 X2.227 Y-11.852
G1 X2.247 Y-11.873
G1 X2.255 Y-11.880
G1 X2.059 Y-11.905
G1 X1.905 Y-11.696
G1 X2.032 Y-11.755
G1 X2.037 Y-11.755
G1 X2.069 Y-11.748
G1 X2.093 Y-11.741
G1 X2.114 Y-11.795
G1 X2.130 Y-11.828
G1 X2.131 Y-11.830
G1 X2.091 Y-11.835
G1 X2.032 Y-11.755
; Retract
G1 Z1.5000 F2540

; Path 65
; Rapid to initial position
G1 X7.371 Y-12.897 F2540
G1 Z0.5000
; plunge
G1 Z-2.6750 F127
; cut
G1 X7.380 Y-12.899 F1016
G1 X7.398 Y-12.903
G1 X7.420 Y-12.904
G1 X7.438 Y-12.904
G1 X7.463 Y-12.902
G1 X7.478 Y-12.900
G1 X7.493 Y-12.896
G1 X7.500 Y-12.894
G1 X7.518 Y-12.888
G1 X7.540 Y-12.878
G1 X7.552 Y-12.871
G1 X7.566 Y-12.862
G1 X7.578 Y-12.854
G1 X7.598 Y-12.839
G1 X7.619 Y-12.821
G1 X7.639 Y-12.803
G1 X7.664 Y-12.780
G1 X7.722 Y-12.726
G1 X7.790 Y-12.660
G1 X7.809 Y-12.641
G1 X7.773 Y-12.694
G1 X7.724 Y-12.769
G1 X7.679 Y-12.841
G1 X7.639 Y-12.908
G1 X7.604 Y-12.974
G1 X7.575 Y-13.035
G1 X7.555 Y-13.084
G1 X7.550 Y-13.097
G1 X7.537 Y-13.143
G1 X7.532 Y-13.165
G1 X7.532 Y-13.167
G1 X7.509 Y-13.222
G1 X7.485 Y-13.165
G1 X7.483 Y-13.155
G1 X7.478 Y-13.132
G1 X7.464 Y-13.087
G1 X7.460 Y-13.076
G1 X7.436 Y-13.022
G1 X7.407 Y-12.963
G1 X7.373 Y-12.899
G1 X7.371 Y-12.897
G1 X7.484 Y-12.965
G1 X7.495 Y-12.963
G1 X7.514 Y-12.958
G1 X7.524 Y-12.955
G1 X7.541 Y-12.949
G1 X7.512 Y-13.011
G1 X7.509 Y-13.019
G1 X7.498 Y-12.994
G1 X7.484 Y-12.965
; Retract
G1 Z1.5000 F2540

; Path 66
; Rapid to initial position
G1 X13.826 Y5.686 F2540
G1 Z0.5000
; plunge
G1 Z-2.6750 F127
; cut
G1 X13.786 Y5.709 F1016
G1 X13.723 Y5.743
G1 X13.657 Y5.779
G1 X13.592 Y5.813
G1 X13.364 Y5.932
G1 X13.460 Y5.930
G1 X13.557 Y5.936
G1 X13.654 Y5.950
G1 X13.750 Y5.972
G1 X13.845 Y6.001
G1 X13.938 Y6.038
G1 X13.980 Y6.058
G1 X13.847 Y5.900
G1 X13.835 Y5.882
G1 X13.825 Y5.866
G1 X13.817 Y5.846
G1 X13.812 Y5.830
G1 X13.808 Y5.809
G1 X13.806 Y5.791
G1 X13.805 Y5.770
G1 X13.806 Y5.751
G1 X13.810 Y5.731
G1 X13.815 Y5.715
G1 X13.822 Y5.695
G1 X13.826 Y5.686
G1 X13.739 Y5.809
G1 X13.690 Y5.836
G1 X13.624 Y5.871
G1 X13.610 Y5.878
G1 X13.670 Y5.887
G1 X13.771 Y5.910
G1 X13.774 Y5.910
G1 X13.762 Y5.890
G1 X13.752 Y5.865
G1 X13.746 Y5.843
G1 X13.740 Y5.816
G1 X13.739 Y5.809
; Retract
G1 Z1.5000 F2540

; Path 67
; Rapid to initial position
G1 X15.305 Y9.246 F2540
G1 Z0.5000
; plunge
G1 Z-2.6750 F127
; cut
G1 X15.302 Y9.259 F1016
G1 X15.295 Y9.277
G1 X15.289 Y9.290
G1 X15.282 Y9.302
G1 X15.263 Y9.332
G1 X15.250 Y9.349
G1 X15.238 Y9.363
G1 X15.222 Y9.378
G1 X15.206 Y9.389
G1 X15.189 Y9.399
G1 X15.174 Y9.407
G1 X15.159 Y9.414
G1 X15.137 Y9.422
G1 X15.117 Y9.427
G1 X15.101 Y9.430
G1 X15.084 Y9.432
G1 X15.054 Y9.434
G1 X15.039 Y9.434
G1 X15.012 Y9.433
G1 X15.049 Y9.446
G1 X15.189 Y9.497
G1 X15.313 Y9.541
G1 X15.416 Y9.576
G1 X15.417 Y9.576
G1 X15.403 Y9.542
G1 X15.377 Y9.472
G1 X15.352 Y9.397
G1 X15.325 Y9.314
G1 X15.305 Y9.246
G1 X15.285 Y9.410
G1 X15.285 Y9.410
G1 X15.263 Y9.429
G1 X15.243 Y9.444
G1 X15.240 Y9.446
G1 X15.304 Y9.469
G1 X15.287 Y9.416
G1 X15.285 Y9.410
; Retract
G1 Z1.5000 F2540

; Path 68
; Rapid to initial position
G1 X17.505 Y9.359 F2540
G1 Z0.5000
; plunge
G1 Z-2.6750 F127
; cut
G1 X17.536 Y9.311 F1016
G1 X17.586 Y9.245
G1 X17.641 Y9.182
G1 X17.701 Y9.122
G1 X17.764 Y9.066
G1 X17.832 Y9.013
G1 X17.904 Y8.962
G1 X17.959 Y8.927
G1 X17.939 Y8.929
G1 X17.932 Y8.929
G1 X17.904 Y8.928
G1 X17.808 Y8.917
G1 X17.788 Y8.913
G1 X17.773 Y8.908
G1 X17.760 Y8.903
G1 X17.683 Y8.872
G1 X17.664 Y8.862
G1 X17.650 Y8.853
G1 X17.631 Y8.839
G1 X17.604 Y8.815
G1 X17.596 Y8.807
G1 X17.582 Y8.791
G1 X17.575 Y8.782
G1 X17.547 Y8.743
G1 X17.536 Y8.725
G1 X17.506 Y8.666
G1 X17.481 Y8.606
G1 X17.486 Y8.741
G1 X17.505 Y9.359
G1 X17.567 Y9.165
G1 X17.592 Y9.137
G1 X17.655 Y9.074
G1 X17.721 Y9.016
G1 X17.772 Y8.976
G1 X17.767 Y8.975
G1 X17.749 Y8.969
G1 X17.733 Y8.963
G1 X17.651 Y8.929
G1 X17.626 Y8.916
G1 X17.608 Y8.904
G1 X17.585 Y8.886
G1 X17.558 Y8.862
G1 X17.567 Y9.165
G1 X17.630 Y9.007
G1 X17.642 Y8.997
G1 X17.630 Y8.992
G1 X17.630 Y9.007
; Retract
G1 Z1.5000 F2540

; Path 69
; Rapid to initial position
G1 X17.488 Y10.951 F2540
G1 Z0.5000
; plunge
G1 Z-2.6750 F127
; cut
G1 X17.507 Y11.559 F1016
G1 X17.506 Y11.574
G1 X17.504 Y11.586
G1 X17.500 Y11.601
G1 X17.496 Y11.612
G1 X17.490 Y11.625
G1 X17.483 Y11.636
G1 X17.474 Y11.648
G1 X17.467 Y11.657
G1 X17.456 Y11.667
G1 X17.445 Y11.675
G1 X17.432 Y11.683
G1 X17.422 Y11.689
G1 X17.407 Y11.695
G1 X17.395 Y11.699
G1 X17.380 Y11.702
G1 X17.368 Y11.703
G1 X17.348 Y11.704
G1 X16.905 Y11.687
G1 X16.942 Y11.695
G1 X17.047 Y11.720
G1 X17.152 Y11.748
G1 X17.257 Y11.780
G1 X17.359 Y11.815
G1 X17.477 Y11.856
G1 X17.575 Y11.890
G1 X17.661 Y11.917
G1 X17.725 Y11.935
G1 X17.735 Y11.937
G1 X17.727 Y11.886
G1 X17.710 Y11.805
G1 X17.686 Y11.710
G1 X17.655 Y11.593
G1 X17.654 Y11.593
G1 X17.617 Y11.457
G1 X17.577 Y11.314
G1 X17.541 Y11.176
G1 X17.509 Y11.043
G1 X17.488 Y10.951
G1 X17.575 Y11.561
G1 X17.575 Y11.562
G1 X17.573 Y11.583
G1 X17.570 Y11.602
G1 X17.564 Y11.623
G1 X17.558 Y11.639
G1 X17.549 Y11.657
G1 X17.539 Y11.673
G1 X17.526 Y11.690
G1 X17.514 Y11.703
G1 X17.498 Y11.718
G1 X17.483 Y11.730
G1 X17.464 Y11.741
G1 X17.449 Y11.749
G1 X17.429 Y11.757
G1 X17.410 Y11.762
G1 X17.408 Y11.763
G1 X17.500 Y11.795
G1 X17.597 Y11.829
G1 X17.597 Y11.828
G1 X17.649 Y11.845
G1 X17.643 Y11.818
G1 X17.620 Y11.726
G1 X17.589 Y11.611
G1 X17.589 Y11.610
G1 X17.575 Y11.561
; Retract
G1 Z1.5000 F2540

; Path 70
; Rapid to initial position
G1 X15.344 Y11.693 F2540
G1 Z0.5000
; plunge
G1 Z-2.6750 F127
; cut
G1 X14.720 Y11.670 F1016
G1 X14.598 Y11.665
G1 X14.479 Y11.659
G1 X14.555 Y11.685
G1 X14.630 Y11.714
G1 X14.688 Y11.741
G1 X14.701 Y11.748
G1 X14.750 Y11.778
G1 X14.768 Y11.791
G1 X14.802 Y11.819
G1 X14.810 Y11.827
G1 X14.826 Y11.843
G1 X14.835 Y11.853
G1 X14.860 Y11.887
G1 X14.871 Y11.906
G1 X14.876 Y11.917
G1 X14.879 Y11.924
G1 X14.889 Y11.952
G1 X14.897 Y11.987
G1 X14.898 Y11.991
G1 X14.908 Y11.978
G1 X14.918 Y11.967
G1 X14.973 Y11.913
G1 X15.033 Y11.863
G1 X15.098 Y11.818
G1 X15.166 Y11.776
G1 X15.238 Y11.739
G1 X15.314 Y11.705
G1 X15.344 Y11.693
G1 X15.084 Y11.749
G1 X14.808 Y11.738
G1 X14.813 Y11.742
G1 X14.850 Y11.773
G1 X14.860 Y11.783
G1 X14.879 Y11.802
G1 X14.890 Y11.816
G1 X14.919 Y11.855
G1 X14.926 Y11.867
G1 X14.929 Y11.864
G1 X14.993 Y11.811
G1 X15.061 Y11.763
G1 X15.084 Y11.749
G1 X14.801 Y11.920
G1 X14.809 Y11.933
G1 X14.815 Y11.945
G1 X14.822 Y11.967
G1 X14.830 Y11.997
G1 X14.832 Y12.011
G1 X14.833 Y12.023
G1 X14.832 Y12.038
G1 X14.824 Y12.127
G1 X14.822 Y12.140
G1 X14.798 Y12.252
G1 X14.760 Y12.373
G1 X14.711 Y12.503
G1 X14.652 Y12.641
G1 X14.583 Y12.785
G1 X14.506 Y12.932
G1 X14.422 Y13.083
G1 X14.332 Y13.234
G1 X14.237 Y13.383
G1 X14.138 Y13.530
G1 X14.036 Y13.671
G1 X13.932 Y13.806
G1 X13.828 Y13.932
G1 X13.722 Y14.047
G1 X13.621 Y14.147
G1 X13.534 Y14.227
G1 X13.455 Y14.298
G1 X13.383 Y14.360
G1 X13.315 Y14.413
G1 X13.259 Y14.450
G1 X13.247 Y14.457
G1 X13.196 Y14.483
G1 X13.179 Y14.489
G1 X13.172 Y14.492
G1 X13.125 Y14.504
G1 X13.109 Y14.507
G1 X13.099 Y14.508
G1 X13.084 Y14.508
G1 X13.041 Y14.506
G1 X13.026 Y14.504
G1 X13.014 Y14.502
G1 X12.993 Y14.495
G1 X12.954 Y14.478
G1 X12.940 Y14.471
G1 X12.931 Y14.465
G1 X12.919 Y14.456
G1 X12.888 Y14.430
G1 X12.883 Y14.425
G1 X12.870 Y14.412
G1 X12.866 Y14.407
G1 X12.833 Y14.364
G1 X12.825 Y14.351
G1 X12.790 Y14.289
G1 X12.756 Y14.217
G1 X12.722 Y14.134
G1 X12.685 Y14.040
G1 X12.645 Y13.931
G1 X12.619 Y13.861
G1 X12.594 Y13.786
G1 X12.568 Y13.705
G1 X12.541 Y13.619
G1 X12.514 Y13.529
G1 X12.487 Y13.435
G1 X12.461 Y13.339
G1 X12.434 Y13.241
G1 X12.409 Y13.141
G1 X12.384 Y13.042
G1 X12.359 Y12.941
G1 X12.336 Y12.842
G1 X12.314 Y12.745
G1 X12.294 Y12.649
G1 X12.275 Y12.557
G1 X12.258 Y12.469
G1 X12.107 Y11.642
G1 X12.106 Y11.627
G1 X12.106 Y11.615
G1 X12.108 Y11.600
G1 X12.110 Y11.589
G1 X12.114 Y11.575
G1 X12.119 Y11.563
G1 X12.126 Y11.550
G1 X12.133 Y11.539
G1 X12.143 Y11.527
G1 X12.150 Y11.519
G1 X12.162 Y11.509
G1 X12.173 Y11.501
G1 X12.186 Y11.494
G1 X12.197 Y11.489
G1 X12.211 Y11.483
G1 X12.224 Y11.480
G1 X12.239 Y11.477
G1 X12.250 Y11.476
G1 X12.270 Y11.476
G1 X13.482 Y11.561
G1 X13.608 Y11.572
G1 X13.732 Y11.584
G1 X13.850 Y11.598
G1 X13.965 Y11.614
G1 X14.074 Y11.632
G1 X14.178 Y11.652
G1 X14.276 Y11.673
G1 X14.367 Y11.695
G1 X14.452 Y11.719
G1 X14.530 Y11.745
G1 X14.600 Y11.773
G1 X14.655 Y11.798
G1 X14.665 Y11.804
G1 X14.710 Y11.830
G1 X14.724 Y11.841
G1 X14.754 Y11.865
G1 X14.760 Y11.871
G1 X14.774 Y11.885
G1 X14.779 Y11.891
G1 X14.801 Y11.920
G1 X14.743 Y11.954
G1 X14.750 Y11.966
G1 X14.756 Y11.982
G1 X14.762 Y12.006
G1 X14.765 Y12.021
G1 X14.764 Y12.032
G1 X14.757 Y12.118
G1 X14.755 Y12.127
G1 X14.732 Y12.234
G1 X14.696 Y12.351
G1 X14.648 Y12.478
G1 X14.590 Y12.614
G1 X14.522 Y12.755
G1 X14.446 Y12.901
G1 X14.363 Y13.050
G1 X14.274 Y13.200
G1 X14.180 Y13.348
G1 X14.082 Y13.493
G1 X13.981 Y13.633
G1 X13.879 Y13.765
G1 X13.776 Y13.889
G1 X13.674 Y14.002
G1 X13.574 Y14.100
G1 X13.487 Y14.180
G1 X13.410 Y14.250
G1 X13.340 Y14.310
G1 X13.276 Y14.360
G1 X13.224 Y14.395
G1 X13.215 Y14.400
G1 X13.170 Y14.423
G1 X13.153 Y14.429
G1 X13.113 Y14.440
G1 X13.097 Y14.443
G1 X13.086 Y14.443
G1 X13.050 Y14.442
G1 X13.035 Y14.440
G1 X13.020 Y14.435
G1 X12.987 Y14.421
G1 X12.973 Y14.414
G1 X12.964 Y14.407
G1 X12.933 Y14.381
G1 X12.921 Y14.368
G1 X12.891 Y14.329
G1 X12.885 Y14.320
G1 X12.852 Y14.262
G1 X12.819 Y14.193
G1 X12.786 Y14.112
G1 X12.749 Y14.018
G1 X12.709 Y13.910
G1 X12.684 Y13.841
G1 X12.659 Y13.766
G1 X12.633 Y13.686
G1 X12.606 Y13.601
G1 X12.580 Y13.511
G1 X12.553 Y13.419
G1 X12.527 Y13.323
G1 X12.500 Y13.225
G1 X12.475 Y13.126
G1 X12.450 Y13.027
G1 X12.426 Y12.927
G1 X12.403 Y12.829
G1 X12.381 Y12.732
G1 X12.361 Y12.637
G1 X12.342 Y12.546
G1 X12.325 Y12.458
G1 X12.175 Y11.637
G1 X12.173 Y11.622
G1 X12.175 Y11.607
G1 X12.180 Y11.593
G1 X12.187 Y11.579
G1 X12.196 Y11.567
G1 X12.208 Y11.557
G1 X12.221 Y11.550
G1 X12.236 Y11.544
G1 X12.251 Y11.542
G1 X12.265 Y11.541
G1 X13.476 Y11.626
G1 X13.601 Y11.636
G1 X13.723 Y11.648
G1 X13.841 Y11.663
G1 X13.954 Y11.679
G1 X14.061 Y11.696
G1 X14.163 Y11.715
G1 X14.259 Y11.736
G1 X14.348 Y11.758
G1 X14.430 Y11.781
G1 X14.504 Y11.805
G1 X14.570 Y11.831
G1 X14.622 Y11.855
G1 X14.629 Y11.859
G1 X14.670 Y11.883
G1 X14.680 Y11.890
G1 X14.710 Y11.915
G1 X14.724 Y11.929
G1 X14.743 Y11.954
; Retract
G1 Z1.5000 F2540

; Path 71
; Rapid to initial position
G1 X12.392 Y11.420 F2540
G1 Z0.5000
; plunge
G1 Z-2.6750 F127
; cut
G1 X12.383 Y11.417 F1016
G1 X12.326 Y11.400
G1 X12.269 Y11.381
G1 X12.215 Y11.361
G1 X12.161 Y11.340
G1 X12.109 Y11.318
G1 X12.058 Y11.295
G1 X12.009 Y11.270
G1 X11.960 Y11.245
G1 X11.914 Y11.219
G1 X11.868 Y11.191
G1 X11.824 Y11.162
G1 X11.780 Y11.132
G1 X11.738 Y11.101
G1 X11.697 Y11.069
G1 X11.657 Y11.035
G1 X11.619 Y11.000
G1 X11.581 Y10.965
G1 X11.545 Y10.928
G1 X11.509 Y10.890
G1 X11.475 Y10.851
G1 X11.441 Y10.811
G1 X11.408 Y10.770
G1 X11.376 Y10.728
G1 X11.344 Y10.684
G1 X11.313 Y10.639
G1 X11.283 Y10.594
G1 X11.253 Y10.548
G1 X11.223 Y10.500
G1 X11.193 Y10.450
G1 X11.164 Y10.400
G1 X11.135 Y10.349
G1 X11.129 Y10.338
G1 X11.133 Y10.354
G1 X11.147 Y10.410
G1 X11.160 Y10.465
G1 X11.172 Y10.519
G1 X11.183 Y10.573
G1 X11.193 Y10.627
G1 X11.202 Y10.681
G1 X11.209 Y10.733
G1 X11.216 Y10.786
G1 X11.221 Y10.838
G1 X11.225 Y10.891
G1 X11.228 Y10.942
G1 X11.229 Y10.995
G1 X11.229 Y11.046
G1 X11.228 Y11.099
G1 X11.224 Y11.150
G1 X11.223 Y11.169
G1 X11.240 Y11.155
G1 X11.318 Y11.098
G1 X11.336 Y11.088
G1 X11.353 Y11.080
G1 X11.372 Y11.073
G1 X11.387 Y11.068
G1 X11.403 Y11.065
G1 X11.517 Y11.046
G1 X11.540 Y11.044
G1 X11.554 Y11.044
G1 X11.562 Y11.045
G1 X11.584 Y11.048
G1 X11.596 Y11.050
G1 X11.653 Y11.063
G1 X11.673 Y11.070
G1 X11.690 Y11.078
G1 X11.711 Y11.089
G1 X11.760 Y11.120
G1 X11.769 Y11.126
G1 X11.786 Y11.139
G1 X11.794 Y11.147
G1 X11.849 Y11.200
G1 X11.863 Y11.217
G1 X11.916 Y11.286
G1 X11.923 Y11.298
G1 X11.977 Y11.389
G1 X12.025 Y11.491
G1 X12.050 Y11.555
G1 X12.051 Y11.551
G1 X12.058 Y11.534
G1 X12.068 Y11.515
G1 X12.079 Y11.499
G1 X12.093 Y11.483
G1 X12.105 Y11.471
G1 X12.121 Y11.457
G1 X12.132 Y11.449
G1 X12.137 Y11.446
G1 X12.156 Y11.435
G1 X12.172 Y11.428
G1 X12.193 Y11.421
G1 X12.212 Y11.416
G1 X12.233 Y11.413
G1 X12.250 Y11.411
G1 X12.275 Y11.412
G1 X12.392 Y11.420
G1 X12.106 Y11.388
G1 X12.080 Y11.377
G1 X12.035 Y11.356
G1 X12.039 Y11.362
G1 X12.065 Y11.418
G1 X12.080 Y11.405
G1 X12.093 Y11.396
G1 X12.103 Y11.389
G1 X12.106 Y11.388
G1 X11.915 Y11.416
G1 X11.961 Y11.513
G1 X12.001 Y11.618
G1 X12.034 Y11.727
G1 X12.068 Y11.872
G1 X12.087 Y11.981
G1 X12.088 Y11.995
G1 X12.090 Y12.072
G1 X12.089 Y12.087
G1 X12.087 Y12.099
G1 X12.081 Y12.120
G1 X12.065 Y12.165
G1 X12.058 Y12.178
G1 X12.052 Y12.189
G1 X12.043 Y12.201
G1 X12.034 Y12.210
G1 X12.023 Y12.221
G1 X12.014 Y12.228
G1 X12.000 Y12.236
G1 X11.989 Y12.242
G1 X11.971 Y12.249
G1 X11.964 Y12.251
G1 X11.925 Y12.261
G1 X11.910 Y12.264
G1 X11.898 Y12.265
G1 X11.882 Y12.265
G1 X11.869 Y12.264
G1 X11.854 Y12.261
G1 X11.844 Y12.258
G1 X11.832 Y12.254
G1 X11.780 Y12.233
G1 X11.773 Y12.230
G1 X11.757 Y12.222
G1 X11.750 Y12.218
G1 X11.667 Y12.161
G1 X11.565 Y12.077
G1 X11.433 Y11.950
G1 X11.423 Y11.938
G1 X11.322 Y11.809
G1 X11.312 Y11.794
G1 X11.243 Y11.668
G1 X11.234 Y11.647
G1 X11.199 Y11.536
G1 X11.197 Y11.527
G1 X11.193 Y11.505
G1 X11.192 Y11.497
G1 X11.191 Y11.395
G1 X11.192 Y11.380
G1 X11.194 Y11.367
G1 X11.199 Y11.349
G1 X11.201 Y11.343
G1 X11.236 Y11.262
G1 X11.243 Y11.249
G1 X11.250 Y11.239
G1 X11.259 Y11.227
G1 X11.268 Y11.218
G1 X11.282 Y11.206
G1 X11.354 Y11.154
G1 X11.367 Y11.146
G1 X11.378 Y11.140
G1 X11.393 Y11.135
G1 X11.402 Y11.132
G1 X11.415 Y11.129
G1 X11.523 Y11.111
G1 X11.539 Y11.109
G1 X11.553 Y11.110
G1 X11.572 Y11.112
G1 X11.580 Y11.113
G1 X11.631 Y11.125
G1 X11.646 Y11.130
G1 X11.657 Y11.134
G1 X11.673 Y11.143
G1 X11.720 Y11.173
G1 X11.726 Y11.177
G1 X11.740 Y11.188
G1 X11.746 Y11.193
G1 X11.797 Y11.242
G1 X11.808 Y11.255
G1 X11.858 Y11.320
G1 X11.864 Y11.331
G1 X11.915 Y11.416
G1 X11.853 Y11.444
G1 X11.897 Y11.535
G1 X11.936 Y11.636
G1 X11.967 Y11.741
G1 X12.001 Y11.883
G1 X12.019 Y11.987
G1 X12.020 Y11.997
G1 X12.022 Y12.068
G1 X12.021 Y12.083
G1 X12.017 Y12.098
G1 X12.003 Y12.137
G1 X11.996 Y12.151
G1 X11.987 Y12.163
G1 X11.976 Y12.173
G1 X11.963 Y12.182
G1 X11.946 Y12.189
G1 X11.913 Y12.197
G1 X11.898 Y12.200
G1 X11.882 Y12.200
G1 X11.867 Y12.197
G1 X11.858 Y12.194
G1 X11.806 Y12.173
G1 X11.789 Y12.165
G1 X11.712 Y12.112
G1 X11.613 Y12.031
G1 X11.485 Y11.907
G1 X11.477 Y11.899
G1 X11.379 Y11.774
G1 X11.372 Y11.763
G1 X11.305 Y11.643
G1 X11.299 Y11.628
G1 X11.264 Y11.517
G1 X11.260 Y11.495
G1 X11.258 Y11.399
G1 X11.259 Y11.385
G1 X11.265 Y11.367
G1 X11.296 Y11.292
G1 X11.303 Y11.279
G1 X11.313 Y11.267
G1 X11.323 Y11.258
G1 X11.390 Y11.209
G1 X11.403 Y11.201
G1 X11.418 Y11.195
G1 X11.427 Y11.193
G1 X11.530 Y11.176
G1 X11.545 Y11.174
G1 X11.564 Y11.176
G1 X11.609 Y11.187
G1 X11.624 Y11.191
G1 X11.636 Y11.198
G1 X11.683 Y11.227
G1 X11.697 Y11.238
G1 X11.745 Y11.285
G1 X11.753 Y11.294
G1 X11.800 Y11.355
G1 X11.805 Y11.363
G1 X11.853 Y11.444
; Retract
G1 Z1.5000 F2540

; Path 72
; Rapid to initial position
G1 X11.505 Y10.982 F2540
G1 Z0.5000
; plunge
G1 Z-2.6750 F127
; cut
G1 X11.494 Y10.971 F1016
G1 X11.457 Y10.932
G1 X11.422 Y10.892
G1 X11.387 Y10.851
G1 X11.353 Y10.808
G1 X11.320 Y10.765
G1 X11.287 Y10.720
G1 X11.273 Y10.700
G1 X11.277 Y10.725
G1 X11.284 Y10.780
G1 X11.289 Y10.833
G1 X11.293 Y10.888
G1 X11.296 Y10.940
G1 X11.297 Y10.996
G1 X11.297 Y11.034
G1 X11.306 Y11.029
G1 X11.328 Y11.019
G1 X11.353 Y11.010
G1 X11.373 Y11.005
G1 X11.392 Y11.001
G1 X11.505 Y10.982
G1 X11.373 Y10.938
G1 X11.369 Y10.933
G1 X11.363 Y10.926
G1 X11.364 Y10.939
G1 X11.364 Y10.940
G1 X11.373 Y10.938
G1 X11.140 Y11.575
G1 X11.126 Y11.618
G1 X11.107 Y11.671
G1 X11.086 Y11.723
G1 X11.064 Y11.776
G1 X11.039 Y11.830
G1 X11.014 Y11.884
G1 X10.986 Y11.938
G1 X10.957 Y11.992
G1 X10.926 Y12.048
G1 X10.893 Y12.104
G1 X10.859 Y12.160
G1 X10.822 Y12.217
G1 X10.784 Y12.276
G1 X10.744 Y12.334
G1 X10.741 Y12.339
G1 X10.794 Y12.293
G1 X10.854 Y12.245
G1 X10.915 Y12.203
G1 X10.966 Y12.174
G1 X10.981 Y12.167
G1 X11.032 Y12.145
G1 X11.052 Y12.138
G1 X11.105 Y12.123
G1 X11.128 Y12.118
G1 X11.180 Y12.112
G1 X11.208 Y12.112
G1 X11.260 Y12.115
G1 X11.288 Y12.119
G1 X11.339 Y12.131
G1 X11.364 Y12.140
G1 X11.412 Y12.161
G1 X11.431 Y12.171
G1 X11.477 Y12.198
G1 X11.492 Y12.209
G1 X11.537 Y12.244
G1 X11.549 Y12.255
G1 X11.599 Y12.304
G1 X11.649 Y12.360
G1 X11.696 Y12.421
G1 X11.744 Y12.488
G1 X11.792 Y12.562
G1 X11.842 Y12.643
G1 X11.893 Y12.730
G1 X11.947 Y12.825
G1 X12.002 Y12.927
G1 X12.061 Y13.037
G1 X12.123 Y13.155
G1 X12.188 Y13.281
G1 X12.313 Y13.521
G1 X12.364 Y13.621
G1 X12.411 Y13.714
G1 X12.456 Y13.802
G1 X12.497 Y13.885
G1 X12.534 Y13.962
G1 X12.568 Y14.034
G1 X12.598 Y14.103
G1 X12.625 Y14.168
G1 X12.649 Y14.229
G1 X12.670 Y14.289
G1 X12.686 Y14.346
G1 X12.698 Y14.403
G1 X12.704 Y14.447
G1 X12.705 Y14.462
G1 X12.706 Y14.503
G1 X12.705 Y14.521
G1 X12.700 Y14.561
G1 X12.695 Y14.585
G1 X12.684 Y14.623
G1 X12.674 Y14.647
G1 X12.657 Y14.680
G1 X12.647 Y14.697
G1 X12.640 Y14.706
G1 X12.616 Y14.736
G1 X12.596 Y14.756
G1 X12.567 Y14.781
G1 X12.546 Y14.795
G1 X12.513 Y14.815
G1 X12.494 Y14.824
G1 X12.460 Y14.839
G1 X12.443 Y14.845
G1 X12.392 Y14.860
G1 X12.341 Y14.870
G1 X12.289 Y14.878
G1 X12.235 Y14.884
G1 X12.224 Y14.884
G1 X13.022 Y14.982
G1 X13.473 Y14.370
G1 X13.426 Y14.411
G1 X13.354 Y14.467
G1 X13.294 Y14.507
G1 X13.278 Y14.515
G1 X13.221 Y14.543
G1 X13.202 Y14.551
G1 X13.190 Y14.555
G1 X13.137 Y14.568
G1 X13.116 Y14.572
G1 X13.100 Y14.573
G1 X13.080 Y14.573
G1 X13.033 Y14.571
G1 X13.011 Y14.568
G1 X12.999 Y14.565
G1 X12.992 Y14.563
G1 X12.965 Y14.554
G1 X12.921 Y14.535
G1 X12.903 Y14.525
G1 X12.889 Y14.516
G1 X12.874 Y14.505
G1 X12.841 Y14.477
G1 X12.832 Y14.469
G1 X12.818 Y14.454
G1 X12.810 Y14.445
G1 X12.775 Y14.398
G1 X12.765 Y14.382
G1 X12.728 Y14.315
G1 X12.693 Y14.241
G1 X12.658 Y14.157
G1 X12.621 Y14.061
G1 X12.581 Y13.953
G1 X12.555 Y13.881
G1 X12.529 Y13.805
G1 X12.502 Y13.723
G1 X12.476 Y13.636
G1 X12.449 Y13.546
G1 X12.422 Y13.452
G1 X12.395 Y13.355
G1 X12.369 Y13.257
G1 X12.342 Y13.157
G1 X12.317 Y13.056
G1 X12.293 Y12.956
G1 X12.270 Y12.856
G1 X12.248 Y12.758
G1 X12.227 Y12.662
G1 X12.208 Y12.569
G1 X12.191 Y12.481
G1 X12.135 Y12.170
G1 X12.126 Y12.192
G1 X12.117 Y12.210
G1 X12.108 Y12.226
G1 X12.094 Y12.244
G1 X12.081 Y12.257
G1 X12.065 Y12.272
G1 X12.051 Y12.282
G1 X12.032 Y12.294
G1 X12.015 Y12.302
G1 X11.994 Y12.310
G1 X11.982 Y12.314
G1 X11.937 Y12.325
G1 X11.915 Y12.329
G1 X11.898 Y12.330
G1 X11.875 Y12.330
G1 X11.856 Y12.327
G1 X11.836 Y12.324
G1 X11.821 Y12.320
G1 X11.806 Y12.314
G1 X11.751 Y12.292
G1 X11.741 Y12.287
G1 X11.721 Y12.277
G1 X11.711 Y12.271
G1 X11.623 Y12.211
G1 X11.516 Y12.123
G1 X11.381 Y11.992
G1 X11.368 Y11.977
G1 X11.264 Y11.843
G1 X11.252 Y11.824
G1 X11.182 Y11.698
G1 X11.179 Y11.692
G1 X11.169 Y11.666
G1 X11.140 Y11.575
G1 X11.142 Y11.765
G1 X11.126 Y11.802
G1 X11.101 Y11.858
G1 X11.075 Y11.912
G1 X11.046 Y11.968
G1 X11.017 Y12.023
G1 X10.985 Y12.079
G1 X10.974 Y12.098
G1 X11.009 Y12.083
G1 X11.033 Y12.075
G1 X11.092 Y12.059
G1 X11.120 Y12.054
G1 X11.179 Y12.047
G1 X11.212 Y12.047
G1 X11.271 Y12.050
G1 X11.305 Y12.056
G1 X11.362 Y12.070
G1 X11.369 Y12.073
G1 X11.329 Y12.034
G1 X11.314 Y12.016
G1 X11.206 Y11.877
G1 X11.192 Y11.855
G1 X11.142 Y11.765
G1 X11.149 Y11.913
G1 X11.136 Y11.940
G1 X11.111 Y11.989
G1 X11.112 Y11.989
G1 X11.177 Y11.982
G1 X11.203 Y11.982
G1 X11.149 Y11.913
G1 X11.183 Y12.177
G1 X11.204 Y12.177
G1 X11.250 Y12.179
G1 X11.272 Y12.182
G1 X11.317 Y12.193
G1 X11.336 Y12.200
G1 X11.379 Y12.218
G1 X11.395 Y12.226
G1 X11.437 Y12.251
G1 X11.449 Y12.260
G1 X11.491 Y12.292
G1 X11.500 Y12.300
G1 X11.548 Y12.347
G1 X11.594 Y12.399
G1 X11.640 Y12.458
G1 X11.686 Y12.523
G1 X11.734 Y12.595
G1 X11.782 Y12.675
G1 X11.833 Y12.761
G1 X11.886 Y12.855
G1 X11.942 Y12.957
G1 X12.000 Y13.067
G1 X12.062 Y13.184
G1 X12.127 Y13.310
G1 X12.252 Y13.550
G1 X12.303 Y13.649
G1 X12.350 Y13.743
G1 X12.394 Y13.830
G1 X12.435 Y13.912
G1 X12.472 Y13.988
G1 X12.505 Y14.060
G1 X12.535 Y14.127
G1 X12.562 Y14.190
G1 X12.585 Y14.249
G1 X12.604 Y14.306
G1 X12.619 Y14.360
G1 X12.630 Y14.411
G1 X12.636 Y14.452
G1 X12.637 Y14.464
G1 X12.638 Y14.500
G1 X12.637 Y14.515
G1 X12.634 Y14.549
G1 X12.630 Y14.568
G1 X12.621 Y14.600
G1 X12.613 Y14.619
G1 X12.599 Y14.647
G1 X12.590 Y14.661
G1 X12.586 Y14.667
G1 X12.567 Y14.691
G1 X12.551 Y14.708
G1 X12.527 Y14.729
G1 X12.510 Y14.740
G1 X12.482 Y14.757
G1 X12.467 Y14.765
G1 X12.435 Y14.778
G1 X12.423 Y14.783
G1 X12.377 Y14.796
G1 X12.330 Y14.806
G1 X12.281 Y14.813
G1 X12.230 Y14.819
G1 X12.175 Y14.822
G1 X12.117 Y14.825
G1 X12.056 Y14.826
G1 X11.990 Y14.827
G1 X11.921 Y14.828
G1 X11.841 Y14.828
G1 X11.689 Y14.822
G1 X11.524 Y14.807
G1 X11.351 Y14.783
G1 X11.169 Y14.751
G1 X10.984 Y14.713
G1 X10.798 Y14.670
G1 X10.614 Y14.621
G1 X10.435 Y14.569
G1 X10.264 Y14.514
G1 X10.104 Y14.457
G1 X9.957 Y14.399
G1 X9.826 Y14.339
G1 X9.723 Y14.284
G1 X9.712 Y14.277
G1 X9.636 Y14.225
G1 X9.630 Y14.221
G1 X9.613 Y14.207
G1 X9.562 Y14.154
G1 X9.552 Y14.143
G1 X9.545 Y14.131
G1 X9.536 Y14.115
G1 X9.533 Y14.108
G1 X9.514 Y14.058
G1 X9.510 Y14.044
G1 X9.509 Y14.032
G1 X9.507 Y14.018
G1 X9.508 Y14.005
G1 X9.511 Y13.983
G1 X9.516 Y13.959
G1 X9.521 Y13.945
G1 X9.524 Y13.938
G1 X9.541 Y13.901
G1 X9.564 Y13.860
G1 X9.592 Y13.814
G1 X9.627 Y13.762
G1 X9.668 Y13.704
G1 X9.714 Y13.641
G1 X9.765 Y13.572
G1 X9.821 Y13.499
G1 X9.882 Y13.421
G1 X9.947 Y13.340
G1 X10.015 Y13.255
G1 X10.087 Y13.168
G1 X10.162 Y13.078
G1 X10.240 Y12.986
G1 X10.319 Y12.894
G1 X10.396 Y12.806
G1 X10.468 Y12.723
G1 X10.536 Y12.646
G1 X10.601 Y12.575
G1 X10.663 Y12.509
G1 X10.723 Y12.448
G1 X10.780 Y12.393
G1 X10.837 Y12.343
G1 X10.893 Y12.298
G1 X10.950 Y12.259
G1 X10.998 Y12.232
G1 X11.009 Y12.226
G1 X11.056 Y12.206
G1 X11.071 Y12.200
G1 X11.118 Y12.187
G1 X11.137 Y12.183
G1 X11.183 Y12.177
G1 X11.186 Y12.243
G1 X11.201 Y12.242
G1 X11.240 Y12.244
G1 X11.256 Y12.246
G1 X11.295 Y12.255
G1 X11.309 Y12.259
G1 X11.348 Y12.275
G1 X11.359 Y12.281
G1 X11.398 Y12.304
G1 X11.406 Y12.310
G1 X11.445 Y12.341
G1 X11.452 Y12.346
G1 X11.496 Y12.389
G1 X11.540 Y12.438
G1 X11.584 Y12.494
G1 X11.629 Y12.558
G1 X11.675 Y12.628
G1 X11.723 Y12.706
G1 X11.773 Y12.792
G1 X11.826 Y12.885
G1 X11.881 Y12.987
G1 X11.940 Y13.096
G1 X12.001 Y13.213
G1 X12.066 Y13.339
G1 X12.190 Y13.579
G1 X12.241 Y13.678
G1 X12.289 Y13.771
G1 X12.333 Y13.858
G1 X12.373 Y13.939
G1 X12.410 Y14.015
G1 X12.443 Y14.086
G1 X12.472 Y14.151
G1 X12.498 Y14.213
G1 X12.520 Y14.270
G1 X12.538 Y14.323
G1 X12.552 Y14.373
G1 X12.563 Y14.420
G1 X12.568 Y14.457
G1 X12.569 Y14.465
G1 X12.570 Y14.499
G1 X12.569 Y14.509
G1 X12.567 Y14.538
G1 X12.564 Y14.551
G1 X12.557 Y14.577
G1 X12.552 Y14.591
G1 X12.540 Y14.614
G1 X12.532 Y14.628
G1 X12.516 Y14.648
G1 X12.505 Y14.660
G1 X12.485 Y14.677
G1 X12.474 Y14.685
G1 X12.450 Y14.700
G1 X12.439 Y14.705
G1 X12.411 Y14.717
G1 X12.402 Y14.721
G1 X12.362 Y14.733
G1 X12.320 Y14.742
G1 X12.274 Y14.749
G1 X12.225 Y14.754
G1 X12.172 Y14.757
G1 X12.116 Y14.760
G1 X12.055 Y14.761
G1 X11.990 Y14.762
G1 X11.921 Y14.763
G1 X11.844 Y14.762
G1 X11.696 Y14.757
G1 X11.534 Y14.742
G1 X11.363 Y14.718
G1 X11.184 Y14.687
G1 X11.001 Y14.650
G1 X10.816 Y14.607
G1 X10.634 Y14.559
G1 X10.457 Y14.507
G1 X10.287 Y14.453
G1 X10.130 Y14.397
G1 X9.986 Y14.340
G1 X9.859 Y14.282
G1 X9.759 Y14.228
G1 X9.751 Y14.224
G1 X9.675 Y14.172
G1 X9.663 Y14.162
G1 X9.615 Y14.114
G1 X9.605 Y14.102
G1 X9.597 Y14.086
G1 X9.580 Y14.042
G1 X9.576 Y14.028
G1 X9.575 Y14.013
G1 X9.577 Y13.997
G1 X9.581 Y13.979
G1 X9.586 Y13.964
G1 X9.601 Y13.931
G1 X9.622 Y13.894
G1 X9.650 Y13.849
G1 X9.684 Y13.798
G1 X9.724 Y13.741
G1 X9.769 Y13.679
G1 X9.820 Y13.611
G1 X9.876 Y13.538
G1 X9.936 Y13.461
G1 X10.000 Y13.380
G1 X10.069 Y13.295
G1 X10.140 Y13.208
G1 X10.215 Y13.119
G1 X10.292 Y13.028
G1 X10.372 Y12.935
G1 X10.448 Y12.847
G1 X10.519 Y12.766
G1 X10.587 Y12.689
G1 X10.652 Y12.618
G1 X10.713 Y12.553
G1 X10.771 Y12.494
G1 X10.827 Y12.441
G1 X10.880 Y12.393
G1 X10.933 Y12.351
G1 X10.985 Y12.315
G1 X11.029 Y12.289
G1 X11.038 Y12.285
G1 X11.080 Y12.266
G1 X11.091 Y12.262
G1 X11.132 Y12.250
G1 X11.146 Y12.248
G1 X11.186 Y12.243
; Retract
G1 Z1.5000 F2540

; Path 73
; Rapid to initial position
G1 X11.728 Y12.354 F2540
G1 Z0.5000
; plunge
G1 Z-2.6750 F127
; cut
G1 X11.752 Y12.384 F1016
G1 X11.802 Y12.454
G1 X11.851 Y12.529
G1 X11.901 Y12.611
G1 X11.953 Y12.699
G1 X12.007 Y12.795
G1 X12.063 Y12.898
G1 X12.122 Y13.008
G1 X12.184 Y13.126
G1 X12.249 Y13.252
G1 X12.349 Y13.445
G1 X12.329 Y13.371
G1 X12.303 Y13.272
G1 X12.276 Y13.172
G1 X12.251 Y13.071
G1 X12.226 Y12.970
G1 X12.203 Y12.870
G1 X12.181 Y12.771
G1 X12.160 Y12.674
G1 X12.141 Y12.581
G1 X12.125 Y12.492
G1 X12.095 Y12.332
G1 X12.088 Y12.337
G1 X12.063 Y12.352
G1 X12.040 Y12.363
G1 X12.015 Y12.372
G1 X11.999 Y12.377
G1 X11.948 Y12.390
G1 X11.920 Y12.394
G1 X11.897 Y12.395
G1 X11.868 Y12.394
G1 X11.842 Y12.391
G1 X11.817 Y12.386
G1 X11.798 Y12.381
G1 X11.779 Y12.374
G1 X11.728 Y12.354
G1 X11.886 Y12.460
G1 X11.910 Y12.496
G1 X11.960 Y12.579
G1 X12.013 Y12.668
G1 X12.067 Y12.765
G1 X12.124 Y12.868
G1 X12.141 Y12.900
G1 X12.137 Y12.883
G1 X12.114 Y12.784
G1 X12.093 Y12.686
G1 X12.074 Y12.592
G1 X12.058 Y12.503
G1 X12.044 Y12.431
G1 X12.037 Y12.434
G1 X12.016 Y12.440
G1 X11.959 Y12.454
G1 X11.924 Y12.459
G1 X11.895 Y12.460
G1 X11.886 Y12.460
G1 X12.774 Y14.504
G1 X12.774 Y14.506
G1 X12.772 Y14.528
G1 X12.767 Y14.574
G1 X12.761 Y14.603
G1 X12.748 Y14.647
G1 X12.735 Y14.676
G1 X12.716 Y14.714
G1 X12.703 Y14.734
G1 X12.694 Y14.746
G1 X12.666 Y14.781
G1 X12.641 Y14.805
G1 X12.607 Y14.834
G1 X12.582 Y14.851
G1 X12.566 Y14.861
G1 X12.990 Y14.912
G1 X13.208 Y14.618
G1 X13.207 Y14.618
G1 X13.148 Y14.633
G1 X13.122 Y14.637
G1 X13.101 Y14.638
G1 X13.077 Y14.638
G1 X13.023 Y14.635
G1 X12.997 Y14.631
G1 X12.981 Y14.628
G1 X12.969 Y14.625
G1 X12.937 Y14.614
G1 X12.888 Y14.592
G1 X12.864 Y14.579
G1 X12.846 Y14.567
G1 X12.829 Y14.554
G1 X12.793 Y14.523
G1 X12.782 Y14.513
G1 X12.774 Y14.504
G1 X12.823 Y14.631
G1 X12.811 Y14.671
G1 X12.796 Y14.705
G1 X12.774 Y14.748
G1 X12.759 Y14.771
G1 X12.748 Y14.786
G1 X12.724 Y14.814
G1 X12.958 Y14.843
G1 X13.062 Y14.703
G1 X13.013 Y14.700
G1 X12.982 Y14.695
G1 X12.963 Y14.691
G1 X12.946 Y14.686
G1 X12.909 Y14.673
G1 X12.854 Y14.649
G1 X12.825 Y14.632
G1 X12.823 Y14.631
G1 X12.862 Y14.724
G1 X12.857 Y14.735
G1 X12.842 Y14.763
G1 X12.926 Y14.773
G1 X12.941 Y14.753
G1 X12.923 Y14.747
G1 X12.880 Y14.732
G1 X12.862 Y14.724
; Retract
G1 Z1.5000 F2540

; Path 74
; Rapid to initial position
G1 X9.506 Y14.192 F2540
G1 Z0.5000
; plunge
G1 Z-2.6750 F127
; cut
G1 X9.499 Y14.183 F1016
G1 X9.495 Y14.178
G1 X9.487 Y14.166
G1 X9.484 Y14.160
G1 X9.474 Y14.140
G1 X9.469 Y14.130
G1 X9.448 Y14.075
G1 X9.443 Y14.054
G1 X9.441 Y14.037
G1 X9.439 Y14.016
G1 X9.440 Y13.997
G1 X9.443 Y13.975
G1 X9.444 Y13.968
G1 X9.452 Y13.940
G1 X9.457 Y13.922
G1 X9.461 Y13.912
G1 X9.481 Y13.870
G1 X9.506 Y13.827
G1 X9.535 Y13.779
G1 X9.545 Y13.764
G1 X9.436 Y13.883
G1 X9.259 Y14.072
G1 X9.143 Y14.196
G1 X9.207 Y14.179
G1 X9.235 Y14.174
G1 X9.314 Y14.168
G1 X9.340 Y14.168
G1 X9.421 Y14.175
G1 X9.442 Y14.178
G1 X9.506 Y14.192
G1 X9.388 Y14.107
G1 X9.384 Y14.097
G1 X9.382 Y14.090
G1 X9.376 Y14.063
G1 X9.373 Y14.047
G1 X9.321 Y14.103
G1 X9.345 Y14.103
G1 X9.388 Y14.107
; Retract
G1 Z1.5000 F2540

; Path 75
; Rapid to initial position
G1 X7.509 Y12.979 F2540
G1 Z0.5000
; plunge
G1 Z-2.6750 F127
; cut
G1 X7.532 Y12.923 F1016
G1 X7.534 Y12.914
G1 X7.538 Y12.894
G1 X7.553 Y12.839
G1 X7.574 Y12.779
G1 X7.600 Y12.713
G1 X7.633 Y12.638
G1 X7.670 Y12.557
G1 X7.713 Y12.470
G1 X7.761 Y12.375
G1 X7.775 Y12.349
G1 X7.750 Y12.367
G1 X7.735 Y12.376
G1 X7.684 Y12.404
G1 X7.661 Y12.414
G1 X7.620 Y12.429
G1 X7.609 Y12.432
G1 X7.586 Y12.438
G1 X7.575 Y12.439
G1 X7.534 Y12.445
G1 X7.520 Y12.445
G1 X7.493 Y12.445
G1 X7.479 Y12.444
G1 X7.440 Y12.439
G1 X7.428 Y12.437
G1 X7.405 Y12.431
G1 X7.394 Y12.428
G1 X7.345 Y12.409
G1 X7.323 Y12.399
G1 X7.276 Y12.372
G1 X7.261 Y12.362
G1 X7.243 Y12.349
G1 X7.258 Y12.378
G1 X7.306 Y12.472
G1 X7.349 Y12.561
G1 X7.387 Y12.643
G1 X7.420 Y12.718
G1 X7.448 Y12.789
G1 X7.469 Y12.854
G1 X7.482 Y12.903
G1 X7.486 Y12.923
G1 X7.486 Y12.924
G1 X7.509 Y12.979
G1 X7.509 Y12.760
G1 X7.510 Y12.755
G1 X7.538 Y12.688
G1 X7.571 Y12.612
G1 X7.609 Y12.529
G1 X7.626 Y12.495
G1 X7.625 Y12.495
G1 X7.598 Y12.502
G1 X7.584 Y12.504
G1 X7.537 Y12.510
G1 X7.520 Y12.510
G1 X7.488 Y12.510
G1 X7.470 Y12.509
G1 X7.427 Y12.503
G1 X7.410 Y12.500
G1 X7.392 Y12.495
G1 X7.411 Y12.535
G1 X7.450 Y12.618
G1 X7.483 Y12.695
G1 X7.509 Y12.760
G1 X7.509 Y12.585
G1 X7.513 Y12.575
G1 X7.504 Y12.575
G1 X7.509 Y12.585
; Retract
G1 Z1.5000 F2540

; Path 76
; Rapid to initial position
G1 X5.758 Y14.071 F2540
G1 Z0.5000
; plunge
G1 Z-2.6750 F127
; cut
G1 X5.582 Y13.882 F1016
G1 X5.497 Y13.790
G1 X5.466 Y13.757
G1 X5.482 Y13.781
G1 X5.515 Y13.833
G1 X5.543 Y13.884
G1 X5.560 Y13.922
G1 X5.567 Y13.941
G1 X5.569 Y13.951
G1 X5.576 Y13.981
G1 X5.578 Y14.001
G1 X5.578 Y14.018
G1 X5.577 Y14.039
G1 X5.574 Y14.057
G1 X5.569 Y14.077
G1 X5.564 Y14.090
G1 X5.558 Y14.104
G1 X5.537 Y14.146
G1 X5.525 Y14.164
G1 X5.520 Y14.172
G1 X5.555 Y14.162
G1 X5.561 Y14.160
G1 X5.591 Y14.155
G1 X5.651 Y14.150
G1 X5.679 Y14.150
G1 X5.739 Y14.156
G1 X5.764 Y14.160
G1 X5.826 Y14.176
G1 X5.845 Y14.182
G1 X5.873 Y14.194
G1 X5.758 Y14.071
G1 X5.680 Y14.085
G1 X5.644 Y14.047
G1 X5.644 Y14.050
G1 X5.640 Y14.074
G1 X5.636 Y14.086
G1 X5.645 Y14.085
G1 X5.652 Y14.085
G1 X5.680 Y14.085
; Retract
G1 Z1.5000 F2540

; Path 77
; Rapid to initial position
G1 X7.366 Y15.779 F2540
G1 Z0.5000
; plunge
G1 Z-2.6750 F127
; cut
G1 X7.391 Y15.814 F1016
G1 X7.436 Y15.882
G1 X7.477 Y15.945
G1 X7.509 Y15.998
G1 X7.543 Y15.942
G1 X7.582 Y15.880
G1 X7.626 Y15.815
G1 X7.650 Y15.780
G1 X7.648 Y15.782
G1 X7.633 Y15.792
G1 X7.614 Y15.804
G1 X7.597 Y15.811
G1 X7.577 Y15.819
G1 X7.559 Y15.823
G1 X7.538 Y15.827
G1 X7.519 Y15.829
G1 X7.497 Y15.829
G1 X7.478 Y15.827
G1 X7.456 Y15.823
G1 X7.439 Y15.818
G1 X7.419 Y15.811
G1 X7.402 Y15.803
G1 X7.388 Y15.795
G1 X7.382 Y15.791
G1 X7.372 Y15.783
G1 X7.366 Y15.779
; Retract
G1 Z1.5000 F2540

; Path 78
; Rapid to initial position
G1 X2.507 Y14.892 F2540
G1 Z0.5000
; plunge
G1 Z-2.6750 F127
; cut
G1 X2.501 Y14.890 F1016
G1 X2.416 Y14.854
G1 X2.393 Y14.842
G1 X2.376 Y14.831
G1 X2.359 Y14.818
G1 X2.302 Y14.771
G1 X2.283 Y14.751
G1 X2.268 Y14.732
G1 X2.253 Y14.710
G1 X2.242 Y14.689
G1 X2.230 Y14.660
G1 X2.210 Y14.601
G1 X2.204 Y14.574
G1 X2.201 Y14.551
G1 X2.201 Y14.534
G1 X2.195 Y14.539
G1 X2.175 Y14.554
G1 X2.158 Y14.565
G1 X2.143 Y14.574
G1 X2.092 Y14.600
G1 X2.066 Y14.611
G1 X2.049 Y14.616
G1 X2.039 Y14.618
G1 X2.007 Y14.624
G1 X1.952 Y14.631
G1 X1.924 Y14.631
G1 X1.901 Y14.630
G1 X1.873 Y14.626
G1 X1.821 Y14.616
G1 X1.807 Y14.611
G1 X1.787 Y14.605
G1 X1.834 Y14.678
G1 X1.884 Y14.757
G1 X1.928 Y14.830
G1 X1.966 Y14.898
G1 X1.990 Y14.944
G1 X2.066 Y14.940
G1 X2.160 Y14.933
G1 X2.268 Y14.923
G1 X2.387 Y14.908
G1 X2.507 Y14.892
G1 X2.298 Y14.853
G1 X2.257 Y14.820
G1 X2.252 Y14.815
G1 X2.229 Y14.791
G1 X2.210 Y14.767
G1 X2.192 Y14.739
G1 X2.179 Y14.714
G1 X2.165 Y14.680
G1 X2.153 Y14.643
G1 X2.118 Y14.660
G1 X2.087 Y14.673
G1 X2.066 Y14.679
G1 X2.052 Y14.682
G1 X2.016 Y14.689
G1 X1.953 Y14.696
G1 X1.925 Y14.696
G1 X1.943 Y14.724
G1 X1.987 Y14.799
G1 X2.027 Y14.869
G1 X2.031 Y14.877
G1 X2.062 Y14.875
G1 X2.154 Y14.869
G1 X2.259 Y14.858
G1 X2.298 Y14.853
G1 X2.154 Y14.803
G1 X2.153 Y14.801
G1 X2.132 Y14.768
G1 X2.116 Y14.738
G1 X2.114 Y14.732
G1 X2.107 Y14.735
G1 X2.082 Y14.742
G1 X2.065 Y14.746
G1 X2.037 Y14.751
G1 X2.047 Y14.768
G1 X2.070 Y14.809
G1 X2.147 Y14.804
G1 X2.154 Y14.803
; Retract
G1 Z1.5000 F2540

; Path 79
; Rapid to initial position
G1 X20.371 Y7.285 F2540
G1 Z0.5000
; plunge
G1 Z-2.6750 F127
; cut
G1 X20.452 Y7.226 F1016
G1 X20.565 Y7.149
G1 X20.642 Y7.102
G1 X20.647 Y7.035
G1 X20.649 Y6.965
G1 X20.647 Y6.869
G1 X20.642 Y6.757
G1 X20.635 Y6.646
G1 X20.634 Y6.643
G1 X20.631 Y6.613
G1 X20.625 Y6.631
G1 X20.616 Y6.652
G1 X20.592 Y6.699
G1 X20.576 Y6.725
G1 X20.548 Y6.761
G1 X20.531 Y6.781
G1 X20.517 Y6.793
G1 X20.502 Y6.806
G1 X20.470 Y6.829
G1 X20.455 Y6.838
G1 X20.445 Y6.844
G1 X20.428 Y6.852
G1 X20.418 Y6.856
G1 X20.391 Y6.866
G1 X20.373 Y6.871
G1 X20.337 Y6.879
G1 X20.317 Y6.882
G1 X20.305 Y6.883
G1 X20.277 Y6.883
G1 X20.254 Y6.881
G1 X20.260 Y6.887
G1 X20.303 Y6.934
G1 X20.318 Y6.955
G1 X20.328 Y6.971
G1 X20.335 Y6.984
G1 X20.361 Y7.037
G1 X20.370 Y7.062
G1 X20.376 Y7.083
G1 X20.380 Y7.107
G1 X20.386 Y7.163
G1 X20.386 Y7.188
G1 X20.385 Y7.208
G1 X20.382 Y7.227
G1 X20.373 Y7.275
G1 X20.371 Y7.285
G1 X20.452 Y7.146
G1 X20.528 Y7.094
G1 X20.577 Y7.065
G1 X20.580 Y7.030
G1 X20.581 Y6.966
G1 X20.579 Y6.872
G1 X20.577 Y6.828
G1 X20.561 Y6.842
G1 X20.543 Y6.857
G1 X20.507 Y6.883
G1 X20.490 Y6.894
G1 X20.475 Y6.902
G1 X20.455 Y6.912
G1 X20.441 Y6.918
G1 X20.410 Y6.928
G1 X20.388 Y6.935
G1 X20.385 Y6.935
G1 X20.389 Y6.941
G1 X20.397 Y6.957
G1 X20.423 Y7.009
G1 X20.425 Y7.016
G1 X20.436 Y7.046
G1 X20.443 Y7.073
G1 X20.448 Y7.101
G1 X20.452 Y7.146
G1 X20.503 Y7.033
G1 X20.512 Y7.027
G1 X20.512 Y7.025
G1 X20.513 Y6.967
G1 X20.513 Y6.956
G1 X20.505 Y6.961
G1 X20.482 Y6.972
G1 X20.480 Y6.973
G1 X20.486 Y6.985
G1 X20.490 Y6.995
G1 X20.502 Y7.031
G1 X20.503 Y7.033
; Retract
G1 Z1.5000 F2540

; Return to 0,0
G0 X-19.000 Y23.632 F2540
M2
